sid,freq,power
0,0.0,455.7773
0,0.017857142857142856,-13.718310567775863
0,0.03571428571428571,-9.305041224247379
0,0.05357142857142857,-21.438647695090296
0,0.07142857142857142,12.652840182452604
0,0.08928571428571427,12.811939866315443
0,0.10714285714285714,-33.60405876071705
0,0.125,16.541415435315944
0,0.14285714285714285,10.453336521904566
0,0.1607142857142857,-21.931834822518255
0,0.17857142857142855,0.7324439037937935
0,0.19642857142857142,-22.00294282281849
0,0.21428571428571427,8.742256005833527
0,0.23214285714285712,-42.22775415594377
0,0.25,-1.420800000000014
0,0.26785714285714285,25.108584108029177
0,0.2857142857142857,7.684579461488963
0,0.30357142857142855,-15.398398250205664
0,0.3214285714285714,-3.2953888738277968
0,0.33928571428571425,24.652658763907183
0,0.3571428571428571,-17.198196188286147
0,0.375,-18.55441543531595
0,0.39285714285714285,7.080234261389631
0,0.4107142857142857,-10.860070655332995
0,0.42857142857142855,-9.543815983393529
0,0.4464285714285714,9.673550890919666
0,0.46428571428571425,25.730010693608808
0,0.4821428571428571,-18.26317465948616
1,0.0,572.1663000000001
1,0.014705882352941176,28.139618789160757
1,0.029411764705882353,-16.497027041882106
1,0.044117647058823525,-24.245428499042468
1,0.058823529411764705,3.5113212760512322
1,0.07352941176470588,-16.846947333010576
1,0.08823529411764705,19.263736022108752
1,0.10294117647058823,-44.434389644732946
1,0.11764705882352941,33.43651740362522
1,0.1323529411764706,-22.33465495034656
1,0.14705882352941177,-51.62263270959099
1,0.16176470588235295,-14.541052961690536
1,0.1764705882352941,20.699395215013435
1,0.19117647058823528,-18.70547293787235
1,0.20588235294117646,-20.324673017067234
1,0.22058823529411764,12.246410732790137
1,0.23529411764705882,26.18052385035645
1,0.25,25.061199999999985
1,0.2647058823529412,-28.72156140767153
1,0.27941176470588236,-26.075846662573177
1,0.29411764705882354,-20.791655058762764
1,0.3088235294117647,0.5294563386184823
1,0.3235294117647059,-26.56662183891761
1,0.3382352941176471,-28.71398068942459
1,0.3529411764705882,18.442374493826758
1,0.3676470588235294,14.074962812764495
1,0.38235294117647056,-15.94293597922186
1,0.39705882352941174,13.353438166181487
1,0.4117647058823529,-0.9341146588314349
1,0.4264705882352941,13.689600237455537
1,0.4411764705882353,-16.650734027757473
1,0.45588235294117646,-32.558331648083886
1,0.47058823529411764,1.6944874787210953
1,0.4852941176470588,-9.885381750193794
2,0.0,730.1804999999999
2,0.012658227848101266,-24.35646619938296
2,0.02531645569620253,-38.070086750348295
2,0.0379746835443038,36.76736651945852
2,0.05063291139240506,20.457093594773465
2,0.06329113924050633,-107.36761765835007
2,0.0759493670886076,15.667895609765885
2,0.08860759493670886,11.7214423772288
2,0.10126582278481013,-20.21335243605504
2,0.11392405063291139,42.74659915224349
2,0.12658227848101267,-30.99981389724274
2,0.13924050632911392,29.97763968197037
2,0.1518987341772152,8.953194463511199
2,0.16455696202531644,0.25442719299643457
2,0.17721518987341772,15.479478957134901
2,0.18987341772151897,-29.91562972593412
2,0.20253164556962025,-32.26172872874753
2,0.21518987341772153,40.340024342123414
2,0.22784810126582278,45.64707218045628
2,0.24050632911392406,-80.66397541001389
2,0.25316455696202533,39.93590495349055
2,0.26582278481012656,-49.17122584678427
2,0.27848101265822783,10.043054684372846
2,0.2911392405063291,-23.23296684347696
2,0.3037974683544304,-0.41194775803018757
2,0.31645569620253167,7.366419664859732
2,0.3291139240506329,2.906810333251487
2,0.34177215189873417,8.205386037199366
2,0.35443037974683544,-23.28263626571484
2,0.3670886075949367,-20.73537222838116
2,0.37974683544303794,-17.44360143572464
2,0.3924050632911392,43.233503482880565
2,0.4050632911392405,20.806431042087635
2,0.4177215189873418,-58.71275063598821
2,0.43037974683544306,-24.355826784565775
2,0.4430379746835443,56.01179525547526
2,0.45569620253164556,-38.70991500185891
2,0.46835443037974683,-5.334382914972525
2,0.4810126582278481,-4.821328045299973
2,0.49367088607594933,-45.12861495840859
3,0.0,717.3444999999999
3,0.011627906976744186,-18.4042591375516
3,0.023255813953488372,18.920190592718427
3,0.03488372093023256,25.687174370738468
3,0.046511627906976744,-19.23823895302821
3,0.05813953488372093,-34.643655981581176
3,0.06976744186046512,-28.02097134241832
3,0.08139534883720931,-6.289333530042995
3,0.09302325581395349,-24.818184118981335
3,0.10465116279069767,-8.111593305292883
3,0.11627906976744186,56.24630482782915
3,0.12790697674418605,-48.14798366823055
3,0.13953488372093023,8.302978120028767
3,0.1511627906976744,-35.75051828159995
3,0.16279069767441862,-9.635183582000007
3,0.1744186046511628,25.151846587200524
3,0.18604651162790697,-5.502077286748733
3,0.19767441860465115,-18.119942771995888
3,0.20930232558139533,45.60357617751271
3,0.22093023255813954,17.269668765659578
3,0.23255813953488372,46.62926303664966
3,0.2441860465116279,-28.9862229257936
3,0.2558139534883721,22.61143479943426
3,0.26744186046511625,-9.549552133987408
3,0.27906976744186046,-44.109437791967935
3,0.29069767441860467,-41.67365210145147
3,0.3023255813953488,-45.92096460028102
3,0.313953488372093,19.20005632070003
3,0.32558139534883723,-5.964003430509722
3,0.3372093023255814,-15.62365493119199
3,0.3488372093023256,-15.993316520807612
3,0.36046511627906974,14.784789537843041
3,0.37209302325581395,-27.722487658826026
3,0.38372093023255816,0.08870274331590977
3,0.3953488372093023,-19.56616105272014
3,0.4069767441860465,27.117347126976384
3,0.41860465116279066,44.75397534376465
3,0.43023255813953487,-39.474914036226366
3,0.4418604651162791,33.24712737297166
3,0.45348837209302323,-36.219307292254804
3,0.46511627906976744,21.364182268803702
3,0.47674418604651164,-6.018645355233142
3,0.4883720930232558,-45.27185620142383
4,0.0,424.4539000000001
4,0.018867924528301886,-7.580192888450185
4,0.03773584905660377,17.96468842678128
4,0.05660377358490566,9.397221077993088
4,0.07547169811320754,-8.921964449586739
4,0.09433962264150943,-18.72001362224109
4,0.11320754716981132,-1.1688715474954403
4,0.1320754716981132,5.274630589656589
4,0.1509433962264151,20.410534908681292
4,0.16981132075471697,-37.96117794288811
4,0.18867924528301885,-38.52054867499185
4,0.20754716981132074,1.7307405017261175
4,0.22641509433962265,26.004282356448236
4,0.24528301886792453,22.38091091134001
4,0.2641509433962264,-3.079799436249793
4,0.2830188679245283,-12.957634179970938
4,0.3018867924528302,-18.003533682299597
4,0.32075471698113206,-47.01891778669918
4,0.33962264150943394,-38.97784000970404
4,0.3584905660377358,20.412264103202023
4,0.3773584905660377,-31.171430497823522
4,0.3962264150943396,-0.30011969707262764
4,0.4150943396226415,-0.845097353989356
4,0.43396226415094336,-10.20389231934142
4,0.4528301886792453,-33.90171208739177
4,0.4716981132075472,50.02928807196057
4,0.49056603773584906,22.696035228406625
5,0.0,433.4524
5,0.02,-39.558594544755984
5,0.04,35.43766191147496
5,0.06,-11.496569184592357
5,0.08,-8.309397932161659
5,0.1,-18.189377633889684
5,0.12,-6.860045068456561
5,0.14,-26.047062992391197
5,0.16,-6.820730062999839
5,0.18,-2.0754611062494863
5,0.2,-40.171501215436805
5,0.22,21.72717167434883
5,0.24,-33.444454687366644
5,0.26,44.49359942954382
5,0.28,7.697951790276953
5,0.3,-24.726522366110327
5,0.32,24.850527304991168
5,0.34,-39.678200505386
5,0.36,3.2582301206916124
5,0.38,-7.715472520469065
5,0.4,-7.1051987845631945
5,0.42,32.97954815496466
5,0.44,-1.1607286419461929
5,0.46,-10.443958405013214
5,0.48,-3.2435147345037976
6,0.0,1138.4102999999998
6,0.009708737864077669,-62.17653506810912
6,0.019417475728155338,-82.35855596297465
6,0.029126213592233007,-44.93060992852776
6,0.038834951456310676,-70.3604980694599
6,0.04854368932038834,26.37925285181089
6,0.058252427184466014,-40.23145967173616
6,0.06796116504854369,58.53019536531633
6,0.07766990291262135,-43.075202561974834
6,0.08737864077669902,-43.33893224609229
6,0.09708737864077668,34.4530338762425
6,0.10679611650485436,-68.50202182649882
6,0.11650485436893203,71.21589200936391
6,0.1262135922330097,17.629359696668153
6,0.13592233009708737,66.42850853713374
6,0.14563106796116504,-71.11482572665878
6,0.1553398058252427,-7.159694628421015
6,0.16504854368932037,23.969970413346427
6,0.17475728155339804,31.104626114551156
6,0.1844660194174757,-16.312080815811598
6,0.19417475728155337,-38.49024789021586
6,0.20388349514563106,16.213846687656936
6,0.21359223300970873,44.98183484872001
6,0.2233009708737864,2.0847667458822556
6,0.23300970873786406,-42.78568841703208
6,0.24271844660194172,-30.427282947049335
6,0.2524271844660194,-56.5036728904336
6,0.2621359223300971,-27.26635156930343
6,0.27184466019417475,15.213048875279691
6,0.2815533980582524,-12.365998259100891
6,0.2912621359223301,17.430303851395003
6,0.30097087378640774,-32.791128808568615
6,0.3106796116504854,-65.63357459754356
6,0.3203883495145631,74.84824960221601
6,0.33009708737864074,-35.64795016578745
6,0.3398058252427184,19.045319848923636
6,0.3495145631067961,92.73102021858696
6,0.35922330097087374,-9.99274497338412
6,0.3689320388349514,7.897458006222648
6,0.37864077669902907,29.051431982241958
6,0.38834951456310673,16.3663999715775
6,0.39805825242718446,-106.54587160627604
6,0.4077669902912621,8.582905142268816
6,0.4174757281553398,-43.93955669984386
6,0.42718446601941745,-93.70171734446146
6,0.4368932038834951,80.8645283085753
6,0.4466019417475728,62.421879149654075
6,0.45631067961165045,-55.626490003431535
6,0.4660194174757281,-38.406629310854804
6,0.4757281553398058,70.83712507487907
6,0.48543689320388345,-8.370901549852688
6,0.4951456310679611,-11.149733639109074
7,0.0,364.8483
7,0.02,-3.5270219004367043
7,0.04,6.043366025569635
7,0.06,3.031139061373726
7,0.08,9.231939900444841
7,0.1,-1.3460328382713485
7,0.12,-16.81243283641315
7,0.14,-11.442798604797197
7,0.16,4.264874699780172
7,0.18,-22.24472188714708
7,0.2,-8.338040422158182
7,0.22,13.467812181633693
7,0.24,-18.987916254688855
7,0.26,17.9133191539038
7,0.28,-4.829310719106584
7,0.3,-23.362917161728646
7,0.32,11.078166728039776
7,0.34,-22.0545147689937
7,0.36,-18.717976253657103
7,0.38,1.2706701528656996
7,0.4,-18.68510957784182
7,0.42,-10.409108784218107
7,0.44,-5.126857706013163
7,0.46,11.224475395815862
7,0.48,29.923896416044432
8,0.0,733.3913000000001
8,0.013513513513513514,-61.86858591522872
8,0.02702702702702703,20.265932827716192
8,0.04054054054054054,11.361234465732954
8,0.05405405405405406,-36.31580676262436
8,0.06756756756756757,-4.7367047225004395
8,0.08108108108108109,-21.152404543913068
8,0.0945945945945946,-18.40302771854085
8,0.10810810810810811,-22.454855809296255
8,0.12162162162162163,-19.370746372572043
8,0.13513513513513514,-2.6697725451817256
8,0.14864864864864866,-39.438279216883124
8,0.16216216216216217,24.356063129810394
8,0.17567567567567569,17.73663382168719
8,0.1891891891891892,11.009487234595461
8,0.20270270270270271,35.74007363308364
8,0.21621621621621623,-8.826963972720668
8,0.22972972972972974,-67.49251357132303
8,0.24324324324324326,31.157733961616074
8,0.2567567567567568,-58.78438875987922
8,0.2702702702702703,-43.39000599820493
8,0.28378378378378377,18.463558469917935
8,0.2972972972972973,-15.972656795706872
8,0.31081081081081086,-22.39148796531328
8,0.32432432432432434,49.584925190560014
8,0.33783783783783783,14.147614469483512
8,0.35135135135135137,47.571650963182286
8,0.3648648648648649,-58.7721226452184
8,0.3783783783783784,27.71605323554944
8,0.3918918918918919,16.079728320494205
8,0.40540540540540543,-42.59517358166784
8,0.41891891891891897,-0.6101275397439032
8,0.43243243243243246,-19.15169473555256
8,0.44594594594594594,12.67704558146357
8,0.4594594594594595,41.17975862252029
8,0.472972972972973,5.229095665340032
8,0.4864864864864865,-7.794570420681797
9,0.0,683.6098000000003
9,0.012658227848101266,-21.50896392766657
9,0.02531645569620253,19.59232961046103
9,0.0379746835443038,14.747012241872579
9,0.05063291139240506,-24.39674649591347
9,0.06329113924050633,-6.5602665152521595
9,0.0759493670886076,21.560705965343583
9,0.08860759493670886,-16.41120218949299
9,0.10126582278481013,-18.64626878458396
9,0.11392405063291139,-18.700775249629174
9,0.12658227848101267,25.320533506275684
9,0.13924050632911392,-14.403009343366016
9,0.1518987341772152,-54.99711299382018
9,0.16455696202531644,24.284494328188586
9,0.17721518987341772,-13.15081435625402
9,0.18987341772151897,-12.866805098227733
9,0.20253164556962025,3.564598278231477
9,0.21518987341772153,-10.143738001598857
9,0.22784810126582278,11.690276595918961
9,0.24050632911392406,9.257605904680922
9,0.25316455696202533,-13.95513522258466
9,0.26582278481012656,14.393859680002556
9,0.27848101265822783,6.072221896623223
9,0.2911392405063291,-67.92156207062739
9,0.3037974683544304,1.8993264171960416
9,0.31645569620253167,-32.33122355815789
9,0.3291139240506329,22.191085454502407
9,0.34177215189873417,-8.363150156282929
9,0.35443037974683544,37.10201216530302
9,0.3670886075949367,-32.73598553979376
9,0.37974683544303794,7.2435315432514855
9,0.3924050632911392,20.46817221585654
9,0.4050632911392405,12.722411507900725
9,0.4177215189873418,35.610372893903254
9,0.43037974683544306,-14.700571475984113
9,0.4430379746835443,-42.07231655663986
9,0.45569620253164556,-13.388730899039327
9,0.46835443037974683,-13.157641074756667
9,0.4810126582278481,-0.1277425625894284
9,0.49367088607594933,-31.12928813325146
10,0.0,641.4999
10,0.013888888888888888,25.453999633616057
10,0.027777777777777776,20.705247454494
10,0.041666666666666664,-19.69687272731119
10,0.05555555555555555,15.162854442517926
10,0.06944444444444445,-6.72625868010746
10,0.08333333333333333,-9.723163591261095
10,0.09722222222222221,32.29262684800753
10,0.1111111111111111,-3.506585394441619
10,0.125,-32.13268057555731
10,0.1388888888888889,-12.002741333781564
10,0.15277777777777776,-23.743473246613448
10,0.16666666666666666,-8.548300000000001
10,0.18055555555555555,-21.873425739480258
10,0.19444444444444442,-4.738362347427717
10,0.20833333333333331,4.817894471601276
10,0.2222222222222222,-20.028473780534274
10,0.2361111111111111,-34.324456554014304
10,0.25,-52.053
10,0.2638888888888889,22.510774853614347
10,0.2777777777777778,-62.59265320543115
10,0.29166666666666663,15.324553517921549
10,0.3055555555555555,-46.71192979889121
10,0.3194444444444444,26.51476754247506
10,0.3333333333333333,-12.537899999999997
10,0.3472222222222222,2.9150549725795827
10,0.3611111111111111,-25.275791525172245
10,0.375,-35.15131942444268
10,0.38888888888888884,-13.101201237086777
10,0.40277777777777773,14.898609700988782
10,0.41666666666666663,35.193763591261074
10,0.4305555555555555,36.971911634846606
10,0.4444444444444444,8.240159174975897
10,0.4583333333333333,8.313224737788364
10,0.4722222222222222,-30.500322449221215
10,0.4861111111111111,1.00686903408746
11,0.0,632.969
11,0.014285714285714285,-11.95056399344102
11,0.02857142857142857,-31.742844491074642
11,0.04285714285714286,-1.6736940196949064
11,0.05714285714285714,11.533055462413376
11,0.07142857142857142,-22.4332175664082
11,0.08571428571428572,-17.495184103115854
11,0.09999999999999999,10.737976022065647
11,0.11428571428571428,9.84643150973272
11,0.12857142857142856,-18.010435996560982
11,0.14285714285714285,2.0147724428871285
11,0.15714285714285714,-30.839766368873832
11,0.17142857142857143,-6.0148573498813445
11,0.18571428571428572,-7.593082489802409
11,0.19999999999999998,-17.25558622530133
11,0.21428571428571427,7.438738633786803
11,0.22857142857142856,23.04855712183783
11,0.24285714285714285,-16.869464755515775
11,0.2571428571428571,-60.97192490396627
11,0.2714285714285714,-23.979677828843705
11,0.2857142857142857,24.524867538952947
11,0.3,8.683923977934342
11,0.3142857142857143,-17.939498340377707
11,0.32857142857142857,33.2978686166905
11,0.34285714285714286,-23.730781741363067
11,0.35714285714285715,20.087528932621403
11,0.37142857142857144,-17.829815087410868
11,0.3857142857142857,30.218275414239802
11,0.39999999999999997,-16.04341377469867
11,0.41428571428571426,-49.2286234136105
11,0.42857142857142855,40.65531001815992
11,0.44285714285714284,23.11991287083222
11,0.45714285714285713,-28.791693623100194
11,0.4714285714285714,3.8819519645806455
11,0.4857142857142857,-24.852144453693974
12,0.0,692.1129
12,0.014492753623188406,-7.845995919626162
12,0.028985507246376812,-21.731575519768015
12,0.043478260869565216,10.360138941617151
12,0.057971014492753624,-9.065854571765646
12,0.07246376811594203,-32.046585346755634
12,0.08695652173913043,-15.939029260918588
12,0.10144927536231885,-43.12199478746852
12,0.11594202898550725,-17.040471524835986
12,0.13043478260869565,-3.4653744128830635
12,0.14492753623188406,-15.449818756191707
12,0.15942028985507248,55.82047793146497
12,0.17391304347826086,10.7059685666682
12,0.18840579710144928,-6.988222535416952
12,0.2028985507246377,22.304538739404485
12,0.21739130434782608,-6.28773897622567
12,0.2318840579710145,-9.828103231611221
12,0.2463768115942029,30.176309879049207
12,0.2608695652173913,-12.321263507756434
12,0.2753623188405797,-32.511441946663716
12,0.2898550724637681,-4.653868312765585
12,0.30434782608695654,-4.16446333535437
12,0.31884057971014496,-50.58724234657612
12,0.3333333333333333,-29.11904999999996
12,0.34782608695652173,14.272825512104777
12,0.36231884057971014,14.582382123535275
12,0.37681159420289856,61.01866308422633
12,0.391304347826087,-24.852872316315192
12,0.4057971014492754,-59.8896201567406
12,0.42028985507246375,-1.145117947255395
12,0.43478260869565216,-25.99330926908638
12,0.4492753623188406,-32.774673885730785
12,0.463768115942029,-7.311879681573076
12,0.4782608695652174,22.182718058149668
12,0.4927536231884058,15.795494713065168
13,0.0,563.5459000000002
13,0.014084507042253521,7.259001945724192
13,0.028169014084507043,17.6670105344232
13,0.04225352112676056,8.3151941602508
13,0.056338028169014086,1.9987261099352622
13,0.07042253521126761,-53.94387186226136
13,0.08450704225352113,27.433388087074356
13,0.09859154929577466,-7.9964292208215575
13,0.11267605633802817,-20.44920802974096
13,0.1267605633802817,-10.5648536704176
13,0.14084507042253522,-8.102507742224507
13,0.15492957746478875,41.196626207767025
13,0.16901408450704225,-16.459007511238582
13,0.18309859154929578,-29.015784024943848
13,0.1971830985915493,-5.907294361171589
13,0.2112676056338028,-38.56718899456909
13,0.22535211267605634,-12.034456539336956
13,0.23943661971830987,-44.402904851848305
13,0.2535211267605634,-16.437145522166492
13,0.26760563380281693,13.84756167500451
13,0.28169014084507044,-44.08150270319564
13,0.29577464788732394,-28.136696436875354
13,0.3098591549295775,-4.23859994377837
13,0.323943661971831,-13.027396628588727
13,0.3380281690140845,-16.456896394494386
13,0.35211267605633806,63.92329202603644
13,0.36619718309859156,-0.12274470299967888
13,0.38028169014084506,49.137313846428555
13,0.3943661971830986,-21.59482062009125
13,0.4084507042253521,8.573071306592936
13,0.4225352112676056,-22.422251765317906
13,0.4366197183098592,22.892003006388872
13,0.4507042253521127,11.630651762814892
13,0.4647887323943662,29.790127818432328
13,0.47887323943661975,-12.731832546071697
13,0.49295774647887325,3.246525585280775
14,0.0,300.33410000000003
14,0.03125,-12.273146166526912
14,0.0625,0.568070004340381
14,0.09375,-29.771475200616706
14,0.125,-11.38480013922036
14,0.15625,11.66502963616512
14,0.1875,-11.12804919113981
14,0.21875,-29.425491596548614
14,0.25,10.136399999999995
14,0.28125,-21.990252582427356
14,0.3125,-6.966963453920071
14,0.34375,6.572653732734164
14,0.375,-9.122199860779638
14,0.40625,38.359179671495085
14,0.4375,-14.286657359280493
14,0.46875,8.387502505725221
15,0.0,298.58950000000004
15,0.02857142857142857,-32.07359272605885
15,0.05714285714285714,34.72201719222358
15,0.08571428571428572,6.978033402289922
15,0.11428571428571428,-26.828423622654636
15,0.14285714285714285,-39.95462600607128
15,0.17142857142857143,17.075870076923735
15,0.19999999999999998,-36.91713395863337
15,0.22857142857142856,-1.3932661746868167
15,0.2571428571428571,0.13250865206781626
15,0.2857142857142857,-7.10743991748863
15,0.3142857142857143,-16.079170088244318
15,0.34285714285714286,13.838446092113973
15,0.37142857142857144,22.157200161694533
15,0.39999999999999997,-0.7296160413666328
15,0.42857142857142855,-7.67598407644009
15,0.45714285714285713,17.409091779972794
15,0.4857142857142857,-23.74466474564175
16,0.0,711.7103
16,0.01282051282051282,-46.97911554814915
16,0.02564102564102564,-35.86003273204485
16,0.038461538461538464,30.794492476544335
16,0.05128205128205128,-11.390491079273954
16,0.0641025641025641,-46.08982710475742
16,0.07692307692307693,12.39560638090665
16,0.08974358974358974,-1.2241413441954467
16,0.10256410256410256,-13.103995771055486
16,0.11538461538461538,1.0457891318349297
16,0.1282051282051282,-38.167829200870564
16,0.14102564102564102,1.9819751588998145
16,0.15384615384615385,11.326424318647359
16,0.16666666666666666,3.835249999999974
16,0.1794871794871795,-2.9675474358484344
16,0.1923076923076923,-45.83059873335287
16,0.20512820512820512,-20.33313580324798
16,0.21794871794871795,-10.272144331337236
16,0.23076923076923075,-33.62534025485842
16,0.24358974358974358,-11.20223193427305
16,0.2564102564102564,26.121875103768026
16,0.2692307692307692,21.562319208636907
16,0.28205128205128205,-24.234146888495125
16,0.2948717948717949,12.327086769407867
16,0.3076923076923077,12.804396194004259
16,0.3205128205128205,-28.25097073901038
16,0.3333333333333333,-0.3581500000000237
16,0.34615384615384615,-11.882288798295527
16,0.358974358974359,46.66985929856012
16,0.3717948717948718,-53.43888219045029
16,0.3846153846153846,54.746152913736246
16,0.3974358974358974,23.9508691852607
16,0.41025641025641024,-24.251070233212708
16,0.4230769230769231,19.47668671463225
16,0.4358974358974359,-9.705253939138686
16,0.4487179487179487,-52.09519995969164
16,0.4615384615384615,11.310960447563914
16,0.47435897435897434,32.60473203829623
16,0.48717948717948717,-5.364081319140311
17,0.0,614.9806
17,0.0136986301369863,6.221328072560588
17,0.0273972602739726,14.717160333013702
17,0.0410958904109589,-15.956534431725302
17,0.0547945205479452,32.8725190529418
17,0.0684931506849315,-36.89608299848158
17,0.0821917808219178,26.10793047397317
17,0.0958904109589041,1.0649894958909627
17,0.1095890410958904,-0.4122038261107015
17,0.1232876712328767,-16.820100580642922
17,0.136986301369863,-0.8564999423987665
17,0.1506849315068493,19.081912614471335
17,0.1643835616438356,-34.72124765374559
17,0.1780821917808219,-19.35905296812342
17,0.1917808219178082,-11.777238940593897
17,0.2054794520547945,-3.2572229942013973
17,0.2191780821917808,-20.39613427982011
17,0.2328767123287671,7.422935095060868
17,0.2465753424657534,-13.106718733600177
17,0.2602739726027397,13.971222783383245
17,0.273972602739726,-18.501775191165045
17,0.2876712328767123,-2.863580516510753
17,0.3013698630136986,7.807743406323722
17,0.3150684931506849,11.900121962927376
17,0.3287671232876712,12.066700250383512
17,0.3424657534246575,7.463509627262148
17,0.3561643835616438,15.221470623846464
17,0.3698630136986301,0.3530780811382428
17,0.3835616438356164,12.806082201529584
17,0.3972602739726027,13.186467634896703
17,0.410958904109589,-19.535237271981078
17,0.4246575342465753,5.133307606972979
17,0.4383561643835616,-57.755496123374044
17,0.4520547945205479,-41.06900388417832
17,0.4657534246575342,-17.72564122491586
17,0.4794520547945205,37.05445707559689
17,0.4931506849315068,-84.30666483060418
18,0.0,694.734
18,0.013157894736842105,1.2931260803466813
18,0.02631578947368421,-29.009061638364997
18,0.039473684210526314,-6.077740455919477
18,0.05263157894736842,-29.568695675995865
18,0.06578947368421052,4.197561784927887
18,0.07894736842105263,-6.867275354026927
18,0.09210526315789473,19.93829538413576
18,0.10526315789473684,9.035610179083923
18,0.11842105263157894,-32.926040902079436
18,0.13157894736842105,-32.08896227964709
18,0.14473684210526316,41.19573857389974
18,0.15789473684210525,2.7542155548560068
18,0.17105263157894735,-15.73815819578958
18,0.18421052631578946,-18.745558211682933
18,0.19736842105263158,28.99392386067317
18,0.21052631578947367,-23.76854683146891
18,0.22368421052631576,-26.34819443240919
18,0.23684210526315788,-0.9674011132746632
18,0.25,-21.736500000000035
18,0.2631578947368421,-19.33484709205017
18,0.2763157894736842,-12.578903823312668
18,0.2894736842105263,-41.261705367353244
18,0.3026315789473684,19.03176767679627
18,0.3157894736842105,-58.66735781132212
18,0.3289473684210526,-36.414880697036196
18,0.3421052631578947,25.230357322028436
18,0.35526315789473684,71.5369310942736
18,0.3684210526315789,-5.063712255016329
18,0.381578947368421,-23.5711827044826
18,0.39473684210526316,23.338460073171262
18,0.40789473684210525,43.25715632117188
18,0.42105263157894735,5.900845559850887
18,0.43421052631578944,25.548735101283555
18,0.4473684210526315,-30.210203430849834
18,0.4605263157894737,-9.37415715783713
18,0.47368421052631576,31.6882383720626
18,0.48684210526315785,-56.03257750864228
19,0.0,510.8706
19,0.014925373134328358,-41.72113657123021
19,0.029850746268656716,-16.44629672651953
19,0.04477611940298507,-25.992542883482226
19,0.05970149253731343,25.497880130888877
19,0.07462686567164178,-13.341680848786954
19,0.08955223880597014,2.967330218826902
19,0.1044776119402985,-10.999158832003824
19,0.11940298507462686,8.582953483629492
19,0.13432835820895522,5.974706920137837
19,0.14925373134328357,-1.98206875578758
19,0.16417910447761194,-26.52813162942715
19,0.1791044776119403,-11.32698605631439
19,0.19402985074626866,17.750701408983076
19,0.208955223880597,60.99434387728938
19,0.22388059701492538,-25.365316849002063
19,0.23880597014925373,-19.8557875927909
19,0.2537313432835821,4.45980117338198
19,0.26865671641791045,22.290424819409555
19,0.2835820895522388,4.713940039600242
19,0.29850746268656714,-18.222572263851877
19,0.31343283582089554,-16.46018880164509
19,0.3283582089552239,21.490404123977914
19,0.34328358208955223,21.80739095693626
19,0.3582089552238806,-27.089212101258664
19,0.3731343283582089,31.97107500255709
19,0.3880597014925373,3.2097100302434303
19,0.40298507462686567,-5.5504068543444784
19,0.417910447761194,13.257895539232921
19,0.43283582089552236,13.621016109539358
19,0.44776119402985076,2.1520700315086283
19,0.4626865671641791,-52.97705819664001
19,0.47761194029850745,-3.1783791494932787
19,0.4925373134328358,-53.39491975356502
20,0.0,732.6260999999998
20,0.0136986301369863,31.854277651224272
20,0.0273972602739726,-32.0248875785572
20,0.0410958904109589,-10.74902937108191
20,0.0547945205479452,-67.01421289417036
20,0.0684931506849315,10.001691040279791
20,0.0821917808219178,16.116760494902103
20,0.0958904109589041,-36.4582058251071
20,0.1095890410958904,-17.20747007292889
20,0.1232876712328767,-18.69318483079519
20,0.136986301369863,0.9060650484174175
20,0.1506849315068493,-3.1496693141347833
20,0.1643835616438356,-18.26883769855759
20,0.1780821917808219,46.72388495509502
20,0.1917808219178082,-19.205845409553348
20,0.2054794520547945,23.035531828093426
20,0.2191780821917808,-6.2349291888610825
20,0.2328767123287671,-11.250340229816551
20,0.2465753424657534,3.5684746938940712
20,0.2602739726027397,-31.707336904126215
20,0.273972602739726,41.05544736666511
20,0.2876712328767123,7.277938552038677
20,0.3013698630136986,-18.45275326462229
20,0.3150684931506849,-8.472094599587873
20,0.3287671232876712,17.875940243413666
20,0.3424657534246575,22.355519122821278
20,0.3561643835616438,-7.892379019020715
20,0.3698630136986301,-6.176372309103442
20,0.3835616438356164,-0.5751614395774425
20,0.3972602739726027,39.96235646572136
20,0.410958904109589,-9.770615525790495
20,0.4246575342465753,-56.301068151926856
20,0.4383561643835616,-17.81323132969411
20,0.4520547945205479,-5.777367690097731
20,0.4657534246575342,-7.553855874969461
20,0.4794520547945205,-44.368455768827964
20,0.4931506849315068,-32.67483317165734
21,0.0,585.0345
21,0.014705882352941176,0.915349956896387
21,0.029411764705882353,-14.402639231785313
21,0.044117647058823525,43.121957136644625
21,0.058823529411764705,6.7611409849376045
21,0.07352941176470588,-20.06813028478248
21,0.08823529411764705,-40.29726195672333
21,0.10294117647058823,-6.474551669345924
21,0.11764705882352941,-27.651836919294553
21,0.1323529411764706,20.642333017927314
21,0.14705882352941177,3.195009663232126
21,0.16176470588235295,3.9045903476888704
21,0.1764705882352941,3.8070242858425907
21,0.19117647058823528,31.698547451556863
21,0.20588235294117646,14.921817365097425
21,0.22058823529411764,-19.787224072418656
21,0.23529411764705882,28.649059606886116
21,0.25,-17.56479999999999
21,0.2647058823529412,-13.96314919634688
21,0.27941176470588236,-14.650348665131514
21,0.29411764705882354,10.497867069526734
21,0.3088235294117647,-60.81762319103393
21,0.3235294117647059,-20.030098216502378
21,0.3382352941176471,-22.99370021382332
21,0.3529411764705882,-4.471631213169099
21,0.3676470588235294,-41.14921877494372
21,0.38235294117647056,31.373814134122583
21,0.39705882352941174,-23.661126127014136
21,0.4117647058823529,-33.53676221387572
21,0.4264705882352941,0.7116012548105211
21,0.4411764705882353,30.161707438905772
21,0.45588235294117646,-34.70818025209603
21,0.47058823529411764,22.615138399146304
21,0.4852941176470588,4.361524085065119
22,0.0,754.6055999999999
22,0.011764705882352941,-29.080058715407745
22,0.023529411764705882,-1.9541479969285582
22,0.03529411764705882,-1.674236370928682
22,0.047058823529411764,-1.8674751664981546
22,0.058823529411764705,-47.367430363449245
22,0.07058823529411765,-0.3465772682335624
22,0.08235294117647059,-18.984369244825853
22,0.09411764705882353,-18.956230164309886
22,0.10588235294117647,-5.250253347330748
22,0.11764705882352941,65.04676101820786
22,0.12941176470588234,15.512297335817667
22,0.1411764705882353,14.98493934633249
22,0.15294117647058825,-17.454473546508655
22,0.16470588235294117,-33.18992571557984
22,0.1764705882352941,-38.83308327259067
22,0.18823529411764706,-4.33136628542031
22,0.2,-9.163940982864858
22,0.21176470588235294,-15.10178053503611
22,0.22352941176470587,-60.60030827408707
22,0.23529411764705882,-23.960381003904637
22,0.24705882352941178,21.137637942653658
22,0.2588235294117647,-12.077807483388936
22,0.27058823529411763,-33.03804618213144
22,0.2823529411764706,-32.704422982847795
22,0.29411764705882354,92.39314683596919
22,0.3058823529411765,-49.12586736221692
22,0.3176470588235294,17.507355055086187
22,0.32941176470588235,26.281487585908643
22,0.3411764705882353,-25.771991310093494
22,0.3529411764705882,-62.023050959333574
22,0.36470588235294116,54.11545739980458
22,0.3764705882352941,-30.697186021791758
22,0.38823529411764707,-2.7844382566125554
22,0.4,61.899640982864895
22,0.4117647058823529,-1.5956511118260805
22,0.4235294117647059,2.541915655679908
22,0.43529411764705883,-3.6964398797242417
22,0.44705882352941173,12.896667457258701
22,0.4588235294117647,40.118547649592514
22,0.47058823529411764,-30.063211143072834
22,0.4823529411764706,-2.3089695620802555
22,0.49411764705882355,-19.376033756151504
23,0.0,683.1390000000001
23,0.012658227848101266,30.463252056596623
23,0.02531645569620253,-17.472100671070297
23,0.0379746835443038,-22.35292917598865
23,0.05063291139240506,-67.69556931556667
23,0.06329113924050633,18.865922293903875
23,0.0759493670886076,12.752783120489124
23,0.08860759493670886,19.751190481894028
23,0.10126582278481013,12.556185263462654
23,0.11392405063291139,-23.94987518157111
23,0.12658227848101267,24.356268821449092
23,0.13924050632911392,9.103158256524974
23,0.1518987341772152,27.82294007757504
23,0.16455696202531644,-36.11677574055479
23,0.17721518987341772,-41.73118760103716
23,0.18987341772151897,9.0580712331482
23,0.20253164556962025,-31.992140765973346
23,0.21518987341772153,-1.1338587776613966
23,0.22784810126582278,-8.738693313776476
23,0.24050632911392406,5.675230484066189
23,0.25316455696202533,25.762348876191506
23,0.26582278481012656,26.715117178903352
23,0.27848101265822783,30.861083283315878
23,0.2911392405063291,-5.942337029988261
23,0.3037974683544304,0.9944211340359477
23,0.31645569620253167,-17.39210782522273
23,0.3291139240506329,-16.227083039353168
23,0.34177215189873417,-8.740774305509222
23,0.35443037974683544,-76.7037428955203
23,0.3670886075949367,2.60486681842643
23,0.37974683544303794,7.271748871002085
23,0.3924050632911392,-29.199459947328275
23,0.4050632911392405,7.042374191923161
23,0.4177215189873418,17.771023424173947
23,0.43037974683544306,-8.447224205781335
23,0.4430379746835443,-2.1262278774445154
23,0.45569620253164556,-43.64298262536617
23,0.46835443037974683,-9.466192736099693
23,0.4810126582278481,20.587831459489493
23,0.49367088607594933,-34.65765429575856
24,0.0,506.0152999999999
24,0.018867924528301886,-9.908118700792528
24,0.03773584905660377,14.285315644368595
24,0.05660377358490566,-23.751070494275417
24,0.07547169811320754,1.9058705409545098
24,0.09433962264150943,-24.794021664343276
24,0.11320754716981132,-37.74194189069382
24,0.1320754716981132,-6.1566558688639965
24,0.1509433962264151,-2.2785687540527384
24,0.16981132075471697,-19.225619398587423
24,0.18867924528301885,28.065363756204523
24,0.20754716981132074,13.317112481187856
24,0.22641509433962265,-5.476591173265012
24,0.24528301886792453,-12.57183508242429
24,0.2641509433962264,-22.43375187021669
24,0.2830188679245283,-44.91435687541161
24,0.3018867924528302,2.1595906325281184
24,0.32075471698113206,-15.793469688938055
24,0.33962264150943394,30.354644189545986
24,0.3584905660377358,-27.018586121731488
24,0.3773584905660377,-3.2467314109665377
24,0.3962264150943396,12.056331690189726
24,0.4150943396226415,-36.195451789927205
24,0.43396226415094336,6.725501739179315
24,0.4528301886792453,14.580723540833922
24,0.4716981132075472,35.87669355373113
24,0.49056603773584906,-21.633226984233524
25,0.0,786.4138
25,0.011363636363636364,-8.71413653045003
25,0.022727272727272728,-2.5550832454829218
25,0.03409090909090909,-14.524018247713059
25,0.045454545454545456,-32.97765585409314
25,0.05681818181818182,-34.05626013449736
25,0.06818181818181818,-3.3344147317474366
25,0.07954545454545454,15.465480848651309
25,0.09090909090909091,3.355774026368117
25,0.10227272727272728,-6.262516846615466
25,0.11363636363636365,35.84328125595971
25,0.125,-29.918607560773683
25,0.13636363636363635,7.774923741862592
25,0.14772727272727273,-21.525729201410595
25,0.1590909090909091,-5.322733471596089
25,0.17045454545454547,47.532752124881014
25,0.18181818181818182,11.726542270994925
25,0.19318181818181818,25.79361704612925
25,0.20454545454545456,-31.25521169164861
25,0.2159090909090909,18.544579153257708
25,0.2272727272727273,7.28568571102357
25,0.23863636363636365,4.64374974595458
25,0.25,-39.75670000000002
25,0.26136363636363635,-65.3416188950058
25,0.2727272727272727,-7.646971096553278
25,0.2840909090909091,-23.663782671724725
25,0.29545454545454547,-81.96660111744696
25,0.3068181818181818,45.812930863463386
25,0.3181818181818182,-27.98301223019616
25,0.32954545454545453,-4.3648484795549365
25,0.34090909090909094,-5.039132217334216
25,0.3522727272727273,28.93753548511288
25,0.36363636363636365,18.803800442394277
25,0.375,-45.699392439226344
25,0.38636363636363635,46.05182054062355
25,0.39772727272727276,-9.980120353046727
25,0.4090909090909091,-55.03684136859689
25,0.42045454545454547,-12.024504386298576
25,0.4318181818181818,-51.100746831631604
25,0.4431818181818182,-2.654847930929968
25,0.4545454545454546,16.55105435679592
25,0.46590909090909094,-7.104922634439369
25,0.4772727272727273,-7.433278489695437
25,0.48863636363636365,41.3458610442365
26,0.0,778.3158
26,0.011904761904761904,-38.79780075923301
26,0.023809523809523808,2.456416666568952
26,0.03571428571428571,27.203788099541775
26,0.047619047619047616,-2.308962111117605
26,0.05952380952380952,-8.258899269884253
26,0.07142857142857142,6.735727686910629
26,0.08333333333333333,-20.48206716508672
26,0.09523809523809523,9.648252258689212
26,0.10714285714285714,-5.259134731906638
26,0.11904761904761904,-7.409136229919868
26,0.13095238095238093,-44.03134780811844
26,0.14285714285714285,43.85729637243887
26,0.15476190476190477,2.5376091160956484
26,0.16666666666666666,0.07284999999999364
26,0.17857142857142855,-34.44297392776272
26,0.19047619047619047,-8.244952878007087
26,0.20238095238095238,0.005026079876596867
26,0.21428571428571427,-13.51951398607362
26,0.22619047619047616,-12.145518300296619
26,0.23809523809523808,-20.182988701409876
26,0.25,-5.626300000000015
26,0.26190476190476186,-40.25922222165322
26,0.2738095238095238,-44.436932705905676
26,0.2857142857142857,-32.94773872319696
26,0.2976190476190476,-29.540779560620486
26,0.30952380952380953,2.829906282531745
26,0.3214285714285714,11.643888753528284
26,0.3333333333333333,0.23535000000001283
26,0.34523809523809523,24.275886830896344
26,0.3571428571428571,-28.540713700837017
26,0.369047619047619,13.612564883824705
26,0.38095238095238093,-19.81629052406
26,0.39285714285714285,3.8885602997426076
26,0.40476190476190477,-59.489128995559696
26,0.41666666666666663,-24.588932834913287
26,0.42857142857142855,38.68484235075809
26,0.44047619047619047,-7.143316162559031
26,0.45238095238095233,20.3596144980321
26,0.46428571428571425,-7.128028493143296
26,0.47619047619047616,24.170591955905348
26,0.4880952380952381,35.94160765592423
27,0.0,422.1947
27,0.02,32.41697549955032
27,0.04,19.02285131529529
27,0.06,13.552463026724322
27,0.08,8.315778763451025
27,0.1,-13.19829746844883
27,0.12,-55.64335383903751
27,0.14,-23.926564185583665
27,0.16,-48.18500345897887
27,0.18,-10.14797781875778
27,0.2,-28.95589278873997
27,0.22,15.081978452389283
27,0.24,17.337229934782957
27,0.26,-33.26689548025199
27,0.28,18.489595777640684
27,0.3,-5.5557525315511676
27,0.32,2.0928007414800485
27,0.34,-19.354604023695362
27,0.36,0.5469495401031441
27,0.38,6.87324555825213
27,0.4,-0.7399572112600321
27,0.42,23.87591264280665
27,0.44,9.700176848276943
27,0.46,-28.8580336714339
27,0.48,0.6164743769862913
28,0.0,705.0874
28,0.01282051282051282,-24.62990093548312
28,0.02564102564102564,10.100961589690755
28,0.038461538461538464,30.78274468714277
28,0.05128205128205128,-18.735818259023567
28,0.0641025641025641,12.262119161176553
28,0.07692307692307693,-4.981817931702046
28,0.08974358974358974,3.6354581462741393
28,0.10256410256410256,-17.820369891775453
28,0.11538461538461538,-5.464542795274383
28,0.1282051282051282,-32.76833696199388
28,0.14102564102564102,-16.694154106220303
28,0.15384615384615385,-8.870362393383003
28,0.16666666666666666,9.87729999999997
28,0.1794871794871795,-34.949676653330144
28,0.1923076923076923,-10.593836147409824
28,0.20512820512820512,-19.246859192402862
28,0.21794871794871795,-10.124004644745884
28,0.23076923076923075,-61.254075624501134
28,0.24358974358974358,-65.98972642902277
28,0.2564102564102564,0.744286826677282
28,0.2692307692307692,-52.477148558338975
28,0.28205128205128205,56.69736976268902
28,0.2948717948717949,16.495736782132266
28,0.3076923076923077,2.4324046351040316
28,0.3205128205128205,34.69749724537964
28,0.3333333333333333,26.990199999999952
28,0.34615384615384615,-7.393205499053936
28,0.358974358974359,49.354770077382206
28,0.3717948717948718,23.61171161303866
28,0.3846153846153846,-36.81241750435813
28,0.3974358974358974,-15.215128777883965
28,0.41025641025641024,52.914418276055734
28,0.4230769230769231,-14.235461687065587
28,0.4358974358974359,-3.690677624104903
28,0.4487179487179487,-45.30029586287035
28,0.4615384615384615,-25.42898118115976
28,0.47435897435897434,-14.456012191774818
28,0.48717948717948717,-15.090367949864179
29,0.0,585.2746999999999
29,0.015625,-53.018301065575585
29,0.03125,-20.601973237469934
29,0.046875,-3.880976023604802
29,0.0625,48.480533214500625
29,0.078125,-19.231446200479777
29,0.09375,0.3575534294124001
29,0.109375,13.97176422360978
29,0.125,-37.350366858530336
29,0.140625,16.65728678059668
29,0.15625,-24.26202348226878
29,0.171875,-12.340389371572728
29,0.1875,-34.25422978508255
29,0.203125,-30.312772586323874
29,0.21875,10.714974023170756
29,0.234375,-48.63944999556029
29,0.25,13.114799999999988
29,0.265625,-42.84355866984372
29,0.28125,-32.0956052572754
29,0.296875,-9.540794052648666
29,0.3125,33.03993156217019
29,0.328125,5.843958476634475
29,0.34375,42.95222066076624
29,0.359375,-6.162099795057769
29,0.375,17.066166858530362
29,0.390625,9.965348569506938
29,0.40625,-12.8191719845543
29,0.421875,18.553938325877635
29,0.4375,-13.05623499158827
29,0.453125,30.933897706235157
29,0.46875,17.132425848219015
29,0.484375,-3.12600632179344
30,0.0,884.1913999999999
30,0.012195121951219513,-23.495368273559833
30,0.024390243902439025,-5.437985495976868
30,0.03658536585365854,-25.656637162984815
30,0.04878048780487805,-40.091621416109575
30,0.06097560975609756,55.20670361981361
30,0.07317073170731708,-63.5183052251503
30,0.08536585365853659,-26.232211330486194
30,0.0975609756097561,-63.25676562071343
30,0.10975609756097561,-56.890678457557826
30,0.12195121951219512,31.812720432981276
30,0.13414634146341464,-27.125241911878867
30,0.14634146341463417,20.004892416628138
30,0.15853658536585366,-12.03929713441568
30,0.17073170731707318,23.068795343203725
30,0.18292682926829268,-1.1298853108050828
30,0.1951219512195122,-33.74385194620669
30,0.20731707317073172,8.633254353831035
30,0.21951219512195122,1.7113507246144302
30,0.23170731707317074,30.166989958806628
30,0.24390243902439024,-33.15414526104085
30,0.25609756097560976,-51.982548111077264
30,0.2682926829268293,57.40516679542115
30,0.2804878048780488,-8.454794125502922
30,0.29268292682926833,8.567842025816212
30,0.3048780487804878,-9.77276947020044
30,0.3170731707317073,23.536706159753262
30,0.32926829268292684,2.230558155300095
30,0.34146341463414637,20.76308181256145
30,0.3536585365853659,4.074546971027969
30,0.36585365853658536,-28.89129037745073
30,0.3780487804878049,-31.04438079704072
30,0.3902439024390244,-27.48857624955373
30,0.4024390243902439,-5.496203655236421
30,0.41463414634146345,-9.863238437537198
30,0.4268292682926829,-8.626182124366153
30,0.43902439024390244,23.328704782492753
30,0.45121951219512196,-1.2838554284694652
30,0.4634146341463415,21.476684797880978
30,0.475609756097561,-75.81109976519804
30,0.4878048780487805,56.1594347383857
31,0.0,609.4357
31,0.013157894736842105,-5.819983849350958
31,0.02631578947368421,-17.136688326304988
31,0.039473684210526314,0.918211815824856
31,0.05263157894736842,-9.047280788975486
31,0.06578947368421052,12.941639078950542
31,0.07894736842105263,1.1715735641587628
31,0.09210526315789473,-12.879452484533502
31,0.10526315789473684,18.726482788614653
31,0.11842105263157894,-24.904662181982346
31,0.13157894736842105,15.894335702981966
31,0.14473684210526316,17.498861245269694
31,0.15789473684210525,-57.409983458575354
31,0.17105263157894735,3.7987049345624886
31,0.18421052631578946,24.333755661823446
31,0.19736842105263158,-13.272896186648937
31,0.21052631578947367,-18.358645221863966
31,0.22368421052631576,-31.378240059659518
31,0.23684210526315788,6.690949812416548
31,0.25,7.974099999999964
31,0.2631578947368421,-35.794812913140184
31,0.2763157894736842,32.73361991850014
31,0.2894736842105263,15.362846875659386
31,0.3026315789473684,-38.02164206781249
31,0.3157894736842105,-0.10171849027464752
31,0.3289473684210526,-16.239335426182684
31,0.3421052631578947,-18.662476974909676
31,0.35526315789473684,-26.24259319597266
31,0.3684210526315789,8.750914990617577
31,0.381578947368421,-0.03473512180521254
31,0.39473684210526316,0.44083073287898067
31,0.40789473684210525,-48.892198125249905
31,0.42105263157894735,4.457517665161134
31,0.43421052631578944,17.48520315326789
31,0.4473684210526315,29.941972951295554
31,0.4605263157894737,-5.868588071609844
31,0.47368421052631576,13.99292542843629
31,0.48684210526315785,-23.897413375567535
32,0.0,581.6365000000001
32,0.014925373134328358,18.49612427492888
32,0.029850746268656716,-28.287431715773728
32,0.04477611940298507,-31.659329498769306
32,0.05970149253731343,39.52350588413211
32,0.07462686567164178,6.210665114723909
32,0.08955223880597014,-0.9276785066217901
32,0.1044776119402985,-26.040155700235452
32,0.11940298507462686,-28.132465785407064
32,0.13432835820895522,-3.0236706514393976
32,0.14925373134328357,8.423519827871045
32,0.16417910447761194,-0.856576709060322
32,0.1791044776119403,-20.241682812170083
32,0.19402985074626866,6.306671439971627
32,0.208955223880597,-2.4498787936724256
32,0.22388059701492538,3.719021821279121
32,0.23880597014925373,-52.27691802216563
32,0.2537313432835821,37.843002835590056
32,0.26865671641791045,-4.582000130557963
32,0.2835820895522388,-13.680254756302924
32,0.29850746268656714,-45.09886853608488
32,0.31343283582089554,-28.692981519413888
32,0.3283582089552239,7.8453115183966045
32,0.34328358208955223,-39.55204046571366
32,0.3582089552238806,7.0929105131667525
32,0.3731343283582089,-16.81959469270114
32,0.3880597014925373,29.995529809990234
32,0.40298507462686567,31.628410138415695
32,0.417910447761194,36.14424568527949
32,0.43283582089552236,-28.823403250262146
32,0.44776119402985076,-10.359695710904655
32,0.4626865671641791,-4.002808348969665
32,0.47761194029850745,-1.2168982454459072
32,0.4925373134328358,-11.925635012073965
33,0.0,639.3954000000001
33,0.014084507042253521,8.256806553369959
33,0.028169014084507043,4.105101828014099
33,0.04225352112676056,-9.36748376399543
33,0.056338028169014086,36.43272030655196
33,0.07042253521126761,19.045290471276186
33,0.08450704225352113,-40.81585032034981
33,0.09859154929577466,-3.935471356216876
33,0.11267605633802817,11.99995923245822
33,0.1267605633802817,-39.91239599294722
33,0.14084507042253522,-5.205079204218983
33,0.15492957746478875,-30.737691511213097
33,0.16901408450704225,9.589826379173912
33,0.18309859154929578,-17.698837085982717
33,0.1971830985915493,-0.842879975095137
33,0.2112676056338028,1.381436622033128
33,0.22535211267605634,-21.627545051153003
33,0.23943661971830987,-28.051649239452637
33,0.2535211267605634,-21.753271496438032
33,0.26760563380281693,-57.733560762815905
33,0.28169014084507044,13.00042809743253
33,0.29577464788732394,-3.894190875893498
33,0.3098591549295775,15.325311266901991
33,0.323943661971831,-19.158050624315155
33,0.3380281690140845,-41.294478711478845
33,0.35211267605633806,43.49687233135966
33,0.36619718309859156,-19.839088195939578
33,0.38028169014084506,-21.003272972665755
33,0.3943661971830986,1.9021614349727676
33,0.4084507042253521,-8.763053929462467
33,0.4225352112676056,30.47451822529545
33,0.4366197183098592,-20.342827395927046
33,0.4507042253521127,-8.422614490308634
33,0.4647887323943662,5.752439178348986
33,0.47887323943661975,50.18167020605114
33,0.49295774647887325,-17.359349177369868
34,0.0,390.7593999999999
34,0.023255813953488372,-29.816718044823705
34,0.046511627906976744,12.300673789669272
34,0.06976744186046512,5.8920481176633075
34,0.09302325581395349,-34.55672127167429
34,0.11627906976744186,-12.553848519060526
34,0.13953488372093023,-25.491577508328625
34,0.16279069767441862,-1.9557783156299493
34,0.18604651162790697,16.085511258644377
34,0.20930232558139533,1.5053422496331539
34,0.23255813953488372,13.508027755132202
34,0.2558139534883721,14.30948623941605
34,0.27906976744186046,-30.043984461003113
34,0.3023255813953488,-22.84299627282088
34,0.32558139534883723,-14.801176372360938
34,0.3488372093023256,-18.83814222552799
34,0.37209302325581395,-12.663372834801699
34,0.3953488372093023,24.26882563968557
34,0.41860465116279066,4.978436240023628
34,0.4418604651162791,-3.0780881221690035
34,0.46511627906976744,15.195181507573322
34,0.4883720930232558,-16.30202884924004
35,0.0,328.7692
35,0.02702702702702703,-12.586047668917082
35,0.05405405405405406,-4.21192514075004
35,0.08108108108108109,-23.962631455431733
35,0.10810810810810811,6.17457439935049
35,0.13513513513513514,-11.086272868514142
35,0.16216216216216217,9.709717224234698
35,0.1891891891891892,-31.54665283348572
35,0.21621621621621623,-14.892031316721544
35,0.24324324324324326,-19.001344749859328
35,0.2702702702702703,-12.623284471415047
35,0.2972972972972973,3.2718041404297207
35,0.32432432432432434,17.29653234307034
35,0.35135135135135137,17.387404793467226
35,0.3783783783783784,-12.006712951122562
35,0.40540540540540543,-22.266806474972014
35,0.43243243243243246,-11.581284873117292
35,0.4594594594594595,6.9067146385799845
35,0.4864864864864865,25.83059726517393
36,0.0,967.8846
36,0.00909090909090909,-0.2528743714460173
36,0.01818181818181818,-1.6865502945936992
36,0.02727272727272727,-33.45844619038225
36,0.03636363636363636,49.187301999648746
36,0.045454545454545456,-45.8436907335896
36,0.05454545454545454,-20.493442945619144
36,0.06363636363636363,-12.101375069781405
36,0.07272727272727272,9.472946279745898
36,0.08181818181818182,-20.29586042200284
36,0.09090909090909091,-13.11097894216428
36,0.09999999999999999,-32.077081879774184
36,0.10909090909090909,4.579312623794946
36,0.11818181818181818,5.149999702845625
36,0.12727272727272726,-3.0047286556951662
36,0.13636363636363635,-12.474302171837056
36,0.14545454545454545,16.801477529838657
36,0.15454545454545454,-57.04010197775086
36,0.16363636363636364,6.237660716905287
36,0.17272727272727273,27.00264470078453
36,0.18181818181818182,4.752945925707991
36,0.1909090909090909,-2.0053562720319036
36,0.19999999999999998,29.464609491675127
36,0.20909090909090908,-8.494999689938288
36,0.21818181818181817,-17.497456892251197
36,0.22727272727272727,0.9204681393637699
36,0.23636363636363636,12.93690073500269
36,0.24545454545454545,3.6760724083470855
36,0.2545454545454545,-1.0349684703647881
36,0.2636363636363636,-38.706886873569616
36,0.2727272727272727,-68.99279326803733
36,0.2818181818181818,-6.153560807870153
36,0.2909090909090909,20.562381271885606
36,0.3,-20.802268120225825
36,0.3090909090909091,47.517397109647376
36,0.3181818181818182,-27.112821020104768
36,0.32727272727272727,3.264416635714598
36,0.33636363636363636,-18.97835097962549
36,0.34545454545454546,9.168525490741239
36,0.35454545454545455,-46.04635745134346
36,0.36363636363636365,13.380189733485782
36,0.3727272727272727,-7.571096278223093
36,0.3818181818181818,-23.80450223315971
36,0.3909090909090909,-0.7047660150456625
36,0.39999999999999997,43.37284050832493
36,0.40909090909090906,6.640345786167628
36,0.41818181818181815,10.42464480497413
36,0.42727272727272725,-64.2086732237283
36,0.43636363636363634,34.13750452367767
36,0.44545454545454544,-36.51911278434111
36,0.45454545454545453,34.197436551007826
36,0.4636363636363636,23.291500222708585
36,0.4727272727272727,-7.216137634037008
36,0.4818181818181818,-30.421148627605383
36,0.4909090909090909,-30.534732595856013
37,0.0,380.9071
37,0.024390243902439025,-11.37109965050194
37,0.04878048780487805,-17.84651690838951
37,0.07317073170731708,-19.730805374315818
37,0.0975609756097561,-6.066220512931743
37,0.12195121951219512,8.396904366379967
37,0.14634146341463417,-52.67737566847339
37,0.17073170731707318,9.905730441447512
37,0.1951219512195122,-8.470514845555854
37,0.21951219512195122,48.885986672166254
37,0.24390243902439024,-2.623390768181057
37,0.2682926829268293,-52.68676665313674
37,0.29268292682926833,4.1399527678049886
37,0.3170731707317073,14.96430793504479
37,0.34146341463414637,-13.398465682036893
37,0.36585365853658536,-18.093456780714703
37,0.3902439024390244,-4.932900645348658
37,0.41463414634146345,24.054895442408572
37,0.43902439024390244,1.3220596656491992
37,0.4634146341463415,-1.3907675473240593
37,0.4878048780487805,-15.548056253991088
38,0.0,292.9343
38,0.025,24.05399607056568
38,0.05,7.346438984392351
38,0.07500000000000001,0.5688985480016662
38,0.1,11.680991427271767
38,0.125,-22.394049396055287
38,0.15000000000000002,-9.73486267693408
38,0.17500000000000002,-10.277180857836289
38,0.2,-31.835375064831
38,0.225,-7.029758768338763
38,0.25,3.5919999999999987
38,0.275,-18.01947574122764
38,0.30000000000000004,0.02805857272822898
38,0.325,-18.462753691264485
38,0.35000000000000003,9.6723539714662
38,0.375,2.074249396055288
38,0.4,1.530225064830998
38,0.42500000000000004,-34.94967052308729
38,0.45,2.9925697210755287
38,0.47500000000000003,4.3027449631871075
39,0.0,814.5822000000003
39,0.011235955056179775,-2.042474423132422
39,0.02247191011235955,10.977267275571432
39,0.033707865168539325,2.0543880679848527
39,0.0449438202247191,-29.93423920785215
39,0.056179775280898875,-38.38763836523282
39,0.06741573033707865,9.152727231765969
39,0.07865168539325842,59.693885835606196
39,0.0898876404494382,-16.539376735969014
39,0.10112359550561797,23.753424871203944
39,0.11235955056179775,-21.262843596360803
39,0.12359550561797752,10.11331528729513
39,0.1348314606741573,-15.653228972008364
39,0.14606741573033707,-20.641457100789378
39,0.15730337078651685,-19.11849526029754
39,0.16853932584269662,-23.391298824710514
39,0.1797752808988764,-14.670737479142408
39,0.19101123595505617,25.19780652328008
39,0.20224719101123595,-5.858741830586876
39,0.21348314606741572,-52.4946133765001
39,0.2247191011235955,-39.14208745035865
39,0.23595505617977527,-12.204523250151636
39,0.24719101123595505,35.12736899523132
39,0.2584269662921348,0.38866025008254645
39,0.2696629213483146,-24.497510020041418
39,0.2808988764044944,-35.40582382770933
39,0.29213483146067415,-21.166468636952416
39,0.3033707865168539,-19.43827593707688
39,0.3146067415730337,-31.235877742791182
39,0.3258426966292135,0.020172876383510285
39,0.33707865168539325,55.52424199914525
39,0.348314606741573,-39.89603881540602
39,0.3595505617977528,15.9045865918815
39,0.3707865168539326,-42.867906032424926
39,0.38202247191011235,12.219445308430803
39,0.3932584269662921,2.9685272411433257
39,0.4044943820224719,-16.880043292613603
39,0.4157303370786517,22.372899174177505
39,0.42696629213483145,28.048371315673883
39,0.4382022471910112,18.11187698018371
39,0.449438202247191,-45.20395544492271
39,0.4606741573033708,13.24542659861914
39,0.47191011235955055,-15.835013765166199
39,0.4831460674157303,19.46501874346559
39,0.4943820224719101,-1.289441778927453
40,0.0,456.46889999999996
40,0.01818181818181818,22.687255581123065
40,0.03636363636363636,-16.416556567520338
40,0.05454545454545454,-9.614187798689695
40,0.07272727272727272,-46.317448075027016
40,0.09090909090909091,-24.60005826332558
40,0.10909090909090909,1.8146715959969697
40,0.12727272727272726,9.717186303781824
40,0.14545454545454545,2.9886975661013464
40,0.16363636363636364,13.572916206394492
40,0.18181818181818182,-0.7230013253351233
40,0.19999999999999998,-2.1509027142394075
40,0.21818181818181817,-0.8928257225435017
40,0.23636363636363636,-28.44013819706287
40,0.2545454545454545,-8.806023321153958
40,0.2727272727272727,4.988499752289355
40,0.2909090909090909,13.014269724045858
40,0.3090909090909091,20.335008693702616
40,0.32727272727272727,15.850591718761184
40,0.34545454545454546,-38.8424078329772
40,0.36363636363636365,2.598509390066406
40,0.3818181818181818,-16.966642038698815
40,0.39999999999999997,-26.228547285760555
40,0.41818181818181815,5.960677991545859
40,0.43636363636363634,-9.520668688379752
40,0.45454545454545453,15.054950446304943
40,0.4727272727272727,-43.365026960718
40,0.4909090909090909,19.004749821317898
41,0.0,342.9586
41,0.02127659574468085,9.582492702627095
41,0.0425531914893617,3.039352669390931
41,0.06382978723404255,-2.8312221250799867
41,0.0851063829787234,-33.99364034052412
41,0.10638297872340426,-21.53159732632696
41,0.1276595744680851,-26.982721592532002
41,0.14893617021276595,-0.6939581892637872
41,0.1702127659574468,2.126475800844818
41,0.19148936170212766,34.70271956337796
41,0.2127659574468085,21.375482910422406
41,0.23404255319148937,-35.61844377111118
41,0.2553191489361702,2.69219906949729
41,0.2765957446808511,14.404862466425147
41,0.2978723404255319,-36.74901054737259
41,0.3191489361702128,3.4594075559226485
41,0.3404255319148936,-42.928012521797314
41,0.36170212765957444,-1.2674727120204516
41,0.3829787234042553,-5.500251269064453
41,0.40425531914893614,40.04012335177157
41,0.425531914893617,-5.991436423415662
41,0.44680851063829785,-1.3663821965030158
41,0.46808510638297873,20.34955827114831
41,0.48936170212765956,-19.832625346416766
42,0.0,508.5254
42,0.017857142857142856,-22.206957679219386
42,0.03571428571428571,0.25912241049731044
42,0.05357142857142857,-5.3184493078236805
42,0.07142857142857142,15.875213576664532
42,0.08928571428571427,42.5679032318773
42,0.10714285714285714,-20.970705330789443
42,0.125,-31.869823200320155
42,0.14285714285714285,-11.26346836874011
42,0.1607142857142857,20.489253900559227
42,0.17857142857142855,-30.50901216308148
42,0.19642857142857142,-47.61512618676054
42,0.21428571428571427,-13.335354163976232
42,0.23214285714285712,14.432510635210555
42,0.25,-11.157099999999986
42,0.26785714285714285,-13.488690241695078
42,0.2857142857142857,-23.57142644824505
42,0.30357142857142855,-7.781940809437252
42,0.3214285714285714,-1.4429874672305658
42,0.33928571428571425,-18.198727581354042
42,0.3571428571428571,-29.339609412688286
42,0.375,-43.671576799679855
42,0.39285714285714285,61.4827139074158
42,0.4107142857142857,3.559054285482439
42,0.42857142857142855,-1.5349551830148336
42,0.4464285714285714,-30.630464144305865
42,0.46428571428571425,10.136668643188385
42,0.4821428571428571,37.89423389746628
43,0.0,892.1531
43,0.009433962264150943,-7.210204236412391
43,0.018867924528301886,1.870583983131084
43,0.02830188679245283,27.39852060491743
43,0.03773584905660377,7.556582614714234
43,0.04716981132075471,-25.237464767196478
43,0.05660377358490566,-20.139594596593433
43,0.0660377358490566,29.5821984479459
43,0.07547169811320754,-17.734821184116086
43,0.08490566037735849,-20.096734777697893
43,0.09433962264150943,18.486257570492583
43,0.10377358490566037,-15.13313523672349
43,0.11320754716981132,3.932404420360207
43,0.12264150943396226,3.138849346534938
43,0.1320754716981132,23.815966492324137
43,0.14150943396226415,-43.4117400198036
43,0.1509433962264151,49.38335070844039
43,0.16037735849056603,-0.002409506115636617
43,0.16981132075471697,-50.63075637635448
43,0.1792452830188679,2.8766005706833795
43,0.18867924528301885,-25.01606779742029
43,0.1981132075471698,7.230467142600249
43,0.20754716981132074,-15.414128883555039
43,0.21698113207547168,34.25341143061165
43,0.22641509433962265,8.892576321238593
43,0.2358490566037736,-0.4984642964654107
43,0.24528301886792453,-33.982678926467955
43,0.25471698113207547,9.1797969343363
43,0.2641509433962264,-49.39327405479277
43,0.27358490566037735,-21.921696912654582
43,0.2830188679245283,12.106324153494125
43,0.29245283018867924,9.38375592678772
43,0.3018867924528302,-10.714238456545198
43,0.3113207547169811,-4.667558584742785
43,0.32075471698113206,-42.18920418954448
43,0.330188679245283,-25.152817015302173
43,0.33962264150943394,-43.10198191707765
43,0.3490566037735849,-24.9779283034523
43,0.3584905660377358,29.622442341920973
43,0.36792452830188677,-66.22355164522399
43,0.3773584905660377,31.549283462150058
43,0.38679245283018865,-17.636006623475552
43,0.3962264150943396,-52.25317947010602
43,0.40566037735849053,-11.230134727857978
43,0.4150943396226415,35.097244951381185
43,0.4245283018867924,4.866895292324022
43,0.43396226415094336,27.302163000159034
43,0.4433962264150943,30.286644312793605
43,0.4528301886792453,-28.08719629353972
43,0.46226415094339623,65.62808493793229
43,0.4716981132075472,9.632206042557863
43,0.4811320754716981,-58.90927829434301
43,0.49056603773584906,-8.315463916251165
44,0.0,658.9009000000001
44,0.014492753623188406,36.070177490995434
44,0.028985507246376812,7.345299326626781
44,0.043478260869565216,10.520647501561287
44,0.057971014492753624,-56.32104558596644
44,0.07246376811594203,9.189062813352521
44,0.08695652173913043,4.228776242539341
44,0.10144927536231885,-10.868148945328718
44,0.11594202898550725,6.261464294111175
44,0.13043478260869565,-57.32157542916583
44,0.14492753623188406,-23.142994851922577
44,0.15942028985507248,-30.821971349885313
44,0.17391304347826086,-18.427485054664274
44,0.18840579710144928,-39.16447391600104
44,0.2028985507246377,-10.59404532408765
44,0.21739130434782608,28.25198684983796
44,0.2318840579710145,-52.69947778918346
44,0.2463768115942029,7.435152762930894
44,0.2608695652173913,44.90132782128798
44,0.2753623188405797,-7.550143997854951
44,0.2898550724637681,30.58225480602939
44,0.30434782608695654,-13.233806903927738
44,0.31884057971014496,-52.54554357252781
44,0.3333333333333333,2.2341999999999302
44,0.34782608695652173,-19.478319880867865
44,0.36231884057971014,18.350709142209205
44,0.37681159420289856,0.3480750654472242
44,0.391304347826087,-3.6178570063251336
44,0.4057971014492754,4.576335381981242
44,0.42028985507246375,-41.075910420316404
44,0.43478260869565216,-1.103384073232153
44,0.4492753623188406,8.321356294688673
44,0.463768115942029,22.21151097526905
44,0.4782608695652174,-17.98521006704348
44,0.4927536231884058,11.428557399433087
45,0.0,909.7469
45,0.013333333333333334,-86.38655126280321
45,0.02666666666666667,-51.74999777967179
45,0.04,-0.8460614492750178
45,0.05333333333333334,11.135940688460522
45,0.06666666666666667,-18.399603213295066
45,0.08,-20.29267688830751
45,0.09333333333333334,-4.429229949095619
45,0.10666666666666667,-7.098101046286374
45,0.12000000000000001,-31.16738975498373
45,0.13333333333333333,-20.620185370588914
45,0.14666666666666667,2.660991103011005
45,0.16,52.912418494555844
45,0.17333333333333334,-65.38809250611399
45,0.18666666666666668,-14.663259643905796
45,0.2,-22.83193064829284
45,0.21333333333333335,-19.098699963373445
45,0.22666666666666668,-10.92271642923112
45,0.24000000000000002,-28.455010227868
45,0.25333333333333335,-0.6435586887336173
45,0.26666666666666666,20.60403565632788
45,0.28,80.84804241251803
45,0.29333333333333333,4.033575148502543
45,0.3066666666666667,22.398905457981158
45,0.32,-35.03899437573166
45,0.33333333333333337,-50.727100000000064
45,0.3466666666666667,17.125884431646284
45,0.36000000000000004,27.098994527372156
45,0.37333333333333335,-49.39308722620537
45,0.3866666666666667,46.81224305041123
45,0.4,-46.02576935170717
45,0.4133333333333334,-7.1715096942645635
45,0.4266666666666667,-12.267110557074803
45,0.44,-19.32671820557504
45,0.45333333333333337,15.215450102749468
45,0.4666666666666667,27.12435292755608
45,0.48000000000000004,29.821645467294886
45,0.49333333333333335,-45.10382523600249
46,0.0,848.8733000000002
46,0.011627906976744186,-21.519745260192643
46,0.023255813953488372,19.92982275596294
46,0.03488372093023256,30.061628175178818
46,0.046511627906976744,-11.880803361083192
46,0.05813953488372093,-23.244610832726032
46,0.06976744186046512,-6.227390472520117
46,0.08139534883720931,-62.88678780281613
46,0.09302325581395349,-20.898650308177075
46,0.10465116279069767,-48.84025459295138
46,0.11627906976744186,4.203789799701726
46,0.12790697674418605,-4.008607842297909
46,0.13953488372093023,-2.236930904888421
46,0.1511627906976744,12.086744112988768
46,0.16279069767441862,-19.298490807945917
46,0.1744186046511628,30.105191373634383
46,0.18604651162790697,-45.94543745232427
46,0.19767441860465115,-21.531256741244576
46,0.20930232558139533,-50.31836459610692
46,0.22093023255813954,-2.6063840387724255
46,0.23255813953488372,-0.28730027403594116
46,0.2441860465116279,24.522807147966095
46,0.2558139534883721,-3.7970788481503774
46,0.26744186046511625,1.6348699761095546
46,0.27906976744186046,-52.44838917677594
46,0.29069767441860467,14.646268879476398
46,0.3023255813953488,2.944291091423173
46,0.313953488372093,4.924940983959466
46,0.32558139534883723,-41.05816045670494
46,0.3372093023255814,14.214681098973157
46,0.3488372093023256,-10.512944890241691
46,0.36046511627906974,-22.564453377530583
46,0.37209302325581395,6.724811579361475
46,0.38372093023255816,-13.735463744758698
46,0.3953488372093023,-9.744892860493039
46,0.4069767441860465,10.308835901427713
46,0.41860465116279066,1.711004514162358
46,0.43023255813953487,-52.258874388445065
46,0.4418604651162791,17.519472157531524
46,0.45348837209302323,5.29632404714604
46,0.46511627906976744,-46.03825178255769
46,0.47674418604651164,63.33194692487514
46,0.4883720930232558,39.417194293862416
47,0.0,809.8354
47,0.012345679012345678,7.521116165006779
47,0.024691358024691357,-12.33548502098068
47,0.037037037037037035,-52.30791634277842
47,0.04938271604938271,-41.32778959588967
47,0.06172839506172839,-13.862765060572755
47,0.07407407407407407,-38.322016102526625
47,0.08641975308641975,-11.472907031030651
47,0.09876543209876543,-29.612372798632624
47,0.1111111111111111,14.47554703380376
47,0.12345679012345678,31.689975343400036
47,0.13580246913580246,-4.4199637295589955
47,0.14814814814814814,20.169955273797484
47,0.16049382716049382,-96.99566944583775
47,0.1728395061728395,25.19024916025165
47,0.18518518518518517,33.132774308953316
47,0.19753086419753085,-0.47340228683666297
47,0.20987654320987653,52.88570238624562
47,0.2222222222222222,-12.377756786847476
47,0.2345679012345679,-32.76019542491241
47,0.24691358024691357,-44.141157173981824
47,0.25925925925925924,-4.1683973288253
47,0.2716049382716049,-28.672333047784946
47,0.2839506172839506,-14.024259559278788
47,0.2962962962962963,-53.330961975754064
47,0.30864197530864196,-6.703921108263323
47,0.32098765432098764,-7.07099368896985
47,0.3333333333333333,40.93330000000003
47,0.345679012345679,44.70376063102162
47,0.35802469135802467,7.878058071315884
47,0.37037037037037035,-58.978683987795606
47,0.38271604938271603,8.607238075524863
47,0.3950617283950617,6.395947966232496
47,0.4074074074074074,38.95307216186375
47,0.41975308641975306,11.96274519578326
47,0.43209876543209874,30.811321542784558
47,0.4444444444444444,25.156909753043728
47,0.4567901234567901,3.416528675047047
47,0.4691358024691358,-50.014042185875084
47,0.48148148148148145,-59.324376006934585
47,0.49382716049382713,13.35666394579221
48,0.0,432.8952
48,0.02040816326530612,-25.047523963181007
48,0.04081632653061224,37.69537129584746
48,0.061224489795918366,-2.6828413383828593
48,0.08163265306122448,-5.195647758097699
48,0.1020408163265306,-5.981529602712781
48,0.12244897959183673,4.95237427085338
48,0.14285714285714285,-20.679589190469855
48,0.16326530612244897,-47.08794223272302
48,0.18367346938775508,-27.25949529915966
48,0.2040816326530612,-2.3887536277498103
48,0.22448979591836732,-18.52440084050225
48,0.24489795918367346,8.740267608811438
48,0.26530612244897955,1.4551060183567444
48,0.2857142857142857,-46.41812380629011
48,0.3061224489795918,18.23317999942992
48,0.32653061224489793,6.755901357421456
48,0.3469387755102041,-24.64161154639483
48,0.36734693877551017,3.3323057722070075
48,0.3877551020408163,21.229998693331424
48,0.4081632653061224,9.862454298583723
48,0.42857142857142855,0.7633629967600015
48,0.44897959183673464,16.81456384761735
48,0.4693877551020408,-13.581114724280143
48,0.4897959183673469,-15.085512229275803
49,0.0,609.4569
49,0.015151515151515152,16.25761016778069
49,0.030303030303030304,-44.481139384790154
49,0.045454545454545456,16.801051826163885
49,0.06060606060606061,-18.760625954674463
49,0.07575757575757576,-4.351039640633903
49,0.09090909090909091,6.3568176301118395
49,0.10606060606060606,-38.72851068730334
49,0.12121212121212122,-18.691726064322353
49,0.13636363636363635,-4.968115801604256
49,0.15151515151515152,9.619860810693831
49,0.16666666666666669,-15.232100000000006
49,0.18181818181818182,-38.31642013698191
49,0.19696969696969696,-17.192212339586277
49,0.21212121212121213,6.708252217449542
49,0.2272727272727273,47.48891032486161
49,0.24242424242424243,-8.932739288218828
49,0.25757575757575757,32.22508905984574
49,0.2727272727272727,-33.59453981946331
49,0.2878787878787879,-0.8108827316522325
49,0.30303030303030304,-33.07702646871581
49,0.3181818181818182,-6.874475632757893
49,0.33333333333333337,-41.78669999999997
49,0.3484848484848485,-12.236281391994781
49,0.36363636363636365,-14.85483773853165
49,0.3787878787878788,3.066430882840434
49,0.3939393939393939,-23.125901933487835
49,0.4090909090909091,-23.56572071666333
49,0.42424242424242425,-7.462863371479973
49,0.4393939393939394,13.89319513918328
49,0.4545454545454546,27.30883006486505
49,0.4696969696969697,-2.85954845847958
49,0.48484848484848486,29.82575943754606
50,0.0,490.25760000000014
50,0.01639344262295082,28.447107013492115
50,0.03278688524590164,-27.51137289007862
50,0.04918032786885246,-2.463502614341145
50,0.06557377049180328,1.7925005092515462
50,0.0819672131147541,-21.143961996951347
50,0.09836065573770492,-12.592030538428542
50,0.11475409836065574,31.982684804433966
50,0.13114754098360656,-9.89608136594621
50,0.14754098360655737,-20.645990377399173
50,0.1639344262295082,-23.862269060634063
50,0.18032786885245902,-13.376762664372226
50,0.19672131147540983,-14.517610267659096
50,0.21311475409836067,-31.283348378715814
50,0.22950819672131148,32.93923724982099
50,0.24590163934426232,-16.188804135289185
50,0.26229508196721313,26.624570273918923
50,0.27868852459016397,-7.42239996296583
50,0.29508196721311475,-4.842352970903171
50,0.3114754098360656,-13.354979949550371
50,0.3278688524590164,32.930587611264485
50,0.3442622950819672,21.760039966324378
50,0.36065573770491804,16.991113932601156
50,0.3770491803278689,-9.02895407587973
50,0.39344262295081966,-15.829801346304794
50,0.4098360655737705,-31.180850803096188
50,0.42622950819672134,-7.552688038676152
50,0.4426229508196722,-28.456416357505933
50,0.45901639344262296,0.8592596776657278
50,0.4754098360655738,5.81481576157873
50,0.49180327868852464,-19.952939005654564
51,0.0,491.3898
51,0.019230769230769232,-14.48440447352744
51,0.038461538461538464,-5.6219224114909725
51,0.057692307692307696,-42.93896924758831
51,0.07692307692307693,43.866066359800406
51,0.09615384615384616,2.030851835612637
51,0.11538461538461539,-6.4539796480661975
51,0.13461538461538464,-12.932067813390287
51,0.15384615384615385,-17.283882367546305
51,0.17307692307692307,13.333872393783635
51,0.19230769230769232,-37.094081970870526
51,0.21153846153846156,4.28472988382563
51,0.23076923076923078,3.1654135926986173
51,0.25,-14.41349999999997
51,0.2692307692307693,-6.744059838080537
51,0.2884615384615385,-33.505932585452385
51,0.3076923076923077,-2.9803293267687607
51,0.3269230769230769,-29.79014101011292
51,0.34615384615384615,22.140787834229677
51,0.3653846153846154,5.870259484725248
51,0.38461538461538464,16.112647266806167
51,0.40384615384615385,-9.358993125997028
51,0.42307692307692313,-13.119843965721431
51,0.44230769230769235,-36.349702633050164
51,0.46153846153846156,-8.011415524990138
51,0.4807692307692308,32.75629729117137
52,0.0,568.7933
52,0.015625,0.45311594625177953
52,0.03125,12.103023750632563
52,0.046875,-7.821098951607503
52,0.0625,-4.848086639797554
52,0.078125,-1.1123750895861146
52,0.09375,-13.289763708370934
52,0.109375,34.9262255185691
52,0.125,-17.834108930275626
52,0.140625,-14.044029151006157
52,0.15625,10.70767176476314
52,0.171875,26.71494101558647
52,0.1875,-10.469986161193802
52,0.203125,-11.512222304868658
52,0.21875,10.151422814916913
52,0.234375,-46.22966003580221
52,0.25,-18.9122
52,0.265625,8.568019401165508
52,0.28125,-31.14321645936014
52,0.296875,12.77517618916832
52,0.3125,4.211831074447332
52,0.328125,-32.25351220369954
52,0.34375,-7.748026737022885
52,0.359375,11.739336725347986
52,0.375,-53.7170910697244
52,0.390625,12.808265424511688
52,0.40625,10.849667015488286
52,0.421875,28.482364990328605
52,0.4375,-12.753758273455976
52,0.453125,-10.698269179191229
52,0.46875,0.6628215589530537
52,0.484375,-14.671478295168031
53,0.0,532.8377
53,0.015151515151515152,20.76044901233304
53,0.030303030303030304,-5.614596504794481
53,0.045454545454545456,-8.298895840902135
53,0.06060606060606061,6.467750174386933
53,0.07575757575757576,-0.5265479088220415
53,0.09090909090909091,-2.156045960145363
53,0.10606060606060606,-37.6123805040492
53,0.12121212121212122,-26.239507584238417
53,0.13636363636363635,0.05520142553596141
53,0.15151515151515152,7.386586901258841
53,0.16666666666666669,-42.60044999999997
53,0.18181818181818182,20.03496184056875
53,0.19696969696969696,1.5293187090306475
53,0.21212121212121213,-23.111549356752775
53,0.2272727272727273,18.3297560908833
53,0.24242424242424243,-19.37163396888598
53,0.25757575757575757,-27.18788104941777
53,0.2727272727272727,-14.418715400458622
53,0.2878787878787879,-19.179013462756984
53,0.30303030303030304,11.805580697352305
53,0.3181818181818182,-40.82044612324276
53,0.33333333333333337,10.820149999999988
53,0.3484848484848485,-36.25355920036803
53,0.36363636363636365,12.605649407790725
53,0.3787878787878788,-6.29981177111312
53,0.3939393939393939,-20.601674198505304
53,0.4090909090909091,54.156134447725655
53,0.42424242424242425,12.61754697774903
53,0.4393939393939394,21.153157173862688
53,0.4545454545454546,-7.1689998877554775
53,0.4696969696969697,11.729819001300779
53,0.48484848484848486,-7.879353137570126
54,0.0,498.9163
54,0.016666666666666666,14.139604613047446
54,0.03333333333333333,4.880621274582404
54,0.05,1.2856993494280626
54,0.06666666666666667,-10.498956223244384
54,0.08333333333333333,-3.9847727027936113
54,0.1,-13.5858127590026
54,0.11666666666666667,-15.70837638236533
54,0.13333333333333333,7.114502115162292
54,0.15,-40.40350947082183
54,0.16666666666666666,-14.366549999999995
54,0.18333333333333332,-27.770380516661504
54,0.2,-10.806532184987988
54,0.21666666666666667,32.14283818868747
54,0.23333333333333334,-15.90843526548646
54,0.25,20.6053
54,0.26666666666666666,-19.30281388473766
54,0.2833333333333333,-19.56513600945188
54,0.3,-15.772687240997397
54,0.31666666666666665,13.529686463983895
54,0.3333333333333333,-5.532350000000003
54,0.35,9.038658848987904
54,0.36666666666666664,3.6448606272943493
54,0.3833333333333333,4.38526537866932
54,0.4,-0.0313678150120138
54,0.4166666666666667,3.4266727027936135
54,0.43333333333333335,-27.44699663639029
54,0.45,6.021351272405868
54,0.4666666666666667,-17.65288200718026
54,0.48333333333333334,-15.471401735909428
55,0.0,615.9746
55,0.014285714285714285,-27.856968573112187
55,0.02857142857142857,-40.135131548503026
55,0.04285714285714286,-11.129291471525972
55,0.05714285714285714,10.68637437536351
55,0.07142857142857142,15.80984152170302
55,0.08571428571428572,-6.136339169314345
55,0.09999999999999999,0.413495310743512
55,0.11428571428571428,-7.13690487471589
55,0.12857142857142856,6.547619412015797
55,0.14285714285714285,-17.94563173741884
55,0.15714285714285714,-8.697812526094891
55,0.17142857142857143,-11.874033900887376
55,0.18571428571428572,13.904991979953746
55,0.19999999999999998,-23.92702879146118
55,0.21428571428571427,-3.506682734132987
55,0.22857142857142856,-30.63983802376735
55,0.24285714285714285,-30.41308082221827
55,0.2571428571428571,11.550397900522258
55,0.2714285714285714,-10.202915464394554
55,0.2857142857142857,13.7906639082431
55,0.3,4.715354689256483
55,0.3142857142857143,7.488912653205348
55,0.32857142857142857,-58.98446391617653
55,0.34285714285714286,24.79474804188466
55,0.35714285714285715,-9.30850878757003
55,0.37142857142857144,0.023063587171000766
55,0.3857142857142857,-28.89193407828143
55,0.39999999999999997,-12.908021208538853
55,0.41428571428571426,38.06637852415662
55,0.42857142857142855,4.829517829175761
55,0.44285714285714284,31.223919130894078
55,0.45714285714285713,7.915875005662562
55,0.4714285714285714,-51.39009219521641
55,0.4857142857142857,33.91332595337865
56,0.0,435.3397
56,0.017543859649122806,-31.822807621389366
56,0.03508771929824561,-15.532000673143488
56,0.05263157894736842,18.652157993829697
56,0.07017543859649122,-5.871756713862038
56,0.08771929824561403,-0.2151326895608623
56,0.10526315789473684,29.773676349432485
56,0.12280701754385964,28.308589045518453
56,0.14035087719298245,-36.691518828348265
56,0.15789473684210525,-4.3475081290059485
56,0.17543859649122806,-2.879137500931656
56,0.19298245614035087,-33.003567276668804
56,0.21052631578947367,34.04344432892827
56,0.22807017543859648,-5.203559108851348
56,0.24561403508771928,5.650343548628886
56,0.2631578947368421,-17.05594693579311
56,0.2807017543859649,-21.250548340229148
56,0.2982456140350877,-30.021521243753465
56,0.3157894736842105,39.493097420529445
56,0.3333333333333333,-7.143200000000007
56,0.3508771929824561,-27.093915918450328
56,0.3684210526315789,7.467110803650041
56,0.38596491228070173,-31.62455543294251
56,0.40350877192982454,2.191739113295929
56,0.42105263157894735,25.287357518876536
56,0.43859649122807015,-46.98797936753715
56,0.45614035087719296,6.971565665915959
56,0.47368421052631576,7.847910649552633
56,0.49122807017543857,0.06901334230926115
57,0.0,816.1572
57,0.011627906976744186,-38.803166713419415
57,0.023255813953488372,-27.732865288075864
57,0.03488372093023256,-78.16148936842387
57,0.046511627906976744,2.357618235140224
57,0.05813953488372093,28.22733330934341
57,0.06976744186046512,36.35073494680066
57,0.08139534883720931,-45.33858009220853
57,0.09302325581395349,23.361190347539623
57,0.10465116279069767,-0.6351761754236929
57,0.11627906976744186,-51.284828687645316
57,0.12790697674418605,6.338326998668055
57,0.13953488372093023,-18.35612606530685
57,0.1511627906976744,-45.13032684927704
57,0.16279069767441862,35.111010534639334
57,0.1744186046511628,28.246618758368626
57,0.18604651162790697,5.122629569610677
57,0.19767441860465115,-27.843582816153422
57,0.20930232558139533,22.680301590531798
57,0.22093023255813954,8.89154493125903
57,0.23255813953488372,4.77024865953279
57,0.2441860465116279,-31.593251607543905
57,0.2558139534883721,-3.0247113313131013
57,0.26744186046511625,-51.1805238451329
57,0.27906976744186046,1.3565573833369529
57,0.29069767441860467,-18.377851261958753
57,0.3023255813953488,-24.786202855330473
57,0.313953488372093,23.330297760177725
57,0.32558139534883723,13.40021055218831
57,0.3372093023255814,-69.77202795364964
57,0.3488372093023256,0.7417500578919523
57,0.36046511627906974,-11.979698137317182
57,0.37209302325581395,32.23733348993569
57,0.38372093023255816,42.05231883365704
57,0.3953488372093023,18.28050530354001
57,0.4069767441860465,34.20457988141151
57,0.41860465116279066,-30.302971167463095
57,0.43023255813953487,-18.534514106726323
57,0.4418604651162791,-20.200389189760084
57,0.45348837209302323,17.883147190147824
57,0.46511627906976744,-23.252307389580572
57,0.47674418604651164,-21.331078735798478
57,0.4883720930232558,11.645611303787437
58,0.0,912.4817
58,0.010638297872340425,38.53080799651633
58,0.02127659574468085,-11.869048542760904
58,0.031914893617021274,18.39579751403781
58,0.0425531914893617,19.160725894327317
58,0.05319148936170213,-14.55638712357328
58,0.06382978723404255,-15.155643181174742
58,0.07446808510638298,-15.499246057107124
58,0.0851063829787234,44.797356779866156
58,0.09574468085106383,-8.551360666412679
58,0.10638297872340426,13.39786026845993
58,0.11702127659574468,48.43164065814841
58,0.1276595744680851,-20.48974619619352
58,0.13829787234042554,-3.972852450522364
58,0.14893617021276595,14.297030793553269
58,0.1595744680851064,-55.460362851365474
58,0.1702127659574468,-18.719238249673637
58,0.18085106382978722,-40.54635308892223
58,0.19148936170212766,-11.488687676554774
58,0.20212765957446807,-1.2262981389485752
58,0.2127659574468085,-6.194980773914654
58,0.22340425531914893,-13.016522136374268
58,0.23404255319148937,22.236288518105454
58,0.24468085106382978,-16.16581064120017
58,0.2553191489361702,30.64173457848123
58,0.26595744680851063,31.41823772770215
58,0.2765957446808511,7.004773769489292
58,0.28723404255319146,-10.34742291065233
58,0.2978723404255319,-38.8807378494858
58,0.30851063829787234,-27.842701291880502
58,0.3191489361702128,32.06504255530271
58,0.32978723404255317,-10.158497353132027
58,0.3404255319148936,13.817717674297288
58,0.35106382978723405,-31.508845237880436
58,0.36170212765957444,-43.45266170882242
58,0.3723404255319149,-18.762991153508846
58,0.3829787234042553,33.970573662528636
58,0.39361702127659576,-8.40390056047039
58,0.40425531914893614,21.697238143017195
58,0.4148936170212766,-27.49370929749643
58,0.425531914893617,31.095732478577695
58,0.4361702127659574,-69.34415573635708
58,0.44680851063829785,-27.47741402689359
58,0.4574468085106383,-59.90015130396252
58,0.46808510638297873,-47.92063542847767
58,0.4787234042553191,-20.969215896638023
58,0.48936170212765956,4.30681851794548
59,0.0,583.2008
59,0.015625,22.15772246005699
59,0.03125,-5.380180386205985
59,0.046875,-1.9759216698407567
59,0.0625,11.557352739462054
59,0.078125,-29.329830865762112
59,0.09375,-23.850382648607944
59,0.109375,-18.162109310045043
59,0.125,5.078083284259975
59,0.140625,-6.622439320365466
59,0.15625,-21.300504683040387
59,0.171875,-26.434002782015117
59,0.1875,-36.979113902878964
59,0.203125,-26.594026141050957
59,0.21875,-15.214073644491577
59,0.234375,24.262813936585566
59,0.25,-20.530200000000008
59,0.265625,50.11050328716838
59,0.28125,11.967190802458145
59,0.296875,-6.051512763650027
59,0.3125,41.074298505879455
59,0.328125,-53.899472063078846
59,0.34375,9.260099841017265
59,0.359375,-38.91833530306617
59,0.375,-14.897683284259983
59,0.390625,-8.874233357509386
59,0.40625,-64.2769003661275
59,0.421875,6.242065661578259
59,0.4375,-7.729737342462542
59,0.453125,-7.864060967454504
59,0.46875,8.841951084997984
59,0.484375,45.79443919844921
60,0.0,649.4239
60,0.014705882352941176,-11.291553357391624
60,0.029411764705882353,-13.937728889871842
60,0.044117647058823525,-15.805144024852435
60,0.058823529411764705,-24.797862014822094
60,0.07352941176470588,31.597182781678583
60,0.08823529411764705,12.419515657993948
60,0.10294117647058823,-23.530407463641286
60,0.11764705882352941,-17.046640590207286
60,0.1323529411764706,-19.254246567316393
60,0.14705882352941177,-1.3743153553829845
60,0.16176470588235295,-22.570558311480028
60,0.1764705882352941,-16.387911674913894
60,0.19117647058823528,15.462384706570353
60,0.20588235294117646,-1.9117644696989213
60,0.22058823529411764,7.471575480742878
60,0.23529411764705882,21.853953176748046
60,0.25,-8.897400000000061
60,0.2647058823529412,-36.74074676886853
60,0.27941176470588236,-35.79544478793226
60,0.29411764705882354,-26.71186586043803
60,0.3088235294117647,-0.3746457455439387
60,0.3235294117647059,-37.16495354666095
60,0.3382352941176471,34.38668116231861
60,0.3529411764705882,-17.77584109643682
60,0.3676470588235294,-19.931716980926794
60,0.38235294117647056,19.1531773303596
60,0.39705882352941174,-15.909988053455141
60,0.4117647058823529,12.912602864612932
60,0.4264705882352941,-48.90030432901017
60,0.4411764705882353,10.571916042129684
60,0.45588235294117646,-27.487713976866853
60,0.47058823529411764,23.188265195457127
60,0.4852941176470588,19.66669946710645
61,0.0,389.332
61,0.022222222222222223,-2.7616032544686693
61,0.044444444444444446,-38.994840909415274
61,0.06666666666666667,7.537982361957199
61,0.08888888888888889,-12.472568306103138
61,0.11111111111111112,-22.60745985746485
61,0.13333333333333333,33.864112890815214
61,0.15555555555555556,-10.499128043080571
61,0.17777777777777778,12.589749006441297
61,0.2,-29.562403825763752
61,0.22222222222222224,-20.678076695179744
61,0.24444444444444446,3.0262670912059177
61,0.26666666666666666,2.338663387958851
61,0.2888888888888889,-5.851316920631755
61,0.3111111111111111,-17.671706250394735
61,0.33333333333333337,-32.3708
61,0.35555555555555557,33.161274949678166
61,0.37777777777777777,4.808851240205444
61,0.4,18.425403825763745
61,0.4222222222222222,-1.237643509166959
61,0.4444444444444445,-62.22056344735542
61,0.4666666666666667,18.23229135926873
61,0.48888888888888893,12.114764905730299
62,0.0,662.0259
62,0.012345679012345678,1.1260306756942313
62,0.024691358024691357,-7.4225335663883065
62,0.037037037037037035,-3.708811018649886
62,0.04938271604938271,37.607252309415074
62,0.06172839506172839,-31.28295162788654
62,0.07407407407407407,-35.836714531732994
62,0.08641975308641975,-15.816587705785508
62,0.09876543209876543,23.69831750097928
62,0.1111111111111111,-48.71159899640702
62,0.12345679012345678,-12.698915186338422
62,0.13580246913580246,27.559173715479456
62,0.14814814814814814,-25.14861243359561
62,0.16049382716049382,43.10790750626957
62,0.1728395061728395,-18.81944707711778
62,0.18518518518518517,-2.13069512449578
62,0.19753086419753085,14.768491305269949
62,0.20987654320987653,-7.0439809836975815
62,0.2222222222222222,-4.543794958946723
62,0.2345679012345679,21.323125872111504
62,0.24691358024691357,6.754181306085785
62,0.25925925925925924,-11.348995570398428
62,0.2716049382716049,-7.650696571875272
62,0.2839506172839506,29.751858293589837
62,0.2962962962962963,72.73930264184504
62,0.30864197530864196,-13.319219565666046
62,0.32098765432098764,-50.692574551460375
62,0.3333333333333333,22.20179999999999
62,0.345679012345679,-50.68182789555237
62,0.35802469135802467,-19.34497334698277
62,0.37037037037037035,-22.709109349919913
62,0.38271604938271603,-33.86669856456389
62,0.3950617283950617,31.762357099017656
62,0.4074074074074074,-20.939839180026155
62,0.41975308641975306,23.366231388135084
62,0.43209876543209874,-16.96738640937398
62,0.4444444444444444,14.473193955353725
62,0.4567901234567901,-13.820104162168795
62,0.4691358024691358,-35.86334910129459
62,0.48148148148148145,-26.218175433026275
62,0.49382716049382713,-13.064980655895184
63,0.0,697.4460999999999
63,0.011627906976744186,15.055666063472815
63,0.023255813953488372,26.885530745199702
63,0.03488372093023256,-19.17993433844388
63,0.046511627906976744,-46.885636795991914
63,0.05813953488372093,7.63835795027631
63,0.06976744186046512,-35.13110314992215
63,0.08139534883720931,-18.039767474626835
63,0.09302325581395349,15.07793390568429
63,0.10465116279069767,10.259563495214067
63,0.11627906976744186,-8.575098776983022
63,0.12790697674418605,9.306921232293062
63,0.13953488372093023,-44.49319872106129
63,0.1511627906976744,19.997887389027238
63,0.16279069767441862,-30.52235467447337
63,0.1744186046511628,4.6144056100508815
63,0.18604651162790697,-21.32837055496409
63,0.19767441860465115,-38.048036114279284
63,0.20930232558139533,13.580663364546574
63,0.22093023255813954,-11.5410084383125
63,0.23255813953488372,-22.631881069161224
63,0.2441860465116279,-24.890261474883914
63,0.2558139534883721,-54.61204632255394
63,0.26744186046511625,32.50314944663982
63,0.27906976744186046,18.18651780792855
63,0.29069767441860467,16.542756478169334
63,0.3023255813953488,-17.76585544085293
63,0.313953488372093,26.63664643037275
63,0.32558139534883723,10.397151698230168
63,0.3372093023255814,-38.04214515139419
63,0.3488372093023256,-67.44465124730682
63,0.36046511627906974,54.243399209294765
63,0.37209302325581395,-29.72936892357749
63,0.38372093023255816,-26.1414817481505
63,0.3953488372093023,39.246244667936395
63,0.4069767441860465,15.05889960682342
63,0.41860465116279066,0.6812443086284414
63,0.43023255813953487,-7.657443733751116
63,0.4418604651162791,9.159122213574326
63,0.45348837209302323,-3.2296390190369664
63,0.46511627906976744,68.96593528904762
63,0.47674418604651164,13.11781458124477
63,0.4883720930232558,-44.2802283239278
64,0.0,899.3317
64,0.01,-22.20190767448141
64,0.02,-29.14260110266116
64,0.03,-4.132838300562018
64,0.04,-5.640209438821451
64,0.05,8.341759152475294
64,0.06,0.1672821987511739
64,0.07,19.33376982155405
64,0.08,13.28144474164625
64,0.09,-9.14832831531114
64,0.1,6.9988295885924
64,0.11,-4.608488135364189
64,0.12,0.22533890654476352
64,0.13,-47.19627493691595
64,0.14,-2.886754543467423
64,0.15,-5.807689293988254
64,0.16,0.7512999116067824
64,0.17,-39.67596013392431
64,0.18,-19.465710520799647
64,0.19,6.136843667016529
64,0.2,47.0592150784858
64,0.21,-27.175831500176226
64,0.22,14.435104088569894
64,0.23,-44.44165617786611
64,0.24,-31.21951935545731
64,0.25,29.308699999999988
64,0.26,19.58511926382241
64,0.27,-59.18765982151395
64,0.28,55.181930641330716
64,0.29,-71.52781919131083
64,0.3,-24.56572958859241
64,0.31,21.767913941867644
64,0.32,-48.82237185943204
64,0.33,-16.689004492255798
64,0.34,-17.680273228631574
64,0.35000000000000003,-34.84942415511189
64,0.36,7.934065164767406
64,0.37,24.712070049752704
64,0.38,39.90339755043733
64,0.39,-9.262114870439671
64,0.4,60.79068492151424
64,0.41000000000000003,-15.513167664474977
64,0.42,10.94549839034309
64,0.43,-33.19940535403867
64,0.44,-35.24261516318598
64,0.45,-4.456845703375141
64,0.46,-39.476312096364076
64,0.47000000000000003,0.7229837550740514
64,0.48,30.68738645100087
64,0.49,3.790375333370255
65,0.0,411.43969999999996
65,0.02040816326530612,4.0466058519768655
65,0.04081632653061224,-24.96704053212617
65,0.061224489795918366,11.773838822064066
65,0.08163265306122448,29.37413284946182
65,0.1020408163265306,-27.942430844417814
65,0.12244897959183673,-10.01386852503943
65,0.14285714285714285,-2.1168287760481945
65,0.16326530612244897,8.28576708256079
65,0.18367346938775508,10.16611746057808
65,0.2040816326530612,-18.51736439592315
65,0.22448979591836732,-6.423081735912595
65,0.24489795918367346,-8.665687166462693
65,0.26530612244897955,6.638523704513867
65,0.2857142857142857,-38.66478558235265
65,0.3061224489795918,-15.89874982441214
65,0.32653061224489793,-33.90844756803797
65,0.3469387755102041,19.570515516826482
65,0.36734693877551017,-31.58717197091482
65,0.3877551020408163,-9.958519184265304
65,0.4081632653061224,33.30256356478603
65,0.42857142857142855,6.843164358400852
65,0.44897959183673464,-16.352964690882025
65,0.4693877551020408,6.533788638672705
65,0.4897959183673469,-5.529527053046603
66,0.0,933.4726
66,0.01020408163265306,10.775375582879914
66,0.02040816326530612,-18.466780472616087
66,0.030612244897959183,19.11209459590018
66,0.04081632653061224,3.0393145158531603
66,0.0510204081632653,-6.735303684867755
66,0.061224489795918366,11.31390705226128
66,0.07142857142857142,-22.693824788241365
66,0.08163265306122448,-38.9096421319232
66,0.09183673469387754,-26.70445079424004
66,0.1020408163265306,-21.97642965944221
66,0.11224489795918366,-23.13076846787043
66,0.12244897959183673,-0.928550597828238
66,0.13265306122448978,-15.826340282608722
66,0.14285714285714285,-49.698925942363225
66,0.1530612244897959,-32.57958693431125
66,0.16326530612244897,-7.547899599964719
66,0.17346938775510204,-24.616968828109442
66,0.18367346938775508,17.350423394258442
66,0.19387755102040816,37.25578185482917
66,0.2040816326530612,-20.59170964215376
66,0.21428571428571427,-35.1579994349029
66,0.22448979591836732,22.326364164100113
66,0.2346938775510204,13.136120251165734
66,0.24489795918367346,-26.198908240632115
66,0.25510204081632654,0.7265493991550578
66,0.26530612244897955,-15.549378234170637
66,0.2755102040816326,36.31363070846066
66,0.2857142857142857,-23.02959979030676
66,0.29591836734693877,-30.26384964672409
66,0.3061224489795918,14.784666911633153
66,0.31632653061224486,-17.955907462345593
66,0.32653061224489793,9.113577958758354
66,0.336734693877551,61.996213229648006
66,0.3469387755102041,6.041289296316288
66,0.3571428571428571,-18.206625776855695
66,0.36734693877551017,-43.68354195500811
66,0.37755102040816324,-41.0301755214349
66,0.3877551020408163,-9.534209091092944
66,0.39795918367346933,35.56280917725058
66,0.4081632653061224,-27.646458979843707
66,0.4183673469387755,41.96142309281796
66,0.42857142857142855,1.1264757326700945
66,0.4387755102040816,-10.962858913649333
66,0.44897959183673464,-34.10628074405771
66,0.4591836734693877,2.6868456452425704
66,0.4693877551020408,44.22733400334548
66,0.47959183673469385,10.076466998811764
66,0.4897959183673469,-54.4223879477928
67,0.0,616.3692000000001
67,0.014705882352941176,27.33321982075649
67,0.029411764705882353,-4.3972212431179365
67,0.044117647058823525,4.939772330707179
67,0.058823529411764705,-11.03209367106334
67,0.07352941176470588,5.367086539183433
67,0.08823529411764705,0.5261758605462532
67,0.10294117647058823,5.750143299221932
67,0.11764705882352941,-22.32346571579275
67,0.1323529411764706,-15.733080678286342
67,0.14705882352941177,-47.716813340106356
67,0.16176470588235295,-36.466885431654255
67,0.1764705882352941,-1.0911997566144045
67,0.19117647058823528,-1.354235288490397
67,0.20588235294117646,16.275306480409675
67,0.22058823529411764,-39.73411211115209
67,0.23529411764705882,-33.6674748601893
67,0.25,-0.039199999999993906
67,0.2647058823529412,-18.659031435254676
67,0.27941176470588236,14.644106983284892
67,0.29411764705882354,-21.95780397841815
67,0.3088235294117647,42.71913164274619
67,0.3235294117647059,19.172127503072527
67,0.3382352941176471,-11.832527793582722
67,0.3529411764705882,-13.576538449572741
67,0.3676470588235294,11.0863049037807
67,0.38235294117647056,-17.96339400170953
67,0.39705882352941174,-10.615301675610546
67,0.4117647058823529,16.331550310764474
67,0.4264705882352941,-13.156347373502214
67,0.4411764705882353,-37.897399823839976
67,0.45588235294117646,50.24011054903415
67,0.47058823529411764,23.95197612088621
67,0.4852941176470588,-16.57488571643642
68,0.0,390.9046000000001
68,0.018867924528301886,-0.47005671503847424
68,0.03773584905660377,-12.412166709671943
68,0.05660377358490566,17.952107266840386
68,0.07547169811320754,-23.270414927793393
68,0.09433962264150943,-8.796565552140883
68,0.11320754716981132,12.65961084989421
68,0.1320754716981132,-14.456826652505818
68,0.1509433962264151,-8.50138372436151
68,0.16981132075471697,-21.521989462902024
68,0.18867924528301885,37.64427777606342
68,0.20754716981132074,8.453763327391357
68,0.22641509433962265,12.071533496299391
68,0.24528301886792453,-22.88115190837549
68,0.2641509433962264,8.673079156958865
68,0.2830188679245283,-11.422533012113178
68,0.3018867924528302,3.7219380845425256
68,0.32075471698113206,-18.241295729625026
68,0.33962264150943394,-29.62738969613665
68,0.3584905660377358,-18.20787066789216
68,0.3773584905660377,13.403028339336096
68,0.3962264150943396,-21.60107407887027
68,0.4150943396226415,15.330040209104002
68,0.43396226415094336,-9.419126402732715
68,0.4528301886792453,-16.73993750233407
68,0.4716981132075472,17.221220142160565
68,0.49056603773584906,-5.8183159060971725
69,0.0,550.1326
69,0.015873015873015872,11.847037929083587
69,0.031746031746031744,-24.8742195036251
69,0.047619047619047616,-4.695629493889529
69,0.06349206349206349,-10.515281178367443
69,0.07936507936507936,4.27982981591639
69,0.09523809523809523,-17.624671501720137
69,0.1111111111111111,1.4063037790063984
69,0.12698412698412698,0.1002125743342801
69,0.14285714285714285,-24.968096842920033
69,0.15873015873015872,1.9903915642984682
69,0.1746031746031746,-2.35016622819502
69,0.19047619047619047,-8.30386669733054
69,0.20634920634920634,-8.741360206069219
69,0.2222222222222222,-1.161554089146584
69,0.23809523809523808,-9.131998345337735
69,0.25396825396825395,-2.6311299266993586
69,0.2698412698412698,-10.365692440877122
69,0.2857142857142857,-15.74469816032239
69,0.30158730158730157,-5.158761776191707
69,0.31746031746031744,-26.594314638574286
69,0.3333333333333333,-21.20675
69,0.3492063492063492,25.441551871284428
69,0.36507936507936506,-5.520295216869691
69,0.38095238095238093,-18.896057979092905
69,0.3968253968253968,-16.39543242712597
69,0.4126984126984127,30.3813360494634
69,0.42857142857142855,5.6103450032424265
69,0.4444444444444444,-24.27669968985981
69,0.4603174603174603,17.347960728599077
69,0.47619047619047616,29.551374017370854
69,0.49206349206349204,-25.95516699038467
70,0.0,752.2189
70,0.011111111111111112,7.0013531552982435
70,0.022222222222222223,-15.046892617073537
70,0.03333333333333333,-26.88553916128628
70,0.044444444444444446,28.099716212053146
70,0.05555555555555556,24.42425475302283
70,0.06666666666666667,-1.6524154803396351
70,0.07777777777777778,-29.188252508522154
70,0.08888888888888889,19.17250485002738
70,0.1,-30.05366219351692
70,0.11111111111111112,24.895429787115177
70,0.12222222222222223,-13.682709096209987
70,0.13333333333333333,-38.898268489041236
70,0.14444444444444446,11.086616515533224
70,0.15555555555555556,-6.494992787569917
70,0.16666666666666669,-19.058799999999987
70,0.17777777777777778,10.793876742181576
70,0.18888888888888888,-9.013164529914954
70,0.2,-18.51080176614054
70,0.2111111111111111,-16.763775335301986
70,0.22222222222222224,-8.708662607556102
70,0.23333333333333334,-1.2429231248059622
70,0.24444444444444446,26.427414124308005
70,0.2555555555555556,-20.269529067707094
70,0.26666666666666666,-25.935024633667744
70,0.2777777777777778,-24.719894073983788
70,0.2888888888888889,-5.696905811343137
70,0.3,-4.3176378064830825
70,0.3111111111111111,29.60731761127434
70,0.32222222222222224,-28.651028117070226
70,0.33333333333333337,44.25550000000001
70,0.34444444444444444,-26.293784840586273
70,0.35555555555555557,11.504329829061144
70,0.3666666666666667,-31.261553940172345
70,0.37777777777777777,23.52118401895658
70,0.3888888888888889,-3.7441606790390676
70,0.4,-16.74989823385946
70,0.41111111111111115,-41.3649587020149
70,0.4222222222222222,36.82252539094486
70,0.43333333333333335,-5.536433773735403
70,0.4444444444444445,19.554332820440898
70,0.45555555555555555,12.863592996715845
70,0.4666666666666667,-24.924541396951362
70,0.4777777777777778,-26.47781047021971
70,0.48888888888888893,-5.648427562820451
71,0.0,805.7822
71,0.013157894736842105,-66.6218385409029
71,0.02631578947368421,21.292994019258693
71,0.039473684210526314,15.721530595394306
71,0.05263157894736842,-1.759118027066032
71,0.06578947368421052,-2.8636884214540386
71,0.07894736842105263,-21.442515772952166
71,0.09210526315789473,3.9257631143348775
71,0.10526315789473684,10.35441002148566
71,0.11842105263157894,-22.294914377853257
71,0.13157894736842105,42.105092173656196
71,0.14473684210526316,-30.160628780361673
71,0.15789473684210525,-26.81738378529145
71,0.17105263157894735,-78.51948963846351
71,0.18421052631578946,1.301806858314026
71,0.19736842105263158,-14.672416279168605
71,0.21052631578947367,4.513335196554187
71,0.22368421052631576,-66.97420528087491
71,0.23684210526315788,10.683357445318231
71,0.25,-6.340599999999995
71,0.2631578947368421,-10.227730420542931
71,0.2763157894736842,20.855358825787878
71,0.2894736842105263,-11.073968063736253
71,0.3026315789473684,-29.379313796434342
71,0.3157894736842105,-7.658540442540823
71,0.3289473684210526,26.05563333936297
71,0.3421052631578947,-28.979788370177996
71,0.35526315789473684,-31.362644304146993
71,0.3684210526315789,14.46998558482336
71,0.381578947368421,-49.690870234351706
71,0.39473684210526316,-0.2971160678136222
71,0.40789473684210525,40.471981062357884
71,0.42105263157894735,-4.703277796691765
71,0.43421052631578944,5.049763466488661
71,0.4473684210526315,25.580887778132926
71,0.4605263157894737,4.091381041500796
71,0.47368421052631576,-5.633230330730157
71,0.48684210526315785,12.536798208784568
72,0.0,585.3165
72,0.015384615384615385,-18.998147072911937
72,0.03076923076923077,-53.432304829786126
72,0.046153846153846156,-18.184829797591064
72,0.06153846153846154,-2.110875518680487
72,0.07692307692307693,0.6972258382859176
72,0.09230769230769231,16.080165039175654
72,0.1076923076923077,-14.439309448542467
72,0.12307692307692308,5.075112309636834
72,0.13846153846153847,-36.73472819539232
72,0.15384615384615385,-11.261209707480813
72,0.16923076923076924,-7.4323655867397065
72,0.18461538461538463,31.66071863074086
72,0.2,25.858975047410127
72,0.2153846153846154,21.042203805724398
72,0.23076923076923078,-59.77837183787048
72,0.24615384615384617,-7.216246208676949
72,0.26153846153846155,0.9418395892313995
72,0.27692307692307694,-6.0128758680508305
72,0.2923076923076923,4.612530255811851
72,0.3076923076923077,16.98064389561398
72,0.3230769230769231,-55.79991096345316
72,0.3384615384615385,2.4621978459294738
72,0.35384615384615387,26.137066203924732
72,0.36923076923076925,-22.506565376601813
72,0.38461538461538464,25.63529348812042
72,0.4,13.875774952589865
72,0.4153846153846154,29.659490195366825
72,0.4307692307692308,-17.56964091490009
72,0.4461538461538462,-22.848742562921487
72,0.46153846153846156,-16.26133167666901
72,0.47692307692307695,-7.636682687111833
72,0.49230769230769234,-9.508348844181679
73,0.0,780.4536
73,0.01282051282051282,33.09107262077901
73,0.02564102564102564,-23.39682015777995
73,0.038461538461538464,-31.681885289575813
73,0.05128205128205128,-27.909001181616027
73,0.0641025641025641,54.67473306369514
73,0.07692307692307693,12.733831960734909
73,0.08974358974358974,-9.444572172534585
73,0.10256410256410256,-2.5647310392705336
73,0.11538461538461538,6.534033559128357
73,0.1282051282051282,-45.6303429659218
73,0.14102564102564102,-43.01609744057213
73,0.15384615384615385,-6.327879339799434
73,0.16666666666666666,-44.741450000000015
73,0.1794871794871795,-35.92748370538314
73,0.1923076923076923,-19.538833808830063
73,0.20512820512820512,-32.42969891300899
73,0.21794871794871795,4.421184579832635
73,0.23076923076923075,-0.28643617405114874
73,0.24358974358974358,-17.016277864590073
73,0.2564102564102564,-35.73563140456168
73,0.2692307692307692,-3.854467887304308
73,0.28205128205128205,-1.2905801846030736
73,0.2948717948717949,-3.1616791750333437
73,0.3076923076923077,6.723815428516082
73,0.3205128205128205,-13.238882926767289
73,0.3333333333333333,0.675450000000037
73,0.34615384615384615,15.174980314262182
73,0.358974358974359,54.965498930656786
73,0.3717948717948718,-25.16826154185377
73,0.3846153846153846,-14.952395958404662
73,0.3974358974358974,44.816566478812426
73,0.41025641025641024,-1.0477422910943632
73,0.4230769230769231,-17.279576887680328
73,0.4358974358974359,-53.81475349377598
73,0.4487179487179487,-0.5946077817976683
73,0.4615384615384615,-28.87118591699573
73,0.47435897435897434,65.85652216002967
73,0.48717948717948717,-29.342313593641187
74,0.0,706.2923000000001
74,0.013333333333333334,-28.359421347387304
74,0.02666666666666667,-30.442390616404367
74,0.04,18.841332004231205
74,0.05333333333333334,8.764675623667316
74,0.06666666666666667,-20.02414719930117
74,0.08,21.667661029672956
74,0.09333333333333334,-16.9036830570801
74,0.10666666666666667,-38.43012578842605
74,0.12000000000000001,-48.21354011539405
74,0.13333333333333333,8.33696440666197
74,0.14666666666666667,-3.8491635377864855
74,0.16,9.478244848658832
74,0.17333333333333334,24.77155266357124
74,0.18666666666666668,2.4671642399991116
74,0.2,-21.834100284899513
74,0.21333333333333335,-15.59574453583757
74,0.22666666666666668,-34.474892310017424
74,0.24000000000000002,5.734412397797547
74,0.25333333333333335,35.40500959845349
74,0.26666666666666666,-8.356619564252057
74,0.28,-20.084480579315198
74,0.29333333333333333,-12.29398384073042
74,0.3066666666666667,-6.816691287737533
74,0.32,30.40288722751396
74,0.33333333333333337,-2.8385500000000263
74,0.3466666666666667,-51.77359555992703
74,0.36000000000000004,7.61019965997303
74,0.37333333333333335,11.16031032540127
74,0.3866666666666667,23.587469884149236
74,0.4,-12.611549715100494
74,0.4133333333333334,-42.847161492574
74,0.4266666666666667,31.530792783339827
74,0.44,-17.796415793992015
74,0.45333333333333337,-7.239898837731994
74,0.4666666666666667,-23.371647643108794
74,0.48000000000000004,10.811699320853737
74,0.49333333333333335,0.8112770930587914
75,0.0,676.2533000000001
75,0.012987012987012988,-27.579638796408744
75,0.025974025974025976,-11.414451476153538
75,0.03896103896103896,-31.098285329170288
75,0.05194805194805195,30.277734260005026
75,0.06493506493506494,-19.58292578869775
75,0.07792207792207792,6.45231922668745
75,0.09090909090909091,5.770011859321396
75,0.1038961038961039,15.650504213715843
75,0.1168831168831169,-17.094719291238516
75,0.12987012987012989,23.965466329881
75,0.14285714285714288,5.925291201972556
75,0.15584415584415584,30.490364834590228
75,0.16883116883116883,-12.540735150440103
75,0.18181818181818182,-18.44012089143155
75,0.19480519480519481,-6.352071807438656
75,0.2077922077922078,-59.647882319771384
75,0.2207792207792208,21.21207604125934
75,0.2337662337662338,4.823436337091955
75,0.24675324675324678,26.718524055000348
75,0.25974025974025977,-40.762781745913294
75,0.27272727272727276,-51.066428535280586
75,0.28571428571428575,5.0353917027384085
75,0.29870129870129875,-29.05197743934263
75,0.3116883116883117,-28.24511025719962
75,0.3246753246753247,23.992145535459567
75,0.33766233766233766,0.1867347734367204
75,0.35064935064935066,-41.11751983004298
75,0.36363636363636365,-5.864403952260837
75,0.37662337662337664,-6.670835840992565
75,0.38961038961038963,2.9400563593642524
75,0.4025974025974026,-16.687514484026607
75,0.4155844155844156,37.85369022506301
75,0.4285714285714286,23.128217095289045
75,0.4415584415584416,-8.260334368994236
75,0.4545454545454546,-11.1697084803484
75,0.4675324675324676,-44.37162105962503
75,0.48051948051948057,28.290711342607878
75,0.49350649350649356,0.2929414512934869
76,0.0,817.2167
76,0.010638297872340425,-39.57681607708529
76,0.02127659574468085,12.824675695353392
76,0.031914893617021274,-92.81334907488211
76,0.0425531914893617,18.817544717864244
76,0.05319148936170213,-37.488841257314
76,0.06382978723404255,25.89558149762717
76,0.07446808510638298,-43.97802814089981
76,0.0851063829787234,22.563539232316703
76,0.09574468085106383,1.1696526070429805
76,0.10638297872340426,1.6178584065637551
76,0.11702127659574468,-45.78356540068225
76,0.1276595744680851,29.537851994939885
76,0.13829787234042554,-24.315438869453928
76,0.14893617021276595,28.120123135077396
76,0.1595744680851064,-15.998592031910007
76,0.1702127659574468,-51.21446149703391
76,0.18085106382978722,-1.662247352164174
76,0.19148936170212766,1.6709817638156803
76,0.20212765957446807,45.45771877219759
76,0.2127659574468085,-0.2748372646952557
76,0.22340425531914893,45.45769727262892
76,0.23404255319148937,11.639552406664702
76,0.24468085106382978,-30.548624669496824
76,0.2553191489361702,-42.52885011688927
76,0.26595744680851063,-26.65466684425174
76,0.2765957446808511,-23.408501190933965
76,0.28723404255319146,20.35281992434563
76,0.2978723404255319,-1.3775400414085297
76,0.30851063829787234,15.22307990439507
76,0.3191489361702128,-27.865823987174018
76,0.32978723404255317,61.576802726046424
76,0.3404255319148936,-39.237069730068114
76,0.35106382978723405,53.152839786861364
76,0.36170212765957444,26.453463084613517
76,0.3723404255319149,-17.52800563643183
76,0.3829787234042553,-6.6640096892434
76,0.39361702127659576,-35.81746387549583
76,0.40425531914893614,-18.040983637336733
76,0.4148936170212766,-1.9480682689116868
76,0.425531914893617,22.047048309822117
76,0.4361702127659574,9.863786029881858
76,0.44680851063829785,-17.72892150502986
76,0.4574468085106383,-49.038892096039
76,0.46808510638297873,13.677321200801373
76,0.4787234042553191,68.16605257161862
76,0.48936170212765956,-34.41729278564696
77,0.0,528.523
77,0.016666666666666666,-30.573557035946266
77,0.03333333333333333,45.94666795165047
77,0.05,8.14031903319864
77,0.06666666666666667,-21.703543629836638
77,0.08333333333333333,-7.877033511263887
77,0.1,-5.275544559816806
77,0.11666666666666667,-16.562485936374525
77,0.13333333333333333,-17.171539818399673
77,0.15,-5.569534473101447
77,0.16666666666666666,-3.2222500000000114
77,0.18333333333333332,-25.30380670245421
77,0.2,-23.629595493659473
77,0.21666666666666667,-31.03963562295157
77,0.23333333333333334,24.821997017335143
77,0.25,-5.627799999999979
77,0.26666666666666666,28.61396345184084
77,0.2833333333333333,-49.65123107998226
77,0.3,-5.17950544018319
77,0.31666666666666665,18.631670795579403
77,0.3333333333333333,0.8897500000000038
77,0.35,-2.7035164266093967
77,0.36666666666666664,-19.2783679978115
77,0.3833333333333333,-17.28831345714401
77,0.4,-0.44615450634053744
77,0.4166666666666667,9.543933511263882
77,0.43333333333333335,-30.702796971174116
77,0.45,2.645531866512213
77,0.4666666666666667,25.633119996395465
77,0.48333333333333334,-44.90854096072657
78,0.0,667.5773999999999
78,0.014285714285714285,-25.858223955157747
78,0.02857142857142857,-47.7194648814722
78,0.04285714285714286,-57.51131970457439
78,0.05714285714285714,-32.97867320125693
78,0.07142857142857142,12.884140457092586
78,0.08571428571428572,20.371403563320083
78,0.09999999999999999,-9.579298103390254
78,0.11428571428571428,92.75287819112906
78,0.12857142857142856,-4.860952888548649
78,0.14285714285714285,-21.395040912564824
78,0.15714285714285714,-27.09482368647956
78,0.17142857142857143,-48.62298430598337
78,0.18571428571428572,27.28938670093277
78,0.19999999999999998,4.536407916025693
78,0.21428571428571427,16.061194209106723
78,0.22857142857142856,53.74021521099724
78,0.24285714285714285,-7.059025396261252
78,0.2571428571428571,-11.753354340506224
78,0.2714285714285714,-51.461888379982575
78,0.2857142857142857,-13.736765452809763
78,0.3,11.749548103390298
78,0.3142857142857143,24.260243597364795
78,0.32857142857142857,-7.072294913340073
78,0.34285714285714286,5.23195935868706
78,0.35714285714285715,-36.66028466619929
78,0.37142857142857144,52.85302653145219
78,0.3857142857142857,-27.373312920201144
78,0.39999999999999997,4.601142083974293
78,0.41428571428571426,-42.124296117449916
78,0.42857142857142855,-22.818043634625425
78,0.44285714285714284,-33.10015802864364
78,0.45714285714285713,57.10921070087828
78,0.4714285714285714,-39.22514071029378
78,0.4857142857142857,-25.616610424609924
79,0.0,624.6971000000001
79,0.013333333333333334,-17.445411999888595
79,0.02666666666666667,12.02593285848414
79,0.04,6.8936273869221205
79,0.05333333333333334,4.502153629636491
79,0.06666666666666667,-1.8706492301319475
79,0.08,-29.237439817761228
79,0.09333333333333334,-2.515851126826327
79,0.10666666666666667,-34.35583824280411
79,0.12000000000000001,4.185568378047621
79,0.13333333333333333,-22.59217246882085
79,0.14666666666666667,9.67843761468545
79,0.16,-42.00041512512785
79,0.17333333333333334,-6.242290625470769
79,0.18666666666666668,-43.252360625620256
79,0.2,10.926987626731755
79,0.21333333333333335,-58.25936713402827
79,0.22666666666666668,28.427162396984244
79,0.24000000000000002,8.947845716533097
79,0.25333333333333335,20.781315184843077
79,0.26666666666666666,10.110539798592704
79,0.28,10.355628454667457
79,0.29333333333333333,8.823748706997481
79,0.3066666666666667,-12.352408513965978
79,0.32,20.0086750217794
79,0.33333333333333337,-8.872449999999986
79,0.3466666666666667,-44.92406145442057
79,0.36000000000000004,12.720506668878715
79,0.37333333333333335,-10.04229516577891
79,0.3866666666666667,-1.9043656749866376
79,0.4,-6.160037626731742
79,0.4133333333333334,-21.744285974419984
79,0.4266666666666667,28.841430124519647
79,0.44,-23.050438967834886
79,0.45333333333333337,30.293822623488165
79,0.4666666666666667,-43.73051809963994
79,0.48000000000000004,16.409692283895563
79,0.49333333333333335,14.641033398571679
80,0.0,532.6586
80,0.014705882352941176,33.94093103981554
80,0.029411764705882353,-9.638387543226743
80,0.044117647058823525,-4.391174476531642
80,0.058823529411764705,-2.1043031195251416
80,0.07352941176470588,-31.89374741575197
80,0.08823529411764705,6.472023480804036
80,0.10294117647058823,1.6911161675162063
80,0.11764705882352941,4.934262166112742
80,0.1323529411764706,-9.603326367433318
80,0.14705882352941177,-5.981201364780507
80,0.16176470588235295,38.53081340294195
80,0.1764705882352941,31.11514189928642
80,0.19117647058823528,-3.138281013355903
80,0.20588235294117646,-8.168461314719622
80,0.22058823529411764,-37.35459751535616
80,0.23529411764705882,26.098185711178107
80,0.25,-24.007199999999997
80,0.2647058823529412,-9.260205604558127
80,0.27941176470588236,-19.658988414699493
80,0.29411764705882354,-3.689520409053979
80,0.3088235294117647,5.846969160909295
80,0.3235294117647059,13.819478136952421
80,0.3382352941176471,-28.511405873339562
80,0.3529411764705882,7.338904712268519
80,0.3676470588235294,-9.865468739136702
80,0.38235294117647056,-25.485946761561582
80,0.39705882352941174,-44.15394513305193
80,0.4117647058823529,9.048432492362124
80,0.4264705882352941,-8.903993499799771
80,0.4411764705882353,12.267050971090104
80,0.45588235294117646,-54.41783035661213
80,0.47058823529411764,24.431246547371224
80,0.4852941176470588,-3.300570966114435
81,0.0,436.1386
81,0.022727272727272728,-17.758883889869583
81,0.045454545454545456,-4.486193810412811
81,0.06818181818181818,-1.5017200894680602
81,0.09090909090909091,-33.18819629151143
81,0.11363636363636365,-3.9272841470211564
81,0.13636363636363635,-14.966219922260647
81,0.1590909090909091,-0.156304259537972
81,0.18181818181818182,-10.54755247494017
81,0.20454545454545456,-4.721679382494406
81,0.2272727272727273,-22.903291021530897
81,0.25,-9.4696
81,0.2727272727272727,-2.3206471752529723
81,0.29545454545454547,5.942270725703672
81,0.3181818181818182,30.99172116720792
81,0.34090909090909094,-20.054499792990324
81,0.36363636363636365,-8.296452905639784
81,0.38636363636363635,7.39126747492921
81,0.4090909090909091,0.816233586996443
81,0.4318181818181818,-23.04163659917137
81,0.4545454545454546,6.049298847344355
81,0.4772727272727273,-21.310230040080032
82,0.0,749.1646
82,0.012048192771084338,-12.525069777032769
82,0.024096385542168676,10.11771377877336
82,0.03614457831325302,-20.49237708979726
82,0.04819277108433735,12.12850898321218
82,0.060240963855421686,1.3922304529106597
82,0.07228915662650603,-28.41182635367957
82,0.08433734939759037,-12.859997172310916
82,0.0963855421686747,-27.350366020662157
82,0.10843373493975904,-7.870850772267367
82,0.12048192771084337,-23.187750303010993
82,0.13253012048192772,-6.786639558908365
82,0.14457831325301207,-33.51270988215177
82,0.1566265060240964,28.346774910411156
82,0.16867469879518074,-29.396438845844393
82,0.18072289156626506,43.86748114153221
82,0.1927710843373494,4.645302561409887
82,0.20481927710843376,4.078941186766601
82,0.21686746987951808,15.786647032705346
82,0.22891566265060243,-10.068717290300121
82,0.24096385542168675,-18.332382944508197
82,0.2530120481927711,-23.072940570636966
82,0.26506024096385544,3.5399337496707464
82,0.27710843373493976,13.258981691240269
82,0.28915662650602414,-5.563586937015291
82,0.30120481927710846,-4.475352464811085
82,0.3132530120481928,-13.614298392703963
82,0.3253012048192771,-14.339309578073255
82,0.3373493975903615,-35.42291641600599
82,0.3493975903614458,-16.835350132830285
82,0.3614457831325301,-24.29867686860097
82,0.3734939759036145,-3.954047817206657
82,0.3855421686746988,46.92000351706203
82,0.39759036144578314,-24.415592306030646
82,0.4096385542168675,12.310971249486169
82,0.42168674698795183,8.85792079709944
82,0.43373493975903615,5.068217632431193
82,0.44578313253012053,31.391272711348865
82,0.45783132530120485,7.339372434778383
82,0.46987951807228917,-37.0370797894259
82,0.4819277108433735,-56.34998857778373
82,0.49397590361445787,21.884492030760686
83,0.0,478.702
83,0.0196078431372549,-13.942230183798923
83,0.0392156862745098,-26.717192374439797
83,0.058823529411764705,4.0544127669149805
83,0.0784313725490196,-5.887247731234343
83,0.09803921568627451,12.532100426728832
83,0.11764705882352941,0.7066078147260288
83,0.13725490196078433,-41.46049933393962
83,0.1568627450980392,-18.124165520335147
83,0.1764705882352941,-18.764663809864224
83,0.19607843137254902,-2.5247074775182936
83,0.21568627450980393,2.7659055231269063
83,0.23529411764705882,-8.79817214648919
83,0.2549019607843137,-6.9790930343133155
83,0.27450980392156865,-3.2240289563327256
83,0.29411764705882354,-45.07983391938556
83,0.3137254901960784,-10.43747062361981
83,0.3333333333333333,30.824650000000048
83,0.3529411764705882,0.4608139637657045
83,0.37254901960784315,-34.21894443865849
83,0.39215686274509803,12.23463783732046
83,0.4117647058823529,60.24000838236808
83,0.43137254901960786,-3.964043619292873
83,0.45098039215686275,-15.02636460863729
83,0.47058823529411764,6.197026947964125
83,0.49019607843137253,-18.766905885055692
84,0.0,652.9447
84,0.014285714285714285,-22.445209201301807
84,0.02857142857142857,-25.767044623517304
84,0.04285714285714286,-10.099423083071907
84,0.05714285714285714,10.904118921414916
84,0.07142857142857142,43.39619610717823
84,0.08571428571428572,-17.233284059331258
84,0.09999999999999999,-16.541798655242758
84,0.11428571428571428,-40.511758473290264
84,0.12857142857142856,-22.815763162751544
84,0.14285714285714285,4.836147882242061
84,0.15714285714285714,-18.624149420003377
84,0.17142857142857143,4.098733201690592
84,0.18571428571428572,-10.460251055251266
84,0.19999999999999998,35.02428584369607
84,0.21428571428571427,-12.077978904431404
84,0.22857142857142856,49.640759468777084
84,0.24285714285714285,51.5589722700599
84,0.2571428571428571,-0.7351984670561649
84,0.2714285714285714,-33.59463968321797
84,0.2857142857142857,21.0292694913673
84,0.3,-50.45870134475728
84,0.3142857142857143,-51.35537867671985
84,0.32857142857142857,63.660247144658896
84,0.34285714285714286,-1.355518816406514
84,0.35714285714285715,7.458932797253182
84,0.37142857142857144,-46.418008701424505
84,0.3857142857142857,-3.6449965312081716
84,0.39999999999999997,-11.227885843696072
84,0.41428571428571426,1.944172187041552
84,0.42857142857142855,9.822632626390654
84,0.44285714285714284,-61.21383848627208
84,0.45714285714285713,-5.665510113255705
84,0.4714285714285714,-10.664520978682209
84,0.4857142857142857,-6.702709660880983
85,0.0,751.0120999999999
85,0.013513513513513514,-19.60552886022866
85,0.02702702702702703,-35.75348733766798
85,0.04054054054054054,-14.392458215615761
85,0.05405405405405406,2.1480592843322235
85,0.06756756756756757,-5.06561674500682
85,0.08108108108108109,20.825489284459117
85,0.0945945945945946,1.9594726252832686
85,0.10810810810810811,-8.90167733068318
85,0.12162162162162163,-14.38447008517403
85,0.13513513513513514,-41.478671518922624
85,0.14864864864864866,30.26210936068628
85,0.16216216216216217,-2.1871973953135484
85,0.17567567567567569,11.726106579287602
85,0.1891891891891892,-25.629392362856215
85,0.20270270270270271,-4.298434615667295
85,0.21621621621621623,8.783165598768926
85,0.22972972972972974,-50.00710649473511
85,0.24324324324324326,-37.07883856112187
85,0.2567567567567568,-4.17064645300367
85,0.2702702702702703,-33.53138858596725
85,0.28378378378378377,-31.861854798637076
85,0.2972972972972973,1.0437336877930274
85,0.31081081081081086,-3.0125995199489974
85,0.32432432432432434,32.014829733304296
85,0.33783783783783783,-26.229418206678723
85,0.35135135135135137,22.637149787319686
85,0.3648648648648649,-10.15946875820917
85,0.3783783783783784,2.8628405469995286
85,0.3918918918918919,0.10743859051132354
85,0.40540540540540543,28.48145464664309
85,0.41891891891891897,-42.26817146409689
85,0.43243243243243246,-9.66968188941415
85,0.44594594594594594,18.455121153620905
85,0.4594594594594595,-62.67671995371768
85,0.472972972972973,20.599075907612857
85,0.4864864864864865,65.19398236604464
86,0.0,556.3318
86,0.015873015873015872,-12.461314217542972
86,0.031746031746031744,-10.467431991252992
86,0.047619047619047616,-0.733750585718747
86,0.06349206349206349,-22.553906852616784
86,0.07936507936507936,-40.77903247708182
86,0.09523809523809523,25.94455868181757
86,0.1111111111111111,6.823613805634277
86,0.12698412698412698,26.071835638387725
86,0.14285714285714285,11.900278289401164
86,0.15873015873015872,7.437692719129233
86,0.1746031746031746,-40.73807772378268
86,0.19047619047619047,-8.280112810340206
86,0.20634920634920634,-20.889317154528605
86,0.2222222222222222,9.118315214336402
86,0.23809523809523808,-26.35218693018609
86,0.25396825396825395,7.571535372062028
86,0.2698412698412698,4.209581972114063
86,0.2857142857142857,-12.428139546990554
86,0.30158730158730157,-26.689578057123246
86,0.31746031746031744,-14.396647036243472
86,0.3333333333333333,-36.34205
86,0.3492063492063492,1.9003722421076716
86,0.36507936507936506,-4.669700130935379
86,0.38095238095238093,30.682619901634336
86,0.3968253968253968,3.220428335081461
86,0.4126984126984127,2.277210716601991
86,0.42857142857142855,-11.943588742410586
86,0.4444444444444444,-3.4730290199706753
86,0.4603174603174603,-10.83181227294578
86,0.47619047619047616,7.173021742793149
86,0.49206349206349204,-0.5564890814303922
87,0.0,1020.8854999999999
87,0.009433962264150943,-15.124767239070792
87,0.018867924528301886,11.782071967296924
87,0.02830188679245283,-31.130380278205564
87,0.03773584905660377,-41.55138124928727
87,0.04716981132075471,-60.91524295405373
87,0.05660377358490566,-15.778334955449544
87,0.0660377358490566,-27.82624473607401
87,0.07547169811320754,-27.172569746523905
87,0.08490566037735849,-48.27928173419755
87,0.09433962264150943,-9.652437038035536
87,0.10377358490566037,47.6665843141035
87,0.11320754716981132,48.10510612229322
87,0.12264150943396226,32.93121025835102
87,0.1320754716981132,23.796626642992237
87,0.14150943396226415,-10.216690496996236
87,0.1509433962264151,-13.40674542349827
87,0.16037735849056603,-22.565471027145108
87,0.16981132075471697,9.129307383290676
87,0.1792452830188679,-39.171225779518856
87,0.18867924528301885,-20.37698000733465
87,0.1981132075471698,11.523824450689808
87,0.20754716981132074,-80.45671150495062
87,0.21698113207547168,0.19846725534663512
87,0.22641509433962265,-42.914165221980035
87,0.2358490566037736,105.58355159552747
87,0.24528301886792453,-17.745659028462
87,0.25471698113207547,20.933334261638763
87,0.2641509433962264,-14.770266142906308
87,0.27358490566037735,23.296020687312115
87,0.2830188679245283,-2.4535364354492657
87,0.29245283018867924,11.480928102586866
87,0.3018867924528302,-48.76783504943176
87,0.3113207547169811,-50.273819861271846
87,0.32075471698113206,8.044291529394577
87,0.330188679245283,-7.152899039107627
87,0.33962264150943394,19.359267066802005
87,0.3490566037735849,10.760415244051687
87,0.3584905660377358,-7.826057389996386
87,0.36792452830188677,-67.67394876239148
87,0.3773584905660377,-27.689407851554
87,0.38679245283018865,62.85297011382062
87,0.3962264150943396,-65.45476560299552
87,0.40566037735849053,-17.147606278254543
87,0.4150943396226415,-0.07202730353709086
87,0.4245283018867924,38.79096399601262
87,0.43396226415094336,-6.32837361493811
87,0.4433962264150943,78.77556300817412
87,0.4528301886792453,-48.93127799413633
87,0.46226415094339623,-7.743693348945662
87,0.4716981132075472,23.431750140244162
87,0.4811320754716981,12.17828824761799
87,0.49056603773584906,7.874960708153026
88,0.0,393.9769
88,0.018518518518518517,3.483984071281066
88,0.037037037037037035,-32.12159413280973
88,0.05555555555555555,28.137361191622716
88,0.07407407407407407,39.44884490846657
88,0.09259259259259259,-26.35525466623087
88,0.1111111111111111,16.015545762181326
88,0.12962962962962962,-3.6959415489266365
88,0.14814814814814814,3.7887862146973212
88,0.16666666666666666,5.698249999999991
88,0.18518518518518517,-35.37926190307979
88,0.2037037037037037,-1.9953703527683917
88,0.2222222222222222,0.36189915465427536
88,0.24074074074074073,-22.708008917510856
88,0.25925925925925924,-25.951735759282965
88,0.2777777777777778,-9.366973561414873
88,0.2962962962962963,-19.01762375148094
88,0.31481481481481477,-20.694009692313294
88,0.3333333333333333,11.551450000000013
88,0.35185185185185186,29.850155981271374
88,0.37037037037037035,-4.252228134553949
88,0.38888888888888884,-30.333287630207828
88,0.4074074074074074,-2.3895917506674866
88,0.42592592592592593,2.797434278643248
88,0.4444444444444444,28.752155083164396
88,0.4629629629629629,-13.243439153445665
88,0.48148148148148145,19.241454308710985
89,0.0,651.1211000000002
89,0.014084507042253521,0.45358421288194606
89,0.028169014084507043,30.91163827065585
89,0.04225352112676056,-78.39769241138731
89,0.056338028169014086,-2.183188100651023
89,0.07042253521126761,-9.270543109706622
89,0.08450704225352113,10.898147272391057
89,0.09859154929577466,30.413513326670298
89,0.11267605633802817,18.455624721851745
89,0.1267605633802817,-17.2223437464667
89,0.14084507042253522,21.119699243046437
89,0.15492957746478875,-19.677521934335296
89,0.16901408450704225,32.033858014683446
89,0.18309859154929578,-39.78118415371071
89,0.1971830985915493,-38.07501322922785
89,0.2112676056338028,-30.03489356010076
89,0.22535211267605634,-73.39106839688328
89,0.23943661971830987,9.229111704434434
89,0.2535211267605634,20.83161652752532
89,0.26760563380281693,-16.3285108400746
89,0.28169014084507044,-43.3097695847761
89,0.29577464788732394,10.32912424614705
89,0.3098591549295775,-13.539833121936237
89,0.323943661971831,-3.107583792867354
89,0.3380281690140845,-49.720078194933954
89,0.35211267605633806,33.744629925220075
89,0.36619718309859156,-18.565449648874704
89,0.38028169014084506,-24.62402512916006
89,0.3943661971830986,-35.53011575575924
89,0.4084507042253521,10.558983677992023
89,0.4225352112676056,42.9549339707022
89,0.4366197183098592,-21.595795472867387
89,0.4507042253521127,43.62819816872841
89,0.4647887323943662,-15.718149575649342
89,0.47887323943661975,23.509426129199262
89,0.49295774647887325,18.323720347239316
90,0.0,419.3238
90,0.022222222222222223,17.74948172061699
90,0.044444444444444446,7.730580949893385
90,0.06666666666666667,-39.45182961278387
90,0.08888888888888889,-13.224757255755478
90,0.11111111111111112,8.400322649562264
90,0.13333333333333333,-8.171371370719893
90,0.15555555555555556,-13.497865073642002
90,0.17777777777777778,-11.93775057681194
90,0.2,-14.7293478628367
90,0.22222222222222224,-10.03436738601842
90,0.24444444444444446,-2.8140557984868098
90,0.26666666666666666,-28.98108708284722
90,0.2888888888888889,-7.131786066731627
90,0.3111111111111111,-33.451133756061076
90,0.33333333333333337,-21.367350000000016
90,0.35555555555555557,8.174382492858923
90,0.37777777777777777,6.469087056369555
90,0.4,7.5244478628367055
90,0.4222222222222222,14.254005744094854
90,0.4444444444444445,-20.765305263543826
90,0.4666666666666667,10.908138066350979
90,0.48888888888888893,18.90766056365524
91,0.0,379.4732
91,0.022222222222222223,39.74019180129633
91,0.044444444444444446,-35.26484207689592
91,0.06666666666666667,-14.09120562856638
91,0.08888888888888889,6.99494424134056
91,0.11111111111111112,-6.720543659676933
91,0.13333333333333333,14.53838481733272
91,0.15555555555555556,-0.6253968322281358
91,0.17777777777777778,-3.451099967158264
91,0.2,-22.740026823948966
91,0.22222222222222224,-22.521125714237762
91,0.24444444444444446,5.620539862911293
91,0.26666666666666666,-25.925438952572733
91,0.2888888888888889,-27.049262722592207
91,0.3111111111111111,16.1858669533016
91,0.33333333333333337,-28.25290000000001
91,0.35555555555555557,3.60324464683457
91,0.37777777777777777,10.69671285847485
91,0.4,-16.449073176051044
91,0.4222222222222222,8.238634900773194
91,0.4444444444444445,2.159469373914675
91,0.4666666666666667,-17.0568402361936
91,0.48888888888888893,6.8551663339421385
92,0.0,556.6948
92,0.01639344262295082,-7.997907715081141
92,0.03278688524590164,-49.091824372705304
92,0.04918032786885246,11.3717774726926
92,0.06557377049180328,-11.414458736568122
92,0.0819672131147541,-4.430631770652692
92,0.09836065573770492,-35.95373556096499
92,0.11475409836065574,0.3194549160875546
92,0.13114754098360656,-16.408949514069935
92,0.14754098360655737,19.18746833253251
92,0.1639344262295082,-17.35505235709924
92,0.18032786885245902,2.919056514481925
92,0.19672131147540983,1.929500865474541
92,0.21311475409836067,-42.31870332032007
92,0.22950819672131148,23.51378822826781
92,0.24590163934426232,-22.635642302054777
92,0.26229508196721313,25.07652408241879
92,0.27868852459016397,-11.749912726622554
92,0.29508196721311475,-43.381905654305434
92,0.3114754098360656,39.84183582023151
92,0.3278688524590164,-0.668095771690628
92,0.3442622950819672,29.337386986572465
92,0.36065573770491804,21.23015299677007
92,0.3770491803278689,20.786627835596455
92,0.39344262295081966,-2.9407111909408368
92,0.4098360655737705,-19.837855537630244
92,0.42622950819672134,-30.332055491321178
92,0.4426229508196722,-26.17963225248428
92,0.45901639344262296,56.60582732186937
92,0.4754098360655738,-39.75935261699676
92,0.49180327868852464,-33.842774481487616
93,0.0,627.5002999999999
93,0.012987012987012988,2.8568071529950814
93,0.025974025974025976,36.549947704364925
93,0.03896103896103896,3.512827580814573
93,0.05194805194805195,35.963648760564034
93,0.06493506493506494,-12.878204741160562
93,0.07792207792207792,4.642177476849589
93,0.09090909090909091,0.29594519647033746
93,0.1038961038961039,-16.074224306654564
93,0.1168831168831169,-15.283832679977687
93,0.12987012987012989,-20.04205410943681
93,0.14285714285714288,-18.028331579508745
93,0.15584415584415584,-20.570434793911385
93,0.16883116883116883,-22.68651988593006
93,0.18181818181818182,-38.86177642262182
93,0.19480519480519481,9.76280089225402
93,0.2077922077922078,-23.328486085356282
93,0.2207792207792208,-29.003071977302632
93,0.2337662337662338,-12.435579015385006
93,0.24675324675324678,-3.044089397428971
93,0.25974025974025977,21.376006959510182
93,0.27272727272727276,-27.80657082213563
93,0.28571428571428575,-3.0104719929273926
93,0.29870129870129875,-16.201143294346547
93,0.3116883116883117,23.68011884393464
93,0.3246753246753247,-21.49596893430025
93,0.33766233766233766,13.124779835005139
93,0.35064935064935066,-38.594413587985734
93,0.36363636363636365,-13.342675628216934
93,0.37662337662337664,-12.409176308296903
93,0.38961038961038963,13.255544311436187
93,0.4025974025974026,11.773083755712607
93,0.4155844155844156,-41.52127439807255
93,0.4285714285714286,-21.371396427563774
93,0.4415584415584416,28.291202928335807
93,0.4545454545454546,13.596927676504047
93,0.4675324675324676,15.45436315138099
93,0.48051948051948057,16.966636808059302
93,0.49350649350649356,7.249927354329036
94,0.0,913.4807999999998
94,0.010309278350515464,-29.74948383344747
94,0.020618556701030927,31.110307473755526
94,0.030927835051546393,16.608213293154904
94,0.041237113402061855,2.3466239118903616
94,0.05154639175257732,-22.899125311325363
94,0.061855670103092786,-13.735508128245897
94,0.07216494845360824,-15.32518546110331
94,0.08247422680412371,-48.8257314838127
94,0.09278350515463918,17.291912061291306
94,0.10309278350515463,-41.411145795809965
94,0.1134020618556701,15.168845796681921
94,0.12371134020618557,-27.25495371375174
94,0.13402061855670103,20.542972334432765
94,0.14432989690721648,3.686743382410331
94,0.15463917525773196,-21.603907875487327
94,0.16494845360824742,-4.592366629374476
94,0.17525773195876287,-29.735840353706966
94,0.18556701030927836,-16.442723998142988
94,0.1958762886597938,2.671997028505394
94,0.20618556701030927,7.916023016645849
94,0.21649484536082475,-43.04797545383647
94,0.2268041237113402,-15.27499040621781
94,0.23711340206185566,-8.70208348323418
94,0.24742268041237114,-3.963939261278366
94,0.25773195876288657,-7.419057487643297
94,0.26804123711340205,-41.209358310164134
94,0.27835051546391754,18.120557124459026
94,0.28865979381443296,-7.7153667113515425
94,0.29896907216494845,-16.32364260240825
94,0.30927835051546393,45.44815337581305
94,0.31958762886597936,17.738820267566055
94,0.32989690721649484,-3.704933831988761
94,0.3402061855670103,27.818660564106537
94,0.35051546391752575,-43.11959217044221
94,0.36082474226804123,-7.8708490916910385
94,0.3711340206185567,-37.60099308239238
94,0.38144329896907214,-0.9941233814204011
94,0.3917525773195876,-29.765847898681542
94,0.4020618556701031,5.358061118878098
94,0.41237113402061853,93.161600785186
94,0.422680412371134,-15.668183210180462
94,0.4329896907216495,-9.527496171825547
94,0.44329896907216493,-6.757344521243779
94,0.4536082474226804,-23.416407799617605
94,0.4639175257731959,10.451497702023659
94,0.4742268041237113,-7.778249644084197
94,0.4845360824742268,50.629397071453816
94,0.4948453608247423,0.5048207956548338
95,0.0,497.63829999999996
95,0.015873015873015872,25.08687272490754
95,0.031746031746031744,-43.973214661918966
95,0.047619047619047616,-44.384431007499714
95,0.06349206349206349,-3.8123011681221817
95,0.07936507936507936,11.438498541758303
95,0.09523809523809523,29.019170601455947
95,0.1111111111111111,-36.35978891100844
95,0.12698412698412698,-14.969845322059905
95,0.14285714285714285,-18.613349920878324
95,0.15873015873015872,23.165957923966303
95,0.1746031746031746,-22.500710920984034
95,0.19047619047619047,-3.324951718306128
95,0.20634920634920634,25.021726351252497
95,0.2222222222222222,22.451680938812075
95,0.23809523809523808,8.285262097569946
95,0.25396825396825395,-2.871181163983918
95,0.2698412698412698,-33.01004026318221
95,0.2857142857142857,-17.291132257171682
95,0.30158730158730157,-12.735289518749644
95,0.31746031746031744,4.827141459530274
95,0.3333333333333333,-22.647500000000008
95,0.3492063492063492,-21.680020122161565
95,0.36507936507936506,11.577282731867042
95,0.38095238095238093,11.617600226819171
95,0.3968253968253968,39.29137530932788
95,0.4126984126984127,-19.57899000359688
95,0.42857142857142855,5.4765821780500215
95,0.4444444444444444,3.250907972196364
95,0.4603174603174603,2.2483221656544163
95,0.47619047619047616,-47.27050020003922
95,0.49206349206349204,11.356515936495079
96,0.0,643.4141999999999
96,0.014492753623188406,-39.45496940396109
96,0.028985507246376812,-17.119168557836943
96,0.043478260869565216,-33.89440930947881
96,0.057971014492753624,61.39435798237428
96,0.07246376811594203,-21.225492807867646
96,0.08695652173913043,-7.979601275897223
96,0.10144927536231885,15.421251440021695
96,0.11594202898550725,39.64763637234494
96,0.13043478260869565,15.157842992025348
96,0.14492753623188406,-53.907801221655404
96,0.15942028985507248,-31.797563935946158
96,0.17391304347826086,-22.87319830970101
96,0.18840579710144928,2.9884243821887186
96,0.2028985507246377,-0.1730899726679347
96,0.21739130434782608,9.154804436335624
96,0.2318840579710145,15.115336283766323
96,0.2463768115942029,1.4499566701971158
96,0.2608695652173913,-7.091378005824459
96,0.2753623188405797,-25.246633809537396
96,0.2898550724637681,-1.235087928288145
96,0.30434782608695654,-1.1393383580375445
96,0.31884057971014496,30.629412193976588
96,0.3333333333333333,-39.13169999999997
96,0.34782608695652173,16.951841455994174
96,0.36231884057971014,-2.8320867039201905
96,0.37681159420289856,-46.12117063350734
96,0.391304347826087,16.910588345547108
96,0.4057971014492754,11.493978995179049
96,0.42028985507246375,-12.623487310399549
96,0.43478260869565216,-13.567401123644705
96,0.4492753623188406,-62.498453096459556
96,0.463768115942029,9.392093173101273
96,0.4782608695652174,4.250949152681578
96,0.4927536231884058,-2.613142111102377
97,0.0,551.6817000000001
97,0.015873015873015872,-1.5302572622787123
97,0.031746031746031744,-29.543897243722515
97,0.047619047619047616,15.797388678104634
97,0.06349206349206349,-13.886248398639037
97,0.07936507936507936,-21.382920173629365
97,0.09523809523809523,17.960754647134937
97,0.1111111111111111,-17.763186856683603
97,0.12698412698412698,-8.741675062840507
97,0.14285714285714285,2.6099989339287646
97,0.15873015873015872,-13.120438519714227
97,0.1746031746031746,18.785094867012067
97,0.19047619047619047,-2.5573080829596364
97,0.20634920634920634,-35.21023229579065
97,0.2222222222222222,-7.907235838554885
97,0.23809523809523808,9.41660256598357
97,0.25396825396825395,-12.127741495250348
97,0.2698412698412698,-25.189084784790268
97,0.2857142857142857,-6.938393021911345
97,0.30158730158730157,-23.548519198483607
97,0.31746031746031744,5.090537482171766
97,0.3333333333333333,-37.473749999999995
97,0.3492063492063492,-4.747670238896556
97,0.36507936507936506,35.26450799833271
97,0.38095238095238093,-42.911930449314234
97,0.3968253968253968,-13.16612707720027
97,0.4126984126984127,1.9649668151652815
97,0.42857142857142855,-11.017255912017411
97,0.4444444444444444,15.07262269523844
97,0.4603174603174603,17.580413486729487
97,0.47619047619047616,22.40369264105074
97,0.49206349206349204,8.88724110182481
98,0.0,602.3016
98,0.015384615384615385,31.465588066564532
98,0.03076923076923077,-34.118565217382866
98,0.046153846153846156,25.990640109550412
98,0.06153846153846154,13.062408458988674
98,0.07692307692307693,-49.90499094555307
98,0.09230769230769231,26.619610808962488
98,0.1076923076923077,-1.9856154636767585
98,0.12307692307692308,-93.76697665287594
98,0.13846153846153847,15.21671121421064
98,0.15384615384615385,-22.31948435911653
98,0.16923076923076924,-16.718397779909992
98,0.18461538461538463,1.1639058731059864
98,0.2,-17.77725518340091
98,0.2153846153846154,-13.48282871116195
98,0.23076923076923078,-41.17156035804162
98,0.24615384615384617,4.672617056992939
98,0.26153846153846155,-5.934882354752015
98,0.27692307692307694,-0.22175713835203936
98,0.2923076923076923,-56.85079079109653
98,0.3076923076923077,6.175235023441104
98,0.3230769230769231,45.72451967783449
98,0.3384615384615385,-30.383466792516757
98,0.35384615384615387,30.19290605279562
98,0.36923076923076925,18.08616222454022
98,0.38461538461538464,3.134239707167174
98,0.4,-4.778544816599094
98,0.4153846153846154,-2.021888307505064
98,0.4307692307692308,16.919740480457687
98,0.4461538461538462,24.4135381846542
98,0.46153846153846156,-6.096839067897017
98,0.47692307692307695,-38.85726576267437
98,0.49230769230769234,-5.943513236753489
99,0.0,352.4226
99,0.022222222222222223,-22.24858764839867
99,0.044444444444444446,17.60681073061879
99,0.06666666666666667,-4.607823703305874
99,0.08888888888888889,12.352829416329431
99,0.11111111111111112,-21.63315013104056
99,0.13333333333333333,16.467013104484028
99,0.15555555555555556,5.389523903961171
99,0.17777777777777778,10.377614276507192
99,0.2,-30.34216199021627
99,0.22222222222222224,-28.85006226439905
99,0.24444444444444446,-11.40720485862808
99,0.26666666666666666,14.37061290334617
99,0.2888888888888889,-9.661997219528102
99,0.3111111111111111,-32.28155966634693
99,0.33333333333333337,-11.442899999999995
99,0.35555555555555557,8.005233506023544
99,0.37777777777777777,-12.097672871449381
99,0.4,13.163111990216269
99,0.4222222222222222,11.330107091879416
99,0.4444444444444445,-3.881737604560408
99,0.4666666666666667,-0.3359023045243177
99,0.48888888888888893,-12.261396660968373
100,0.0,482.28479999999996
100,0.014925373134328358,9.46030259804856
100,0.029850746268656716,-18.477301267611832
100,0.04477611940298507,-19.398115548776996
100,0.05970149253731343,27.216047593303085
100,0.07462686567164178,-1.646215257929434
100,0.08955223880597014,-12.090195135800137
100,0.1044776119402985,-3.420520746084609
100,0.11940298507462686,-19.059266264321206
100,0.13432835820895522,4.823415134533473
100,0.14925373134328357,39.24160614924076
100,0.16417910447761194,5.521048597335225
100,0.1791044776119403,-26.22084588502576
100,0.19402985074626866,-14.888319732329974
100,0.208955223880597,-1.3746441803316287
100,0.22388059701492538,-18.185704992834516
100,0.23880597014925373,-11.268173128554357
100,0.2537313432835821,-10.34664349686562
100,0.26865671641791045,37.410134804478794
100,0.2835820895522388,22.79862003985145
100,0.29850746268656714,-10.4458953494558
100,0.31343283582089554,-24.42736092514256
100,0.3283582089552239,-63.92273581480538
100,0.34328358208955223,-40.47974897687217
100,0.3582089552238806,-10.799839170305791
100,0.3731343283582089,2.171042290299738
100,0.3880597014925373,18.676727897801452
100,0.40298507462686567,-38.916560649422436
100,0.417910447761194,11.65130416560066
100,0.43283582089552236,-0.37913038335679294
100,0.44776119402985076,37.372220380402275
100,0.4626865671641791,-11.708634885671211
100,0.47761194029850745,-0.6110084452357569
100,0.4925373134328358,25.97919058583821
101,0.0,546.66
101,0.015625,0.5103341402040478
101,0.03125,10.04939610228627
101,0.046875,33.22326859620843
101,0.0625,-39.80474335145432
101,0.078125,-27.495553747645936
101,0.09375,31.708114485372846
101,0.109375,0.2855841657322564
101,0.125,-37.08317163613474
101,0.140625,20.152912385365376
101,0.15625,-20.097334292553857
101,0.171875,1.866260334338783
101,0.1875,-10.60912782873561
101,0.203125,-9.958711329052274
101,0.21875,-43.01859672269686
101,0.234375,-0.3144796773607563
101,0.25,-1.6393999999999949
101,0.265625,5.862465089161516
101,0.28125,3.681561361847777
101,0.296875,-28.14564297777706
101,0.3125,-9.31335968763573
101,0.328125,-14.89179754773533
101,0.34375,-19.36863067709741
101,0.359375,-1.8994135277892141
101,0.375,20.92617163613476
101,0.390625,28.501158098485977
101,0.40625,13.887480316542478
101,0.421875,-0.6811439921306146
101,0.4375,-10.821169132174354
101,0.453125,2.826924531866098
101,0.46875,-22.774790573701242
101,0.484375,-50.73016454187129
102,0.0,528.8526999999999
102,0.015384615384615385,17.677934396277266
102,0.03076923076923077,-28.785600368631336
102,0.046153846153846156,-28.373173984308472
102,0.06153846153846154,-8.538803172031885
102,0.07692307692307693,-19.81121949277597
102,0.09230769230769231,-29.39364356072806
102,0.1076923076923077,-16.585425137476115
102,0.12307692307692308,6.496911928510759
102,0.13846153846153847,10.871430187012042
102,0.15384615384615385,-21.83920570529645
102,0.16923076923076924,31.80646311281223
102,0.18461538461538463,5.40616493318144
102,0.2,-6.079235171133206
102,0.2153846153846154,-41.01188475358758
102,0.23076923076923078,-0.24552330550688595
102,0.24615384615384617,10.664712902327596
102,0.26153846153846155,-19.834978624292074
102,0.27692307692307694,36.28939810238599
102,0.2923076923076923,-16.434634274227882
102,0.3076923076923077,-47.43039609177982
102,0.3230769230769231,14.59214646872072
102,0.3384615384615385,-3.582613167502286
102,0.35384615384615387,19.281653756719926
102,0.36923076923076925,19.994677441764548
102,0.38461538461538464,-16.60456543495447
102,0.4,36.78663517113323
102,0.4153846153846154,-24.628458412000175
102,0.4307692307692308,-2.1450336165128157
102,0.4461538461538462,0.7252460426648906
102,0.46153846153846156,-19.919339969686355
102,0.47692307692307695,-2.5459844148385855
102,0.49230769230769234,0.4239942137600039
103,0.0,422.8545
103,0.018518518518518517,2.3774627835060684
103,0.037037037037037035,-18.0734333341346
103,0.05555555555555555,-27.165194215278802
103,0.07407407407407407,17.545743424981808
103,0.09259259259259259,48.26040178724415
103,0.1111111111111111,-4.476838939534227
103,0.12962962962962962,-48.96546253671543
103,0.14814814814814814,-7.379569575085974
103,0.16666666666666666,-35.136250000000004
103,0.18518518518518517,15.512001963356926
103,0.2037037037037037,9.005452859877142
103,0.2222222222222222,-17.635860612453722
103,0.24074074074074073,0.9959788335635693
103,0.25925925925925924,-36.01603163644225
103,0.2777777777777778,33.99234988104445
103,0.2962962962962963,1.3960956757649923
103,0.31481481481481477,-27.68214980877084
103,0.3333333333333333,24.400650000000027
103,0.35185185185185186,9.446326201755426
103,0.37037037037037035,-15.307365613339705
103,0.38888888888888884,-3.5285056657656413
103,0.4074074074074074,-5.173057022476698
103,0.42592592592592593,17.76093010894968
103,0.4444444444444444,-1.0240504480120638
103,0.4629629629629629,-16.86534022940976
103,0.48148148148148145,-5.332583882624531
104,0.0,628.2126000000001
104,0.015384615384615385,-28.22419223574771
104,0.03076923076923077,-5.542882412569561
104,0.046153846153846156,17.14455736639564
104,0.06153846153846154,1.83969602544689
104,0.07692307692307693,3.9711837022706966
104,0.09230769230769231,-19.785024761339944
104,0.1076923076923077,-35.997370320378636
104,0.12307692307692308,-27.52989465732152
104,0.13846153846153847,6.161965026429197
104,0.15384615384615385,-16.619056195550897
104,0.16923076923076924,-66.86383235111751
104,0.18461538461538463,26.23461366724552
104,0.2,2.3919695524123767
104,0.2153846153846154,22.502694659810658
104,0.23076923076923078,-13.43875879378589
104,0.24615384615384617,-54.915749742437725
104,0.26153846153846155,32.873681601899264
104,0.27692307692307694,-16.153656987168596
104,0.2923076923076923,-11.618891217856717
104,0.3076923076923077,-17.399747208578926
104,0.3230769230769231,12.792011914395475
104,0.3384615384615385,14.296422831778454
104,0.35384615384615387,2.452663203199407
104,0.36923076923076925,-4.625953252071757
104,0.38461538461538464,21.26546544054675
104,0.4,-42.52526955241237
104,0.4153846153846154,12.363728807351166
104,0.4307692307692308,15.243178891266052
104,0.4461538461538462,-27.1805691435241
104,0.46153846153846156,41.363113055098296
104,0.47692307692307695,-8.802660458085048
104,0.49230769230769234,-28.125736455598773
105,0.0,736.7565
105,0.01282051282051282,-10.06969412339683
105,0.02564102564102564,-21.17680909194728
105,0.038461538461538464,5.8049994860673575
105,0.05128205128205128,-2.7500998003728734
105,0.0641025641025641,3.759360971226296
105,0.07692307692307693,-56.09308366925636
105,0.08974358974358974,-6.910692247137202
105,0.10256410256410256,-9.392200495523298
105,0.11538461538461538,29.928076647520573
105,0.1282051282051282,12.010609780099088
105,0.14102564102564102,-45.05670462195611
105,0.15384615384615385,30.577107799330665
105,0.16666666666666666,-37.530150000000006
105,0.1794871794871795,-17.52331612567272
105,0.1923076923076923,-61.720760043715565
105,0.20512820512820512,16.084144341886443
105,0.21794871794871795,16.55709789959209
105,0.23076923076923075,-24.37501485195037
105,0.24358974358974358,-19.541709827939727
105,0.2564102564102564,5.075718005339923
105,0.2692307692307692,-27.657154582726687
105,0.28205128205128205,-8.92608937723136
105,0.2948717948717949,8.502886224161598
105,0.3076923076923077,3.07253905528588
105,0.3205128205128205,32.06112273728573
105,0.3333333333333333,-23.624849999999967
105,0.34615384615384615,-31.062096439114153
105,0.358974358974359,-14.278183208842288
105,0.3717948717948718,34.06104169147915
105,0.3846153846153846,11.120474207170272
105,0.3974358974358974,15.642116480248504
105,0.41025641025641024,-19.268216453563536
105,0.4230769230769231,-4.979915068031513
105,0.4358974358974359,9.19482309396966
105,0.4487179487179487,12.604958705350729
105,0.4615384615384615,-30.911272540580093
105,0.47435897435897434,1.813916111085753
105,0.48717948717948717,-29.712180668141727
106,0.0,521.6728
106,0.017241379310344827,0.878296421984202
106,0.034482758620689655,26.948823692018586
106,0.05172413793103448,-14.656095224911699
106,0.06896551724137931,-17.167335558013157
106,0.08620689655172414,14.269776471564064
106,0.10344827586206896,-22.86297679655535
106,0.12068965517241378,-55.26978329222385
106,0.13793103448275862,8.38235531903987
106,0.15517241379310345,-18.472845977328678
106,0.1724137931034483,18.053464327636064
106,0.1896551724137931,-34.957433181441196
106,0.20689655172413793,-8.196290401433938
106,0.22413793103448276,-28.53336794043311
106,0.24137931034482757,22.137767222140333
106,0.25862068965517243,-9.455826476406243
106,0.27586206896551724,9.551450590496792
106,0.29310344827586204,-19.710940947460717
106,0.3103448275862069,-20.3409027009994
106,0.3275862068965517,-2.1059065328902378
106,0.3448275862068966,6.515514731439051
106,0.3620689655172414,-20.87194162090903
106,0.3793103448275862,-31.339903312879844
106,0.39655172413793105,13.498560816152974
106,0.41379310344827586,-6.665420104484376
106,0.43103448275862066,5.3831351961019145
106,0.4482758620689655,13.10056413017054
106,0.46551724137931033,-6.30787771179839
106,0.48275862068965514,9.358838861424829
107,0.0,729.6625999999999
107,0.01282051282051282,7.219490911607917
107,0.02564102564102564,5.215209149755285
107,0.038461538461538464,-6.303807694882215
107,0.05128205128205128,-13.809189994487408
107,0.0641025641025641,26.49274849427397
107,0.07692307692307693,-44.99776289676213
107,0.08974358974358974,-6.426904301066479
107,0.10256410256410256,2.560738345481189
107,0.11538461538461538,-19.46143344727502
107,0.1282051282051282,-22.22000871292118
107,0.14102564102564102,10.741968967025405
107,0.15384615384615385,17.314778633537237
107,0.16666666666666666,45.19974999999998
107,0.1794871794871795,8.038699979180032
107,0.1923076923076923,8.326447374805996
107,0.20512820512820512,14.008532191233044
107,0.21794871794871795,-21.32891747282978
107,0.23076923076923075,-27.77593513200759
107,0.24358974358974358,-20.33100882739935
107,0.2564102564102564,19.00808646020989
107,0.2692307692307692,5.8048166698503305
107,0.28205128205128205,-1.8335184463569565
107,0.2948717948717949,-28.782417744339547
107,0.3076923076923077,-17.758505850238684
107,0.3205128205128205,-1.6387592011863088
107,0.3333333333333333,-6.520449999999993
107,0.34615384615384615,-39.01126184105339
107,0.358974358974359,-12.508438015608013
107,0.3717948717948718,37.30482871806517
107,0.3846153846153846,8.290040568826345
107,0.3974358974358974,-27.36864060539981
107,0.41025641025641024,-54.1634083747041
107,0.4230769230769231,-46.49386106144569
107,0.4358974358974359,-31.579118361193668
107,0.4487179487179487,40.224135816300546
107,0.4615384615384615,-13.160315323355176
107,0.47435897435897434,-39.17052475505173
107,0.48717948717948717,49.71141577941194
108,0.0,431.8288
108,0.0196078431372549,2.744512479179443
108,0.0392156862745098,-25.424031336924113
108,0.058823529411764705,16.774725493621155
108,0.0784313725490196,-7.007145522840542
108,0.09803921568627451,-25.05360486393642
108,0.11764705882352941,17.400936824524997
108,0.13725490196078433,-2.221060662736437
108,0.1568627450980392,3.5612404803775255
108,0.1764705882352941,10.229333970893503
108,0.19607843137254902,1.0178624738148532
108,0.21568627450980393,-17.436117075738295
108,0.23529411764705882,-16.521149497810818
108,0.2549019607843137,-5.893303581519098
108,0.27450980392156865,-38.42179230129812
108,0.29411764705882354,-5.184882648734298
108,0.3137254901960784,-32.30205639379363
108,0.3333333333333333,-20.11579999999998
108,0.3529411764705882,25.575190868320174
108,0.37254901960784315,12.164394776854952
108,0.39215686274509803,1.7936025901594164
108,0.4117647058823529,14.057062456370954
108,0.43137254901960786,-4.063461045182139
108,0.45098039215686275,-47.37753071999403
108,0.47058823529411764,18.17318253281431
108,0.49019607843137253,3.067090703576551
109,0.0,656.5174
109,0.013888888888888888,-2.0006019828906734
109,0.027777777777777776,-34.646092529202306
109,0.041666666666666664,9.837696948235507
109,0.05555555555555555,-18.81363709767146
109,0.06944444444444445,-15.18545931201343
109,0.08333333333333333,19.029953430363914
109,0.09722222222222221,-4.382126031742253
109,0.1111111111111111,-12.971418765359937
109,0.125,-39.330151110683644
109,0.1388888888888889,-2.5338933526037124
109,0.15277777777777776,-7.9750625225803855
109,0.16666666666666666,11.056149999999999
109,0.18055555555555555,29.283624497292383
109,0.19444444444444442,-4.832319456875881
109,0.20833333333333331,-7.030780622581627
109,0.2222222222222222,-27.57960449265776
109,0.2361111111111111,-8.578468176999523
109,0.25,-12.587900000000019
109,0.2638888888888889,33.87648055344226
109,0.2777777777777778,-3.548173917365464
109,0.29166666666666663,-19.618416815591775
109,0.3055555555555555,21.31396448688369
109,0.3194444444444444,-23.861357050583695
109,0.3333333333333333,-17.626250000000002
109,0.3472222222222222,-1.9057157615035876
109,0.3611111111111111,-71.40095185013848
109,0.375,-22.041248889316346
109,0.38888888888888884,3.8846610150369134
109,0.40277777777777773,72.78091935398024
109,0.41666666666666663,-37.357653430363925
109,0.4305555555555555,-1.910277809404752
109,0.4444444444444444,9.249773258017711
109,0.4583333333333333,45.864500489937896
109,0.4722222222222222,0.6382927019367166
109,0.4861111111111111,-31.222955756996598
110,0.0,564.5365
110,0.01694915254237288,-12.155645167619824
110,0.03389830508474576,-12.684844194005915
110,0.05084745762711865,34.28826033024098
110,0.06779661016949153,32.65460622967658
110,0.0847457627118644,2.7124925336286942
110,0.1016949152542373,-49.69702986237668
110,0.11864406779661017,-27.471802553274678
110,0.13559322033898305,-7.198060331281454
110,0.15254237288135594,-35.33308266422384
110,0.1694915254237288,-18.35717190593936
110,0.1864406779661017,-20.60534064007157
110,0.2033898305084746,8.770102368510113
110,0.22033898305084745,-28.585138867648446
110,0.23728813559322035,-40.42513937026898
110,0.2542372881355932,24.276675880679853
110,0.2711864406779661,-22.544377817156587
110,0.288135593220339,17.603667320723403
110,0.3050847457627119,-26.30595165282824
110,0.3220338983050847,-28.4802380764655
110,0.3389830508474576,31.58900110332337
110,0.3559322033898305,-23.126846056250187
110,0.3728813559322034,-3.423972112207304
110,0.3898305084745763,-12.704969209665371
110,0.4067796610169492,14.257657858577112
110,0.423728813559322,12.310789030505155
110,0.4406779661016949,29.932890125741224
110,0.4576271186440678,2.838581821146188
110,0.4745762711864407,-3.859749031533536
110,0.4915254237288136,-10.119215089934833
111,0.0,495.6946
111,0.016666666666666666,9.64863954753924
111,0.03333333333333333,5.350801027685499
111,0.05,-29.701855868868396
111,0.06666666666666667,-32.98801594339806
111,0.08333333333333333,0.5149060776202852
111,0.1,61.07655631620401
111,0.11666666666666667,-4.200326978717076
111,0.13333333333333333,-2.241156717133741
111,0.15,23.22537883556047
111,0.16666666666666666,3.309899999999992
111,0.18333333333333332,-18.28399067352684
111,0.2,-18.221101360205694
111,0.21666666666666667,-44.03122627720735
111,0.23333333333333334,-18.02367785384464
111,0.25,50.185900000000004
111,0.26666666666666666,-1.9889763586588671
111,0.2833333333333333,-6.810395126958365
111,0.3,-3.897206316204004
111,0.31666666666666665,9.543147937078071
111,0.3333333333333333,-34.46300000000001
111,0.35,0.5165184709263091
111,0.36666666666666664,-28.244137369681972
111,0.3833333333333333,-24.03691728654007
111,0.4,0.32205136020569824
111,0.4166666666666667,-15.485606077620258
111,0.43333333333333335,16.99461419584111
111,0.45,8.740058562381638
111,0.4666666666666667,-47.05785098080934
111,0.48333333333333334,-24.29873114166758
112,0.0,440.2943
112,0.018518518518518517,27.478608505208182
112,0.037037037037037035,-22.08446141344998
112,0.05555555555555555,16.02624618516126
112,0.07407407407407407,-25.13841831128383
112,0.09259259259259259,8.395028416298583
112,0.1111111111111111,-15.45138093900692
112,0.12962962962962962,16.21160494621403
112,0.14814814814814814,-6.503395024776907
112,0.16666666666666666,-22.012100000000025
112,0.18518518518518517,-16.763127039252318
112,0.2037037037037037,-15.815215539952426
112,0.2222222222222222,-18.902795654369704
112,0.24074074074074073,-10.833378478763706
112,0.25925925925925924,4.638998242427297
112,0.2777777777777778,9.21374276059855
112,0.2962962962962963,-25.827183471918183
112,0.31481481481481477,22.963208856592928
112,0.3333333333333333,7.986200000000018
112,0.35185185185185186,-1.646866785061635
112,0.37037037037037035,-15.136561199729483
112,0.38888888888888884,8.326861054240187
112,0.4074074074074074,-35.26744855617525
112,0.42592592592592593,-9.652036020681601
112,0.4444444444444444,6.758826593376622
112,0.4629629629629629,-11.918953899854353
112,0.48148148148148145,6.200496774158669
113,0.0,457.1420000000001
113,0.02127659574468085,-7.223429853497176
113,0.0425531914893617,13.478734347361506
113,0.06382978723404255,0.7876052977439834
113,0.0851063829787234,45.12445297927373
113,0.10638297872340426,-39.6329719894763
113,0.1276595744680851,-23.83522232119555
113,0.14893617021276595,-35.16428318000987
113,0.1702127659574468,-22.438267815665498
113,0.19148936170212766,-41.016818754877534
113,0.2127659574468085,-11.40384826963406
113,0.23404255319148937,9.631135540735883
113,0.2553191489361702,21.11623945921547
113,0.2765957446808511,-22.653637845289932
113,0.2978723404255319,4.099046661635118
113,0.3191489361702128,-22.795185578522016
113,0.3404255319148936,-15.42956277413126
113,0.36170212765957444,8.530244518853747
113,0.3829787234042553,-43.99431026193189
113,0.40425531914893614,36.03236594267569
113,0.425531914893617,3.8623959394935294
113,0.44680851063829785,-1.3170726401185062
113,0.46808510638297873,-7.247910384085657
113,0.48936170212765956,10.884500981446429
114,0.0,598.3064999999999
114,0.014285714285714285,30.542861665770666
114,0.02857142857142857,13.896160881936037
114,0.04285714285714286,-40.82966972253837
114,0.05714285714285714,2.5019619816989724
114,0.07142857142857142,15.280221621271146
114,0.08571428571428572,-11.013034145850852
114,0.09999999999999999,0.15845511922290711
114,0.11428571428571428,-20.61550687540177
114,0.12857142857142856,-15.916068809514908
114,0.14285714285714285,-31.42344931689519
114,0.15714285714285714,-14.269500055099993
114,0.17142857142857143,-50.21852296116443
114,0.18571428571428572,17.645552520117413
114,0.19999999999999998,-9.171219154491487
114,0.21428571428571427,3.823247006119602
114,0.22857142857142856,20.64485220550415
114,0.24285714285714285,4.062535022732892
114,0.2571428571428571,-27.569320905677795
114,0.2714285714285714,-28.46002010031387
114,0.2857142857142857,7.088968544083474
114,0.3,-7.230855119222904
114,0.3142857142857143,-8.688964819871279
114,0.32857142857142857,4.304329557817034
114,0.34285714285714286,3.0123106274543554
114,0.35714285714285715,-17.64626862739075
114,0.37142857142857144,-6.991047291311453
114,0.3857142857142857,-13.478860120417146
114,0.39999999999999997,-22.02928084550851
114,0.41428571428571426,-18.52471101669044
114,0.42857142857142855,-3.7175192271883013
114,0.44285714285714284,25.77633134796528
114,0.45714285714285713,34.331147816533374
114,0.4714285714285714,-24.27373028982848
114,0.4857142857142857,24.897213486150697
115,0.0,647.024
115,0.012048192771084338,-2.151863680712246
115,0.024096385542168676,11.379970335234614
115,0.03614457831325302,10.073384254960978
115,0.04819277108433735,-20.80041987119396
115,0.060240963855421686,-57.93359738788364
115,0.07228915662650603,4.951445609717997
115,0.08433734939759037,-19.498890079655165
115,0.0963855421686747,-12.59551430159027
115,0.10843373493975904,6.383348887424514
115,0.12048192771084337,22.90838260379283
115,0.13253012048192772,-19.160605180827897
115,0.14457831325301207,18.803434435419867
115,0.1566265060240964,13.542082977208738
115,0.16867469879518074,23.359884061397004
115,0.18072289156626506,-6.8126702781650135
115,0.1927710843373494,-11.20475732244224
115,0.20481927710843376,1.8699359605393617
115,0.21686746987951808,-37.888153802885775
115,0.22891566265060243,-26.599566357975363
115,0.24096385542168675,-15.770050507190206
115,0.2530120481927711,-3.5112227274927097
115,0.26506024096385544,2.1024046288474807
115,0.27710843373493976,22.105183003722125
115,0.28915662650602414,39.60438917837544
115,0.30120481927710846,30.44064443823345
115,0.3132530120481928,-1.250536434267211
115,0.3253012048192771,-9.89083026111976
115,0.3373493975903615,-34.641791847464425
115,0.3493975903614458,19.25654816584562
115,0.3614457831325301,-54.331340782781496
115,0.3734939759036145,13.728833480658695
115,0.3855421686746988,-27.790337823787517
115,0.39759036144578314,34.384317782893355
115,0.4096385542168675,8.351520324924131
115,0.42168674698795183,-76.13375136680301
115,0.43373493975903615,-4.89199292634842
115,0.44578313253012053,14.203207359547784
115,0.45783132530120485,-49.70495737467959
115,0.46987951807228917,-3.190663388207058
115,0.4819277108433735,31.692776777653123
115,0.49397590361445787,-1.5573805629235324
116,0.0,402.4331
116,0.022222222222222223,21.94414373371835
116,0.044444444444444446,-24.712116788208686
116,0.06666666666666667,-7.526562162984701
116,0.08888888888888889,7.116724158191211
116,0.11111111111111112,-53.48147094679049
116,0.13333333333333333,-4.6566677289600875
116,0.15555555555555556,-2.283389509532088
116,0.17777777777777778,-15.712540373760188
116,0.2,13.992970834991018
116,0.22222222222222224,11.322881825030782
116,0.24444444444444446,-8.590480757940698
116,0.26666666666666666,-20.026282979299907
116,0.2888888888888889,-23.847661155288286
116,0.3111111111111111,-1.5984718775560562
116,0.33333333333333337,-1.821249999999992
116,0.35555555555555557,20.803723230360823
116,0.37777777777777777,-45.82011835178107
116,0.4,-2.963020834991015
116,0.4222222222222222,-22.629429017737117
116,0.4444444444444445,17.455989121759703
116,0.4666666666666667,33.336012871244684
116,0.48888888888888893,-7.297533290466195
117,0.0,442.3367
117,0.02127659574468085,4.01542993223822
117,0.0425531914893617,-35.494940134080245
117,0.06382978723404255,-19.88622983207284
117,0.0851063829787234,-9.439327731858896
117,0.10638297872340426,21.338494714309313
117,0.1276595744680851,5.879824244434667
117,0.14893617021276595,-8.601934148094276
117,0.1702127659574468,6.554748367203709
117,0.19148936170212766,-1.2133565743433508
117,0.2127659574468085,-13.4820622737582
117,0.23404255319148937,-9.680903494611997
117,0.2553191489361702,-26.21606522160277
117,0.2765957446808511,-47.556512097619
117,0.2978723404255319,-11.085325360432083
117,0.3191489361702128,-14.275511589845845
117,0.3404255319148936,7.820573697474694
117,0.36170212765957444,-24.472902212298585
117,0.3829787234042553,-24.867677147927658
117,0.40425531914893614,40.3668469181365
117,0.425531914893617,14.847819771028629
117,0.44680851063829785,5.855738059870719
117,0.46808510638297873,-15.726944453038616
117,0.48936170212765956,22.11706656688772
118,0.0,342.2408000000001
118,0.023255813953488372,16.91794932993337
118,0.046511627906976744,-13.679028262568472
118,0.06976744186046512,-24.266300762282764
118,0.09302325581395349,-1.5794237710942465
118,0.11627906976744186,-9.101804648002595
118,0.13953488372093023,3.9894906796981875
118,0.16279069767441862,12.507844475763065
118,0.18604651162790697,11.352502797798795
118,0.20930232558139533,-21.549667411042925
118,0.23255813953488372,-7.822130432544098
118,0.2558139534883721,-1.1583878347715988
118,0.27906976744186046,-13.519981064193516
118,0.3023255813953488,1.6749261805523012
118,0.32558139534883723,-1.0476138236131218
118,0.3488372093023256,-15.857416345738134
118,0.37209302325581395,-26.34036528924227
118,0.3953488372093023,-9.663901548587102
118,0.41860465116279066,-18.618548825230228
118,0.4418604651162791,25.39011028232962
118,0.46511627906976744,-7.791277978258952
118,0.4883720930232558,9.521424251094832
119,0.0,379.32509999999996
119,0.025,-5.009056741066254
119,0.05,-2.8366479338677175
119,0.07500000000000001,-24.904782955096678
119,0.1,4.567880882533792
119,0.125,-16.70331235342708
119,0.15000000000000002,-9.198631761476893
119,0.17500000000000002,-13.990959963231024
119,0.2,-10.854956114008566
119,0.225,-18.83277515506135
119,0.25,-26.434099999999987
119,0.275,21.540224101835037
119,0.30000000000000004,18.785919117466207
119,0.325,-19.124324633694595
119,0.35000000000000003,-16.142380414619158
119,0.375,25.597512353427064
119,0.4,-9.54484388599143
119,0.42500000000000004,-2.066760150472531
119,0.45,-18.150739890036235
119,0.47500000000000003,9.615235496787395
120,0.0,821.596
120,0.013157894736842105,3.5798283961561257
120,0.02631578947368421,-12.391358912604069
120,0.039473684210526314,-43.90798126798872
120,0.05263157894736842,9.969910926054336
120,0.06578947368421052,-9.06651946997721
120,0.07894736842105263,0.758279936593353
120,0.09210526315789473,30.45640310860197
120,0.10526315789473684,-49.55329107220691
120,0.11842105263157894,26.19344503188278
120,0.13157894736842105,16.826506697430023
120,0.14473684210526316,-93.41498463667023
120,0.15789473684210525,-4.989223063591602
120,0.17105263157894735,-44.3019117492602
120,0.18421052631578946,-39.760339227505526
120,0.19736842105263158,-13.80902302994419
120,0.21052631578947367,-14.775006125487446
120,0.22368421052631576,-4.171147840339739
120,0.23684210526315788,14.830507045643957
120,0.25,8.869000000000028
120,0.2631578947368421,-34.099923858106976
120,0.2763157894736842,15.415603907119984
120,0.2894736842105263,31.689382963112223
120,0.3026315789473684,-13.883882272657448
120,0.3157894736842105,-30.391316238932138
120,0.3289473684210526,-13.673694900772352
120,0.3421052631578947,-28.241933415090607
120,0.35526315789473684,36.964906215868375
120,0.3684210526315789,-17.740524188260846
120,0.381578947368421,-3.03827565622859
120,0.39473684210526316,15.996358991054514
120,0.40789473684210525,34.089895833218705
120,0.42105263157894735,-9.270883946585705
120,0.43421052631578944,-22.060370818144
120,0.4473684210526315,43.60834592136612
120,0.4605263157894737,-9.516520865912899
120,0.47368421052631576,-2.8691924328827483
120,0.48684210526315785,-27.819469984952406
121,0.0,546.8797
121,0.015625,-8.28853875463646
121,0.03125,-14.450648553473009
121,0.046875,42.66290187434675
121,0.0625,26.99723703525848
121,0.078125,-47.6409615800782
121,0.09375,16.55931874094467
121,0.109375,-31.858243069403265
121,0.125,-18.4248340415456
121,0.140625,-14.126170969214247
121,0.15625,-3.9779721571778532
121,0.171875,20.499914796468055
121,0.1875,-4.996862106522364
121,0.203125,-28.289751144599933
121,0.21875,-25.195429073562867
121,0.234375,-8.393447291649272
121,0.25,2.4568000000000154
121,0.265625,-19.589532925183228
121,0.28125,3.7892834690627417
121,0.296875,-34.8851499799115
121,0.3125,-24.52966365083511
121,0.328125,-20.694913118527772
121,0.34375,1.5438990031929452
121,0.359375,31.137214029625607
121,0.375,-14.635165958454401
121,0.390625,-13.915297749353853
121,0.40625,31.975335788954375
121,0.421875,12.198979316896711
121,0.4375,-11.836311277901004
121,0.453125,10.427841021538946
121,0.46875,23.209812782058997
121,0.484375,-20.625644456318327
122,0.0,723.3097
122,0.013888888888888888,-68.31085934315466
122,0.027777777777777776,25.123953897729628
122,0.041666666666666664,-48.43916509942631
122,0.05555555555555555,-61.77891586477963
122,0.06944444444444445,43.19988584840377
122,0.08333333333333333,-8.086821001227946
122,0.09722222222222221,-4.733130848285548
122,0.1111111111111111,14.243048061281701
122,0.125,-47.77794428868286
122,0.1388888888888889,66.27157450353403
122,0.15277777777777776,-29.763178726285183
122,0.16666666666666666,-31.030149999999985
122,0.18055555555555555,25.02723981982236
122,0.19444444444444442,3.24340739388089
122,0.20833333333333331,18.04914556466474
122,0.2222222222222222,-12.196240244843533
122,0.2361111111111111,-15.496686642123098
122,0.25,-2.0915999999999713
122,0.2638888888888889,-13.358629003785023
122,0.2777777777777778,-5.059604306983156
122,0.29166666666666663,-13.877828213748087
122,0.3055555555555555,-27.114268698738474
122,0.3194444444444444,22.053497895307633
122,0.3333333333333333,13.40935000000002
122,0.3472222222222222,-36.369354938976734
122,0.3611111111111111,-49.926503783513226
122,0.375,30.819944288682862
122,0.38888888888888884,-12.72732982823721
122,0.40277777777777773,7.1074351091893675
122,0.41666666666666663,43.10342100122794
122,0.4305555555555555,-14.604314550801341
122,0.4444444444444444,-12.789657816438172
122,0.4583333333333333,0.5100477485096562
122,0.4722222222222222,-4.393663312892853
122,0.4861111111111111,-29.096904619311555
123,0.0,393.9783
123,0.018518518518518517,35.0559606905153
123,0.037037037037037035,8.082235581410057
123,0.05555555555555555,21.286248271593934
123,0.07407407407407407,-12.453220997915876
123,0.09259259259259259,-12.23281057783496
123,0.1111111111111111,7.263936280570914
123,0.12962962962962962,-4.914108771825106
123,0.14814814814814814,-21.008137479092237
123,0.16666666666666666,-8.261700000000012
123,0.18518518518518517,-10.270912024959443
123,0.2037037037037037,4.2994756406071915
123,0.2222222222222222,2.3500053794245197
123,0.24074074074074073,-4.4666622836820284
123,0.25925925925925924,-26.612205787859253
123,0.2777777777777778,-42.96498166636103
123,0.2962962962962963,8.442913369807973
123,0.31481481481481477,-26.466220119756137
123,0.3333333333333333,-40.838400000000014
123,0.35185185185185186,-17.315638242338732
123,0.37037037037037035,5.540991393431463
123,0.38888888888888884,3.593683394767102
123,0.4074074074074074,9.353268535626038
123,0.42592592592592593,11.330287974125111
123,0.4444444444444444,-20.54249165999542
123,0.4629629629629629,7.215865690189354
123,0.48148148148148145,10.841017409551279
124,0.0,597.9926999999999
124,0.014925373134328358,-0.7373100322051478
124,0.029850746268656716,0.895921402668872
124,0.04477611940298507,31.046234615760753
124,0.05970149253731343,-18.343808385925133
124,0.07462686567164178,24.258064341051536
124,0.08955223880597014,-12.526208430057583
124,0.1044776119402985,-38.76872744721603
124,0.11940298507462686,3.43485925983909
124,0.13432835820895522,-35.45399333815054
124,0.14925373134328357,-7.906064723952742
124,0.16417910447761194,-26.905291116357525
124,0.1791044776119403,2.660600909390622
124,0.19402985074626866,-0.22423701006043473
124,0.208955223880597,17.163664237872958
124,0.22388059701492538,-7.932216986870781
124,0.23880597014925373,-13.444215122737365
124,0.2537313432835821,-16.722900441965635
124,0.26865671641791045,-4.431828332714646
124,0.2835820895522388,-0.7958547572007966
124,0.29850746268656714,-23.983192438062588
124,0.31343283582089554,-11.314012396606822
124,0.3283582089552239,-36.72713352900686
124,0.34328358208955223,3.145246267697532
124,0.3582089552238806,26.56610212181883
124,0.3731343283582089,11.8201485978802
124,0.3880597014925373,-2.64267925677866
124,0.40298507462686567,-8.188991534738431
124,0.417910447761194,10.511350297685276
124,0.43283582089552236,-17.819112761963684
124,0.44776119402985076,-20.08503713734233
124,0.4626865671641791,-11.273126130128786
124,0.47761194029850745,29.98022452658801
124,0.4925373134328358,-18.855625268211543
125,0.0,441.6514
125,0.018518518518518517,14.039502866545787
125,0.037037037037037035,-10.10987809444828
125,0.05555555555555555,17.855701731315904
125,0.07407407407407407,-22.73497262380544
125,0.09259259259259259,1.5871754014130595
125,0.1111111111111111,-41.89261368182066
125,0.12962962962962962,-28.71206960887968
125,0.14814814814814814,22.716845402779228
125,0.16666666666666666,10.948600000000004
125,0.18518518518518517,9.02156375079888
125,0.2037037037037037,-4.627550591101185
125,0.2222222222222222,-7.270056813416131
125,0.24074074074074073,-17.153121845325806
125,0.25925925925925924,-24.13684957747833
125,0.2777777777777778,-16.492096721068542
125,0.2962962962962963,-1.573029765340591
125,0.31481481481481477,1.0916139032791041
125,0.3333333333333333,-6.969200000000006
125,0.35185185185185186,-13.35848648869039
125,0.37037037037037035,6.597195142535272
125,0.38888888888888884,25.217294989752602
125,0.4074074074074074,13.792029078426676
125,0.42592592592592593,26.057103272548034
125,0.4444444444444444,-67.6711295047632
125,0.4629629629629629,8.486633090211072
125,0.48148148148148145,-11.056303313467412
126,0.0,468.9029000000001
126,0.018867924528301886,-13.887099829938592
126,0.03773584905660377,5.279328450355521
126,0.05660377358490566,-1.7437277126848443
126,0.07547169811320754,-17.98963752328993
126,0.09433962264150943,-0.5986072289500726
126,0.11320754716981132,6.058091727160566
126,0.1320754716981132,-10.75532698658139
126,0.1509433962264151,5.002409134137565
126,0.16981132075471697,-26.4617928280871
126,0.18867924528301885,-1.9273404695205514
126,0.20754716981132074,-29.229318234492673
126,0.22641509433962265,1.1294471415790994
126,0.24528301886792453,27.837895569835183
126,0.2641509433962264,-17.731922994741733
126,0.2830188679245283,-1.2140632131803235
126,0.3018867924528302,-18.431209756994626
126,0.32075471698113206,-26.766600844717953
126,0.33962264150943394,-3.721610061518282
126,0.3584905660377358,-22.31384171156442
126,0.3773584905660377,10.221098061302746
126,0.3962264150943396,8.80397074438621
126,0.4150943396226415,7.083817804068415
126,0.43396226415094336,-19.753971873453224
126,0.4528301886792453,-27.978486738274494
126,0.4716981132075472,-2.1122694100511055
126,0.49056603773584906,35.94411878521607
127,0.0,564.4665
127,0.014925373134328358,15.973286833738639
127,0.029850746268656716,-21.349392266585735
127,0.04477611940298507,-22.088337394027967
127,0.05970149253731343,-14.390344597853588
127,0.07462686567164178,15.535971935694771
127,0.08955223880597014,-15.838489355752596
127,0.1044776119402985,72.41031510400052
127,0.11940298507462686,16.335788213802417
127,0.13432835820895522,-15.714222197593585
127,0.14925373134328357,-19.483625555216648
127,0.16417910447761194,-15.605576236639676
127,0.1791044776119403,-2.950310000360396
127,0.19402985074626866,-11.061283260469066
127,0.208955223880597,-28.03535132917314
127,0.22388059701492538,-13.354264393526675
127,0.23880597014925373,-10.195902723105789
127,0.2537313432835821,-29.847087076044083
127,0.26865671641791045,17.597334449126485
127,0.2835820895522388,-24.997372213821414
127,0.29850746268656714,-14.472027652671496
127,0.31343283582089554,10.711590709647195
127,0.3283582089552239,-8.856992173285022
127,0.34328358208955223,-3.3112237263537683
127,0.3582089552238806,-31.54975302509995
127,0.3731343283582089,-14.77134923821512
127,0.3880597014925373,11.950177363737769
127,0.40298507462686567,10.292425186174217
127,0.417910447761194,49.211577898950736
127,0.43283582089552236,23.277028832590556
127,0.44776119402985076,-8.047932978496938
127,0.4626865671641791,-49.70276095679233
127,0.47761194029850745,9.658945049410276
127,0.4925373134328358,-34.16689322578897
128,0.0,808.0142000000001
128,0.011904761904761904,9.567932457237209
128,0.023809523809523808,-2.209840468640772
128,0.03571428571428571,20.538456324154257
128,0.047619047619047616,17.34573220623727
128,0.05952380952380952,-5.236247344697237
128,0.07142857142857142,-44.72204999365292
128,0.08333333333333333,8.17833238282623
128,0.09523809523809523,1.9820836984370214
128,0.10714285714285714,-16.935505539591368
128,0.11904761904761904,-11.637561484441711
128,0.13095238095238093,-20.715551131840076
128,0.14285714285714285,2.139532955227658
128,0.15476190476190477,-25.38265299322161
128,0.16666666666666666,14.320649999999986
128,0.17857142857142855,32.45461807703607
128,0.19047619047619047,-16.841305538442057
128,0.20238095238095238,-17.008142705154473
128,0.21428571428571427,22.933303965155947
128,0.22619047619047616,2.7134623626220247
128,0.23809523809523808,-8.813383762043212
128,0.25,44.27770000000004
128,0.26190476190476186,-4.205579385446754
128,0.2738095238095238,-65.63507656943752
128,0.2857142857142857,-35.45754948555769
128,0.2976190476190476,0.03842311325665193
128,0.30952380952380953,57.496072574797
128,0.3214285714285714,-29.92763786839674
128,0.3333333333333333,-49.849450000000004
128,0.34523809523809523,-41.68290949256344
128,0.3571428571428571,-64.69710397150303
128,0.369047619047619,18.699282796681214
128,0.38095238095238093,-2.237979560382172
128,0.39285714285714285,-4.5754494693077294
128,0.40476190476190477,-9.018436311024507
128,0.41666666666666663,-10.46113238282624
128,0.42857142857142855,19.99666653033005
128,0.44047619047619047,-37.23657927425366
128,0.45238095238095233,55.94374507475675
128,0.46428571428571425,-46.0456815238945
128,0.47619047619047616,-4.1065470438068505
128,0.4880952380952381,35.77625878137093
129,0.0,625.6129
129,0.013888888888888888,3.28814705615164
129,0.027777777777777776,-3.9140422101752073
129,0.041666666666666664,30.989320884886453
129,0.05555555555555555,-45.32192492837844
129,0.06944444444444445,-2.950402108794151
129,0.08333333333333333,2.7532157801434494
129,0.09722222222222221,8.340417630071714
129,0.1111111111111111,-40.585339063247986
129,0.125,-0.2086412858716109
129,0.1388888888888889,-23.482857412079895
129,0.15277777777777776,-2.5518493107197138
129,0.16666666666666666,4.763450000000001
129,0.18055555555555555,-17.912648087330147
129,0.19444444444444442,-12.661751125370284
129,0.20833333333333331,-55.14462853658743
129,0.2222222222222222,-31.864478892689256
129,0.2361111111111111,-3.9299519265459217
129,0.25,43.60849999999999
129,0.2638888888888889,12.49356209013284
129,0.2777777777777778,-43.30663150023815
129,0.29166666666666663,11.211195428113243
129,0.3055555555555555,-7.294898750297713
129,0.3194444444444444,28.666352082673548
129,0.3333333333333333,0.19885000000000908
129,0.3472222222222222,-33.28364581127322
129,0.3611111111111111,-17.217084472184418
129,0.375,-35.9319587141284
129,0.38888888888888884,24.172506428616586
129,0.40277777777777773,7.461583285178255
129,0.41666666666666663,-18.695115780143457
129,0.4305555555555555,52.14245605714352
129,0.4444444444444444,-6.177932044062743
129,0.4583333333333333,30.61491222358771
129,0.4722222222222222,-24.924166029892472
129,0.4861111111111111,11.309779043311615
130,0.0,576.0514999999999
130,0.014925373134328358,-38.190761950902036
130,0.029850746268656716,-26.03210697210948
130,0.04477611940298507,25.99848448086835
130,0.05970149253731343,10.365896607580211
130,0.07462686567164178,24.548358994320786
130,0.08955223880597014,-34.43810500824006
130,0.1044776119402985,-32.87587757648264
130,0.11940298507462686,3.655470415768825
130,0.13432835820895522,18.033713999613326
130,0.14925373134328357,-0.16124122207212466
130,0.16417910447761194,18.769682859653145
130,0.1791044776119403,18.988915837218258
130,0.19402985074626866,-4.829249362581246
130,0.208955223880597,7.5327567305265255
130,0.22388059701492538,10.950778736603498
130,0.23880597014925373,-49.01595571628789
130,0.2537313432835821,-21.116960746246185
130,0.26865671641791045,-12.843833058165867
130,0.2835820895522388,-11.649136560899164
130,0.29850746268656714,-11.383634006704376
130,0.31343283582089554,-46.56167259897869
130,0.3283582089552239,-40.35458879867613
130,0.34328358208955223,-2.426409119052341
130,0.3582089552238806,15.767590895980941
130,0.3731343283582089,-8.817442292085156
130,0.3880597014925373,-3.2005105352049137
130,0.40298507462686567,15.58854104478095
130,0.417910447761194,-6.856277880033399
130,0.43283582089552236,-26.084802774912426
130,0.44776119402985076,3.964435614885945
130,0.4626865671641791,68.97492516404333
130,0.47761194029850745,-67.0010549920062
130,0.4925373134328358,34.30276978979596
131,0.0,629.3795
131,0.014705882352941176,-16.86414242421883
131,0.029411764705882353,-19.657310701761926
131,0.044117647058823525,33.476754123432336
131,0.058823529411764705,-25.486109336930888
131,0.07352941176470588,-47.25540314738583
131,0.08823529411764705,50.31701802000131
131,0.10294117647058823,4.545419712851274
131,0.11764705882352941,-7.505400038249967
131,0.1323529411764706,-9.29004295085854
131,0.14705882352941177,-39.49320129081131
131,0.16176470588235295,-38.23253285624737
131,0.1764705882352941,-41.79130688797798
131,0.19117647058823528,8.65502776522468
131,0.20588235294117646,-8.697289382849041
131,0.22058823529411764,36.941088641577096
131,0.23529411764705882,-46.75638567317267
131,0.25,20.77789999999999
131,0.2647058823529412,-20.042147248273352
131,0.27941176470588236,-32.65070139589953
131,0.29411764705882354,20.54773361784362
131,0.3088235294117647,-40.845872558436284
131,0.3235294117647059,5.84472526603604
131,0.3382352941176471,11.952492876497502
131,0.3529411764705882,-43.82245338008999
131,0.3676470588235294,15.573511062697337
131,0.38235294117647056,20.366059765089975
131,0.39705882352941174,-49.303926868633255
131,0.4117647058823529,-13.508143714593789
131,0.4264705882352941,15.26868967090155
131,0.4411764705882353,4.122695572568269
131,0.45588235294117646,15.495158044885335
131,0.47058823529411764,36.08591541317162
131,0.4852941176470588,35.473480303612476
132,0.0,541.0283000000001
132,0.01694915254237288,12.588248663333523
132,0.03389830508474576,4.364813542883972
132,0.05084745762711865,20.040141212176334
132,0.06779661016949153,-0.04391516065981804
132,0.0847457627118644,-71.5631458440249
132,0.1016949152542373,-2.6795955789013917
132,0.11864406779661017,-28.94503091337318
132,0.13559322033898305,1.4593629298127162
132,0.15254237288135594,1.1277218582132171
132,0.1694915254237288,-44.58956353912191
132,0.1864406779661017,-33.32783117355089
132,0.2033898305084746,-15.362836808630762
132,0.22033898305084745,7.227267909503675
132,0.23728813559322035,-0.3777174426977403
132,0.2542372881355932,2.17248393271478
132,0.2711864406779661,-69.17234395177117
132,0.288135593220339,9.273930210660707
132,0.3050847457627119,-8.455311328887886
132,0.3220338983050847,-31.237840624813295
132,0.3389830508474576,10.886864188345799
132,0.3559322033898305,9.577844569839682
132,0.3728813559322034,10.256089974937652
132,0.3898305084745763,19.491849313838195
132,0.4067796610169492,7.94382992175742
132,0.423728813559322,-15.50966667533691
132,0.4406779661016949,48.65843002718213
132,0.4576271186440678,-2.766438996059709
132,0.4745762711864407,-3.6302558026146636
132,0.4915254237288136,2.502865585244684
133,0.0,843.6374
133,0.010309278350515464,-22.954513815183454
133,0.020618556701030927,-24.143989035570428
133,0.030927835051546393,-33.108502777394506
133,0.041237113402061855,21.404453890276017
133,0.05154639175257732,-7.5453696654615925
133,0.061855670103092786,32.326536660931204
133,0.07216494845360824,-22.57667712342106
133,0.08247422680412371,-19.69246713254136
133,0.09278350515463918,18.8646682227916
133,0.10309278350515463,18.049214963507424
133,0.1134020618556701,4.421353372338771
133,0.12371134020618557,13.846997075271691
133,0.13402061855670103,-26.974066083862052
133,0.14432989690721648,11.852822133382706
133,0.15463917525773196,-26.81473766241989
133,0.16494845360824742,21.155837684930198
133,0.17525773195876287,15.46208503998551
133,0.18556701030927836,-24.0054229436324
133,0.1958762886597938,-66.78843402362233
133,0.20618556701030927,-17.355164743245744
133,0.21649484536082475,7.510496872014956
133,0.2268041237113402,-27.058439561764757
133,0.23711340206185566,-25.539075132248815
133,0.24742268041237114,-45.79039519592496
133,0.25773195876288657,5.695721721006507
133,0.26804123711340205,26.703323953430996
133,0.27835051546391754,54.53517207633848
133,0.28865979381443296,-32.833725386967906
133,0.29896907216494845,-25.911493673485012
133,0.30927835051546393,-3.1769479335910322
133,0.31958762886597936,27.768736194922433
133,0.32989690721649484,4.898322877320481
133,0.3402061855670103,28.461432539613277
133,0.35051546391752575,-33.26982141702682
133,0.36082474226804123,-34.23533244383805
133,0.3711340206185567,15.894606033925735
133,0.38144329896907214,13.972738595788481
133,0.3917525773195876,-8.815549344501392
133,0.4020618556701031,8.584843062040663
133,0.41237113402061853,47.855204066689545
133,0.422680412371134,-24.17766874170423
133,0.4329896907216495,-23.903597139669227
133,0.44329896907216493,-0.9866103535117894
133,0.4536082474226804,33.66101837422813
133,0.4639175257731959,-16.60348631520825
133,0.4742268041237113,3.8539690915808444
133,0.4845360824742268,-56.80014077534781
133,0.4948453608247423,-25.99142608117148
134,0.0,494.31039999999996
134,0.015384615384615385,12.018924621783107
134,0.03076923076923077,-6.6853025284254395
134,0.046153846153846156,-10.907889422422961
134,0.06153846153846154,-48.77855140021409
134,0.07692307692307693,8.045558374312517
134,0.09230769230769231,-8.559728729364029
134,0.1076923076923077,35.286940395045335
134,0.12307692307692308,38.267250095714616
134,0.13846153846153847,7.713232468583662
134,0.15384615384615385,-75.29583550844188
134,0.16923076923076924,-16.465199490539817
134,0.18461538461538463,-2.854866765670767
134,0.2,-27.751752235998794
134,0.2153846153846154,47.896742953917155
134,0.23076923076923078,-16.25327207658681
134,0.24615384615384617,-17.201408279216473
134,0.26153846153846155,-30.7535461148699
134,0.27692307692307694,-28.375718250153355
134,0.2923076923076923,8.674430475332954
134,0.3076923076923077,16.35546434167845
134,0.3230769230769231,-7.583615329880617
134,0.3384615384615385,-11.201283956288156
134,0.35384615384615387,22.64822755069961
134,0.36923076923076925,-40.82899026974487
134,0.38461538461538464,-42.997433364109725
134,0.4,11.940802235998817
134,0.4153846153846154,35.879173953388374
134,0.4307692307692308,40.73148541471391
134,0.4461538461538462,-12.633100073284828
134,0.46153846153846156,9.582218233147474
134,0.47692307692307695,-34.58865597854748
134,0.49230769230769234,19.174498659444147
135,0.0,572.1349
135,0.013333333333333334,28.21397050680006
135,0.02666666666666667,16.954489693712866
135,0.04,-15.302250182985171
135,0.05333333333333334,23.63708269702164
135,0.06666666666666667,6.132505395999175
135,0.08,0.010609069245305136
135,0.09333333333333334,-7.842884294583688
135,0.10666666666666667,-0.6893506268248544
135,0.12000000000000001,-28.76598438007235
135,0.13333333333333333,-33.43534222801959
135,0.14666666666666667,-15.518397905684811
135,0.16,-17.11108098235618
135,0.17333333333333334,17.636842737393494
135,0.18666666666666668,1.5138975209192118
135,0.2,-16.60849893821325
135,0.21333333333333335,7.434159666232455
135,0.22666666666666668,-27.18488984677855
135,0.24000000000000002,-5.324646849269315
135,0.25333333333333335,-47.148806235279
135,0.26666666666666666,-24.36606197458822
135,0.28,6.494127197597624
135,0.29333333333333333,-17.447577510953238
135,0.3066666666666667,-11.667994038567723
135,0.32,17.681110947109346
135,0.33333333333333337,4.492150000000009
135,0.3466666666666667,30.725451738936535
135,0.36000000000000004,-40.86259227864977
135,0.37333333333333335,-5.476372444391942
135,0.3866666666666667,21.851801269018278
135,0.4,-20.566451061786744
135,0.4133333333333334,-6.477486250689292
135,0.4266666666666667,-3.8678418145920648
135,0.44,-27.976897938399357
135,0.45333333333333337,-15.28875108286237
135,0.4666666666666667,18.443748806608628
135,0.48000000000000004,21.897605397779873
135,0.49333333333333335,20.113156221172993
136,0.0,783.3511000000001
136,0.012195121951219513,9.664774322320456
136,0.024390243902439025,-14.893048032791196
136,0.03658536585365854,10.48778491791011
136,0.04878048780487805,11.732471260759263
136,0.06097560975609756,-25.90533526749141
136,0.07317073170731708,10.279005795709457
136,0.08536585365853659,10.075689971892979
136,0.0975609756097561,2.2383126687954764
136,0.10975609756097561,-83.54432722454033
136,0.12195121951219512,-34.05104255485644
136,0.13414634146341464,-10.1511384131304
136,0.14634146341463417,46.97013996635786
136,0.15853658536585366,-36.87454323362467
136,0.17073170731707318,-39.97580464370794
136,0.18292682926829268,-7.3117300418203826
136,0.1951219512195122,-20.614072440852873
136,0.20731707317073172,8.10599933947282
136,0.21951219512195122,-29.541065666968557
136,0.23170731707317074,-43.633323375110756
136,0.24390243902439024,-2.3852096551733855
136,0.25609756097560976,-31.02973177966603
136,0.2682926829268293,44.37498463707565
136,0.2804878048780488,27.207866677004233
136,0.29268292682926833,45.58794589711373
136,0.3048780487804878,2.516444186411947
136,0.3170731707317073,-48.09192666318825
136,0.32926829268292684,24.85547028276232
136,0.34146341463414637,42.1828719624878
136,0.3536585365853659,-78.87764938991864
136,0.36585365853658536,25.667347609671655
136,0.3780487804878049,-54.31637824330852
136,0.3902439024390244,5.139936892436353
136,0.4024390243902439,-40.55056721205368
136,0.41463414634146345,25.43576747867197
136,0.4268292682926829,-6.332031076899236
136,0.43902439024390244,15.863099281232024
136,0.45121951219512196,20.708414754292583
136,0.4634146341463415,-12.222872236115348
136,0.475609756097561,6.185660805496251
136,0.4878048780487805,0.06780844334249814
137,0.0,539.8478
137,0.016129032258064516,23.928152355192275
137,0.03225806451612903,-35.7386801498138
137,0.04838709677419355,-25.23239811664472
137,0.06451612903225806,-20.85407024177388
137,0.08064516129032258,9.414357710179301
137,0.0967741935483871,44.17653844684067
137,0.11290322580645161,-0.5152113610438143
137,0.12903225806451613,-2.081732277788876
137,0.14516129032258063,-8.711056339479066
137,0.16129032258064516,-52.493664972888574
137,0.1774193548387097,-13.893436740184557
137,0.1935483870967742,-7.933695130899518
137,0.2096774193548387,-2.4835120687155356
137,0.22580645161290322,-21.1942979423222
137,0.24193548387096775,-30.339407542945278
137,0.25806451612903225,-0.6603059205468895
137,0.27419354838709675,-0.8251222624241041
137,0.29032258064516125,13.43930839884724
137,0.3064516129032258,-0.7692058891548585
137,0.3225806451612903,21.015971007630696
137,0.3387096774193548,-8.733570643416705
137,0.3548387096774194,-7.130773772376793
137,0.3709677419354839,-12.498516904664708
137,0.3870967741935484,-18.293520422839215
137,0.4032258064516129,-38.7774395263347
137,0.4193548387096774,11.696846176633281
137,0.43548387096774194,26.149700428087062
137,0.45161290322580644,33.05949773500318
137,0.46774193548387094,-4.768333098450684
137,0.4838709677419355,-21.227720933705385
138,0.0,636.1572
138,0.016129032258064516,-15.414551990947428
138,0.03225806451612903,-46.53863224221203
138,0.04838709677419355,-3.887310772687112
138,0.06451612903225806,-28.146792282321982
138,0.08064516129032258,6.319608361831367
138,0.0967741935483871,-6.956406732492973
138,0.11290322580645161,17.691785072879156
138,0.12903225806451613,-14.203351331350163
138,0.14516129032258063,0.9436381617148708
138,0.16129032258064516,26.02667320076544
138,0.1774193548387097,-39.02270266347651
138,0.1935483870967742,-4.917372422671764
138,0.2096774193548387,-22.610797117541985
138,0.22580645161290322,-10.612758398249673
138,0.24193548387096775,-21.372848473009462
138,0.25806451612903225,-21.167187953021582
138,0.27419354838709675,28.855471207125767
138,0.29032258064516125,-17.095212555013937
138,0.3064516129032258,13.015560552117574
138,0.3225806451612903,-8.062038480700792
138,0.3387096774193548,-7.583129717227511
138,0.3548387096774194,-6.104445929447637
138,0.3709677419354839,-20.882661257657034
138,0.3870967741935484,-3.0889126789587227
138,0.4032258064516129,4.609959401278034
138,0.4193548387096774,22.190194471371573
138,0.43548387096774194,-26.278774692051627
138,0.45161290322580644,23.571428242270596
138,0.46774193548387094,11.878453927651801
138,0.4838709677419355,23.28091509203358
139,0.0,603.1863000000001
139,0.015873015873015872,15.270227813506935
139,0.031746031746031744,-25.52547632532256
139,0.047619047619047616,-2.373692591333672
139,0.06349206349206349,-10.99439331698584
139,0.07936507936507936,44.06263207859839
139,0.09523809523809523,-29.641055104802355
139,0.1111111111111111,16.975545705825645
139,0.12698412698412698,-24.283636125033112
139,0.14285714285714285,-23.59875891345343
139,0.15873015873015872,-45.228499940265486
139,0.1746031746031746,-69.74627183298679
139,0.19047619047619047,4.853162878106981
139,0.20634920634920634,2.5487967834397978
139,0.2222222222222222,45.54454184003588
139,0.23809523809523808,-13.98148687752739
139,0.25396825396825395,-27.47483489639845
139,0.2698412698412698,-12.844165541819148
139,0.2857142857142857,0.24263351551289603
139,0.30158730158730157,-13.42318494504863
139,0.31746031746031744,-46.21539323610059
139,0.3333333333333333,5.905200000000008
139,0.3492063492063492,-16.510095885996442
139,0.36507936507936506,11.959302183908816
139,0.38095238095238093,-12.91725520590323
139,0.3968253968253968,21.07898721049583
139,0.4126984126984127,25.94657691954486
139,0.42857142857142855,8.262825397940558
139,0.4444444444444444,-8.645487545861513
139,0.4603174603174603,11.345901329895579
139,0.47619047619047616,-10.501023098540294
139,0.49206349206349204,-3.7739722734330883
140,0.0,668.8185
140,0.011904761904761904,13.262760223969465
140,0.023809523809523808,-57.95836511292348
140,0.03571428571428571,-6.114455264868358
140,0.047619047619047616,21.564395995805384
140,0.05952380952380952,15.199077424873678
140,0.07142857142857142,-21.525163886645693
140,0.08333333333333333,-39.50721373080687
140,0.09523809523809523,39.886979365715234
140,0.10714285714285714,43.66455634284522
140,0.11904761904761904,3.1055107412353777
140,0.13095238095238093,7.423469609492305
140,0.14285714285714285,-37.76661109646194
140,0.15476190476190477,-34.071895830603914
140,0.16666666666666666,11.15694999999998
140,0.17857142857142855,34.462118643898464
140,0.19047619047619047,4.747603403150958
140,0.20238095238095238,15.745556905592228
140,0.21428571428571427,-12.529345951449102
140,0.22619047619047616,-17.367154592830737
140,0.23809523809523808,-3.1253878871784675
140,0.25,-4.842199999999991
140,0.26190476190476186,-7.057244007269844
140,0.2738095238095238,33.45012646936676
140,0.2857142857142857,-7.455070948848728
140,0.2976190476190476,-11.204741554947102
140,0.30952380952380953,-11.806004499274621
140,0.3214285714285714,-22.377118821492346
140,0.3333333333333333,6.6331500000000005
140,0.34523809523809523,33.88928269579109
140,0.3571428571428571,-12.812590161905192
140,0.369047619047619,12.525604892893814
140,0.38095238095238093,-25.82750519865977
140,0.39285714285714285,10.342397039162499
140,0.40476190476190477,-9.344862756269755
140,0.41666666666666663,-22.753086269193115
140,0.42857142857142855,-55.59721795468932
140,0.44047619047619047,-67.95716013977865
140,0.45238095238095233,-32.46178436549768
140,0.46428571428571425,28.763902060454516
140,0.47619047619047616,-27.402635678833313
140,0.4880952380952381,18.93697389618105
141,0.0,718.9106999999999
141,0.012987012987012988,-47.713387171552796
141,0.025974025974025976,-8.652265369722969
141,0.03896103896103896,-9.465037160730272
141,0.05194805194805195,22.004142896888265
141,0.06493506493506494,-10.779690906624001
141,0.07792207792207792,-1.610184911271352
141,0.09090909090909091,23.717995052093844
141,0.1038961038961039,-1.3261571135433066
141,0.1168831168831169,-3.394834148368817
141,0.12987012987012989,-3.7479069992987384
141,0.14285714285714288,1.3439468175595266
141,0.15584415584415584,-26.924871914560327
141,0.16883116883116883,18.31751288115155
141,0.18181818181818182,-49.319350803694576
141,0.19480519480519481,-1.4549714647820657
141,0.2077922077922078,-18.235807636849117
141,0.2207792207792208,19.344428890836316
141,0.2337662337662338,15.685491011187052
141,0.24675324675324678,-5.145946867034815
141,0.25974025974025977,3.603884444901567
141,0.27272727272727276,7.30908007977229
141,0.28571428571428575,-52.57441848374218
141,0.29870129870129875,-33.24514401857083
141,0.3116883116883117,-80.00880730711651
141,0.3246753246753247,5.294695030654446
141,0.33766233766233766,8.797797919810124
141,0.35064935064935066,6.924192918870291
141,0.36363636363636365,5.028270400788756
141,0.37662337662337664,26.677245808643367
141,0.38961038961038963,-33.72278201413907
141,0.4025974025974026,11.904294494016813
141,0.4155844155844156,15.755513544583806
141,0.4285714285714286,23.30177166618271
141,0.4415584415584416,-28.431932403609252
141,0.4545454545454546,8.027355271039706
141,0.4675324675324676,-3.653506688096396
141,0.48051948051948057,-25.970138479617706
141,0.49350649350649356,6.997372733944909
142,0.0,567.3399000000001
142,0.015384615384615385,14.947809281910251
142,0.03076923076923077,23.839498822586453
142,0.046153846153846156,-18.28929462300148
142,0.06153846153846154,-23.436085827969436
142,0.07692307692307693,-6.565830997239765
142,0.09230769230769231,-25.03759670296403
142,0.1076923076923077,-17.599407460452056
142,0.12307692307692308,-18.923809873258378
142,0.13846153846153847,28.535084261376078
142,0.15384615384615385,-0.24716972331311737
142,0.16923076923076924,-11.550815282254952
142,0.18461538461538463,11.059049022095245
142,0.2,-23.591294612149795
142,0.2153846153846154,24.604574619577704
142,0.23076923076923078,15.49782285386954
142,0.24615384615384617,-20.338397196658963
142,0.26153846153846155,-6.895773084644645
142,0.27692307692307694,-14.34905584012512
142,0.2923076923076923,-35.42652994986223
142,0.3076923076923077,19.477571298736596
142,0.3230769230769231,-27.004985913173638
142,0.3384615384615385,13.063865113023668
142,0.35384615384615387,-16.784614452928587
142,0.36923076923076925,-24.684613347425064
142,0.38461538461538464,-29.140249742889388
142,0.4,5.119594612149768
142,0.4153846153846154,-14.973640077922864
142,0.4307692307692308,-11.458978479290446
142,0.4461538461538462,20.210047132609247
142,0.46153846153846156,-5.4488936891638655
142,0.47692307692307695,-8.828461001238939
142,0.49230769230769234,22.204630859992296
143,0.0,622.4681
143,0.013513513513513514,3.859894066467808
143,0.02702702702702703,-13.389440043875608
143,0.04054054054054054,-1.1804781845280132
143,0.05405405405405406,-0.7699084002292986
143,0.06756756756756757,-1.4931475251431658
143,0.08108108108108109,-13.955946186391378
143,0.0945945945945946,-27.135595461565305
143,0.10810810810810811,-50.59255474559479
143,0.12162162162162163,28.700664628461496
143,0.13513513513513514,-15.457940392894539
143,0.14864864864864866,-23.660184572357515
143,0.16216216216216217,13.483836811433168
143,0.17567567567567569,27.15152484301214
143,0.1891891891891892,11.351505275752121
143,0.20270270270270271,-62.326357141911465
143,0.21621621621621623,-8.613409251582897
143,0.22972972972972974,-1.2467851803306331
143,0.24324324324324326,18.206934543624346
143,0.2567567567567568,-17.50245991090169
143,0.2702702702702703,29.164882632749972
143,0.28378378378378377,3.447506080540551
143,0.2972972972972973,38.87351132155181
143,0.31081081081081086,14.297824494865264
143,0.32432432432432434,-23.31597840775153
143,0.33783783783783783,-38.77341642707562
143,0.35135135135135137,38.56425740983289
143,0.3648648648648649,-21.292229013922327
143,0.3783783783783784,-30.26824389176717
143,0.3918918918918919,-26.931308223577183
143,0.40540540540540543,-17.29966577363378
143,0.41891891891891897,-19.570373192079646
143,0.43243243243243246,6.842230285336947
143,0.44594594594594594,12.87170645581697
143,0.4594594594594595,-16.35520873181281
143,0.472972972972973,14.310164264228375
143,0.4864864864864865,13.013487545252582
144,0.0,566.8189
144,0.015625,-7.096296088747614
144,0.03125,-7.7935274497037135
144,0.046875,33.80656876883466
144,0.0625,23.826795533489474
144,0.078125,1.236165128773699
144,0.09375,-2.5937441685246547
144,0.109375,-34.37884249243025
144,0.125,-23.035922404990018
144,0.140625,8.144380579070642
144,0.15625,-2.743817032850032
144,0.171875,-30.459935187047233
144,0.1875,-16.600408771827304
144,0.203125,-57.17057126938212
144,0.21875,0.5131349479467886
144,0.234375,-25.546854995794256
144,0.25,21.062700000000007
144,0.265625,-27.702424283547074
144,0.28125,-13.636637259528229
144,0.296875,-32.10016016094589
144,0.3125,-5.221194957515179
144,0.328125,9.447000985767563
144,0.34375,-26.32979578272134
144,0.359375,20.68026458497952
144,0.375,28.72712240499
144,0.390625,5.708012469447105
144,0.40625,47.1442214478205
144,0.421875,-38.785190163498974
144,0.4375,-22.217991804147005
144,0.453125,22.462336891394948
144,0.46875,-22.680634702439317
144,0.484375,-7.487654766874712
145,0.0,633.3610000000001
145,0.0136986301369863,-0.26090841716172974
145,0.0273972602739726,-2.4021606304251364
145,0.0410958904109589,50.929100727380174
145,0.0547945205479452,-50.5579654912819
145,0.0684931506849315,-2.478044113286188
145,0.0821917808219178,11.632884111570096
145,0.0958904109589041,-2.5735321516541987
145,0.1095890410958904,-17.57691510240417
145,0.1232876712328767,-22.12796301923448
145,0.136986301369863,-0.9398100664759959
145,0.1506849315068493,-3.2227777675104896
145,0.1643835616438356,-1.4525603666475426
145,0.1780821917808219,-83.46986765712177
145,0.1917808219178082,0.09556319299143112
145,0.2054794520547945,-12.063224407762299
145,0.2191780821917808,12.97170646755443
145,0.2328767123287671,-30.590612675832
145,0.2465753424657534,5.013341208098929
145,0.2602739726027397,-46.84221401930771
145,0.273972602739726,23.423707528948896
145,0.2876712328767123,10.333124741333446
145,0.3013698630136986,23.636097658370897
145,0.3150684931506849,5.358303097601372
145,0.3287671232876712,0.3753091969412665
145,0.3424657534246575,0.5898466192714631
145,0.3561643835616438,-52.94912499309948
145,0.3698630136986301,-71.26081740355616
145,0.3835616438356164,-27.712967154654997
145,0.3972602739726027,-41.01971966886203
145,0.410958904109589,35.481682771126145
145,0.4246575342465753,72.58261199761074
145,0.4383561643835616,24.567253829813165
145,0.4520547945205479,19.486674201183572
145,0.4657534246575342,33.537363976861705
145,0.4794520547945205,-65.80342000277038
145,0.4931506849315068,25.236333782391007
146,0.0,473.72229999999996
146,0.018867924528301886,-10.740286457034784
146,0.03773584905660377,-0.7705100496781938
146,0.05660377358490566,-18.44652853843965
146,0.07547169811320754,-12.646213796645455
146,0.09433962264150943,0.5874683684770687
146,0.11320754716981132,-10.76601831541404
146,0.1320754716981132,18.739322430861954
146,0.1509433962264151,-29.49676943761678
146,0.16981132075471697,24.87520875491964
146,0.18867924528301885,-49.42475883446785
146,0.20754716981132074,-7.5865100861765455
146,0.22641509433962265,17.326083592918856
146,0.24528301886792453,18.91894608992163
146,0.2641509433962264,-9.121591308429704
146,0.2830188679245283,0.642898502658027
146,0.3018867924528302,-34.977631359037176
146,0.32075471698113206,-20.167455070269373
146,0.33962264150943394,-8.992801709009164
146,0.3584905660377358,11.008088318309628
146,0.3773584905660377,-6.0203124381596815
146,0.3962264150943396,-17.40335979044723
146,0.4150943396226415,-5.209137582831677
146,0.43396226415094336,-11.18459406926933
146,0.4528301886792453,26.218581558042786
146,0.4716981132075472,2.8027618034915442
146,0.49056603773584906,-5.831230576674381
147,0.0,320.8112
147,0.02564102564102564,10.49770626866653
147,0.05128205128205128,-24.691706687708354
147,0.07692307692307693,-10.86663410230667
147,0.10256410256410256,-2.4718151878093977
147,0.1282051282051282,-23.81079662185843
147,0.15384615384615385,10.81830390227763
147,0.1794871794871795,20.718010853090377
147,0.20512820512820512,-7.3004233463785235
147,0.23076923076923075,0.9218294770935018
147,0.2564102564102564,-25.682995542308298
147,0.28205128205128205,-10.51653208562854
147,0.3076923076923077,-0.24307892244189233
147,0.3333333333333333,-2.9525500000000022
147,0.358974358974359,-18.280795051091424
147,0.3846153846153846,-11.556680785318541
147,0.41025641025641024,18.982540300927354
147,0.4358974358974359,-1.2393157891450994
147,0.4615384615384615,1.187410430695956
147,0.48717948717948717,-4.652527110756241
148,0.0,443.37000000000006
148,0.021739130434782608,-10.450573065366616
148,0.043478260869565216,-6.061041597753036
148,0.06521739130434782,-24.7388779484626
148,0.08695652173913043,16.409435000552453
148,0.10869565217391304,-9.183180301077593
148,0.13043478260869565,-4.324783108692127
148,0.15217391304347827,-14.37461895417109
148,0.17391304347826086,1.3699389598150944
148,0.19565217391304346,-2.245062675245152
148,0.21739130434782608,-1.3243450743385692
148,0.2391304347826087,-50.793586406641126
148,0.2608695652173913,-31.904102113156256
148,0.2826086956521739,-6.899149150593838
148,0.30434782608695654,1.4153976375299433
148,0.32608695652173914,24.252034544478306
148,0.34782608695652173,-28.421327271802298
148,0.3695652173913043,-51.48334627104249
148,0.3913043478260869,-8.649328482405599
148,0.41304347826086957,34.118678778430336
148,0.43478260869565216,1.0650734473873982
148,0.45652173913043476,12.563431449691844
148,0.4782608695652174,44.91323260286302
149,0.0,590.4466
149,0.014925373134328358,6.978211410677645
149,0.029850746268656716,-44.78652015843085
149,0.04477611940298507,29.57341796822607
149,0.05970149253731343,34.03265919403991
149,0.07462686567164178,-44.73720716708125
149,0.08955223880597014,-44.997897270873054
149,0.1044776119402985,4.606485054771694
149,0.11940298507462686,6.0987536852148905
149,0.13432835820895522,31.168864954281787
149,0.14925373134328357,6.003525295531389
149,0.16417910447761194,-13.246779073868122
149,0.1791044776119403,-16.96176472462254
149,0.19402985074626866,-14.457885290043958
149,0.208955223880597,-37.983048563995496
149,0.22388059701492538,-14.565909337900344
149,0.23880597014925373,3.3137853473432886
149,0.2537313432835821,14.130984614577924
149,0.26865671641791045,-15.64893587158966
149,0.2835820895522388,25.726342180927457
149,0.29850746268656714,-1.9127171138212686
149,0.31343283582089554,-8.537012371228935
149,0.3283582089552239,-17.14779916539267
149,0.34328358208955223,23.388049559912485
149,0.3582089552238806,-37.80243948678026
149,0.3731343283582089,8.742373123615973
149,0.3880597014925373,30.11205906862284
149,0.40298507462686567,-48.68040422021389
149,0.417910447761194,-44.08973864960956
149,0.43283582089552236,-18.641588430466648
149,0.44776119402985076,-2.9282511840747505
149,0.4626865671641791,-24.391828381940776
149,0.47761194029850745,26.561358919110567
149,0.4925373134328358,39.27130608507973
