sid,freq,power
0,0.0,-6.483702463810914e-14
0,0.014925373134328358,1.190238991387574
0,0.029850746268656716,-2.018748197291015
0,0.04477611940298507,-11.678471563179482
0,0.05970149253731343,4.484737702311069
0,0.07462686567164178,1.1478342941381932
0,0.08955223880597014,-4.94707626500308
0,0.1044776119402985,-8.112839058409039
0,0.11940298507462686,2.159847901484423
0,0.13432835820895522,-0.09303952157873319
0,0.14925373134328357,-3.328606015643472
0,0.16417910447761194,-6.027366508111658
0,0.1791044776119403,5.114154187214856
0,0.19402985074626866,-1.5046955850378743
0,0.208955223880597,3.9967942282167783
0,0.22388059701492538,-7.782980660260071
0,0.23880597014925373,-2.0390684083326267
0,0.2537313432835821,-7.086238545490016
0,0.26865671641791045,-0.2122780882130828
0,0.2835820895522388,2.548931540901259
0,0.29850746268656714,-10.412959933973935
0,0.31343283582089554,-6.724651889713865
0,0.3283582089552239,-5.751092747318566
0,0.34328358208955223,3.13871428172966
0,0.3582089552238806,8.53970485926117
0,0.3731343283582089,-3.994671516482576
0,0.3880597014925373,2.4965307895634243
0,0.40298507462686567,12.134719076263696
0,0.417910447761194,-0.5173319392459819
0,0.43283582089552236,-5.699832637380545
0,0.44776119402985076,1.6306928306176056
0,0.4626865671641791,1.5214834665402044
0,0.47761194029850745,2.8502853661989067
0,0.4925373134328358,-3.7167417183209106
1,0.0,8.881784197001252e-16
1,0.014705882352941176,-3.5905645488757143
1,0.029411764705882353,5.783140081405855
1,0.044117647058823525,0.6708797804269735
1,0.058823529411764705,-8.96862738985802
1,0.07352941176470588,-1.5394041628622714
1,0.08823529411764705,6.210794888931507
1,0.10294117647058823,2.3107713685127163
1,0.11764705882352941,-4.8099094523091495
1,0.1323529411764706,-6.934888515447609
1,0.14705882352941177,-4.075636695377085
1,0.16176470588235295,1.4248215860766624
1,0.1764705882352941,0.08989263365255162
1,0.19117647058823528,5.380957694314375
1,0.20588235294117646,2.649902779082258
1,0.22058823529411764,6.742648396393507
1,0.23529411764705882,1.2535136911818707
1,0.25,-1.042584746290287
1,0.2647058823529412,-8.898577416901773
1,0.27941176470588236,-8.34920116811025
1,0.29411764705882354,-0.08779278296833004
1,0.3088235294117647,2.540280767853642
1,0.3235294117647059,0.10371654638820615
1,0.3382352941176471,-7.148636130009734
1,0.3529411764705882,3.088570301790721
1,0.3676470588235294,-1.675187140246416
1,0.38235294117647056,-17.87065143541703
1,0.39705882352941174,19.33467357063055
1,0.4117647058823529,-8.116376638592383
1,0.4264705882352941,2.8768230520292866
1,0.4411764705882353,-2.70706590722576
1,0.45588235294117646,-7.566247163007462
1,0.47058823529411764,-9.26411723908464
1,0.4852941176470588,2.87346222092829
2,0.0,-1.7763568394002505e-14
2,0.012345679012345678,-7.841659467859474
2,0.024691358024691357,0.5898652208730022
2,0.037037037037037035,5.909789077476404
2,0.04938271604938271,-8.900985850070628
2,0.06172839506172839,2.249563957557725
2,0.07407407407407407,-1.787324537044018
2,0.08641975308641975,-0.923992761514522
2,0.09876543209876543,-7.139249210522567
2,0.1111111111111111,0.8362685004259909
2,0.12345679012345678,2.648482227330826
2,0.13580246913580246,6.143339232631124
2,0.14814814814814814,1.3679197584634082
2,0.16049382716049382,1.3385033792548822
2,0.1728395061728395,-2.785381251115901
2,0.18518518518518517,-2.3726683623630933
2,0.19753086419753085,-4.301934901565308
2,0.20987654320987653,-4.482673504581945
2,0.2222222222222222,-6.523923144956994
2,0.2345679012345679,-1.593385357401833
2,0.24691358024691357,-2.8959252283263086
2,0.25925925925925924,-5.740989437373411
2,0.2716049382716049,3.9112555506352895
2,0.2839506172839506,-3.089222083111811
2,0.2962962962962963,2.466909253180818
2,0.30864197530864196,-8.652448311998874
2,0.32098765432098764,-4.3404010670422934
2,0.3333333333333333,-6.079938064658737
2,0.345679012345679,1.4644085972286471
2,0.35802469135802467,-3.035109495136902
2,0.37037037037037035,-7.6648287309431655
2,0.38271604938271603,8.297148402451974
2,0.3950617283950617,2.0984624041592963
2,0.4074074074074074,-3.1668363922007363
2,0.41975308641975306,3.307576339398968
2,0.43209876543209874,11.240479062934327
2,0.4444444444444444,0.3733413317019716
2,0.4567901234567901,-6.420904426185664
2,0.4691358024691358,-14.875235190289164
2,0.48148148148148145,7.863215509247194
2,0.49382716049382713,5.5098765493345905
3,0.0,7.105427357601002e-15
3,0.011363636363636364,-0.10782534262272758
3,0.022727272727272728,-4.6616677465769865
3,0.03409090909090909,9.405292641217704
3,0.045454545454545456,1.9823608771591754
3,0.05681818181818182,-8.041001648862071
3,0.06818181818181818,2.3538917813568134
3,0.07954545454545454,-2.9931971888033977
3,0.09090909090909091,-6.541291606722964
3,0.10227272727272728,-1.9973204596700809
3,0.11363636363636365,3.1450265247575575
3,0.125,6.306879685845951
3,0.13636363636363635,-8.113237536188173
3,0.14772727272727273,-1.7310555112796742
3,0.1590909090909091,-8.743068536679587
3,0.17045454545454547,1.2586066898062302
3,0.18181818181818182,-5.641513949995472
3,0.19318181818181818,-8.33947286237627
3,0.20454545454545456,-1.4187441207643747
3,0.2159090909090909,5.510255336088386
3,0.2272727272727273,-2.483663657018202
3,0.23863636363636365,3.7103283986404842
3,0.25,1.5129279076982816
3,0.26136363636363635,7.506738555540343
3,0.2727272727272727,-6.495737345468072
3,0.2840909090909091,-8.11868186982206
3,0.29545454545454547,-21.7608682123967
3,0.3068181818181818,-5.167492403508403
3,0.3181818181818182,6.9882982913401825
3,0.32954545454545453,6.171943181725723
3,0.34090909090909094,-8.442455477206728
3,0.3522727272727273,12.114562841921927
3,0.36363636363636365,2.890242418537238
3,0.375,-2.486913511418312
3,0.38636363636363635,-1.4612350882869891
3,0.39772727272727276,-7.1994758963735785
3,0.4090909090909091,8.226322424904403
3,0.42045454545454547,-5.087594274341498
3,0.4318181818181818,-7.934902291717615
3,0.4431818181818182,-4.107813868223141
3,0.4545454545454546,1.9201759802612361
3,0.46590909090909094,11.424550062034266
3,0.4772727272727273,2.6408994192253434
3,0.48863636363636365,-7.809131745563317
4,0.0,-1.3100631690576847e-14
4,0.017543859649122806,2.2541667464515385
4,0.03508771929824561,-0.37526984449771716
4,0.05263157894736842,-1.1354153103174776
4,0.07017543859649122,2.591221360338442
4,0.08771929824561403,-3.0566288675174493
4,0.10526315789473684,-7.457040048535065
4,0.12280701754385964,-0.4680614574453088
4,0.14035087719298245,1.1126918193007747
4,0.15789473684210525,-3.4155073223274535
4,0.17543859649122806,-5.387849578588859
4,0.19298245614035087,3.2466342139863174
4,0.21052631578947367,-9.176671491209227
4,0.22807017543859648,6.269744944656097
4,0.24561403508771928,3.920566317668985
4,0.2631578947368421,-2.6687602709214975
4,0.2807017543859649,-3.5987603111335016
4,0.2982456140350877,5.2659072711226305
4,0.3157894736842105,-10.214380803752231
4,0.3333333333333333,-2.7311397663661947
4,0.3508771929824561,-13.299620784160933
4,0.3684210526315789,-6.016827741757313
4,0.38596491228070173,-4.669893462606195
4,0.40350877192982454,4.079563228259082
4,0.42105263157894735,4.199280009888383
4,0.43859649122807015,-7.125174761855565
4,0.45614035087719296,2.4055022973930176
4,0.47368421052631576,11.125655508274855
4,0.49122807017543857,5.711236334723421
5,0.0,-7.105427357601002e-15
5,0.02040816326530612,-0.7014965956050956
5,0.04081632653061224,3.389883238186438
5,0.061224489795918366,-6.526384982465264
5,0.08163265306122448,9.547864549221648
5,0.1020408163265306,-2.5823865824402708
5,0.12244897959183673,-2.6248201825080777
5,0.14285714285714285,-6.408555237342824
5,0.16326530612244897,4.731714181750654
5,0.18367346938775508,0.11598501962979135
5,0.2040816326530612,3.738727994880451
5,0.22448979591836732,0.30688498442574774
5,0.24489795918367346,-5.518071151120955
5,0.26530612244897955,-0.2670389739824055
5,0.2857142857142857,4.272421739911229
5,0.3061224489795918,3.6082398207411224
5,0.32653061224489793,-6.588559852217729
5,0.3469387755102041,-6.812299362402676
5,0.36734693877551017,3.58284461662723
5,0.3877551020408163,-6.483234687150702
5,0.4081632653061224,-12.86272887467877
5,0.42857142857142855,1.7099520181386945
5,0.44897959183673464,-9.688748879080627
5,0.4693877551020408,3.792179247431477
5,0.4897959183673469,2.5622160702967722
6,0.0,-3.7692071686024065e-14
6,0.009900990099009901,6.493610156227015
6,0.019801980198019802,-11.315532699921274
6,0.0297029702970297,5.436616194299006
6,0.039603960396039604,4.281250241278861
6,0.04950495049504951,-2.1493709067482567
6,0.0594059405940594,3.9679568072572735
6,0.06930693069306931,-5.233303589948584
6,0.07920792079207921,-6.748108137206286
6,0.0891089108910891,-5.13367252016327
6,0.09900990099009901,-1.5402092187836196
6,0.10891089108910891,6.13618781031467
6,0.1188118811881188,-0.0335098136401093
6,0.12871287128712872,-1.3534185906698881
6,0.13861386138613863,-0.9926002237750956
6,0.1485148514851485,5.169450570619455
6,0.15841584158415842,-3.5137753830453824
6,0.16831683168316833,-5.027421827542488
6,0.1782178217821782,1.1191596381357578
6,0.18811881188118812,-7.595619252654997
6,0.19801980198019803,-8.440055067489741
6,0.2079207920792079,4.729776141773934
6,0.21782178217821782,11.148063199434578
6,0.22772277227722773,-3.227159496403024
6,0.2376237623762376,1.9901093856916356
6,0.24752475247524752,1.158561559535948
6,0.25742574257425743,-5.105241813014308
6,0.26732673267326734,-12.664334819927388
6,0.27722772277227725,6.174699789708215
6,0.2871287128712871,-0.9167816926655961
6,0.297029702970297,-5.742916343837829
6,0.3069306930693069,-13.044492433187003
6,0.31683168316831684,-2.9771768871543727
6,0.32673267326732675,-7.956937192357977
6,0.33663366336633666,-9.410630857347282
6,0.34653465346534656,-4.507193636591939
6,0.3564356435643564,13.691691697533587
6,0.36633663366336633,2.502072451907751
6,0.37623762376237624,0.5891153500860762
6,0.38613861386138615,4.476754734711575
6,0.39603960396039606,-2.2827362105430904
6,0.40594059405940597,-3.5720310333663927
6,0.4158415841584158,0.0462057044116857
6,0.42574257425742573,2.397058476316152
6,0.43564356435643564,10.863034909673646
6,0.44554455445544555,-1.732689128905355
6,0.45544554455445546,-18.369970064587022
6,0.46534653465346537,-8.680349907858155
6,0.4752475247524752,23.010096013047878
6,0.48514851485148514,0.5890201671731129
6,0.49504950495049505,-8.800178312159927
7,0.0,-6.439293542825908e-15
7,0.016666666666666666,4.255131854592327
7,0.03333333333333333,2.153168010479706
7,0.05,-4.562634996585574
7,0.06666666666666667,-3.6569868610289022
7,0.08333333333333333,1.315060301989619
7,0.1,-1.1868682896692775
7,0.11666666666666667,-7.941868731620888
7,0.13333333333333333,-5.732473496679457
7,0.15,3.6174831484218855
7,0.16666666666666666,-2.8610807729908365
7,0.18333333333333332,-7.543107629237789
7,0.2,-4.738270715568886
7,0.21666666666666667,7.507281008973512
7,0.23333333333333334,3.234550002390763
7,0.25,-5.647117074480041
7,0.26666666666666666,5.734261702493328
7,0.2833333333333333,-5.41710549769073
7,0.3,-7.513553788590906
7,0.31666666666666665,7.276068335997588
7,0.3333333333333333,-5.80061088922359
7,0.35,-5.4996698623410145
7,0.36666666666666664,-3.7802926777104253
7,0.3833333333333333,-1.8696740861863543
7,0.4,-8.09162923486795
7,0.4166666666666667,1.5894325856898668
7,0.43333333333333335,2.340811763454039
7,0.45,1.9996518189887698
7,0.4666666666666667,13.79873717849524
7,0.48333333333333334,-4.624092775932479
8,0.0,-1.3322676295501878e-14
8,0.015151515151515152,-9.104485810294136
8,0.030303030303030304,3.2701219439088165
8,0.045454545454545456,-12.733452485921342
8,0.06060606060606061,0.8020311041424615
8,0.07575757575757576,4.010656488303971
8,0.09090909090909091,-5.114885270401766
8,0.10606060606060606,-7.3719573912765295
8,0.12121212121212122,2.4060034931736087
8,0.13636363636363635,-6.735918803106133
8,0.15151515151515152,-10.879556067786861
8,0.16666666666666669,8.863050067627496
8,0.18181818181818182,0.6158545021057968
8,0.19696969696969696,-2.0919458161913678
8,0.21212121212121213,-4.420928404275893
8,0.2272727272727273,-6.2191313791796565
8,0.24242424242424243,8.601110282557825
8,0.25757575757575757,-7.4724587774103695
8,0.2727272727272727,-3.209123236891384
8,0.2878787878787879,0.7633815701498767
8,0.30303030303030304,6.950298095050748
8,0.3181818181818182,3.365564548352772
8,0.33333333333333337,6.569767976362018
8,0.3484848484848485,3.1088434329304517
8,0.36363636363636365,-12.858140100290298
8,0.3787878787878788,1.46582000971457
8,0.3939393939393939,-3.1412859659525574
8,0.4090909090909091,3.7788629203487596
8,0.42424242424242425,-1.2616202326353674
8,0.4393939393939394,0.10667268245970146
8,0.4545454545454546,3.8728631642812505
8,0.4696969696969697,1.6246317415484155
8,0.48484848484848486,-3.8904214288239016
9,0.0,2.5757174171303632e-14
9,0.012987012987012988,4.818781561956645
9,0.025974025974025976,-7.207492567024272
9,0.03896103896103896,-7.041625495194864
9,0.05194805194805195,-5.421958450558751
9,0.06493506493506494,-6.764075576687882
9,0.07792207792207792,8.630184142317619
9,0.09090909090909091,3.115933392099893
9,0.1038961038961039,-1.3106031322587508
9,0.1168831168831169,-1.9715048872194143
9,0.12987012987012989,-7.983595237276477
9,0.14285714285714288,4.2002925556332915
9,0.15584415584415584,1.1091082510561834
9,0.16883116883116883,-2.3235126633375125
9,0.18181818181818182,-5.243676455655328
9,0.19480519480519481,6.7250591575436784
9,0.2077922077922078,4.481064107579444
9,0.2207792207792208,-2.481360576057264
9,0.2337662337662338,3.224769508135152
9,0.24675324675324678,0.7027164434020796
9,0.25974025974025977,-1.5253623675967025
9,0.27272727272727276,-3.507302773409835
9,0.28571428571428575,-7.727899650813953
9,0.29870129870129875,-3.252554967806284
9,0.3116883116883117,1.621806287129434
9,0.3246753246753247,-3.613977281283763
9,0.33766233766233766,0.8448875725867371
9,0.35064935064935066,-7.49746020490891
9,0.36363636363636365,-7.337373277437063
9,0.37662337662337664,-1.4412623158929865
9,0.38961038961038963,5.883280094474383
9,0.4025974025974026,-6.836771222396786
9,0.4155844155844156,13.07635128115459
9,0.4285714285714286,3.733245200516871
9,0.4415584415584416,-0.8481329401594095
9,0.4545454545454546,-10.61157245727068
9,0.4675324675324676,3.0310254651966972
9,0.48051948051948057,3.684609560839845
9,0.49350649350649356,-18.920699725357405
10,0.0,-2.4424906541753444e-14
10,0.013333333333333334,6.882916711448959
10,0.02666666666666667,1.0633863791021985
10,0.04,-4.755169636276979
10,0.05333333333333334,0.1456467005718204
10,0.06666666666666667,-5.378284293243969
10,0.08,-7.838391951233394
10,0.09333333333333334,2.717566093002339
10,0.10666666666666667,9.858458276268248
10,0.12000000000000001,5.844422347963084
10,0.13333333333333333,-11.285793139701083
10,0.14666666666666667,-2.4479435165118133
10,0.16,0.4388418162223313
10,0.17333333333333334,-0.2680068732878007
10,0.18666666666666668,-0.1767417503271851
10,0.2,-8.136077302416593
10,0.21333333333333335,-4.303768749322231
10,0.22666666666666668,4.816279997361438
10,0.24000000000000002,-4.192830650184799
10,0.25333333333333335,4.135609176416995
10,0.26666666666666666,-5.161155213385905
10,0.28,0.4299913753783806
10,0.29333333333333333,11.083450358351856
10,0.3066666666666667,2.789094139280458
10,0.32,1.2713791110961825
10,0.33333333333333337,1.0721909878170037
10,0.3466666666666667,-3.48725230184767
10,0.36000000000000004,-12.344498323500488
10,0.37333333333333335,-7.4083636448741235
10,0.3866666666666667,-1.742229702159062
10,0.4,1.3606657740117976
10,0.4133333333333334,12.567107188170656
10,0.4266666666666667,-0.12543260066481698
10,0.44,5.961976066806086
10,0.45333333333333337,-2.279231872130828
10,0.4666666666666667,-10.736838951206481
10,0.48000000000000004,-18.742412851156868
10,0.49333333333333335,-2.179806596592635
11,0.0,-7.105427357601002e-15
11,0.0125,1.0640152453749567
11,0.025,-14.661386218605994
11,0.037500000000000006,2.0446894817373784
11,0.05,7.640789470766124
11,0.0625,-7.879627494169977
11,0.07500000000000001,-6.666006642029897
11,0.08750000000000001,2.22894812272669
11,0.1,3.9542144225291467
11,0.1125,2.331579538451739
11,0.125,-1.0909175234154882
11,0.1375,-6.6154985987611985
11,0.15000000000000002,-2.8537605228752345
11,0.1625,-6.981380192681998
11,0.17500000000000002,6.9982715383674226
11,0.1875,5.600312467704219
11,0.2,5.623370694580059
11,0.21250000000000002,4.4069933440221085
11,0.225,1.8318155930153974
11,0.23750000000000002,-6.425479507399023
11,0.25,-2.829948612040786
11,0.2625,-10.268064804342496
11,0.275,-11.041829960927
11,0.28750000000000003,1.2543803656529326
11,0.30000000000000004,-2.668189693222798
11,0.3125,-14.245535053981834
11,0.325,-4.1960820465758815
11,0.3375,1.4121716044088504
11,0.35000000000000003,5.11971957055442
11,0.36250000000000004,2.768996055510745
11,0.375,4.490950223213498
11,0.3875,11.774863602139241
11,0.4,3.229829219197699
11,0.41250000000000003,-15.481875753961168
11,0.42500000000000004,-9.193588531658504
11,0.4375,16.270349000094335
11,0.45,-1.6886651400134012
11,0.4625,-5.358955517230541
11,0.47500000000000003,-1.3525507799311898
11,0.48750000000000004,-1.4935156402049272
12,0.0,-3.1530333899354446e-14
12,0.011764705882352941,-0.7043817524247551
12,0.023529411764705882,1.2040708767906727
12,0.03529411764705882,-7.967796431376156
12,0.047058823529411764,8.795589175575154
12,0.058823529411764705,-13.020520396389458
12,0.07058823529411765,-2.53636162004588
12,0.08235294117647059,3.7847993278178924
12,0.09411764705882353,-1.0649062728171508
12,0.10588235294117647,-1.3882079129235985
12,0.11764705882352941,5.036524303604361
12,0.12941176470588234,-3.7063303142758857
12,0.1411764705882353,3.747468070282322
12,0.15294117647058825,2.422167803655818
12,0.16470588235294117,-1.2412956615513604
12,0.1764705882352941,-0.9339615097664993
12,0.18823529411764706,-12.202309611783821
12,0.2,-1.955563196547901
12,0.21176470588235294,-7.9914250834453275
12,0.22352941176470587,-6.54770293685363
12,0.23529411764705882,-8.789686591836649
12,0.24705882352941178,1.8871820234738155
12,0.2588235294117647,-9.273840859541883
12,0.27058823529411763,-11.407510347902043
12,0.2823529411764706,0.8426530992226033
12,0.29411764705882354,10.250710632291462
12,0.3058823529411765,-10.38122575514925
12,0.3176470588235294,-11.287944951468251
12,0.32941176470588235,-3.3272813421572747
12,0.3411764705882353,-1.8453339240383024
12,0.3529411764705882,4.310198052144782
12,0.36470588235294116,5.0035770957103125
12,0.3764705882352941,3.959868484790645
12,0.38823529411764707,8.713829294320167
12,0.4,-3.920668587839748
12,0.4117647058823529,-1.7652133463986641
12,0.4235294117647059,1.4636295916863862
12,0.43529411764705883,-0.1702682613627462
12,0.44705882352941173,-0.46895187587587306
12,0.4588235294117647,3.0717152404369776
12,0.47058823529411764,-7.1850275620811
12,0.4823529411764706,-2.281812837942015
12,0.49411764705882355,8.113010139552168
13,0.0,-2.1316282072803006e-14
13,0.0125,-7.933476588466353
13,0.025,-1.3222138844584936
13,0.037500000000000006,0.11034703631692455
13,0.05,-7.513182954082016
13,0.0625,3.766365088006726
13,0.07500000000000001,-12.207867558663526
13,0.08750000000000001,4.514319778101203
13,0.1,3.9399282334381436
13,0.1125,5.5587232289437
13,0.125,0.08302153106504484
13,0.1375,6.359281826987617
13,0.15000000000000002,2.9333526634167155
13,0.1625,-5.238253209759423
13,0.17500000000000002,-4.594137655046243
13,0.1875,-8.739310749118435
13,0.2,-3.932912993524464
13,0.21250000000000002,-3.563523245341606
13,0.225,-4.315971284130282
13,0.23750000000000002,4.59141933927977
13,0.25,-6.091611248124764
13,0.2625,7.331300393306919
13,0.275,-0.9482177986290192
13,0.28750000000000003,-4.995950933479662
13,0.30000000000000004,-1.0445972100756875
13,0.3125,5.8049230778724
13,0.325,-10.313860558137852
13,0.3375,-5.82049331043006
13,0.35000000000000003,8.705275287782978
13,0.36250000000000004,-1.226652810566748
13,0.375,2.427306860015208
13,0.3875,-0.6596890972868814
13,0.4,-1.8888172235927598
13,0.41250000000000003,6.294025452005965
13,0.42500000000000004,-2.0566286363182273
13,0.4375,5.931732648467621
13,0.45,-5.4315468357338865
13,0.4625,-0.7471003413535078
13,0.47500000000000003,-3.904564219339541
13,0.48750000000000004,0.2768062069526147
14,0.0,-5.773159728050814e-15
14,0.03225806451612903,2.6262919699817204
14,0.06451612903225806,-2.9112592115854325
14,0.0967741935483871,1.0015321102442678
14,0.12903225806451613,0.21228466672329227
14,0.16129032258064516,1.0069609856675807
14,0.1935483870967742,-3.595534260553723
14,0.22580645161290322,-4.26964625465229
14,0.25806451612903225,-2.2311287819593617
14,0.29032258064516125,-0.11627119272266373
14,0.3225806451612903,-5.2441315238096
14,0.3548387096774194,-5.7089463981173365
14,0.3870967741935484,2.693989335240064
14,0.4193548387096774,2.6454054219870904
14,0.45161290322580644,-5.26464162837803
14,0.4838709677419355,-2.012691758083909
15,0.0,4.440892098500626e-16
15,0.025,1.04357841328636
15,0.05,4.237493381064697
15,0.07500000000000001,2.200599928143957
15,0.1,0.05567478830477479
15,0.125,-5.082394235255482
15,0.15000000000000002,-6.990853636466274
15,0.17500000000000002,0.43669583803222567
15,0.2,-3.65924072339598
15,0.225,-2.8095272646065106
15,0.25,-0.9736102763669159
15,0.275,-0.6377653293953336
15,0.30000000000000004,1.2331040277630994
15,0.325,-5.877410200680281
15,0.35000000000000003,-1.9678230322459607
15,0.375,6.281176064723393
15,0.4,0.8946211668707076
15,0.42500000000000004,-6.2008195218150135
15,0.45,5.514393661185393
15,0.47500000000000003,-10.448625043491857
16,0.0,-4.440892098500626e-16
16,0.01282051282051282,-3.4611661080009553
16,0.02564102564102564,-8.966156744947547
16,0.038461538461538464,5.342571497690807
16,0.05128205128205128,-4.161486184248583
16,0.0641025641025641,-2.027880580838665
16,0.07692307692307693,5.17699286480415
16,0.08974358974358974,-0.889655887337244
16,0.10256410256410256,-9.499276095770062
16,0.11538461538461538,2.0059392613737406
16,0.1282051282051282,-1.226326348248295
16,0.14102564102564102,1.9363439101061888
16,0.15384615384615385,3.18091126704939
16,0.16666666666666666,0.3075528590085028
16,0.1794871794871795,-4.294569121169298
16,0.1923076923076923,3.532673897351958
16,0.20512820512820512,-5.464236191378783
16,0.21794871794871795,-3.990401632182012
16,0.23076923076923075,3.1846076661777913
16,0.24358974358974358,-11.295436291424728
16,0.2564102564102564,6.270855913570146
16,0.2692307692307692,2.141862355696173
16,0.28205128205128205,0.02900179774304701
16,0.2948717948717949,2.554416288434952
16,0.3076923076923077,9.286564442081147
16,0.3205128205128205,-4.732634801047377
16,0.3333333333333333,-12.357489879446991
16,0.34615384615384615,-1.547210403387988
16,0.358974358974359,1.2202187624007201
16,0.3717948717948718,-3.682601858008986
16,0.3846153846153846,9.420473317817917
16,0.3974358974358974,-1.6380719789468898
16,0.41025641025641024,-14.384473980989185
16,0.4230769230769231,-2.1651339311943363
16,0.4358974358974359,9.267817423184383
16,0.4487179487179487,-7.398213553094672
16,0.4615384615384615,10.477637656105436
16,0.47435897435897434,1.3937359419127722
16,0.48717948717948717,-4.774666959080355
17,0.0,3.941291737419306e-14
17,0.012048192771084338,-0.8588871470182595
17,0.024096385542168676,3.540353119864869
17,0.03614457831325302,-9.224239213366877
17,0.04819277108433735,0.15978265020195004
17,0.060240963855421686,0.08302775467220525
17,0.07228915662650603,-0.7540012238044066
17,0.08433734939759037,-0.3626240182776722
17,0.0963855421686747,7.280184376063561
17,0.10843373493975904,-2.808865704569458
17,0.12048192771084337,1.0110327559167418
17,0.13253012048192772,3.491840562852439
17,0.14457831325301207,5.499873681028342
17,0.1566265060240964,-6.3989313034610635
17,0.16867469879518074,0.0383019746303741
17,0.18072289156626506,-9.776106050401603
17,0.1927710843373494,-5.540834602762459
17,0.20481927710843376,4.688116705109134
17,0.21686746987951808,-2.304848207486472
17,0.22891566265060243,3.4110348179887655
17,0.24096385542168675,-13.623289687426261
17,0.2530120481927711,3.304405280911349
17,0.26506024096385544,-2.5744746433925134
17,0.27710843373493976,-7.771479384190123
17,0.28915662650602414,-3.000259742007672
17,0.30120481927710846,-1.7877504729336338
17,0.3132530120481928,1.6341604069413167
17,0.3253012048192771,-1.8298036829976816
17,0.3373493975903615,-1.5482456918602359
17,0.3493975903614458,-5.459034169385173
17,0.3614457831325301,-1.3075832984790086
17,0.3734939759036145,6.3833305576862855
17,0.3855421686746988,6.9559646035074385
17,0.39759036144578314,15.89901930510026
17,0.4096385542168675,-11.226631362196061
17,0.42168674698795183,-19.99970836009332
17,0.43373493975903615,-4.913350557186797
17,0.44578313253012053,-7.726562256731692
17,0.45783132530120485,-9.784528012875365
17,0.46987951807228917,14.282414245715
17,0.4819277108433735,3.758212845001202
17,0.49397590361445787,7.405644993770948
18,0.0,3.552713678800501e-14
18,0.013888888888888888,2.3491018851230434
18,0.027777777777777776,-7.70369567156723
18,0.041666666666666664,-5.695778167196223
18,0.05555555555555555,-0.8889785882951253
18,0.06944444444444445,2.0313089780496254
18,0.08333333333333333,-5.385808424445047
18,0.09722222222222221,-5.024534282087423
18,0.1111111111111111,-1.8124612817110881
18,0.125,1.5910099677871807
18,0.1388888888888889,-2.410535999312301
18,0.15277777777777776,14.780101603114208
18,0.16666666666666666,-6.828611592703808
18,0.18055555555555555,-4.822637860667014
18,0.19444444444444442,-1.0356532324630954
18,0.20833333333333331,1.4385846856868492
18,0.2222222222222222,-2.9199827267382963
18,0.2361111111111111,0.04021026340996747
18,0.25,-4.332290640131834
18,0.2638888888888889,-3.9092209245583636
18,0.2777777777777778,1.769285946377228
18,0.29166666666666663,-8.54059419541726
18,0.3055555555555555,6.954333662105043
18,0.3194444444444444,3.9467676437325356
18,0.3333333333333333,0.7562500519385256
18,0.3472222222222222,-8.527947121429055
18,0.3611111111111111,3.426604600119778
18,0.375,-9.731237737672796
18,0.38888888888888884,-1.7565796626798398
18,0.40277777777777773,11.544043685927331
18,0.41666666666666663,1.3015042655417668
18,0.4305555555555555,-0.9180751840983034
18,0.4444444444444444,1.7995203686678174
18,0.4583333333333333,4.033416728166748
18,0.4722222222222222,4.213818745331336
18,0.4861111111111111,-16.472788676511303
19,0.0,-2.4424906541753444e-14
19,0.01282051282051282,1.1269702620232418
19,0.02564102564102564,-1.9024463029917111
19,0.038461538461538464,1.0102648301043233
19,0.05128205128205128,1.3573481648931922
19,0.0641025641025641,-0.6083377241544037
19,0.07692307692307693,-2.097135456464519
19,0.08974358974358974,-2.426967251114627
19,0.10256410256410256,-5.712512238605507
19,0.11538461538461538,-1.241630485929604
19,0.1282051282051282,-7.640591070383014
19,0.14102564102564102,6.668820572408189
19,0.15384615384615385,-3.3996792531115894
19,0.16666666666666666,-0.12919096415662246
19,0.1794871794871795,-0.8539200923451307
19,0.1923076923076923,9.26099361597132
19,0.20512820512820512,-0.42526677628849363
19,0.21794871794871795,-8.827264066298833
19,0.23076923076923075,-11.201681751945213
19,0.24358974358974358,1.5889194279297048
19,0.2564102564102564,-1.8373246581596545
19,0.2692307692307692,4.5964064883651
19,0.28205128205128205,-4.694073588785942
19,0.2948717948717949,0.7749526716637409
19,0.3076923076923077,0.5700373352181662
19,0.3205128205128205,-6.321080199998249
19,0.3333333333333333,6.785441161546169
19,0.34615384615384615,0.2859837749190459
19,0.358974358974359,-11.80878226398327
19,0.3717948717948718,0.09102656581740476
19,0.3846153846153846,0.9153484798570979
19,0.3974358974358974,6.608186024872486
19,0.41025641025641024,-2.1694938839236615
19,0.4230769230769231,-4.042220180522994
19,0.4358974358974359,-3.137886339786162
19,0.4487179487179487,0.5038776028330727
19,0.4615384615384615,-11.267423171714881
19,0.47435897435897434,-4.193550447496099
19,0.48717948717948717,7.318565656796606
20,0.0,-2.6645352591003757e-14
20,0.01282051282051282,3.7207300496383793
20,0.02564102564102564,-1.107775748186281
20,0.038461538461538464,5.957181125407176
20,0.05128205128205128,-11.896827272517866
20,0.0641025641025641,3.3390044151524334
20,0.07692307692307693,6.105321188638257
20,0.08974358974358974,-4.50721693474653
20,0.10256410256410256,5.500749241950304
20,0.11538461538461538,-4.268443839746075
20,0.1282051282051282,-7.67147344934769
20,0.14102564102564102,1.046971266374634
20,0.15384615384615385,-0.8274146896643915
20,0.16666666666666666,-5.601102802643118
20,0.1794871794871795,3.472005232028894
20,0.1923076923076923,1.1996552637489057
20,0.20512820512820512,-0.6605217916348738
20,0.21794871794871795,-3.296367192263298
20,0.23076923076923075,-8.320570527067199
20,0.24358974358974358,-6.186963992682909
20,0.2564102564102564,0.45525333675781576
20,0.2692307692307692,-9.754004930600642
20,0.28205128205128205,-6.440830196339309
20,0.2948717948717949,2.678220909760912
20,0.3076923076923077,0.6103894912045305
20,0.3205128205128205,-1.3125161236238556
20,0.3333333333333333,-0.6027220602177641
20,0.34615384615384615,-12.145838335271755
20,0.358974358974359,-1.8512829840759575
20,0.3717948717948718,-3.9431215844765863
20,0.3846153846153846,6.176938812461959
20,0.3974358974358974,-2.248535795870653
20,0.41025641025641024,5.381183208263132
20,0.4230769230769231,12.04950490964999
20,0.4358974358974359,-5.0516766135907245
20,0.4487179487179487,3.5701817984767725
20,0.4615384615384615,0.7422257737702447
20,0.47435897435897434,2.472833534143313
20,0.48717948717948717,-4.690889996496762
21,0.0,-1.3100631690576847e-14
21,0.013333333333333334,-0.06535865255507822
21,0.02666666666666667,3.6114291005193295
21,0.04,-4.121948488217264
21,0.05333333333333334,1.1149481847932377
21,0.06666666666666667,-5.803622074629916
21,0.08,-1.39428860125403
21,0.09333333333333334,-18.427199062415568
21,0.10666666666666667,-1.9630439994016173
21,0.12000000000000001,7.383688834487439
21,0.13333333333333333,-2.9506188430635056
21,0.14666666666666667,-2.1922337467036117
21,0.16,13.329356178804504
21,0.17333333333333334,7.024629255267245
21,0.18666666666666668,-2.1185901630570037
21,0.2,2.5393212843904016
21,0.21333333333333335,-1.5021068209299233
21,0.22666666666666668,-12.25786057486156
21,0.24000000000000002,-4.5754496986355075
21,0.25333333333333335,-5.4554001292242935
21,0.26666666666666666,-0.11862797419596016
21,0.28,-4.9053637490515145
21,0.29333333333333333,1.2298391790074739
21,0.3066666666666667,-1.4107468988719623
21,0.32,4.54671132004313
21,0.33333333333333337,-0.06387182628057664
21,0.3466666666666667,-4.972813797959949
21,0.36000000000000004,-6.940675880989148
21,0.37333333333333335,6.718158639495251
21,0.3866666666666667,-11.230801273730108
21,0.4,-2.257645737710768
21,0.4133333333333334,1.6471553456844645
21,0.4266666666666667,-0.8230788311095587
21,0.44,1.8443756884083742
21,0.45333333333333337,-1.6736713622801893
21,0.4666666666666667,-5.978599170004463
21,0.48000000000000004,17.233988250173
21,0.49333333333333335,-10.152181033648665
22,0.0,-8.881784197001252e-15
22,0.010869565217391304,-1.7895258994668684
22,0.021739130434782608,-1.786624710992587
22,0.03260869565217391,-7.215054363482339
22,0.043478260869565216,-14.09165322064984
22,0.05434782608695652,7.336587490826202
22,0.06521739130434782,-2.413720598664052
22,0.07608695652173914,-1.7769181753727201
22,0.08695652173913043,-5.726359772623741
22,0.09782608695652173,5.750293670994312
22,0.10869565217391304,3.750495389532971
22,0.11956521739130435,2.578065139400425
22,0.13043478260869565,-0.5890549036079635
22,0.14130434782608695,-4.324112020299344
22,0.15217391304347827,1.1101996587845702
22,0.16304347826086957,-7.44942948371356
22,0.17391304347826086,0.9255670457400749
22,0.18478260869565216,3.43109085490881
22,0.19565217391304346,-10.792700065527384
22,0.20652173913043478,0.2083315163114523
22,0.21739130434782608,-10.480531320244086
22,0.22826086956521738,-0.937178651416072
22,0.2391304347826087,1.3636051500424218
22,0.25,-7.674561580962564
22,0.2608695652173913,-13.713788602074967
22,0.2717391304347826,-0.3872750350680767
22,0.2826086956521739,4.459042143460169
22,0.2934782608695652,-0.6657643797770267
22,0.30434782608695654,9.446204593447419
22,0.31521739130434784,-2.3373025716595675
22,0.32608695652173914,-4.337077034035619
22,0.33695652173913043,4.049544445678253
22,0.34782608695652173,-8.251470242216973
22,0.358695652173913,7.722649253148775
22,0.3695652173913043,10.094668835327585
22,0.3804347826086956,0.5587537681434935
22,0.3913043478260869,1.0008944821511996
22,0.40217391304347827,-3.991332180690732
22,0.41304347826086957,4.058549035330596
22,0.42391304347826086,-0.9590687990487252
22,0.43478260869565216,-1.1677642190602973
22,0.44565217391304346,5.525957801704407
22,0.45652173913043476,8.281952249451942
22,0.46739130434782605,1.8532745381325357
22,0.4782608695652174,-5.099096454945404
22,0.4891304347826087,-9.09118718167302
23,0.0,-3.552713678800501e-15
23,0.010638297872340425,1.055962771428293
23,0.02127659574468085,-0.20317108022913466
23,0.031914893617021274,-12.73495481506159
23,0.0425531914893617,1.8331087519275857
23,0.05319148936170213,-7.507991728658578
23,0.06382978723404255,-0.7362611856022641
23,0.07446808510638298,-1.4408169173322518
23,0.0851063829787234,-1.8287383532492179
23,0.09574468085106383,0.5532077388922301
23,0.10638297872340426,0.802010487000538
23,0.11702127659574468,-3.0272667487511575
23,0.1276595744680851,1.2987919938665502
23,0.13829787234042554,-0.034561677999269236
23,0.14893617021276595,7.365616448384321
23,0.1595744680851064,-7.602950185170691
23,0.1702127659574468,-6.556041770912071
23,0.18085106382978722,-10.999299184808352
23,0.19148936170212766,-4.475273122425043
23,0.20212765957446807,-0.5898615609504384
23,0.2127659574468085,5.397295923857366
23,0.22340425531914893,-5.232671610942235
23,0.23404255319148937,-2.919316142109973
23,0.24468085106382978,-1.8566076019443356
23,0.2553191489361702,12.01081140775679
23,0.26595744680851063,7.76918573943587
23,0.2765957446808511,1.2733210797744938
23,0.28723404255319146,-0.41527888540905256
23,0.2978723404255319,0.7267515900773721
23,0.30851063829787234,-2.1780645749447594
23,0.3191489361702128,-10.11171832775448
23,0.32978723404255317,-2.4240399513056037
23,0.3404255319148936,-7.041757978677893
23,0.35106382978723405,9.534132027225196
23,0.36170212765957444,-11.847025850992841
23,0.3723404255319149,5.073604444710246
23,0.3829787234042553,8.422482883164651
23,0.39361702127659576,4.571164064764657
23,0.40425531914893614,5.764847691971516
23,0.4148936170212766,-6.995785426157816
23,0.425531914893617,-3.8789815965965486
23,0.4361702127659574,-13.374495972447153
23,0.44680851063829785,2.7091909858783385
23,0.4574468085106383,-5.384130571706136
23,0.46808510638297873,-17.9753922517423
23,0.4787234042553191,18.765260790187433
23,0.48936170212765956,1.965782609984413
24,0.0,9.43689570931383e-15
24,0.018867924528301886,-2.8932550399620767
24,0.03773584905660377,4.978304537613283
24,0.05660377358490566,-0.1430266895351442
24,0.07547169811320754,-0.12821514693858715
24,0.09433962264150943,-3.1780099246297344
24,0.11320754716981132,-14.73549385584005
24,0.1320754716981132,0.5831199326727599
24,0.1509433962264151,0.16999045057697248
24,0.16981132075471697,2.6708426467320736
24,0.18867924528301885,2.020553582662031
24,0.20754716981132074,-0.5529571667521889
24,0.22641509433962265,2.415930512131874
24,0.24528301886792453,0.23264818062376869
24,0.2641509433962264,-8.164940356976967
24,0.2830188679245283,2.3318874112045975
24,0.3018867924528302,2.2731183375307036
24,0.32075471698113206,-0.9425637242702203
24,0.33962264150943394,3.0373746341118846
24,0.3584905660377358,-2.0993716290123308
24,0.3773584905660377,-6.7459224949362415
24,0.3962264150943396,1.5840741997540428
24,0.4150943396226415,-3.7232021779172695
24,0.43396226415094336,-3.7972334383880084
24,0.4528301886792453,-11.15026538154666
24,0.4716981132075472,2.134525944604701
24,0.49056603773584906,-3.121370934868239
25,0.0,1.84297022087776e-14
25,0.011235955056179775,-3.658576204192387
25,0.02247191011235955,-5.123505905200764
25,0.033707865168539325,-1.5100556102195806
25,0.0449438202247191,6.228787499389584
25,0.056179775280898875,-9.56076364982823
25,0.06741573033707865,1.0504326214810367
25,0.07865168539325842,0.5174793399952271
25,0.0898876404494382,5.149570936795956
25,0.10112359550561797,4.066350912452084
25,0.11235955056179775,-0.31101141644734676
25,0.12359550561797752,-2.113819239523721
25,0.1348314606741573,4.0530213954010215
25,0.14606741573033707,-11.425212312223112
25,0.15730337078651685,-3.2242940486273275
25,0.16853932584269662,-1.4138915546815283
25,0.1797752808988764,3.3985154538679447
25,0.19101123595505617,2.541215721775805
25,0.20224719101123595,-1.1817937783025876
25,0.21348314606741572,-2.4055195156773133
25,0.2247191011235955,2.2802299371006267
25,0.23595505617977527,-1.488350279766015
25,0.24719101123595505,-22.474827334907545
25,0.2584269662921348,-3.9719769564456837
25,0.2696629213483146,6.195952822982184
25,0.2808988764044944,2.8088188198697406
25,0.29213483146067415,-12.39428670981327
25,0.3033707865168539,-9.463004229366629
25,0.3146067415730337,0.23725466065046885
25,0.3258426966292135,-9.98926908258958
25,0.33707865168539325,1.0926389497333626
25,0.348314606741573,-4.628855245411283
25,0.3595505617977528,8.99205782185673
25,0.3707865168539326,4.552601245795216
25,0.38202247191011235,6.029049662876271
25,0.3932584269662921,-1.9786029698672343
25,0.4044943820224719,1.6334995128872005
25,0.4157303370786517,-0.22051377578593956
25,0.42696629213483145,-5.835500629297806
25,0.4382022471910112,-12.06641869409139
25,0.449438202247191,-3.0136069800875016
25,0.4606741573033708,5.961888393687276
25,0.47191011235955055,-5.028767932495478
25,0.4831460674157303,9.190822396041405
25,0.4943820224719101,8.295667898001147
26,0.0,2.4868995751603507e-14
26,0.010638297872340425,-2.570133896157208
26,0.02127659574468085,0.12182386149723046
26,0.031914893617021274,-4.737203436350657
26,0.0425531914893617,-3.311119699761674
26,0.05319148936170213,-3.982721563509985
26,0.06382978723404255,-1.4619002657072269
26,0.07446808510638298,-3.8976656260306397
26,0.0851063829787234,-0.42830238015087385
26,0.09574468085106383,-9.142348801061349
26,0.10638297872340426,-5.064653249377123
26,0.11702127659574468,-0.8620975465439904
26,0.1276595744680851,-6.555968857200452
26,0.13829787234042554,-6.153698696177087
26,0.14893617021276595,-1.5680020503148708
26,0.1595744680851064,1.6670640148114941
26,0.1702127659574468,-9.886640158373892
26,0.18085106382978722,-2.732739775338757
26,0.19148936170212766,-11.796240234704662
26,0.20212765957446807,-4.399639456165094
26,0.2127659574468085,-3.986841473658834
26,0.22340425531914893,7.0422829764251915
26,0.23404255319148937,0.9370540068639401
26,0.24468085106382978,-6.700487038287717
26,0.2553191489361702,-2.3524266168792938
26,0.26595744680851063,3.589367459648969
26,0.2765957446808511,-1.9028853352329542
26,0.28723404255319146,-1.7866542665978127
26,0.2978723404255319,-0.04811527620570111
26,0.30851063829787234,12.727227146505054
26,0.3191489361702128,7.126314512521139
26,0.32978723404255317,11.991412106879649
26,0.3404255319148936,-8.448343358531714
26,0.35106382978723405,6.771058276024203
26,0.36170212765957444,-2.8780906815761265
26,0.3723404255319149,1.3167685061317913
26,0.3829787234042553,-5.545137601590962
26,0.39361702127659576,-6.666546032240998
26,0.40425531914893614,-22.184950398168695
26,0.4148936170212766,10.61969478402823
26,0.425531914893617,8.644233142144522
26,0.4361702127659574,-0.11716099388410761
26,0.44680851063829785,0.9618646459757834
26,0.4574468085106383,6.910187077459248
26,0.46808510638297873,-2.0848007498897863
26,0.4787234042553191,-7.653576798610356
26,0.48936170212765956,-0.6277756483474803
27,0.0,-1.2434497875801753e-14
27,0.0196078431372549,6.4126833970329145
27,0.0392156862745098,-2.3722650939050793
27,0.058823529411764705,5.9932459154365
27,0.0784313725490196,-1.045252079673607
27,0.09803921568627451,-3.145549965388814
27,0.11764705882352941,-0.4504280166985719
27,0.13725490196078433,-3.4006901051247693
27,0.1568627450980392,-4.970124808265629
27,0.1764705882352941,1.3261050847219753
27,0.19607843137254902,-1.0471706003433687
27,0.21568627450980393,-4.8613261520331115
27,0.23529411764705882,1.5464673708121215
27,0.2549019607843137,-1.6533856457309772
27,0.27450980392156865,-12.248992665220403
27,0.29411764705882354,11.567646952234215
27,0.3137254901960784,5.786428181223143
27,0.3333333333333333,-7.822317076954642
27,0.3529411764705882,-8.46561807663784
27,0.37254901960784315,-1.0729123732297356
27,0.39215686274509803,-1.7878348594718334
27,0.4117647058823529,-10.896744865118457
27,0.43137254901960786,3.4932586416169524
27,0.45098039215686275,-0.16141016376296724
27,0.47058823529411764,2.0268765734215237
27,0.49019607843137253,0.2584862785912394
28,0.0,-1.7763568394002505e-15
28,0.011904761904761904,-6.240395813848146
28,0.023809523809523808,-3.766651787445319
28,0.03571428571428571,11.198931018680224
28,0.047619047619047616,-0.02792309924970615
28,0.05952380952380952,-5.148173463249549
28,0.07142857142857142,0.15951147628780404
28,0.08333333333333333,0.5883181428049316
28,0.09523809523809523,-7.763984262072938
28,0.10714285714285714,-0.7734448877692228
28,0.11904761904761904,-9.82013444080346
28,0.13095238095238093,-6.225546990397725
28,0.14285714285714285,-2.7582079437256244
28,0.15476190476190477,8.113988270363553
28,0.16666666666666666,1.1936606046767455
28,0.17857142857142855,10.546842280675971
28,0.19047619047619047,0.3263665819089415
28,0.20238095238095238,-5.036105064094337
28,0.21428571428571427,2.0138019110958902
28,0.22619047619047616,-10.982782579887463
28,0.23809523809523808,-2.932725876511714
28,0.25,2.460621078283787
28,0.26190476190476186,-10.270201536475502
28,0.2738095238095238,5.621068896131685
28,0.2857142857142857,17.00821807685398
28,0.2976190476190476,-9.025753263867179
28,0.30952380952380953,0.5317699072155665
28,0.3214285714285714,4.801350830449193
28,0.3333333333333333,0.2801042045695361
28,0.34523809523809523,0.43792622815795745
28,0.3571428571428571,-1.766084104085957
28,0.369047619047619,3.484143743577728
28,0.38095238095238093,-1.8861312249270115
28,0.39285714285714285,-0.28237595969556195
28,0.40476190476190477,4.153340559359377
28,0.41666666666666663,-7.020339579539979
28,0.42857142857142855,3.4775519511583486
28,0.44047619047619047,-10.204186894958642
28,0.45238095238095233,-3.834873701272372
28,0.46428571428571425,0.8499327836622932
28,0.47619047619047616,-12.94137065029475
28,0.4880952380952381,-12.51001423395595
29,0.0,1.7763568394002505e-14
29,0.017241379310344827,2.553504253214819
29,0.034482758620689655,-6.070949649469919
29,0.05172413793103448,-4.9537883494334265
29,0.06896551724137931,-1.434276673734868
29,0.08620689655172414,2.2670899805711118
29,0.10344827586206896,-4.681544777808591
29,0.12068965517241378,-10.896757182331468
29,0.13793103448275862,-0.29478915208234135
29,0.15517241379310345,5.772513889336632
29,0.1724137931034483,-1.8505930453261517
29,0.1896551724137931,4.4381799527256796
29,0.20689655172413793,-6.4974538863444575
29,0.22413793103448276,-12.624469348496495
29,0.24137931034482757,-4.695684192455184
29,0.25862068965517243,-6.499575255264208
29,0.27586206896551724,6.987452882961074
29,0.29310344827586204,0.5420413274110647
29,0.3103448275862069,-1.5686344306854458
29,0.3275862068965517,7.957949419724214
29,0.3448275862068966,8.50850189218589
29,0.3620689655172414,4.260486673416975
29,0.3793103448275862,3.1885044394437756
29,0.39655172413793105,-3.6142378589035404
29,0.41379310344827586,-1.153244415142069
29,0.43103448275862066,-1.1027158658326548
29,0.4482758620689655,-5.904609587742123
29,0.46551724137931033,0.8263734695511138
29,0.48275862068965514,-0.6425451339632515
30,0.0,1.0658141036401503e-14
30,0.010752688172043012,-1.0788133218592204
30,0.021505376344086023,-6.7362720633799995
30,0.03225806451612903,5.827851406314529
30,0.043010752688172046,-2.1528353089146317
30,0.05376344086021506,7.695382606620157
30,0.06451612903225806,2.0090200825356526
30,0.07526881720430108,-6.500953224594547
30,0.08602150537634409,-2.4427289389626017
30,0.09677419354838711,-11.279027358419876
30,0.10752688172043012,-4.7937290274720485
30,0.11827956989247312,5.002363216837164
30,0.12903225806451613,3.217006812502167
30,0.13978494623655915,-1.223870405336216
30,0.15053763440860216,-2.4498239325881097
30,0.16129032258064518,2.2446033912610894
30,0.17204301075268819,-1.5574837640899735
30,0.1827956989247312,-1.1310141933397357
30,0.19354838709677422,0.22413928537280547
30,0.20430107526881722,-7.413926459551689
30,0.21505376344086025,5.970888322753941
30,0.22580645161290325,-5.736962289312869
30,0.23655913978494625,-4.943051114814203
30,0.24731182795698928,-7.468136651852354
30,0.25806451612903225,-2.3673669111367
30,0.2688172043010753,0.0360722093877861
30,0.2795698924731183,1.8208879937889417
30,0.2903225806451613,-5.272259564095477
30,0.3010752688172043,1.6728986857789954
30,0.3118279569892473,3.426514637543633
30,0.32258064516129037,-10.796934146724402
30,0.33333333333333337,4.7981258516949525
30,0.34408602150537637,-3.9084089681691174
30,0.3548387096774194,-12.248887478046772
30,0.3655913978494624,-3.667314181189508
30,0.37634408602150543,9.958152821702747
30,0.38709677419354843,-10.22047051015792
30,0.39784946236559143,-13.83457104255928
30,0.40860215053763443,-2.289891988667164
30,0.41935483870967744,-13.114862306953135
30,0.4301075268817205,4.250885490042643
30,0.4408602150537635,5.930583297266189
30,0.4516129032258065,10.716012356873117
30,0.4623655913978495,16.280913678800978
30,0.4731182795698925,-9.760143249308213
30,0.4838709677419355,5.234677796291413
30,0.49462365591397855,-1.7466587158265683
31,0.0,2.220446049250313e-16
31,0.014084507042253521,0.37275304651712726
31,0.028169014084507043,-0.8707726423989821
31,0.04225352112676056,-4.635898566009482
31,0.056338028169014086,1.513612273674776
31,0.07042253521126761,3.820581887750309
31,0.08450704225352113,-2.215647433844608
31,0.09859154929577466,-6.178066092961817
31,0.11267605633802817,0.2830461251481958
31,0.1267605633802817,0.5234886737589438
31,0.14084507042253522,-3.6716163240052433
31,0.15492957746478875,7.141080553053904
31,0.16901408450704225,2.3091478109488537
31,0.18309859154929578,0.9680523401918668
31,0.1971830985915493,-3.015336293939022
31,0.2112676056338028,-2.209480428293164
31,0.22535211267605634,-13.15588490161121
31,0.23943661971830987,-8.285896811588305
31,0.2535211267605634,4.3128181463464905
31,0.26760563380281693,-0.5708384543596049
31,0.28169014084507044,-0.8667513472549201
31,0.29577464788732394,3.506670919204258
31,0.3098591549295775,-0.7755375399534327
31,0.323943661971831,-2.1529296094495023
31,0.3380281690140845,-2.8509029520818903
31,0.35211267605633806,9.0107188556437
31,0.36619718309859156,1.577750474623021
31,0.38028169014084506,1.8837809311347733
31,0.3943661971830986,-7.317034629669988
31,0.4084507042253521,-6.848666408769106
31,0.4225352112676056,-7.069071026012794
31,0.4366197183098592,2.2602322943698665
31,0.4507042253521127,-3.971814758577538
31,0.4647887323943662,4.216860309981179
31,0.47887323943661975,-12.194555427551828
31,0.49295774647887325,10.937578108583255
32,0.0,-1.3433698597964394e-14
32,0.014925373134328358,-0.9225135638567052
32,0.029850746268656716,-10.813740045609563
32,0.04477611940298507,0.5669972214775496
32,0.05970149253731343,5.566883878828911
32,0.07462686567164178,-4.801229401335461
32,0.08955223880597014,-4.0741214376495245
32,0.1044776119402985,0.29873370016832385
32,0.11940298507462686,-1.3136483250742068
32,0.13432835820895522,9.007688656842268
32,0.14925373134328357,-4.222706149338942
32,0.16417910447761194,-4.459137280959606
32,0.1791044776119403,6.092911896564486
32,0.19402985074626866,-9.586208017159215
32,0.208955223880597,0.6759102789178685
32,0.22388059701492538,2.8103605134522507
32,0.23880597014925373,-8.133328840764598
32,0.2537313432835821,-2.88114058072844
32,0.26865671641791045,0.37296608122237784
32,0.2835820895522388,-2.883943065830052
32,0.29850746268656714,-12.059941480079786
32,0.31343283582089554,3.3861180173152476
32,0.3283582089552239,-3.073869430512816
32,0.34328358208955223,-8.637705534394044
32,0.3582089552238806,-4.559784632129346
32,0.3731343283582089,9.024550137098586
32,0.3880597014925373,4.0699745658579465
32,0.40298507462686567,-2.5845853410756225
32,0.417910447761194,5.956455605859545
32,0.43283582089552236,-6.803761131999931
32,0.44776119402985076,-1.7211896037241015
32,0.4626865671641791,-4.510940073542056
32,0.47761194029850745,4.622463312522362
32,0.4925373134328358,5.215195620327975
33,0.0,-1.865174681370263e-14
33,0.015151515151515152,1.3193431302055005
33,0.030303030303030304,-2.702454974231631
33,0.045454545454545456,9.629195758483718
33,0.06060606060606061,5.557064958906151
33,0.07575757575757576,1.582546034597939
33,0.09090909090909091,-1.4376521950833379
33,0.10606060606060606,2.7686269298919663
33,0.12121212121212122,-5.220022912923327
33,0.13636363636363635,-1.1223848460861596
33,0.15151515151515152,0.2210792200578986
33,0.16666666666666669,-3.4021447194981693
33,0.18181818181818182,6.25273640328699
33,0.19696969696969696,3.156751070511126
33,0.21212121212121213,1.630402517365026
33,0.2272727272727273,-1.538628862699659
33,0.24242424242424243,-4.460068125006282
33,0.25757575757575757,0.6272034806410054
33,0.2727272727272727,-5.418054794556372
33,0.2878787878787879,-6.136374702043895
33,0.30303030303030304,8.82996392135846
33,0.3181818181818182,2.435975310604299
33,0.33333333333333337,-15.075999082737267
33,0.3484848484848485,-7.336035992365796
33,0.36363636363636365,-6.992807323909588
33,0.3787878787878788,0.08400968113310725
33,0.3939393939393939,-5.863894317993149
33,0.4090909090909091,-12.103093237240852
33,0.42424242424242425,-3.9250878377795195
33,0.4393939393939394,-8.01702423322647
33,0.4545454545454546,-6.2027841172681315
33,0.4696969696969697,4.7240468168785315
33,0.48484848484848486,-1.2268763517586878
34,0.0,5.329070518200751e-15
34,0.017857142857142856,-4.052406850516443
34,0.03571428571428571,-1.469912323777284
34,0.05357142857142857,2.2386282146756002
34,0.07142857142857142,-1.0250741002360062
34,0.08928571428571427,-5.93379234978285
34,0.10714285714285714,3.821037344974823
34,0.125,2.805366111339496
34,0.14285714285714285,-1.012618693104125
34,0.1607142857142857,-2.5269503853197497
34,0.17857142857142855,3.880793435161775
34,0.19642857142857142,-3.087961874526507
34,0.21428571428571427,-1.9029855961351352
34,0.23214285714285712,-6.920259565792688
34,0.25,-3.165891370546884
34,0.26785714285714285,1.5941351130697798
34,0.2857142857142857,-3.215575098201544
34,0.30357142857142855,1.4072546323215036
34,0.3214285714285714,0.9409178332994794
34,0.33928571428571425,-3.488657923781912
34,0.3571428571428571,-9.245435991031718
34,0.375,-8.21394660007714
34,0.39285714285714285,5.61802157113981
34,0.4107142857142857,-3.7560466671558874
34,0.42857142857142855,-1.1930114462437604
34,0.4464285714285714,4.383179693549729
34,0.46428571428571425,5.997306384199743
34,0.4821428571428571,2.030198430738988
35,0.0,4.107825191113079e-15
35,0.02631578947368421,-2.174199027702713
35,0.05263157894736842,-3.3247803215273724
35,0.07894736842105263,-10.242632563176825
35,0.10526315789473684,3.973206918192913
35,0.13157894736842105,-4.224682770946445
35,0.15789473684210525,2.0840487055045
35,0.18421052631578946,-1.7484570045577226
35,0.21052631578947367,-2.6262268407377247
35,0.23684210526315788,2.158938631920943
35,0.2631578947368421,3.5790081850921878
35,0.2894736842105263,-1.5514734194834199
35,0.3157894736842105,-0.3988609807103318
35,0.3421052631578947,-0.09998785727628656
35,0.3684210526315789,-6.094692566065741
35,0.39473684210526316,-8.751343963781986
35,0.42105263157894735,9.191633920679061
35,0.4473684210526315,-2.3158343828704426
35,0.47368421052631576,4.595291338125328
36,0.0,4.884981308350689e-15
36,0.010416666666666666,0.4018581629033706
36,0.020833333333333332,0.37419817068303907
36,0.03125,-10.694074796609423
36,0.041666666666666664,3.335038053032159
36,0.05208333333333333,-4.026302490578908
36,0.0625,-6.583430375539132
36,0.07291666666666666,7.701201081613396
36,0.08333333333333333,3.6819861115666077
36,0.09375,-7.034230107239816
36,0.10416666666666666,-7.532836321844524
36,0.11458333333333333,0.23730841270551228
36,0.125,-2.868954114685232
36,0.13541666666666666,-5.6354406160614765
36,0.14583333333333331,-4.598384231652483
36,0.15625,6.727114833988961
36,0.16666666666666666,-1.4716556565301984
36,0.17708333333333331,0.5244404056838234
36,0.1875,-5.820890992715023
36,0.19791666666666666,-3.874096221733482
36,0.20833333333333331,-7.160489949120558
36,0.21875,0.8734929272591963
36,0.22916666666666666,-6.1320186117015245
36,0.23958333333333331,6.8397968875930815
36,0.25,7.855144647531819
36,0.26041666666666663,-0.5451644444056303
36,0.2708333333333333,-7.279787734454337
36,0.28125,-18.298617928201214
36,0.29166666666666663,6.111835652249011
36,0.3020833333333333,12.722622988330414
36,0.3125,4.0985267974607975
36,0.32291666666666663,1.9640595514095567
36,0.3333333333333333,-10.795540469734217
36,0.34375,-16.36018964133382
36,0.35416666666666663,0.23428331744105302
36,0.3645833333333333,-5.564183354758342
36,0.375,-1.465408960885736
36,0.38541666666666663,3.576352101478556
36,0.3958333333333333,-4.121197223349959
36,0.40625,-2.516715401089318
36,0.41666666666666663,9.29130998966199
36,0.4270833333333333,-0.47268917440776725
36,0.4375,-4.137114273152163
36,0.44791666666666663,7.809069877626454
36,0.4583333333333333,11.43864482868535
36,0.46875,3.4066614395692696
36,0.47916666666666663,-8.236315434823286
36,0.4895833333333333,-5.838712545087005
37,0.0,2.1316282072803006e-14
37,0.02564102564102564,-6.521413240253954
37,0.05128205128205128,-6.476339052546745
37,0.07692307692307693,-5.557517148222273
37,0.10256410256410256,-2.1821658007409503
37,0.1282051282051282,-0.9856280705493493
37,0.15384615384615385,2.6155451140827317
37,0.1794871794871795,-0.7774341563663796
37,0.20512820512820512,4.205104186247997
37,0.23076923076923075,6.854139364414677
37,0.2564102564102564,-2.9405961182128104
37,0.28205128205128205,-2.083195684491797
37,0.3076923076923077,-1.1479229820943382
37,0.3333333333333333,-6.617211574430951
37,0.358974358974359,4.236642371178309
37,0.3846153846153846,-1.299471081845979
37,0.41025641025641024,4.393798397937256
37,0.4358974358974359,-4.845704877800903
37,0.4615384615384615,-2.3186327037799437
37,0.48717948717948717,-1.0469113954865639
38,0.0,-1.0658141036401503e-14
38,0.023809523809523808,3.299101342891689
38,0.047619047619047616,1.4610975470410943
38,0.07142857142857142,5.4176624404556275
38,0.09523809523809523,-2.689584378095764
38,0.11904761904761904,0.8115285643185468
38,0.14285714285714285,-10.869017391462881
38,0.16666666666666666,-5.827810094542548
38,0.19047619047619047,-0.7311231340818982
38,0.21428571428571427,3.992155135768204
38,0.23809523809523808,-2.2570709706183085
38,0.26190476190476186,2.831459599519397
38,0.2857142857142857,-4.052981942082781
38,0.30952380952380953,-4.952580628435776
38,0.3333333333333333,3.3589515757890718
38,0.3571428571428571,-0.7284637146071393
38,0.38095238095238093,4.397868756601843
38,0.40476190476190477,-5.983275135095905
38,0.42857142857142855,4.161929161460213
38,0.45238095238095233,0.8293989188388373
38,0.47619047619047616,-4.204143907949238
39,0.0,-1.687538997430238e-14
39,0.010101010101010102,7.439832365754965
39,0.020202020202020204,0.5221102618575584
39,0.030303030303030304,-19.953573228504847
39,0.04040404040404041,2.9303977016166
39,0.05050505050505051,-5.862879967348746
39,0.06060606060606061,-10.6857863649943
39,0.07070707070707072,14.795957765210654
39,0.08080808080808081,2.7607532273348583
39,0.09090909090909091,-2.0705578370244435
39,0.10101010101010102,-9.043148700939804
39,0.11111111111111112,-3.0643360340597257
39,0.12121212121212122,2.148395545406792
39,0.13131313131313133,2.620885167808159
39,0.14141414141414144,-4.321079429584135
39,0.15151515151515152,-8.847230672022473
39,0.16161616161616163,-2.0355514578387557
39,0.17171717171717174,2.46528560050404
39,0.18181818181818182,-0.4301593017084877
39,0.19191919191919193,11.150794487716176
39,0.20202020202020204,-0.343415265768269
39,0.21212121212121213,4.055954038887452
39,0.22222222222222224,-21.53112352377902
39,0.23232323232323235,-1.678157912047953
39,0.24242424242424243,-8.737477425257435
39,0.25252525252525254,-6.882860011765531
39,0.26262626262626265,-7.054218628812978
39,0.27272727272727276,0.973695685970144
39,0.2828282828282829,0.0998593298054331
39,0.29292929292929293,-7.83412936592493
39,0.30303030303030304,-1.394905302661945
39,0.31313131313131315,-10.85970085276669
39,0.32323232323232326,7.482048406718329
39,0.33333333333333337,-0.9914636378635131
39,0.3434343434343435,2.5714679637588502
39,0.3535353535353536,2.082602284385925
39,0.36363636363636365,-6.292418024738035
39,0.37373737373737376,-5.9626711598032465
39,0.38383838383838387,6.9408639765676385
39,0.393939393939394,5.4649050878270105
39,0.4040404040404041,-3.8326743518384143
39,0.4141414141414142,-4.9552970670278595
39,0.42424242424242425,-1.5240208558165125
39,0.43434343434343436,-0.9398832317981534
39,0.4444444444444445,-0.5272538691834043
39,0.4545454545454546,-11.068776900743885
39,0.4646464646464647,10.062833340915809
39,0.4747474747474748,9.000530579396319
39,0.48484848484848486,5.67915232109868
39,0.494949494949495,1.1474330019563628
40,0.0,7.105427357601002e-15
40,0.017241379310344827,6.637741768969791
40,0.034482758620689655,-5.0158508157949555
40,0.05172413793103448,-8.258850639914563
40,0.06896551724137931,-0.12223735377907152
40,0.08620689655172414,-5.0018547533347855
40,0.10344827586206896,-7.615978515679235
40,0.12068965517241378,-1.9303134092559517
40,0.13793103448275862,1.1254202546318843
40,0.15517241379310345,-4.3284714513515805
40,0.1724137931034483,3.1031597009290284
40,0.1896551724137931,4.188200846655487
40,0.20689655172413793,3.603958352044539
40,0.22413793103448276,5.346734992524089
40,0.24137931034482757,6.763060116832245
40,0.25862068965517243,2.811720561137259
40,0.27586206896551724,0.48945847111379903
40,0.29310344827586204,2.0965782826583803
40,0.3103448275862069,-2.290951167213236
40,0.3275862068965517,-11.843545647532277
40,0.3448275862068966,-3.957047206240841
40,0.3620689655172414,-2.8193869125977624
40,0.3793103448275862,-3.0508944886598197
40,0.39655172413793105,-5.662297478734006
40,0.41379310344827586,6.576850093530706
40,0.43103448275862066,-2.143932293738098
40,0.4482758620689655,-5.763792449130386
40,0.46551724137931033,-13.967946043415122
40,0.48275862068965514,-6.489416850330251
41,0.0,-5.551115123125783e-16
41,0.01694915254237288,5.985183551568848
41,0.03389830508474576,7.896394059703709
41,0.05084745762711865,0.21330050744181406
41,0.06779661016949153,-2.943015619121146
41,0.0847457627118644,-3.1093921946454186
41,0.1016949152542373,-0.3197509461110073
41,0.11864406779661017,-3.6615370292554537
41,0.13559322033898305,-4.531939826653105
41,0.15254237288135594,-0.3360309510591931
41,0.1694915254237288,-6.313122922410262
41,0.1864406779661017,2.4837698957046315
41,0.2033898305084746,-3.536251476113086
41,0.22033898305084745,1.5209318928450881
41,0.23728813559322035,-2.4676535452257555
41,0.2542372881355932,-10.385288279940129
41,0.2711864406779661,-2.15502906276283
41,0.288135593220339,-11.144390079216702
41,0.3050847457627119,-5.199992678901403
41,0.3220338983050847,-7.188727093647521
41,0.3389830508474576,-3.223087288412908
41,0.3559322033898305,-0.10551553479071313
41,0.3728813559322034,-2.172759824260045
41,0.3898305084745763,9.013134379714197
41,0.4067796610169492,-8.159064751335794
41,0.423728813559322,9.489464554514603
41,0.4406779661016949,-6.340661845020396
41,0.4576271186440678,4.598142120691455
41,0.4745762711864407,9.184602617609203
41,0.4915254237288136,-1.5729904692917578
42,0.0,1.4210854715202004e-14
42,0.017543859649122806,-4.929726334556203
42,0.03508771929824561,4.9005544672641825
42,0.05263157894736842,-5.705001877573386
42,0.07017543859649122,11.082138641050765
42,0.08771929824561403,-2.2559272262738816
42,0.10526315789473684,-1.0084032901909463
42,0.12280701754385964,-2.9653510200191437
42,0.14035087719298245,-1.2490849046062178
42,0.15789473684210525,-0.8993958460289156
42,0.17543859649122806,-3.905986666155913
42,0.19298245614035087,-8.802491138453483
42,0.21052631578947367,2.380139626759531
42,0.22807017543859648,-0.14608147610175415
42,0.24561403508771928,1.9739011079645654
42,0.2631578947368421,-3.237203706661842
42,0.2807017543859649,2.5620368378059313
42,0.2982456140350877,-2.6023853044721257
42,0.3157894736842105,5.546710167805323
42,0.3333333333333333,-9.9880568636204
42,0.3508771929824561,3.92038380780233
42,0.3684210526315789,-11.56272420842205
42,0.38596491228070173,-0.559219775924616
42,0.40350877192982454,7.312254497043191
42,0.42105263157894735,3.4997343388021718
42,0.43859649122807015,-12.423935615647595
42,0.45614035087719296,-6.17823350410726
42,0.47368421052631576,1.7292496374493345
42,0.49122807017543857,-0.8566586213065273
43,0.0,8.659739592076221e-15
43,0.008849557522123894,-1.5385889198867986
43,0.017699115044247787,-6.113901004868307
43,0.02654867256637168,-10.227735703363315
43,0.035398230088495575,-4.263732057198994
43,0.04424778761061947,-0.8249671535690205
43,0.05309734513274336,1.2367159330002826
43,0.061946902654867256,12.570100022820096
43,0.07079646017699115,2.9091169900383473
43,0.07964601769911504,-5.82807061364457
43,0.08849557522123894,2.512812276761442
43,0.09734513274336283,3.5864327302075165
43,0.10619469026548672,-3.1257416847284896
43,0.11504424778761062,8.21078819613348
43,0.12389380530973451,1.0016090266942919
43,0.1327433628318584,11.603855179582414
43,0.1415929203539823,-6.504501213394464
43,0.1504424778761062,-2.136403967935453
43,0.1592920353982301,16.773124816012558
43,0.16814159292035397,-17.04550776347487
43,0.17699115044247787,-7.593380516095015
43,0.18584070796460178,3.282888942408688
43,0.19469026548672566,-5.672688447762228
43,0.20353982300884954,-2.1560100027261684
43,0.21238938053097345,2.913937130034846
43,0.22123893805309736,-7.666797727932541
43,0.23008849557522124,0.25001766917839763
43,0.23893805309734512,5.912915504010642
43,0.24778761061946902,-6.985420358592183
43,0.25663716814159293,-0.04910112041299042
43,0.2654867256637168,-9.217249087521395
43,0.2743362831858407,-0.9424904545259261
43,0.2831858407079646,-7.531661313887709
43,0.2920353982300885,4.97195119436476
43,0.3008849557522124,-2.0773515230823296
43,0.30973451327433627,-7.09942350490582
43,0.3185840707964602,-1.4206226803811162
43,0.3274336283185841,-18.5211423277484
43,0.33628318584070793,-18.75380336071324
43,0.34513274336283184,10.540422467827824
43,0.35398230088495575,8.082249786531303
43,0.36283185840707965,1.110128348649209
43,0.37168141592920356,12.010852228352277
43,0.3805309734513274,-0.5672081370813362
43,0.3893805309734513,-2.5924214068960634
43,0.39823008849557523,2.670892186860798
43,0.4070796460176991,-10.354026559853972
43,0.415929203539823,-0.20061622998760664
43,0.4247787610619469,1.7216328601711441
43,0.4336283185840708,-8.085713283233039
43,0.4424778761061947,13.262300389661883
43,0.45132743362831856,0.053542070726101565
43,0.46017699115044247,-3.1091913383521823
43,0.4690265486725664,4.6824921625261355
43,0.47787610619469023,2.459609140349234
43,0.48672566371681414,-0.5762190831687679
43,0.49557522123893805,-4.0820361470160345
44,0.0,9.769962616701378e-15
44,0.013888888888888888,-5.453248066737212
44,0.027777777777777776,-4.617507764016729
44,0.041666666666666664,0.6503868174970955
44,0.05555555555555555,-7.513768479182653
44,0.06944444444444445,7.852809262766627
44,0.08333333333333333,2.852279018744781
44,0.09722222222222221,6.48024245272085
44,0.1111111111111111,-4.661434425343043
44,0.125,-5.682443630648727
44,0.1388888888888889,5.287372753114833
44,0.15277777777777776,-1.4877152805515053
44,0.16666666666666666,-2.483126201082641
44,0.18055555555555555,-4.166396132715791
44,0.19444444444444442,-5.39521973530691
44,0.20833333333333331,1.620798278756899
44,0.2222222222222222,-12.009917522944741
44,0.2361111111111111,3.0431403584911427
44,0.25,-2.4144989605294516
44,0.2638888888888889,2.824125807184446
44,0.2777777777777778,2.197914037005935
44,0.29166666666666663,-11.513533738553173
44,0.3055555555555555,-4.188629618568317
44,0.3194444444444444,0.06466234947421867
44,0.3333333333333333,-3.044785985610065
44,0.3472222222222222,-10.239922711070243
44,0.3611111111111111,-5.163991234088489
44,0.375,11.857691293759476
44,0.38888888888888884,-2.9906061563799744
44,0.40277777777777773,9.360147065352296
44,0.41666666666666663,-0.36915281766213903
44,0.4305555555555555,6.322413857957768
44,0.4444444444444444,-8.820236555194723
44,0.4583333333333333,5.216072718110853
44,0.4722222222222222,9.541281563096252
44,0.4861111111111111,-3.811189877504114
45,0.0,-3.708144902248023e-14
45,0.012658227848101266,-10.761349708474915
45,0.02531645569620253,-3.4019129827118566
45,0.0379746835443038,-2.9523757002638575
45,0.05063291139240506,2.0814504370504836
45,0.06329113924050633,-5.179701083790219
45,0.0759493670886076,-1.172446278763224
45,0.08860759493670886,-3.0186597246177738
45,0.10126582278481013,0.9457548768527697
45,0.11392405063291139,3.2677656938208495
45,0.12658227848101267,-20.054606938328625
45,0.13924050632911392,-7.151872716700141
45,0.1518987341772152,3.835487175530055
45,0.16455696202531644,-3.810628484833659
45,0.17721518987341772,2.9971510307120495
45,0.18987341772151897,8.735528839380338
45,0.20253164556962025,1.2339547212497644
45,0.21518987341772153,-1.6514556627176114
45,0.22784810126582278,4.842060468777091
45,0.24050632911392406,-5.255668604547135
45,0.25316455696202533,0.6811016599277969
45,0.26582278481012656,4.753882101671535
45,0.27848101265822783,14.014067429293311
45,0.2911392405063291,-7.80112178427899
45,0.3037974683544304,3.9057624257317265
45,0.31645569620253167,-3.385390801986082
45,0.3291139240506329,-9.223691828054944
45,0.34177215189873417,4.42304240188782
45,0.35443037974683544,-3.4955502413532624
45,0.3670886075949367,5.413216627405458
45,0.37974683544303794,-0.11090650545115571
45,0.3924050632911392,2.562462336194272
45,0.4050632911392405,-6.396052064773702
45,0.4177215189873418,0.7321227265528439
45,0.43037974683544306,-14.242560849668898
45,0.4430379746835443,2.645201149567527
45,0.45569620253164556,-3.6253848082893327
45,0.46835443037974683,1.9707645337429531
45,0.4810126582278481,8.207792755434461
45,0.49367088607594933,-4.565742335354208
46,0.0,1.1102230246251565e-14
46,0.012658227848101266,-9.242827351158574
46,0.02531645569620253,-7.513123061196317
46,0.0379746835443038,-0.9495576952972842
46,0.05063291139240506,-8.461256169147255
46,0.06329113924050633,-2.801896134327567
46,0.0759493670886076,-4.02325339554827
46,0.08860759493670886,-4.455816939630712
46,0.10126582278481013,-0.3019202164413599
46,0.11392405063291139,-6.175497352935851
46,0.12658227848101267,-4.618636907017258
46,0.13924050632911392,-4.509191043590629
46,0.1518987341772152,7.403519087812186
46,0.16455696202531644,6.425421441230821
46,0.17721518987341772,4.83642770279156
46,0.18987341772151897,-15.418312100758063
46,0.20253164556962025,-9.729379760222445
46,0.21518987341772153,1.2764039018173512
46,0.22784810126582278,-2.614748550469107
46,0.24050632911392406,4.83629630508268
46,0.25316455696202533,5.942710392600883
46,0.26582278481012656,1.1348891416603932
46,0.27848101265822783,-5.3309181027745485
46,0.2911392405063291,1.1518233227405816
46,0.3037974683544304,10.506069591521843
46,0.31645569620253167,-2.8672862151971854
46,0.3291139240506329,0.4450251795121544
46,0.34177215189873417,3.070653780466554
46,0.35443037974683544,-2.6352118190714497
46,0.3670886075949367,-3.677734742933906
46,0.37974683544303794,5.584279273111532
46,0.3924050632911392,1.2576070255044487
46,0.4050632911392405,-2.5384151281528564
46,0.4177215189873418,-1.5362386587289403
46,0.43037974683544306,-3.375545688828913
46,0.4430379746835443,-1.3635725063575914
46,0.45569620253164556,-8.011331586455748
46,0.46835443037974683,4.239330200267199
46,0.4810126582278481,8.409718237877112
46,0.49367088607594933,-3.6351437042684203
47,0.0,-2.1760371282653068e-14
47,0.0125,0.7395414409343939
47,0.025,-5.4342650077770704
47,0.037500000000000006,-2.468332586518992
47,0.05,-1.0830994878242564
47,0.0625,-0.5056891625577453
47,0.07500000000000001,-8.645711590266906
47,0.08750000000000001,3.5058307422786763
47,0.1,-3.7540698924937415
47,0.1125,-3.914972531175732
47,0.125,8.421341089360219
47,0.1375,0.625988401670388
47,0.15000000000000002,1.9737626534440476
47,0.1625,-6.584753558490986
47,0.17500000000000002,-5.578437124724292
47,0.1875,-7.168881487346843
47,0.2,13.457247428032373
47,0.21250000000000002,-1.1752343971463373
47,0.225,7.773126835055569
47,0.23750000000000002,-14.827611842327281
47,0.25,-8.350887865691593
47,0.2625,3.4892286974073823
47,0.275,-3.19953927943568
47,0.28750000000000003,-2.9685154103434157
47,0.30000000000000004,1.2345407644274715
47,0.3125,-0.33711155464871334
47,0.325,-3.520350843704909
47,0.3375,-0.1423611338096369
47,0.35000000000000003,-2.8294426473255014
47,0.36250000000000004,6.449545506732239
47,0.375,-8.194392511101004
47,0.3875,11.719825943894133
47,0.4,2.849597786240884
47,0.41250000000000003,8.863934188524603
47,0.42500000000000004,-8.921176607350127
47,0.4375,0.6803033397165525
47,0.45,-3.4853115341589405
47,0.4625,3.116056867877054
47,0.47500000000000003,-7.001423118928245
47,0.48750000000000004,-2.8855330160843398
48,0.0,2.353672812205332e-14
48,0.021739130434782608,-11.077729051578658
48,0.043478260869565216,2.027530448353481
48,0.06521739130434782,-10.971845000948205
48,0.08695652173913043,-1.3087457598012187
48,0.10869565217391304,-1.504908758539976
48,0.13043478260869565,-3.8390730820244445
48,0.15217391304347827,-4.391656182045207
48,0.17391304347826086,-7.461581508594741
48,0.19565217391304346,1.6966561130751496
48,0.21739130434782608,2.893770675567342
48,0.2391304347826087,-1.814914160336055
48,0.2608695652173913,2.37583917250384
48,0.2826086956521739,-3.8277982001965296
48,0.30434782608695654,-0.18190372123795673
48,0.32608695652173914,-5.510589541291771
48,0.34782608695652173,-2.9142414355759048
48,0.3695652173913043,4.794151512398125
48,0.3913043478260869,1.5849910960289852
48,0.41304347826086957,1.5309521257278738
48,0.43478260869565216,-6.521973480582263
48,0.45652173913043476,7.833653849168451
48,0.4782608695652174,-3.3386012736365975
49,0.0,1.2878587085651816e-14
49,0.013333333333333334,10.488414529561439
49,0.02666666666666667,1.99553048393093
49,0.04,-2.9502811462335017
49,0.05333333333333334,3.652094986336744
49,0.06666666666666667,-2.5956945147289407
49,0.08,-5.084023214652585
49,0.09333333333333334,-9.067260890656641
49,0.10666666666666667,-7.926296723976072
49,0.12000000000000001,-7.534608967760733
49,0.13333333333333333,-4.745447100715255
49,0.14666666666666667,2.4450703738453554
49,0.16,-12.469680305348424
49,0.17333333333333334,-3.9917391947733654
49,0.18666666666666668,10.027959186387017
49,0.2,-3.4983744830426917
49,0.21333333333333335,1.5655876483535343
49,0.22666666666666668,4.182456018386484
49,0.24000000000000002,3.475175847053095
49,0.25333333333333335,3.6566426185098635
49,0.26666666666666666,-0.550812046709428
49,0.28,-5.479390110524197
49,0.29333333333333333,-12.544469128239715
49,0.3066666666666667,-13.305669888521901
49,0.32,-6.039423921847186
49,0.33333333333333337,5.064710776184439
49,0.3466666666666667,-2.027186969727387
49,0.36000000000000004,1.5857971930945114
49,0.37333333333333335,4.357880723274139
49,0.3866666666666667,-5.135944370232282
49,0.4,10.531213266469294
49,0.4133333333333334,-14.033588180560983
49,0.4266666666666667,-3.579522390170896
49,0.44,-1.1238787377697241
49,0.45333333333333337,-0.21373440818605094
49,0.4666666666666667,-3.1851334916336254
49,0.48000000000000004,2.612212001404109
49,0.49333333333333335,10.877936185262417
50,0.0,-2.861599845971341e-14
50,0.014925373134328358,4.1018612608616465
50,0.029850746268656716,-2.7606832932314602
50,0.04477611940298507,-11.813697744255407
50,0.05970149253731343,-6.329910547728616
50,0.07462686567164178,-1.2363882766757182
50,0.08955223880597014,-10.743394465059161
50,0.1044776119402985,1.5912401439297255
50,0.11940298507462686,7.0226901797209
50,0.13432835820895522,-3.0901511475812486
50,0.14925373134328357,1.7977587862451834
50,0.16417910447761194,-1.577150774455329
50,0.1791044776119403,-1.9298614264805125
50,0.19402985074626866,1.0860654289676923
50,0.208955223880597,-4.089047280026495
50,0.22388059701492538,-7.784879616531813
50,0.23880597014925373,-0.6768225394969732
50,0.2537313432835821,10.462401722061577
50,0.26865671641791045,7.748402464673358
50,0.2835820895522388,-1.064620667706687
50,0.29850746268656714,-8.418381450159407
50,0.31343283582089554,-7.300307779254829
50,0.3283582089552239,9.184352294713385
50,0.34328358208955223,2.1772839258348644
50,0.3582089552238806,0.9847353264982858
50,0.3731343283582089,-5.122695316167399
50,0.3880597014925373,0.2386683403210726
50,0.40298507462686567,-4.035936927878048
50,0.417910447761194,-8.341347488971302
50,0.43283582089552236,-1.161993427097477
50,0.44776119402985076,5.190515694790884
50,0.4626865671641791,6.642619306691736
50,0.47761194029850745,-6.715872657771659
50,0.4925373134328358,-10.78560628627033
51,0.0,-2.609024107869118e-14
51,0.018867924528301886,0.0622099183867989
51,0.03773584905660377,-1.687245561679013
51,0.05660377358490566,-0.3312819662241935
51,0.07547169811320754,0.602282569589436
51,0.09433962264150943,0.6367549832979327
51,0.11320754716981132,13.299116666790493
51,0.1320754716981132,4.625617346061766
51,0.1509433962264151,-1.8288200418160208
51,0.16981132075471697,-4.3936750777664475
51,0.18867924528301885,-2.3227750346879987
51,0.20754716981132074,1.8772183375475744
51,0.22641509433962265,0.05515260056325133
51,0.24528301886792453,0.3502827588483387
51,0.2641509433962264,4.687253139187796
51,0.2830188679245283,-1.4781198222782577
51,0.3018867924528302,-10.097327168263204
51,0.32075471698113206,-6.10834428644494
51,0.33962264150943394,-1.5393901438608417
51,0.3584905660377358,-5.762537066452351
51,0.3773584905660377,4.983821583738115
51,0.3962264150943396,-2.145020899867743
51,0.4150943396226415,-4.738786862857485
51,0.43396226415094336,-13.549914831037185
51,0.4528301886792453,-8.53686132764211
51,0.4716981132075472,1.8703166930911943
51,0.49056603773584906,0.355186288979728
52,0.0,-1.4210854715202004e-14
52,0.016129032258064516,4.0464631091419685
52,0.03225806451612903,2.560219949376492
52,0.04838709677419355,-3.4443074211267746
52,0.06451612903225806,-5.956054475566486
52,0.08064516129032258,1.374188731015129
52,0.0967741935483871,3.5027375523152715
52,0.11290322580645161,-4.416180754067492
52,0.12903225806451613,-7.970981394618838
52,0.14516129032258063,-4.050875512751148
52,0.16129032258064516,-6.903373693958865
52,0.1774193548387097,-5.216876989386245
52,0.1935483870967742,-0.12650048994909757
52,0.2096774193548387,-2.627607559054546
52,0.22580645161290322,7.805918972608563
52,0.24193548387096775,2.945812229248707
52,0.25806451612903225,-2.7760612822583366
52,0.27419354838709675,5.6832060066832675
52,0.29032258064516125,-4.5755918035330385
52,0.3064516129032258,-1.8078560539997246
52,0.3225806451612903,-0.7791089869456993
52,0.3387096774193548,-5.824956249973513
52,0.3548387096774194,-8.688647313077004
52,0.3709677419354839,-2.7074159058198903
52,0.3870967741935484,3.0239329594880755
52,0.4032258064516129,-13.921102368337333
52,0.4193548387096774,-1.832868067889621
52,0.43548387096774194,-4.7994536264030945
52,0.45161290322580644,11.835504784512317
52,0.46774193548387094,8.05216344692432
52,0.4838709677419355,-0.6694722440341812
53,0.0,5.1958437552457326e-14
53,0.012658227848101266,8.987061673592361
53,0.02531645569620253,4.454816506875556
53,0.0379746835443038,-7.584259248489145
53,0.05063291139240506,-6.013337209065016
53,0.06329113924050633,-1.087072695090304
53,0.0759493670886076,1.2434311891937737
53,0.08860759493670886,0.7747475749984782
53,0.10126582278481013,-0.912534774030084
53,0.11392405063291139,0.9471635800364471
53,0.12658227848101267,-0.3318782743481763
53,0.13924050632911392,-2.2006624755433073
53,0.1518987341772152,2.9520902806642977
53,0.16455696202531644,-6.316897232827959
53,0.17721518987341772,2.2407401747838813
53,0.18987341772151897,-8.006436290223933
53,0.20253164556962025,2.642374952054813
53,0.21518987341772153,1.3446812964914938
53,0.22784810126582278,-1.0840401141718283
53,0.24050632911392406,-12.691434624558244
53,0.25316455696202533,-1.3823787448588203
53,0.26582278481012656,-12.31227118889494
53,0.27848101265822783,-0.8782095558570548
53,0.2911392405063291,-12.903962689669184
53,0.3037974683544304,-6.328714167430122
53,0.31645569620253167,-11.123156152949509
53,0.3291139240506329,8.950651076525782
53,0.34177215189873417,-7.060800213874868
53,0.35443037974683544,2.686204077373684
53,0.3670886075949367,-0.5215098382368502
53,0.37974683544303794,0.48014345851147733
53,0.3924050632911392,-6.340632996147142
53,0.4050632911392405,-9.055640761960296
53,0.4177215189873418,13.52407291392092
53,0.43037974683544306,5.870557162617316
53,0.4430379746835443,4.998746134667282
53,0.45569620253164556,2.793161916018808
53,0.46835443037974683,-10.6189826944494
53,0.4810126582278481,2.432021867106485
53,0.49367088607594933,10.313210695045782
54,0.0,1.199040866595169e-14
54,0.01639344262295082,5.63827247781787
54,0.03278688524590164,-1.178026174179371
54,0.04918032786885246,-0.29258735972124705
54,0.06557377049180328,-0.8060616358515804
54,0.0819672131147541,-0.5608901865762959
54,0.09836065573770492,-0.008926199285821834
54,0.11475409836065574,-9.700229435516665
54,0.13114754098360656,0.038923067644535014
54,0.14754098360655737,-0.5988930387758784
54,0.1639344262295082,-10.309578977679504
54,0.18032786885245902,1.9273678477184921
54,0.19672131147540983,-5.327114776743108
54,0.21311475409836067,4.79195899557058
54,0.22950819672131148,3.1149879394672952
54,0.24590163934426232,9.210431023174113
54,0.26229508196721313,-5.627792642089006
54,0.27868852459016397,1.249719673024614
54,0.29508196721311475,-4.9107596343685564
54,0.3114754098360656,-7.5824514701783485
54,0.3278688524590164,2.419578244470084
54,0.3442622950819672,1.7072193106133822
54,0.36065573770491804,-4.405233432825161
54,0.3770491803278689,-3.049562599832294
54,0.39344262295081966,-2.8286590459218695
54,0.4098360655737705,-1.577211174425502
54,0.42622950819672134,2.9695548450697817
54,0.4426229508196722,-6.743325984516844
54,0.45901639344262296,0.7663388811352876
54,0.4754098360655738,-10.387249805026066
54,0.49180327868852464,9.334767870643576
55,0.0,-2.6645352591003757e-15
55,0.012987012987012988,1.9511246865120535
55,0.025974025974025976,-10.264333829238756
55,0.03896103896103896,-7.878447587300908
55,0.05194805194805195,2.9155381489920105
55,0.06493506493506494,4.109554282754718
55,0.07792207792207792,-8.553032933626493
55,0.09090909090909091,4.960660467327895
55,0.1038961038961039,-1.6171167218178533
55,0.1168831168831169,10.736004792613247
55,0.12987012987012989,-8.927292414834195
55,0.14285714285714288,-3.7856764393558606
55,0.15584415584415584,-9.225027947469549
55,0.16883116883116883,-2.1208020176771205
55,0.18181818181818182,2.398843909624276
55,0.19480519480519481,5.813345606182124
55,0.2077922077922078,6.687868705597025
55,0.2207792207792208,-4.92922477336233
55,0.2337662337662338,-2.698234720865331
55,0.24675324675324678,-5.0289682369311635
55,0.25974025974025977,0.3074481511860876
55,0.27272727272727276,-10.469061188218866
55,0.28571428571428575,-1.0819445166403545
55,0.29870129870129875,0.540750060985931
55,0.3116883116883117,1.6951962716570357
55,0.3246753246753247,-2.475088406778801
55,0.33766233766233766,-8.34590265191585
55,0.35064935064935066,8.974472383127601
55,0.36363636363636365,-0.5953089930359896
55,0.37662337662337664,-5.189992686141107
55,0.38961038961038963,-2.3944890114342674
55,0.4025974025974026,7.756763339118137
55,0.4155844155844156,5.601866577998417
55,0.4285714285714286,0.47298276345858087
55,0.4415584415584416,1.445280476430984
55,0.4545454545454546,-4.812330529967742
55,0.4675324675324676,-2.016434200681013
55,0.48051948051948057,-19.40308680672691
55,0.49350649350649356,11.263857398359278
56,0.0,-7.549516567451064e-15
56,0.016666666666666666,0.4151816230861938
56,0.03333333333333333,-7.0352026984266
56,0.05,2.0494944136384525
56,0.06666666666666667,3.258364483673228
56,0.08333333333333333,4.648586325158526
56,0.1,0.6024222340027663
56,0.11666666666666667,-2.3523097008749803
56,0.13333333333333333,7.333096978137833
56,0.15,-6.079100346229499
56,0.16666666666666666,1.6530366646786798
56,0.18333333333333332,1.0750985473522
56,0.2,-15.480352419236592
56,0.21666666666666667,6.888862302846934
56,0.23333333333333334,-5.076112993235316
56,0.25,-1.6661957783860877
56,0.26666666666666666,-4.808948069825954
56,0.2833333333333333,-3.194237732444974
56,0.3,1.3615474887133665
56,0.31666666666666665,1.5326482771133894
56,0.3333333333333333,-4.587603015773121
56,0.35,-3.40116837818897
56,0.36666666666666664,-4.34950454964215
56,0.3833333333333333,0.07356627682419958
56,0.4,1.1582670402953292
56,0.4166666666666667,5.351024181099589
56,0.43333333333333335,-0.31021819575693454
56,0.45,-8.516363617625984
56,0.4666666666666667,-1.525008143467995
56,0.48333333333333334,1.8381436407584308
57,0.0,3.574918139293004e-14
57,0.012658227848101266,-3.9207350336144255
57,0.02531645569620253,-2.722479935713221
57,0.0379746835443038,-5.900482482802981
57,0.05063291139240506,-0.27956428534132893
57,0.06329113924050633,-4.5241083565397995
57,0.0759493670886076,11.84720420772379
57,0.08860759493670886,-1.2792824583013431
57,0.10126582278481013,5.713341902107648
57,0.11392405063291139,-4.197806025874449
57,0.12658227848101267,0.5480382620236068
57,0.13924050632911392,-5.642550595162559
57,0.1518987341772152,-7.514111920403635
57,0.16455696202531644,0.02152512673159479
57,0.17721518987341772,-4.356258038682175
57,0.18987341772151897,2.2673108715007153
57,0.20253164556962025,-7.02564994457598
57,0.21518987341772153,-4.969502052409812
57,0.22784810126582278,6.562060636802485
57,0.24050632911392406,-1.1684756879608829
57,0.25316455696202533,-6.046116454698645
57,0.26582278481012656,-7.082907569979798
57,0.27848101265822783,0.3019221146955151
57,0.2911392405063291,3.020502172771905
57,0.3037974683544304,-8.832169569518108
57,0.31645569620253167,-7.221206799662225
57,0.3291139240506329,-4.142532852741339
57,0.34177215189873417,-3.9533529044220166
57,0.35443037974683544,8.351324698720559
57,0.3670886075949367,6.003099414713272
57,0.37974683544303794,2.7536539992106155
57,0.3924050632911392,0.5746209283282608
57,0.4050632911392405,2.474022987897054
57,0.4177215189873418,1.6786078822391381
57,0.43037974683544306,-2.7317613850243943
57,0.4430379746835443,-3.8257459157818525
57,0.45569620253164556,-6.390049298902226
57,0.46835443037974683,7.977778715742245
57,0.4810126582278481,-2.316487735366518
57,0.49367088607594933,-2.0016948513249306
58,0.0,-2.886579864025407e-15
58,0.01020408163265306,5.180111095630488
58,0.02040816326530612,-2.3505512991395845
58,0.030612244897959183,0.2687964040010966
58,0.04081632653061224,5.452553167542426
58,0.0510204081632653,6.800193521794991
58,0.061224489795918366,-14.848232778187096
58,0.07142857142857142,4.514225928929462
58,0.08163265306122448,8.204641041274424
58,0.09183673469387754,-0.8432085031752568
58,0.1020408163265306,-3.71742173517761
58,0.11224489795918366,0.7242899849458766
58,0.12244897959183673,0.6316076721405066
58,0.13265306122448978,-8.662839291571915
58,0.14285714285714285,-6.29516153496461
58,0.1530612244897959,-2.3565305080444103
58,0.16326530612244897,-7.963621334585084
58,0.17346938775510204,-6.51563979968299
58,0.18367346938775508,-8.921553925031628
58,0.19387755102040816,-0.20470629839414656
58,0.2040816326530612,-3.204498905124528
58,0.21428571428571427,2.581454531033816
58,0.22448979591836732,-7.811213692106588
58,0.2346938775510204,5.555379690467873
58,0.24489795918367346,0.460616419682065
58,0.25510204081632654,5.612405657985001
58,0.26530612244897955,-2.480688465894451
58,0.2755102040816326,10.260816145250399
58,0.2857142857142857,-2.405634028460102
58,0.29591836734693877,-8.496001878630507
58,0.3061224489795918,-18.861723368274387
58,0.31632653061224486,0.5093344544226692
58,0.32653061224489793,-5.423852744029659
58,0.336734693877551,-5.4012219243860295
58,0.3469387755102041,3.1772898872152986
58,0.3571428571428571,13.743142758219438
58,0.36734693877551017,5.4847922464528285
58,0.37755102040816324,-2.629406988634228
58,0.3877551020408163,-1.3254475347862957
58,0.39795918367346933,0.4852746441775999
58,0.4081632653061224,17.580089929909562
58,0.4183673469387755,-1.1747954287001585
58,0.42857142857142855,-4.117087415634365
58,0.4387755102040816,-15.510259132320414
58,0.44897959183673464,-0.985945483647058
58,0.4591836734693877,0.7820136624575866
58,0.4693877551020408,-6.466020555275009
58,0.47959183673469385,-0.9515119531001337
58,0.4897959183673469,-1.2093983472218452
59,0.0,5.329070518200751e-15
59,0.017543859649122806,2.485649668550659
59,0.03508771929824561,-6.98201193163034
59,0.05263157894736842,-3.4823943766804537
59,0.07017543859649122,-7.703122518168984
59,0.08771929824561403,-1.6152716357447272
59,0.10526315789473684,0.002285535377151149
59,0.12280701754385964,4.927301381642375
59,0.14035087719298245,4.543352778313925
59,0.15789473684210525,2.799984617937872
59,0.17543859649122806,2.1855956823157943
59,0.19298245614035087,-8.772255825460478
59,0.21052631578947367,-6.601054976763109
59,0.22807017543859648,-8.169155897869802
59,0.24561403508771928,3.739259551184343
59,0.2631578947368421,-2.3502629015323864
59,0.2807017543859649,1.0709485708220583
59,0.2982456140350877,8.817938227920289
59,0.3157894736842105,-8.172581447848115
59,0.3333333333333333,-4.939000227481522
59,0.3508771929824561,-8.175467830589914
59,0.3684210526315789,-2.877684001006749
59,0.38596491228070173,-1.7819212257361714
59,0.40350877192982454,2.916342276919364
59,0.42105263157894735,0.05498978266317134
59,0.43859649122807015,-4.730679959286159
59,0.45614035087719296,5.7420792111616805
59,0.47368421052631576,4.142992413368416
59,0.49122807017543857,5.170132181766908
60,0.0,1.4210854715202004e-14
60,0.014705882352941176,0.8879888141953725
60,0.029411764705882353,-9.732778784992322
60,0.044117647058823525,-2.3165065197355315
60,0.058823529411764705,-0.023582621668784665
60,0.07352941176470588,5.206512422501445
60,0.08823529411764705,0.4372268202980236
60,0.10294117647058823,-0.5822822487366102
60,0.11764705882352941,-8.961470128306507
60,0.1323529411764706,-4.68964474695263
60,0.14705882352941177,-2.56988122371445
60,0.16176470588235295,2.5605979054055394
60,0.1764705882352941,0.9445969436482025
60,0.19117647058823528,-0.5886504753312156
60,0.20588235294117646,-2.1254593953178125
60,0.22058823529411764,-3.3575948439741543
60,0.23529411764705882,4.114802412456908
60,0.25,-0.5028604342683716
60,0.2647058823529412,1.684739641316665
60,0.27941176470588236,-0.9656502641551308
60,0.29411764705882354,-7.188093467659173
60,0.3088235294117647,-4.883853608865279
60,0.3235294117647059,-6.2448754755706855
60,0.3382352941176471,-1.8548283441685502
60,0.3529411764705882,1.3616699693959058
60,0.3676470588235294,1.8757824855381784
60,0.38235294117647056,11.114405088774328
60,0.39705882352941174,-9.574169002686109
60,0.4117647058823529,6.314105894105074
60,0.4264705882352941,-1.3443282041139013
60,0.4411764705882353,-7.092824357362288
60,0.45588235294117646,3.779045610556067
60,0.47058823529411764,-2.190595277201323
60,0.4852941176470588,-3.296196276695884
61,0.0,6.439293542825908e-15
61,0.02127659574468085,-3.840474528540585
61,0.0425531914893617,-4.493986953294257
61,0.06382978723404255,2.3369593811898595
61,0.0851063829787234,0.10593410214091636
61,0.10638297872340426,-1.2726540731538416
61,0.1276595744680851,-1.8640778655447174
61,0.14893617021276595,1.7885972941882302
61,0.1702127659574468,-3.2756140816469026
61,0.19148936170212766,-0.36547692846985613
61,0.2127659574468085,-4.2032250130557225
61,0.23404255319148937,-1.4506170809089842
61,0.2553191489361702,5.183450848549876
61,0.2765957446808511,3.89273004117806
61,0.2978723404255319,-6.21373529559267
61,0.3191489361702128,-5.542746903155038
61,0.3404255319148936,5.419767935554706
61,0.36170212765957444,10.524338030165115
61,0.3829787234042553,-1.2039843319042411
61,0.40425531914893614,4.8037712901585365
61,0.425531914893617,-5.963044302201729
61,0.44680851063829785,-4.069069252037623
61,0.46808510638297873,-0.779444861536764
61,0.48936170212765956,-4.997968088704494
62,0.0,-6.8833827526759706e-15
62,0.012048192771084338,0.034304193141139194
62,0.024096385542168676,-2.9173898901437925
62,0.03614457831325302,-3.041165320996692
62,0.04819277108433735,4.028683190388544
62,0.060240963855421686,-4.785922257024903
62,0.07228915662650603,-4.299888054335207
62,0.08433734939759037,-2.482542908222071
62,0.0963855421686747,5.997958773877324
62,0.10843373493975904,0.9639821936932662
62,0.12048192771084337,-2.3412866704274378
62,0.13253012048192772,-3.191348053863531
62,0.14457831325301207,-7.953228476348167
62,0.1566265060240964,-0.19591998843026137
62,0.16867469879518074,-1.3885501560123772
62,0.18072289156626506,-2.0861951917849035
62,0.1927710843373494,-2.400916513206056
62,0.20481927710843376,-5.068220350735962
62,0.21686746987951808,-11.933864531636477
62,0.22891566265060243,2.418953478136687
62,0.24096385542168675,6.4464823599447145
62,0.2530120481927711,-6.16505943174882
62,0.26506024096385544,1.473060386847705
62,0.27710843373493976,-3.2284812136770347
62,0.28915662650602414,11.512070188539603
62,0.30120481927710846,-6.995193574864165
62,0.3132530120481928,-9.728527043424611
62,0.3253012048192771,-9.568137530064792
62,0.3373493975903615,7.502492042631635
62,0.3493975903614458,1.2004009446199055
62,0.3614457831325301,-1.536730705429711
62,0.3734939759036145,-3.244696257482191
62,0.3855421686746988,8.139274857981219
62,0.39759036144578314,4.390440549036456
62,0.4096385542168675,-2.9953885385015493
62,0.42168674698795183,15.847295663373886
62,0.43373493975903615,3.030437720969987
62,0.44578313253012053,-10.441631594494657
62,0.45783132530120485,14.724204392112561
62,0.46987951807228917,-4.714247318689098
62,0.4819277108433735,-13.59366618344156
62,0.49397590361445787,-11.760955702626188
63,0.0,1.5987211554602254e-14
63,0.013157894736842105,8.175908078267256
63,0.02631578947368421,-4.516619383705972
63,0.039473684210526314,-1.2892027754808162
63,0.05263157894736842,3.9656941165850466
63,0.06578947368421052,-6.819095762574908
63,0.07894736842105263,-3.5641761793506745
63,0.09210526315789473,9.443653571385731
63,0.10526315789473684,0.4666492674726095
63,0.11842105263157894,-10.16128479763556
63,0.13157894736842105,3.034242456724621
63,0.14473684210526316,-5.297379170253567
63,0.15789473684210525,-0.14666605860976478
63,0.17105263157894735,0.4101396641711994
63,0.18421052631578946,-6.7377198420185955
63,0.19736842105263158,-6.176254256848886
63,0.21052631578947367,-3.05699555602282
63,0.22368421052631576,-8.129659989632406
63,0.23684210526315788,-11.282658363792416
63,0.25,-3.4928318779980403
63,0.2631578947368421,8.969752559172777
63,0.2763157894736842,-0.0989543638034096
63,0.2894736842105263,-5.416530237342899
63,0.3026315789473684,-14.265956678346313
63,0.3157894736842105,-4.9068826049921
63,0.3289473684210526,6.116183734480595
63,0.3421052631578947,-9.019138613910744
63,0.35526315789473684,9.613529666184807
63,0.3684210526315789,-6.320954480191109
63,0.381578947368421,-2.534168402966942
63,0.39473684210526316,-3.0980301791691742
63,0.40789473684210525,-3.8290706168436826
63,0.42105263157894735,13.153813015158494
63,0.43421052631578944,2.0166001691015323
63,0.4473684210526315,9.350783775646569
63,0.4605263157894737,-0.4827486277464377
63,0.47368421052631576,4.704743176548856
63,0.48684210526315785,-3.137078428694452
64,0.0,-7.327471962526033e-15
64,0.010309278350515464,-0.7576909641912606
64,0.020618556701030927,-7.155399706204189
64,0.030927835051546393,0.41820229398390296
64,0.041237113402061855,4.66757867325147
64,0.05154639175257732,3.1303421276141195
64,0.061855670103092786,-0.7259413734500575
64,0.07216494845360824,11.27491020038733
64,0.08247422680412371,4.535359378911104
64,0.09278350515463918,-4.00706222241251
64,0.10309278350515463,7.281374730302664
64,0.1134020618556701,-3.6799459590087102
64,0.12371134020618557,-5.178759983356764
64,0.13402061855670103,-4.48498505428187
64,0.14432989690721648,-6.4776787751896565
64,0.15463917525773196,1.8700683875543838
64,0.16494845360824742,-6.681810473116839
64,0.17525773195876287,-14.6605122434816
64,0.18556701030927836,-5.486661793726789
64,0.1958762886597938,3.007394925878785
64,0.20618556701030927,5.172177470256905
64,0.21649484536082475,-5.6730838870559115
64,0.2268041237113402,-5.571131106922501
64,0.23711340206185566,-19.14325734729365
64,0.24742268041237114,3.8407071335428817
64,0.25773195876288657,3.021496154228221
64,0.26804123711340205,-12.49005853826728
64,0.27835051546391754,-0.5635053016106724
64,0.28865979381443296,-8.41510319882023
64,0.29896907216494845,3.1977668315910304
64,0.30927835051546393,7.2821836507731055
64,0.31958762886597936,-12.38942776023491
64,0.32989690721649484,-4.422740994955797
64,0.3402061855670103,-8.861348522856998
64,0.35051546391752575,5.134046726846125
64,0.36082474226804123,5.805342166072169
64,0.3711340206185567,3.0875428327599392
64,0.38144329896907214,8.368132515732153
64,0.3917525773195876,2.728936377400733
64,0.4020618556701031,-1.0748487303492533
64,0.41237113402061853,-0.7675517564345941
64,0.422680412371134,0.15890492069222617
64,0.4329896907216495,-12.140532417134091
64,0.44329896907216493,-6.0763785443606695
64,0.4536082474226804,8.455830171501132
64,0.4639175257731959,11.11013678969369
64,0.4742268041237113,2.011508805565484
64,0.4845360824742268,0.8959262484901633
64,0.4948453608247423,-7.876783369174245
65,0.0,2.0872192862952943e-14
65,0.018867924528301886,-0.13287007811394658
65,0.03773584905660377,-2.408047670507993
65,0.05660377358490566,-3.3124289482074225
65,0.07547169811320754,6.899024779741625
65,0.09433962264150943,0.6767329380028761
65,0.11320754716981132,-5.437877257191248
65,0.1320754716981132,-13.153485013926526
65,0.1509433962264151,3.014095251219988
65,0.16981132075471697,-6.2930959413794545
65,0.18867924528301885,2.1034519238966984
65,0.20754716981132074,0.398719152578042
65,0.22641509433962265,2.401319977644464
65,0.24528301886792453,-0.6263466117382439
65,0.2641509433962264,-2.33581582132182
65,0.2830188679245283,-4.161116283525763
65,0.3018867924528302,0.4494871138891354
65,0.32075471698113206,-0.6756515994623882
65,0.33962264150943394,-2.8439939257974416
65,0.3584905660377358,3.4740873306197115
65,0.3773584905660377,-2.2021961236811016
65,0.3962264150943396,-2.503297551985532
65,0.4150943396226415,3.010733576415249
65,0.43396226415094336,-4.432634235322669
65,0.4528301886792453,5.144220552606403
65,0.4716981132075472,1.9818270672315386
65,0.49056603773584906,-6.3191395946871705
66,0.0,-1.687538997430238e-14
66,0.01098901098901099,-3.1949606826560553
66,0.02197802197802198,-3.819527967868333
66,0.03296703296703297,2.544861492245496
66,0.04395604395604396,4.3382355500153205
66,0.05494505494505495,-11.473019019951188
66,0.06593406593406594,2.240910658168228
66,0.07692307692307693,0.7069668774180107
66,0.08791208791208792,-8.01186388767544
66,0.09890109890109891,0.28844983319198864
66,0.1098901098901099,-2.4648428537186478
66,0.1208791208791209,-3.1959012730412573
66,0.13186813186813187,5.41159011982584
66,0.14285714285714288,-10.964986191910299
66,0.15384615384615385,6.993862913510924
66,0.16483516483516486,-3.1352288878683297
66,0.17582417582417584,7.4305130040963006
66,0.18681318681318682,-0.5035057443461968
66,0.19780219780219782,-2.651300438034252
66,0.2087912087912088,-7.087486403315614
66,0.2197802197802198,1.362799231371354
66,0.23076923076923078,1.0933376365737626
66,0.2417582417582418,-11.889383773867813
66,0.2527472527472528,6.625962452060348
66,0.26373626373626374,0.8372406763444222
66,0.27472527472527475,-1.1091039191660883
66,0.28571428571428575,5.7680234861592625
66,0.2967032967032967,-8.193795990522364
66,0.3076923076923077,-3.779833218773962
66,0.3186813186813187,-6.878046463245193
66,0.3296703296703297,3.3361404959570917
66,0.34065934065934067,2.5714252360782
66,0.3516483516483517,-7.924747682341086
66,0.3626373626373627,-8.006785843813413
66,0.37362637362637363,-10.775015691146121
66,0.38461538461538464,2.123481399730272
66,0.39560439560439564,10.627919641892678
66,0.40659340659340665,11.099766147987626
66,0.4175824175824176,-9.215891777547903
66,0.4285714285714286,5.687480134474022
66,0.4395604395604396,-6.2877919733884795
66,0.45054945054945056,0.2872725179534248
66,0.46153846153846156,-7.801362527747185
66,0.47252747252747257,1.7870874816775402
66,0.4835164835164836,-8.228114065869887
66,0.4945054945054945,5.372905686154756
67,0.0,5.329070518200751e-15
67,0.013513513513513514,8.510506606914458
67,0.02702702702702703,-7.710452809872214
67,0.04054054054054054,-0.04561308076986359
67,0.05405405405405406,-7.89880875021707
67,0.06756756756756757,-7.208446276045271
67,0.08108108108108109,1.8986187435010926
67,0.0945945945945946,-4.542306496136437
67,0.10810810810810811,5.703236987491386
67,0.12162162162162163,3.829219797763039
67,0.13513513513513514,-9.205239000874489
67,0.14864864864864866,-9.538515772771836
67,0.16216216216216217,2.1677998121058786
67,0.17567567567567569,7.143318566000817
67,0.1891891891891892,3.436887786649182
67,0.20270270270270271,4.645526570813667
67,0.21621621621621623,-7.734039165398954
67,0.22972972972972974,-2.4185516717265463
67,0.24324324324324326,6.971747379960281
67,0.2567567567567568,-2.2691243538295383
67,0.2702702702702703,-9.490526038548833
67,0.28378378378378377,-0.8610169866075879
67,0.2972972972972973,15.246925093956536
67,0.31081081081081086,-4.091496900333926
67,0.32432432432432434,2.0252608336725655
67,0.33783783783783783,-8.62819598622557
67,0.35135135135135137,1.5887807577996487
67,0.3648648648648649,0.11090417408625441
67,0.3783783783783784,1.6697517047938895
67,0.3918918918918919,-10.021073648083743
67,0.40540540540540543,-2.847474583096815
67,0.41891891891891897,-14.551675146426593
67,0.43243243243243246,-15.212060569092756
67,0.44594594594594594,-0.4512965773249302
67,0.4594594594594595,6.96664707536698
67,0.472972972972973,6.465889164675408
67,0.4864864864864865,2.796029817880016
68,0.0,-7.105427357601002e-15
68,0.018867924528301886,1.3095215365121016
68,0.03773584905660377,-1.7544214720954634
68,0.05660377358490566,7.360320921285005
68,0.07547169811320754,-1.366859657188898
68,0.09433962264150943,-4.630848930560478
68,0.11320754716981132,-3.9346624258193796
68,0.1320754716981132,2.1852024532076313
68,0.1509433962264151,-2.968652506768091
68,0.16981132075471697,1.9967569721926233
68,0.18867924528301885,4.84627436078775
68,0.20754716981132074,-3.1859651189124794
68,0.22641509433962265,-8.14335587751457
68,0.24528301886792453,2.196290958263795
68,0.2641509433962264,-4.104761564508808
68,0.2830188679245283,-1.0942715901177067
68,0.3018867924528302,1.6257134857409583
68,0.32075471698113206,-1.838279998017012
68,0.33962264150943394,2.9480769039283286
68,0.3584905660377358,3.7774257591388443
68,0.3773584905660377,0.49114212612376007
68,0.3962264150943396,-9.101131908482225
68,0.4150943396226415,-6.9948873259944655
68,0.43396226415094336,-0.8416277723429069
68,0.4528301886792453,-10.947762058024773
68,0.4716981132075472,-0.5479361055954283
68,0.49056603773584906,0.6882712171686363
69,0.0,-2.1316282072803006e-14
69,0.014492753623188406,3.9723341103040952
69,0.028985507246376812,-7.750285830336301
69,0.043478260869565216,-4.415442936183076
69,0.057971014492753624,7.598355537787089
69,0.07246376811594203,-0.6121644720034431
69,0.08695652173913043,-0.43136543315009857
69,0.10144927536231885,-0.22466445374058175
69,0.11594202898550725,-1.7762860410218702
69,0.13043478260869565,-3.1839051758974684
69,0.14492753623188406,-4.175988214502144
69,0.15942028985507248,-5.411992899185288
69,0.17391304347826086,-0.1329544296570888
69,0.18840579710144928,3.0167598268052007
69,0.2028985507246377,-6.402998790962049
69,0.21739130434782608,-13.46698176831936
69,0.2318840579710145,-5.032410941418766
69,0.2463768115942029,-4.907745722910787
69,0.2608695652173913,-1.6270712657798283
69,0.2753623188405797,3.5587605008041288
69,0.2898550724637681,-1.6726438409410656
69,0.30434782608695654,3.451689266115724
69,0.31884057971014496,-3.7030896588510642
69,0.3333333333333333,-8.333733358063173
69,0.34782608695652173,9.4741693670182
69,0.36231884057971014,1.2143097352302898
69,0.37681159420289856,-0.4361276482644434
69,0.391304347826087,-2.8583954094863473
69,0.4057971014492754,-0.5212602788431799
69,0.42028985507246375,4.281760835904913
69,0.43478260869565216,-8.18540274761269
69,0.4492753623188406,-3.3451181575352527
69,0.463768115942029,11.564332252487638
69,0.4782608695652174,-0.501445778373693
69,0.4927536231884058,-5.3126502701894225
70,0.0,-1.8096635301390052e-14
70,0.011627906976744186,-9.221827463761729
70,0.023255813953488372,-3.106905614520698
70,0.03488372093023256,-7.639473049780781
70,0.046511627906976744,2.814182149149757
70,0.05813953488372093,11.137059305422156
70,0.06976744186046512,-6.3028133492982885
70,0.08139534883720931,4.000715992465462
70,0.09302325581395349,-5.069893020831481
70,0.10465116279069767,4.929587281868425
70,0.11627906976744186,-1.2016044432103001
70,0.12790697674418605,4.338819953862469
70,0.13953488372093023,-4.7033302358002915
70,0.1511627906976744,5.652055783616875
70,0.16279069767441862,0.9291516235552341
70,0.1744186046511628,-6.638840227220378
70,0.18604651162790697,-1.110618809746828
70,0.19767441860465115,-4.505099308659931
70,0.20930232558139533,-0.08689979138310289
70,0.22093023255813954,-4.392880183681742
70,0.23255813953488372,8.533673983207638
70,0.2441860465116279,-5.279748397885193
70,0.2558139534883721,-10.429445947213967
70,0.26744186046511625,-4.489726384892433
70,0.27906976744186046,-8.694031543068284
70,0.29069767441860467,3.122061942674989
70,0.3023255813953488,-7.723137691020442
70,0.313953488372093,-2.1325529977105133
70,0.32558139534883723,2.826205182365742
70,0.3372093023255814,1.051873300049949
70,0.3488372093023256,-2.117467181322411
70,0.36046511627906974,5.452846095322921
70,0.37209302325581395,-2.598897658285199
70,0.38372093023255816,14.219551162162812
70,0.3953488372093023,12.493678426881502
70,0.4069767441860465,-17.218822948695063
70,0.41860465116279066,-5.651189001735917
70,0.43023255813953487,3.1766242814625136
70,0.4418604651162791,-3.362938397372094
70,0.45348837209302323,3.1986621991329915
70,0.46511627906976744,-0.8009971518607695
70,0.47674418604651164,-4.851237976255931
70,0.4883720930232558,1.4266785726336653
71,0.0,2.6867397195928788e-14
71,0.013513513513513514,-8.367819166882875
71,0.02702702702702703,4.581556047850861
71,0.04054054054054054,5.655933143182141
71,0.05405405405405406,-7.16617568688324
71,0.06756756756756757,6.37774609758749
71,0.08108108108108109,-1.7942087874219905
71,0.0945945945945946,2.3843992880277627
71,0.10810810810810811,-0.22042838544887045
71,0.12162162162162163,-4.9582367332774275
71,0.13513513513513514,-3.601194553731893
71,0.14864864864864866,-2.195523419544707
71,0.16216216216216217,-0.7944484973904764
71,0.17567567567567569,-10.670874061901086
71,0.1891891891891892,-2.91904716482735
71,0.20270270270270271,-5.834446131786256
71,0.21621621621621623,-6.461594249831632
71,0.22972972972972974,-2.4536015107731473
71,0.24324324324324326,-6.434972940974009
71,0.2567567567567568,-6.649737233752368
71,0.2702702702702703,0.5390750059767252
71,0.28378378378378377,-2.8243774938936363
71,0.2972972972972973,-5.678626293622223
71,0.31081081081081086,-2.0691958862554385
71,0.32432432432432434,-1.6529533660218068
71,0.33783783783783783,6.640578404049142
71,0.35135135135135137,4.490328295639295
71,0.3648648648648649,-4.708337112869008
71,0.3783783783783784,1.2979592577325572
71,0.3918918918918919,2.9032345757987814
71,0.40540540540540543,5.0365740758796065
71,0.41891891891891897,-5.1524561881616915
71,0.43243243243243246,-3.3567361703699388
71,0.44594594594594594,5.950852784819136
71,0.4594594594594595,2.4867867537329698
71,0.472972972972973,-5.442235857483484
71,0.4864864864864865,7.136490905058691
72,0.0,-5.0182080713057076e-14
72,0.012658227848101266,4.3713474540658135
72,0.02531645569620253,-3.9622046662920467
72,0.0379746835443038,-13.20176156075714
72,0.05063291139240506,-0.6935920318867381
72,0.06329113924050633,-8.534676594391666
72,0.0759493670886076,-1.7806487865690992
72,0.08860759493670886,-3.6245023310126414
72,0.10126582278481013,2.746292199938953
72,0.11392405063291139,-1.17632843506733
72,0.12658227848101267,-1.8864623189353864
72,0.13924050632911392,0.5704104777208958
72,0.1518987341772152,6.1968696989887215
72,0.16455696202531644,-8.773997224091513
72,0.17721518987341772,2.4205562809738663
72,0.18987341772151897,0.7341982326303682
72,0.20253164556962025,11.167620760094817
72,0.21518987341772153,-0.3534931042432965
72,0.22784810126582278,-3.613688134690638
72,0.24050632911392406,-4.227727092781499
72,0.25316455696202533,0.6297362707159488
72,0.26582278481012656,3.293289356735814
72,0.27848101265822783,-0.2956471215000689
72,0.2911392405063291,2.1115014956043967
72,0.3037974683544304,0.2407922867907314
72,0.31645569620253167,-5.182103376094157
72,0.3291139240506329,-2.6481763531090383
72,0.34177215189873417,-5.649009402640729
72,0.35443037974683544,-9.376619369355721
72,0.3670886075949367,0.06595637365291918
72,0.37974683544303794,-3.6468557444431235
72,0.3924050632911392,-4.794512080644826
72,0.4050632911392405,11.002005629124353
72,0.4177215189873418,14.095959533143217
72,0.43037974683544306,-2.371864391571154
72,0.4430379746835443,-5.000381354793049
72,0.45569620253164556,-9.1173143198981
72,0.46835443037974683,-3.148846334865593
72,0.4810126582278481,-5.817963740187785
72,0.49367088607594933,1.410746410388854
73,0.0,7.549516567451064e-15
73,0.013157894736842105,-9.493204442566014
73,0.02631578947368421,-1.7938177270030633
73,0.039473684210526314,-26.40361983582434
73,0.05263157894736842,2.422953153023769
73,0.06578947368421052,9.44072006239666
73,0.07894736842105263,-1.4658721429083645
73,0.09210526315789473,2.4317746322841787
73,0.10526315789473684,4.44064053532003
73,0.11842105263157894,6.843938546687765
73,0.13157894736842105,0.42917611207118567
73,0.14473684210526316,-3.069387916949964
73,0.15789473684210525,-7.1547833589614385
73,0.17105263157894735,-3.4830807245138744
73,0.18421052631578946,-7.965249826492277
73,0.19736842105263158,-0.733449757280511
73,0.21052631578947367,2.1447945564109587
73,0.22368421052631576,-4.257118999057383
73,0.23684210526315788,-4.532485688055372
73,0.25,-8.189219729270825
73,0.2631578947368421,3.113846352811399
73,0.2763157894736842,-0.8682587307629119
73,0.2894736842105263,-1.3554198865527929
73,0.3026315789473684,-4.828633087517593
73,0.3157894736842105,8.873431342211274
73,0.3289473684210526,-3.984868001147532
73,0.3421052631578947,1.0325070986640483
73,0.35526315789473684,-0.1578081353543752
73,0.3684210526315789,-5.906424395750539
73,0.381578947368421,5.369878627652621
73,0.39473684210526316,6.4683459467001025
73,0.40789473684210525,-4.284105442632545
73,0.42105263157894735,1.1864412691499482
73,0.43421052631578944,-4.772381712474598
73,0.4473684210526315,0.07523428454444847
73,0.4605263157894737,3.228850206983253
73,0.47368421052631576,-2.258559149165906
73,0.48684210526315785,0.8081380814248043
74,0.0,-1.2878587085651816e-14
74,0.014084507042253521,-5.767737148836678
74,0.028169014084507043,-5.930245086300859
74,0.04225352112676056,3.695364994307765
74,0.056338028169014086,6.636067512689512
74,0.07042253521126761,-1.366532566279542
74,0.08450704225352113,2.210598772164915
74,0.09859154929577466,-18.260598428012155
74,0.11267605633802817,-3.109234623875137
74,0.1267605633802817,-8.559957753482305
74,0.14084507042253522,3.487366927546941
74,0.15492957746478875,-4.18467905325469
74,0.16901408450704225,6.354890252454678
74,0.18309859154929578,3.995071757773487
74,0.1971830985915493,-9.430016123272166
74,0.2112676056338028,-0.3853194714415942
74,0.22535211267605634,-3.407778287833082
74,0.23943661971830987,4.37113348679021
74,0.2535211267605634,2.1786082155350073
74,0.26760563380281693,0.10570865824277398
74,0.28169014084507044,-6.030831029064755
74,0.29577464788732394,6.553319837989995
74,0.3098591549295775,0.1667370024729672
74,0.323943661971831,5.911484622177426
74,0.3380281690140845,-1.6464611740476722
74,0.35211267605633806,-13.604683098782377
74,0.36619718309859156,2.44118210799008
74,0.38028169014084506,-2.9138901059156965
74,0.3943661971830986,-2.65384286579067
74,0.4084507042253521,-5.466998383777212
74,0.4225352112676056,10.606522465127913
74,0.4366197183098592,-0.37898627107834365
74,0.4507042253521127,-11.911673980676316
74,0.4647887323943662,1.591396653181774
74,0.47887323943661975,3.326719653824194
74,0.49295774647887325,4.480319643425858
75,0.0,-3.197442310920451e-14
75,0.012987012987012988,-9.162015206591231
75,0.025974025974025976,-6.289927974322837
75,0.03896103896103896,-6.3575782256991324
75,0.05194805194805195,-1.1072141976804013
75,0.06493506493506494,-0.022651143994643963
75,0.07792207792207792,-0.8420611289496289
75,0.09090909090909091,3.709922225688703
75,0.1038961038961039,7.430266247247268
75,0.1168831168831169,-1.776213978554476
75,0.12987012987012989,2.3317246434418184
75,0.14285714285714288,-1.952539554899687
75,0.15584415584415584,1.5087484315776265
75,0.16883116883116883,6.60652212544067
75,0.18181818181818182,-2.0542370377875847
75,0.19480519480519481,5.910507239080581
75,0.2077922077922078,-5.2482020083066026
75,0.2207792207792208,2.7284437378237825
75,0.2337662337662338,0.7723797348926862
75,0.24675324675324678,-9.143999461381398
75,0.25974025974025977,-11.109921695801322
75,0.27272727272727276,-8.211245512394107
75,0.28571428571428575,-16.3742306245117
75,0.29870129870129875,7.632458248422381
75,0.3116883116883117,-6.309461682060294
75,0.3246753246753247,7.334527890850494
75,0.33766233766233766,-2.2210550233595274
75,0.35064935064935066,-4.614183962450004
75,0.36363636363636365,5.676325609465675
75,0.37662337662337664,2.5098105592332036
75,0.38961038961038963,-5.300491823158811
75,0.4025974025974026,1.8264869762180425
75,0.4155844155844156,-5.28666214447518
75,0.4285714285714286,2.536518382661172
75,0.4415584415584416,-4.727463824350091
75,0.4545454545454546,-0.9147500834504498
75,0.4675324675324676,-7.073156505657716
75,0.48051948051948057,6.196010128871102
75,0.49350649350649356,-1.3607670382677077
76,0.0,-2.3092638912203256e-14
76,0.010526315789473684,0.7259644458354015
76,0.021052631578947368,5.639767988724735
76,0.031578947368421054,-4.069923039143884
76,0.042105263157894736,1.497303885482439
76,0.05263157894736842,14.758115001421245
76,0.06315789473684211,-12.867249580034347
76,0.07368421052631578,-5.929915310381113
76,0.08421052631578947,-0.3052988202428635
76,0.09473684210526316,3.0746473486090355
76,0.10526315789473684,-0.35939436303582895
76,0.11578947368421053,-6.3286566671694375
76,0.12631578947368421,2.9549417338398376
76,0.1368421052631579,7.547768810359662
76,0.14736842105263157,-6.385407800449864
76,0.15789473684210525,-5.920508971010933
76,0.16842105263157894,-10.344106025562219
76,0.17894736842105263,-4.138095433401319
76,0.18947368421052632,-7.411849310372912
76,0.19999999999999998,7.8707053888734855
76,0.21052631578947367,9.073738322171051
76,0.22105263157894736,-1.7260647789503587
76,0.23157894736842105,-2.7256872284631797
76,0.24210526315789474,-7.449356765021844
76,0.25263157894736843,-2.4002411601248324
76,0.2631578947368421,0.12233582749870875
76,0.2736842105263158,-6.194244824926625
76,0.28421052631578947,-8.898607144037655
76,0.29473684210526313,-13.243563762264774
76,0.30526315789473685,2.764082033904524
76,0.3157894736842105,-0.2808301059317797
76,0.3263157894736842,-2.55800586589789
76,0.3368421052631579,2.5567299964152106
76,0.34736842105263155,5.340797799335505
76,0.35789473684210527,1.193172377079259
76,0.3684210526315789,1.6560674323041047
76,0.37894736842105264,2.4802805830785326
76,0.3894736842105263,1.6980364174791915
76,0.39999999999999997,-2.970120353105285
76,0.4105263157894737,2.269582044000815
76,0.42105263157894735,-7.417023376968111
76,0.43157894736842106,2.0054720170410207
76,0.4421052631578947,5.837559564807645
76,0.4526315789473684,-13.286274687227014
76,0.4631578947368421,-5.670386753578642
76,0.47368421052631576,12.859096555771965
76,0.4842105263157895,7.265453743172301
76,0.49473684210526314,-9.210198269698903
77,0.0,6.661338147750939e-15
77,0.013888888888888888,-8.06142693728312
77,0.027777777777777776,7.118450573211391
77,0.041666666666666664,1.1123911989514461
77,0.05555555555555555,0.28021422808013474
77,0.06944444444444445,1.3335751874387511
77,0.08333333333333333,-2.3310466417712314
77,0.09722222222222221,4.052842341877897
77,0.1111111111111111,8.251222350660072
77,0.125,-3.846275692038619
77,0.1388888888888889,-5.73361863994851
77,0.15277777777777776,-1.8527541703378405
77,0.16666666666666666,-0.7091784112169726
77,0.18055555555555555,-3.070803365275888
77,0.19444444444444442,-15.572309577964186
77,0.20833333333333331,-4.130171159633663
77,0.2222222222222222,11.964650950509242
77,0.2361111111111111,-5.7044425640819085
77,0.25,3.9319443935590823
77,0.2638888888888889,1.4603309479698532
77,0.2777777777777778,7.346291207485456
77,0.29166666666666663,-2.7454913567256183
77,0.3055555555555555,6.881672691796416
77,0.3194444444444444,-8.875517995065566
77,0.3333333333333333,1.052966146439791
77,0.3472222222222222,-2.327048894097938
77,0.3611111111111111,-3.94258108557403
77,0.375,-5.805067607012788
77,0.38888888888888884,0.9894074016204941
77,0.40277777777777773,0.5349327938552313
77,0.41666666666666663,-12.46047179741128
77,0.4305555555555555,0.4347281944259118
77,0.4444444444444444,2.4117138927448205
77,0.4583333333333333,5.4772153787164894
77,0.4722222222222222,0.3108601226596157
77,0.4861111111111111,-9.868506260801194
78,0.0,8.881784197001252e-16
78,0.013888888888888888,8.44182569317228
78,0.027777777777777776,4.131407631292998
78,0.041666666666666664,-8.098085966319424
78,0.05555555555555555,-3.2436321780604773
78,0.06944444444444445,2.8923077902430294
78,0.08333333333333333,-0.6879576965074077
78,0.09722222222222221,2.325376478143577
78,0.1111111111111111,-12.418368296776059
78,0.125,-2.9249610817918716
78,0.1388888888888889,-2.446022610408017
78,0.15277777777777776,1.5954467537404384
78,0.16666666666666666,-8.420678558481193
78,0.18055555555555555,1.189834653495408
78,0.19444444444444442,5.016039975096298
78,0.20833333333333331,-4.480447522634922
78,0.2222222222222222,1.2677055942312228
78,0.2361111111111111,-1.8983168722721722
78,0.25,-3.554708345669988
78,0.2638888888888889,-10.499541131132602
78,0.2777777777777778,-9.530461039551156
78,0.29166666666666663,-5.04023371731547
78,0.3055555555555555,-2.0822199399554346
78,0.3194444444444444,3.321367078371048
78,0.3333333333333333,13.096838857211544
78,0.3472222222222222,-1.9308300615051865
78,0.3611111111111111,3.269982386925157
78,0.375,6.378072744055552
78,0.38888888888888884,8.061444924440295
78,0.40277777777777773,-7.131801614942846
78,0.41666666666666663,-5.112909989731573
78,0.4305555555555555,-5.934396541778344
78,0.4444444444444444,7.209484552061583
78,0.4583333333333333,-0.4996697161269954
78,0.4722222222222222,3.08006675203291
78,0.4861111111111111,-6.075837394123198
79,0.0,-7.993605777301127e-15
79,0.012345679012345678,3.3080177970656512
79,0.024691358024691357,4.336845548491687
79,0.037037037037037035,-0.7675835622734484
79,0.04938271604938271,3.9923795543117375
79,0.06172839506172839,-2.8311705056027945
79,0.07407407407407407,-5.135625687419028
79,0.08641975308641975,-1.3537585209377547
79,0.09876543209876543,0.7082041488359558
79,0.1111111111111111,-9.386530206393283
79,0.12345679012345678,-2.888977544788922
79,0.13580246913580246,-1.1503430264884926
79,0.14814814814814814,-2.9330385413510562
79,0.16049382716049382,0.6836956113508932
79,0.1728395061728395,-5.286710856120839
79,0.18518518518518517,-3.4891715435915396
79,0.19753086419753085,-13.392340788825297
79,0.20987654320987653,-3.671275591418476
79,0.2222222222222222,7.328269897859647
79,0.2345679012345679,1.6199364432694343
79,0.24691358024691357,-10.684535499486474
79,0.25925925925925924,1.8389315828591641
79,0.2716049382716049,-9.585217446530281
79,0.2839506172839506,3.6764436073145483
79,0.2962962962962963,9.816726200003739
79,0.30864197530864196,-1.4525897777665264
79,0.32098765432098764,2.972721222126915
79,0.3333333333333333,7.5757097782463205
79,0.345679012345679,6.585392318628144
79,0.35802469135802467,-15.82684333462079
79,0.37037037037037035,-0.9619870141662554
79,0.38271604938271603,-7.6970453585593415
79,0.3950617283950617,-11.509620931218004
79,0.4074074074074074,11.219870069070833
79,0.41975308641975306,1.6404304523655338
79,0.43209876543209874,4.690226263681124
79,0.4444444444444444,2.7211818946541144
79,0.4567901234567901,-5.621586285495105
79,0.4691358024691358,-17.554907273292308
79,0.48148148148148145,1.6583191344813617
79,0.49382716049382713,8.48560792193004
80,0.0,8.104628079763643e-15
80,0.014084507042253521,4.12799729430427
80,0.028169014084507043,1.1330322378533504
80,0.04225352112676056,0.9243919648445484
80,0.056338028169014086,-5.354647488287655
80,0.07042253521126761,1.1056843297440362
80,0.08450704225352113,0.012771113035212722
80,0.09859154929577466,-0.13351456695694086
80,0.11267605633802817,0.12959947265479665
80,0.1267605633802817,-11.183427994150303
80,0.14084507042253522,-4.175420089202554
80,0.15492957746478875,10.549095471842236
80,0.16901408450704225,-6.647733693265215
80,0.18309859154929578,-4.011959981946875
80,0.1971830985915493,-4.020132389556473
80,0.2112676056338028,1.8767231854245363
80,0.22535211267605634,-8.045347353619958
80,0.23943661971830987,3.0273157505811583
80,0.2535211267605634,-12.250805064718564
80,0.26760563380281693,-1.2301779530938615
80,0.28169014084507044,4.092390951637835
80,0.29577464788732394,-4.965313343789775
80,0.3098591549295775,10.894162818485453
80,0.323943661971831,-1.2066343662349595
80,0.3380281690140845,3.4832607321532785
80,0.35211267605633806,-11.505762879189648
80,0.36619718309859156,3.7430510659462706
80,0.38028169014084506,-2.9607069949823717
80,0.3943661971830986,-13.361867628319677
80,0.4084507042253521,4.501220156811236
80,0.4225352112676056,12.774275091435568
80,0.4366197183098592,-3.0306955387949066
80,0.4507042253521127,-2.8690211943067667
80,0.4647887323943662,-12.390059468672586
80,0.47887323943661975,7.388450050656265
80,0.49295774647887325,1.7498387248658298
81,0.0,3.197442310920451e-14
81,0.022727272727272728,1.627036673148468
81,0.045454545454545456,-3.8261932504356975
81,0.06818181818181818,-3.921946789932612
81,0.09090909090909091,-7.5421627222542735
81,0.11363636363636365,-3.6035205676190154
81,0.13636363636363635,-2.2714817322430734
81,0.1590909090909091,1.8824141182574232
81,0.18181818181818182,-3.9491294999679627
81,0.20454545454545456,-3.6674466014678138
81,0.2272727272727273,-5.466885223632731
81,0.25,-4.165901822513427
81,0.2727272727272727,-0.014478504298008232
81,0.29545454545454547,5.372682582950278
81,0.3181818181818182,5.696963310904781
81,0.34090909090909094,-4.80124057910958
81,0.36363636363636365,-3.8446177296010027
81,0.38636363636363635,0.6043321661274346
81,0.4090909090909091,1.8550124317215722
81,0.4318181818181818,-5.584454520214869
81,0.4545454545454546,0.39544738404167434
81,0.4772727272727273,-3.0183632391211797
82,0.0,4.729550084903167e-14
82,0.011494252873563218,-4.428218978233036
82,0.022988505747126436,2.29345993956406
82,0.034482758620689655,-4.5124507604035475
82,0.04597701149425287,5.1940631766396
82,0.05747126436781609,5.588760757984255
82,0.06896551724137931,-5.075015488021047
82,0.08045977011494253,-1.4336339872792667
82,0.09195402298850575,-4.472982502187509
82,0.10344827586206896,0.7019935438462335
82,0.11494252873563218,-16.332407300391054
82,0.12643678160919541,-2.6627999758474816
82,0.13793103448275862,-4.877751926764626
82,0.14942528735632182,-6.08897592663113
82,0.16091954022988506,-1.6456659523238981
82,0.1724137931034483,2.3666051334826124
82,0.1839080459770115,-5.788984774895944
82,0.1954022988505747,-1.7407615465420179
82,0.20689655172413793,3.4221821749375585
82,0.21839080459770116,0.9318358138319027
82,0.22988505747126436,4.878235778934164
82,0.24137931034482757,-8.16667360943564
82,0.25287356321839083,6.399487256081608
82,0.26436781609195403,-6.340674554671839
82,0.27586206896551724,2.763587202688613
82,0.28735632183908044,4.603219116215356
82,0.29885057471264365,-6.743165464556989
82,0.3103448275862069,-4.486586422781805
82,0.3218390804597701,-0.9539259094513611
82,0.3333333333333333,-1.4870872357653402
82,0.3448275862068966,-1.3504800026792987
82,0.3563218390804598,-1.0290463865933042
82,0.367816091954023,-9.398398844840123
82,0.3793103448275862,7.72580037535288
82,0.3908045977011494,-3.4408780511866084
82,0.40229885057471265,-8.53944337288347
82,0.41379310344827586,-0.7590467238380647
82,0.42528735632183906,9.503863811768417
82,0.4367816091954023,0.4482344513745371
82,0.4482758620689655,-1.3053791035288462
82,0.45977011494252873,-10.466760229427233
82,0.47126436781609193,-12.545956786843309
82,0.48275862068965514,-0.08644431138460762
82,0.4942528735632184,16.972094698353143
83,0.0,-1.7319479184152442e-14
83,0.0196078431372549,-4.722732247899458
83,0.0392156862745098,-4.929703582475647
83,0.058823529411764705,-1.2758304823297597
83,0.0784313725490196,1.095022721774231
83,0.09803921568627451,0.6023393723894432
83,0.11764705882352941,2.624068755281134
83,0.13725490196078433,-11.518286591347293
83,0.1568627450980392,-3.2514634788268957
83,0.1764705882352941,-0.9650931789537527
83,0.19607843137254902,-7.933593261019126
83,0.21568627450980393,6.389664305246226
83,0.23529411764705882,2.277172112172232
83,0.2549019607843137,-5.142044672721777
83,0.27450980392156865,-3.9943010823943386
83,0.29411764705882354,-5.414559050327153
83,0.3137254901960784,2.8771522016530042
83,0.3333333333333333,-3.0477023216861654
83,0.3529411764705882,-5.889013061224658
83,0.37254901960784315,-10.97066634752457
83,0.39215686274509803,0.7198412096340965
83,0.4117647058823529,11.838749011679212
83,0.43137254901960786,0.6060308684685044
83,0.45098039215686275,-1.688433432772836
83,0.47058823529411764,8.054682297133619
83,0.49019607843137253,-0.6343931210720837
84,0.0,3.4638958368304884e-14
84,0.012987012987012988,-1.648824647568695
84,0.025974025974025976,-11.52461771039417
84,0.03896103896103896,-0.7001711573340503
84,0.05194805194805195,5.201805443036459
84,0.06493506493506494,3.3382135091350813
84,0.07792207792207792,1.183667826588835
84,0.09090909090909091,-12.300696352734475
84,0.1038961038961039,6.14216073196131
84,0.1168831168831169,0.966281974301932
84,0.12987012987012989,-7.29048136534742
84,0.14285714285714288,-0.6279372209591458
84,0.15584415584415584,-1.2430495190562016
84,0.16883116883116883,-9.859405207789397
84,0.18181818181818182,-2.696667462158383
84,0.19480519480519481,1.898041459538904
84,0.2077922077922078,-0.06151044834917985
84,0.2207792207792208,-2.602568518339973
84,0.2337662337662338,1.2704040758503012
84,0.24675324675324678,-3.703542896533942
84,0.25974025974025977,0.5590040498217088
84,0.27272727272727276,0.8801105256624346
84,0.28571428571428575,10.62066985472191
84,0.29870129870129875,-7.048290094925717
84,0.3116883116883117,-4.551769353252034
84,0.3246753246753247,-11.657464839248608
84,0.33766233766233766,12.482683296205241
84,0.35064935064935066,0.4859514342075473
84,0.36363636363636365,3.0682464185309137
84,0.37662337662337664,-2.541695364050957
84,0.38961038961038963,-12.792700721228906
84,0.4025974025974026,6.449672516153518
84,0.4155844155844156,-5.920281527179677
84,0.4285714285714286,-0.9392417577272718
84,0.4415584415584416,10.587391371475716
84,0.4545454545454546,-1.7765992776149058
84,0.4675324675324676,-10.062925134906932
84,0.48051948051948057,-5.519390522992163
84,0.49350649350649356,6.194444088471048
85,0.0,-7.993605777301127e-15
85,0.014705882352941176,-5.255207635293458
85,0.029411764705882353,-9.658419447833348
85,0.044117647058823525,-3.4367428715506185
85,0.058823529411764705,0.6214445637949106
85,0.07352941176470588,-12.27699339616679
85,0.08823529411764705,-0.2545941659145585
85,0.10294117647058823,-3.441524474955806
85,0.11764705882352941,-0.7815381171403946
85,0.1323529411764706,-10.379293995160731
85,0.14705882352941177,-9.717732773106832
85,0.16176470588235295,4.3600168554022165
85,0.1764705882352941,5.94174340743531
85,0.19117647058823528,-3.949789830449273
85,0.20588235294117646,-2.918527427881665
85,0.22058823529411764,7.736352111127188
85,0.23529411764705882,-7.694843249752905
85,0.25,-3.50390154718677
85,0.2647058823529412,5.519649229556981
85,0.27941176470588236,-10.01482127460344
85,0.29411764705882354,9.413444910948668
85,0.3088235294117647,0.053379582416497096
85,0.3235294117647059,3.964396387599339
85,0.3382352941176471,-3.6093353798237886
85,0.3529411764705882,-2.400184729732403
85,0.3676470588235294,1.762432695876372
85,0.38235294117647056,3.6179918615514994
85,0.39705882352941174,5.09870694076611
85,0.4117647058823529,-11.80870769292844
85,0.4264705882352941,-6.496313864643545
85,0.4411764705882353,9.557549898032562
85,0.45588235294117646,1.1554637458491137
85,0.47058823529411764,-4.965560856715554
85,0.4852941176470588,3.8353035303436966
86,0.0,1.0658141036401503e-14
86,0.017241379310344827,-6.931660983094256
86,0.034482758620689655,1.0111216795372666
86,0.05172413793103448,-3.129198973557768
86,0.06896551724137931,-4.972746576730984
86,0.08620689655172414,-0.5233290242573259
86,0.10344827586206896,8.016092086534439
86,0.12068965517241378,-6.761777477360048
86,0.13793103448275862,0.6141812159788818
86,0.15517241379310345,2.3282799746872245
86,0.1724137931034483,-1.6973134938043435
86,0.1896551724137931,-12.302614511273815
86,0.20689655172413793,-5.037981670467781
86,0.22413793103448276,-5.058027306759346
86,0.24137931034482757,-3.8443708240033265
86,0.25862068965517243,3.598556676333936
86,0.27586206896551724,4.739504851809434
86,0.29310344827586204,-1.3458493535689136
86,0.3103448275862069,-1.3535799991117212
86,0.3275862068965517,5.531439629692099
86,0.3448275862068966,-7.097282287725299
86,0.3620689655172414,6.616603154766416
86,0.3793103448275862,5.5128714738619715
86,0.39655172413793105,4.01007742067835
86,0.41379310344827586,-8.217435308171062
86,0.43103448275862066,-2.4698423970916474
86,0.4482758620689655,-5.814145570869687
86,0.46551724137931033,5.252598615065744
86,0.48275862068965514,1.3556162049823275
87,0.0,-3.1086244689504383e-15
87,0.011904761904761904,4.579343701855631
87,0.023809523809523808,7.480782496411548
87,0.03571428571428571,-3.6651975593992594
87,0.047619047619047616,-6.58634226372019
87,0.05952380952380952,-10.60996394445669
87,0.07142857142857142,-2.1729356802327393
87,0.08333333333333333,-6.63893732150852
87,0.09523809523809523,10.72625059795519
87,0.10714285714285714,3.647557074546755
87,0.11904761904761904,-5.965464467257273
87,0.13095238095238093,-7.293635359017021
87,0.14285714285714285,-1.052237074813898
87,0.15476190476190477,-4.654322328080319
87,0.16666666666666666,0.7589411764889777
87,0.17857142857142855,-9.31326142642796
87,0.19047619047619047,-0.8327704632427901
87,0.20238095238095238,0.14475201808592075
87,0.21428571428571427,-9.311277552101995
87,0.22619047619047616,-7.7264755814931405
87,0.23809523809523808,1.2577771951535084
87,0.25,11.15656488308301
87,0.26190476190476186,-17.9998297184976
87,0.2738095238095238,-12.659557915423171
87,0.2857142857142857,4.159608132355477
87,0.2976190476190476,-8.245180792944922
87,0.30952380952380953,-4.183603143081099
87,0.3214285714285714,7.4670919906510385
87,0.3333333333333333,0.3278843192705554
87,0.34523809523809523,-5.882087076768389
87,0.3571428571428571,-9.175065734707541
87,0.369047619047619,-4.409666140963697
87,0.38095238095238093,-2.8400075259194795
87,0.39285714285714285,8.3999052495785
87,0.40476190476190477,-3.802403521902259
87,0.41666666666666663,20.72181430507232
87,0.42857142857142855,5.6008646424133275
87,0.44047619047619047,5.370417949354335
87,0.45238095238095233,-6.0644907710718785
87,0.46428571428571425,3.2011244511670585
87,0.47619047619047616,0.768179584485051
87,0.4880952380952381,8.57951629451459
88,0.0,-1.1102230246251565e-14
88,0.018518518518518517,2.8241793436789218
88,0.037037037037037035,3.9784210772037576
88,0.05555555555555555,-3.348026017634965
88,0.07407407407407407,4.022858098108081
88,0.09259259259259259,1.1109176989238487
88,0.1111111111111111,-7.716104328336481
88,0.12962962962962962,-2.6035242181331912
88,0.14814814814814814,-6.431451809254637
88,0.16666666666666666,1.204720576488898
88,0.18518518518518517,4.179730223942286
88,0.2037037037037037,-2.6571329495750136
88,0.2222222222222222,-3.6821401948918973
88,0.24074074074074073,2.77933341178147
88,0.25925925925925924,-8.051033940574081
88,0.2777777777777778,1.1040906835057132
88,0.2962962962962963,-4.304657229512102
88,0.31481481481481477,-2.26663893784639
88,0.3333333333333333,6.752073956442995
88,0.35185185185185186,-5.891840548884203
88,0.37037037037037035,7.961387575240888
88,0.38888888888888884,1.0171058900126249
88,0.4074074074074074,-8.008200673736413
88,0.42592592592592593,10.200417683444487
88,0.4444444444444444,4.951066676559908
88,0.4629629629629629,-4.332586911838312
88,0.48148148148148145,-15.778168974850619
89,0.0,-8.881784197001252e-16
89,0.015151515151515152,1.5032824018438977
89,0.030303030303030304,-3.798485964707888
89,0.045454545454545456,-7.644228349978445
89,0.06060606060606061,-8.812983682089255
89,0.07575757575757576,-2.121923030961944
89,0.09090909090909091,9.714808348984436
89,0.10606060606060606,-10.254550738603076
89,0.12121212121212122,0.7152220091974617
89,0.13636363636363635,-0.18879521467178684
89,0.15151515151515152,-10.392794693499301
89,0.16666666666666669,3.7804133682984054
89,0.18181818181818182,2.92542174014941
89,0.19696969696969696,-5.47390613954626
89,0.21212121212121213,-7.177312099941141
89,0.2272727272727273,-5.97496676036339
89,0.24242424242424243,-4.899234095235693
89,0.25757575757575757,1.2226726561430787
89,0.2727272727272727,-5.548719363507962
89,0.2878787878787879,-6.359243646163901
89,0.30303030303030304,5.355059236133624
89,0.3181818181818182,7.489683560789091
89,0.33333333333333337,1.0493049154707055
89,0.3484848484848485,-1.585608481699742
89,0.36363636363636365,-6.140597392815427
89,0.3787878787878788,-2.170577748267576
89,0.3939393939393939,6.344071629340982
89,0.4090909090909091,3.8698681011148715
89,0.42424242424242425,-8.35673115691008
89,0.4393939393939394,1.158712504926589
89,0.4545454545454546,-7.649593319745095
89,0.4696969696969697,-2.502775114953204
89,0.48484848484848486,4.51755884625177
90,0.0,-1.609823385706477e-15
90,0.018867924528301886,0.9539223395896839
90,0.03773584905660377,4.954722153942279
90,0.05660377358490566,-8.106500689098324
90,0.07547169811320754,-0.418671897745746
90,0.09433962264150943,-1.961989405658704
90,0.11320754716981132,1.649117939912831
90,0.1320754716981132,-0.050188895085445884
90,0.1509433962264151,-2.6804017884341302
90,0.16981132075471697,-2.8688704857459673
90,0.18867924528301885,-7.899827704902686
90,0.20754716981132074,10.087558701479566
90,0.22641509433962265,-4.717861179226045
90,0.24528301886792453,3.8712056376442394
90,0.2641509433962264,-3.685719893036462
90,0.2830188679245283,-6.441998116132774
90,0.3018867924528302,-1.850143299865187
90,0.32075471698113206,-13.529620357734034
90,0.33962264150943394,1.9502643410287865
90,0.3584905660377358,4.6426035856323775
90,0.3773584905660377,-3.3335281071797556
90,0.3962264150943396,-2.0468899669201956
90,0.4150943396226415,1.9462688340647
90,0.43396226415094336,-4.848002461391202
90,0.4528301886792453,0.18884131428407502
90,0.4716981132075472,-5.849326590205791
90,0.49056603773584906,1.0017003517027008
91,0.0,2.220446049250313e-16
91,0.021739130434782608,5.032912909449905
91,0.043478260869565216,-2.7363604249815427
91,0.06521739130434782,-8.494167852674233
91,0.08695652173913043,2.0224275586679634
91,0.10869565217391304,-10.661629269914734
91,0.13043478260869565,-0.2929263988326052
91,0.15217391304347827,2.9184221637838084
91,0.17391304347826086,0.05284370775420566
91,0.19565217391304346,-4.998457030664829
91,0.21739130434782608,-0.7549983664559043
91,0.2391304347826087,6.844675449626395
91,0.2608695652173913,-2.2955694792759385
91,0.2826086956521739,-7.1138039041005925
91,0.30434782608695654,-3.71977310227739
91,0.32608695652173914,-4.45200076046599
91,0.34782608695652173,-3.153845778525163
91,0.3695652173913043,-0.3327145286088826
91,0.3913043478260869,-5.216604197880656
91,0.41304347826086957,4.974310553001752
91,0.43478260869565216,6.284441712469417
91,0.45652173913043476,3.0987935462029768
91,0.4782608695652174,-7.387778492433968
92,0.0,-1.9539925233402755e-14
92,0.015873015873015872,0.11477149272640497
92,0.031746031746031744,-3.5417869390020567
92,0.047619047619047616,-8.84401818158468
92,0.06349206349206349,7.908667843762708
92,0.07936507936507936,-7.045597290565131
92,0.09523809523809523,-4.096364484205264
92,0.1111111111111111,0.05405753268039448
92,0.12698412698412698,0.18704760243952467
92,0.14285714285714285,0.21267591750949277
92,0.15873015873015872,-0.17133010533284487
92,0.1746031746031746,-3.947719167452526
92,0.19047619047619047,0.22439639794833333
92,0.20634920634920634,-1.87066576895685
92,0.2222222222222222,-2.0097161501527427
92,0.23809523809523808,-9.011520791211902
92,0.25396825396825395,5.584541263870765
92,0.2698412698412698,3.0560163367385496
92,0.2857142857142857,5.561818217480385
92,0.30158730158730157,-0.15131105013763912
92,0.31746031746031744,1.2168743987068193
92,0.3333333333333333,12.279951391926112
92,0.3492063492063492,-1.4304548731051328
92,0.36507936507936506,-4.414577310367472
92,0.38095238095238093,-4.736506264680453
92,0.3968253968253968,-3.7503381444517476
92,0.4126984126984127,-0.44221894562897646
92,0.42857142857142855,-8.791713473315982
92,0.4444444444444444,4.64334323620715
92,0.4603174603174603,7.0961055617338085
92,0.47619047619047616,-1.2374743936894208
92,0.49206349206349204,-13.920936031330427
93,0.0,-5.329070518200751e-15
93,0.013888888888888888,-3.466950229411153
93,0.027777777777777776,-6.930957915135662
93,0.041666666666666664,10.290823156663976
93,0.05555555555555555,-1.4294265498286285
93,0.06944444444444445,1.6305924925989177
93,0.08333333333333333,-1.5035744245480558
93,0.09722222222222221,-1.5522808085475621
93,0.1111111111111111,8.158016968283253
93,0.125,-7.534063189334605
93,0.1388888888888889,-4.325323259514017
93,0.15277777777777776,0.951787630251653
93,0.16666666666666666,-6.76184429904656
93,0.18055555555555555,10.98856554382951
93,0.19444444444444442,6.736247414610147
93,0.20833333333333331,0.04185667165143969
93,0.2222222222222222,0.737626927749279
93,0.2361111111111111,6.785190434267253
93,0.25,-8.457043118778799
93,0.2638888888888889,-2.7196280613455457
93,0.2777777777777778,-0.8304550538560173
93,0.29166666666666663,-1.2013480683429985
93,0.3055555555555555,-4.859332211791862
93,0.3194444444444444,-8.680121138935457
93,0.3333333333333333,0.8606181879240631
93,0.3472222222222222,-6.726276912257612
93,0.3611111111111111,-13.060409267205706
93,0.375,-1.8556182541124477
93,0.38888888888888884,5.831997014711603
93,0.40277777777777773,-2.7270293412166593
93,0.41666666666666663,10.282207014122726
93,0.4305555555555555,-8.089960541565311
93,0.4444444444444444,-3.0593192794649067
93,0.4583333333333333,9.251503517403123
93,0.4722222222222222,-2.553104102591134
93,0.4861111111111111,-9.642989666515302
94,0.0,4.440892098500626e-15
94,0.010416666666666666,-10.39889843863215
94,0.020833333333333332,9.067942776811531
94,0.03125,-5.510945371104902
94,0.041666666666666664,3.241947714161885
94,0.05208333333333333,-8.411106395751794
94,0.0625,-1.1408051601487663
94,0.07291666666666666,-4.460760348033988
94,0.08333333333333333,-1.9268752683356012
94,0.09375,-2.918056808823044
94,0.10416666666666666,-0.7089252376868087
94,0.11458333333333333,8.26580244142374
94,0.125,2.0935258180961887
94,0.13541666666666666,10.339520215140258
94,0.14583333333333331,0.01822128304317161
94,0.15625,2.765541420219951
94,0.16666666666666666,-14.929092152106456
94,0.17708333333333331,-9.996460744307662
94,0.1875,-7.825453793409787
94,0.19791666666666666,-0.04925554523219855
94,0.20833333333333331,-1.4645027863516766
94,0.21875,-13.588988041697817
94,0.22916666666666666,-1.1351192438083682
94,0.23958333333333331,-0.11166808184059951
94,0.25,9.738180062052233
94,0.26041666666666663,4.4900003845199326
94,0.2708333333333333,-8.34830610566046
94,0.28125,-7.122981120132838
94,0.29166666666666663,-11.225140032676393
94,0.3020833333333333,8.952831286209047
94,0.3125,-0.4346240997591484
94,0.32291666666666663,-4.798205669876718
94,0.3333333333333333,-11.16078373780185
94,0.34375,-1.5159177859782895
94,0.35416666666666663,-12.136539467224637
94,0.3645833333333333,-2.59247948033377
94,0.375,-1.166235667498303
94,0.38541666666666663,3.4526851772760523
94,0.3958333333333333,4.678578559961411
94,0.40625,6.143124310025106
94,0.41666666666666663,-7.717801192612191
94,0.4270833333333333,-3.931367025710694
94,0.4375,0.34813260139032765
94,0.44791666666666663,0.971925655406388
94,0.4583333333333333,-4.693084494790012
94,0.46875,-10.16640781588028
94,0.47916666666666663,20.279893092248773
94,0.4895833333333333,8.006594918756944
95,0.0,1.0658141036401503e-14
95,0.015625,0.7631966851049108
95,0.03125,-3.553766728393276
95,0.046875,-13.657102676166312
95,0.0625,4.544485544709378
95,0.078125,1.657906104044805
95,0.09375,7.207493795612884
95,0.109375,0.33446750831880623
95,0.125,-6.184920120964696
95,0.140625,0.6926141745316468
95,0.15625,-3.0257886394090323
95,0.171875,-0.797825140399983
95,0.1875,-1.6974657820360857
95,0.203125,-1.8446227510011957
95,0.21875,-3.3904214368315513
95,0.234375,4.723281308398393
95,0.25,-0.4495997544337418
95,0.265625,2.061944872749714
95,0.28125,-5.16466350537707
95,0.296875,-6.418468040296074
95,0.3125,-1.4225112842145855
95,0.328125,1.8556186938495063
95,0.34375,1.2566815138564036
95,0.359375,-6.5199741424194855
95,0.375,3.1419543089494693
95,0.390625,-1.5819829246716641
95,0.40625,-0.23233588175638253
95,0.421875,4.109776152064901
95,0.4375,7.741065963872954
95,0.453125,-1.418189459513636
95,0.46875,-13.774167838857176
95,0.484375,-6.1203407074806915
96,0.0,6.217248937900877e-15
96,0.014492753623188406,-5.041953569463173
96,0.028985507246376812,-8.448043666717924
96,0.043478260869565216,4.699146575867047
96,0.057971014492753624,2.4368899864142497
96,0.07246376811594203,1.974499251202881
96,0.08695652173913043,-5.4063358774379
96,0.10144927536231885,1.2061466975077475
96,0.11594202898550725,1.0301726095961339
96,0.13043478260869565,3.189113902810418
96,0.14492753623188406,0.13088071618655905
96,0.15942028985507248,-1.9636893391819434
96,0.17391304347826086,-0.5603546142604583
96,0.18840579710144928,0.6741618835277228
96,0.2028985507246377,-10.315371987406683
96,0.21739130434782608,-3.2780649250930463
96,0.2318840579710145,2.8528077717214777
96,0.2463768115942029,-5.670880789847389
96,0.2608695652173913,-8.857262901217652
96,0.2753623188405797,-16.57333460334344
96,0.2898550724637681,0.6147181338692222
96,0.30434782608695654,4.406039406828847
96,0.31884057971014496,-4.580401543311455
96,0.3333333333333333,7.161898257897148
96,0.34782608695652173,-7.800177851015754
96,0.36231884057971014,2.485814404452553
96,0.37681159420289856,0.8137982876074643
96,0.391304347826087,-0.7898642428659688
96,0.4057971014492754,-0.24916162417948673
96,0.42028985507246375,-5.509292765883212
96,0.43478260869565216,-1.2388515651295253
96,0.4492753623188406,-7.38330633459147
96,0.463768115942029,8.411574476222293
96,0.4782608695652174,5.098071118761221
96,0.4927536231884058,8.04295054589525
97,0.0,4.440892098500626e-15
97,0.016666666666666666,4.110534679959427
97,0.03333333333333333,-3.4039328729757776
97,0.05,3.607765715117913
97,0.06666666666666667,-7.951024542591011
97,0.08333333333333333,8.402657747377454
97,0.1,1.40234762844919
97,0.11666666666666667,-11.649580808860808
97,0.13333333333333333,-2.584197549591069
97,0.15,-3.2761098269333027
97,0.16666666666666666,-1.2546519933808362
97,0.18333333333333332,4.255040058813131
97,0.2,-8.201749231079841
97,0.21666666666666667,-0.8426530585572796
97,0.23333333333333334,9.346461452586283
97,0.25,-1.086636531439821
97,0.26666666666666666,-5.124630920005763
97,0.2833333333333333,1.2760245171875202
97,0.3,-4.341382707447092
97,0.31666666666666665,-0.6803313352483544
97,0.3333333333333333,2.7294617226168985
97,0.35,-6.2105917641896475
97,0.36666666666666664,-4.313772499303452
97,0.3833333333333333,-9.382737454238491
97,0.4,1.9708267820725591
97,0.4166666666666667,4.94869787309258
97,0.43333333333333335,1.4056176977002366
97,0.45,-3.3150181977244815
97,0.4666666666666667,-5.417121791655006
97,0.48333333333333334,-8.58181027364276
98,0.0,2.275957200481571e-14
98,0.016129032258064516,8.251618096549775
98,0.03225806451612903,-4.564085672800113
98,0.04838709677419355,-8.04991455866266
98,0.06451612903225806,0.9415570080683513
98,0.08064516129032258,6.044339385739651
98,0.0967741935483871,-4.936179130615545
98,0.11290322580645161,-8.08622768889527
98,0.12903225806451613,-10.503150029067625
98,0.14516129032258063,-3.3348254628329914
98,0.16129032258064516,4.765711248410248
98,0.1774193548387097,3.197871849098719
98,0.1935483870967742,3.4177240580184414
98,0.2096774193548387,-13.244672563921744
98,0.22580645161290322,-4.169578734023826
98,0.24193548387096775,-3.2923674985565574
98,0.25806451612903225,4.864398461938804
98,0.27419354838709675,-0.679609937527486
98,0.29032258064516125,-10.21596810867465
98,0.3064516129032258,-1.8936422828111972
98,0.3225806451612903,0.03168699575862677
98,0.3387096774193548,-5.652472461313257
98,0.3548387096774194,-1.7894559172360434
98,0.3709677419354839,7.155686136502178
98,0.3870967741935484,0.3679419954795833
98,0.4032258064516129,1.8098339937392318
98,0.4193548387096774,-4.706143341954363
98,0.43548387096774194,1.3181126271670114
98,0.45161290322580644,-5.680021221034726
98,0.46774193548387094,1.4723267090631444
98,0.4838709677419355,-2.063086223342312
99,0.0,-1.3877787807814457e-14
99,0.02127659574468085,2.86188470838332
99,0.0425531914893617,-0.6470653831042155
99,0.06382978723404255,-1.0481886053656517
99,0.0851063829787234,-0.3709717438954998
99,0.10638297872340426,-1.4464237403751654
99,0.1276595744680851,-5.163824291455476
99,0.14893617021276595,11.244947402838028
99,0.1702127659574468,-2.753631264450702
99,0.19148936170212766,-13.971573457054449
99,0.2127659574468085,-8.292707171156419
99,0.23404255319148937,-1.769418823871548
99,0.2553191489361702,3.9686091589465207
99,0.2765957446808511,-1.8922618672230258
99,0.2978723404255319,-2.8450677326450404
99,0.3191489361702128,-5.705417195947019
99,0.3404255319148936,-2.038396997258505
99,0.36170212765957444,2.1505566808375436
99,0.3829787234042553,4.280936248665299
99,0.40425531914893614,-2.4604063636026616
99,0.425531914893617,1.4629597103769285
99,0.44680851063829785,-2.2604953993415857
99,0.46808510638297873,-4.64651861847269
99,0.48936170212765956,1.5324130601017085
100,0.0,-2.353672812205332e-14
100,0.014705882352941176,0.2681884176190018
100,0.029411764705882353,0.02783134266593512
100,0.044117647058823525,-3.914342499804027
100,0.058823529411764705,9.829257221390954
100,0.07352941176470588,2.1146139279159715
100,0.08823529411764705,-2.416304350156042
100,0.10294117647058823,-2.3932563802287374
100,0.11764705882352941,-1.2392966396525313
100,0.1323529411764706,-1.0469726859406228
100,0.14705882352941177,-3.9974465451073664
100,0.16176470588235295,-0.17540439483378778
100,0.1764705882352941,-5.162497956431923
100,0.19117647058823528,-6.169293042989308
100,0.20588235294117646,-0.6822869879293423
100,0.22058823529411764,-12.321240314014856
100,0.23529411764705882,-5.250654853698049
100,0.25,-6.983906055760066
100,0.2647058823529412,4.654135461861585
100,0.27941176470588236,0.5403251623956198
100,0.29411764705882354,8.929165814297349
100,0.3088235294117647,-8.810466535145308
100,0.3235294117647059,7.73426021651644
100,0.3382352941176471,-6.74625127614874
100,0.3529411764705882,-10.187078889533026
100,0.3676470588235294,6.380898807931136
100,0.38235294117647056,1.9032451749194688
100,0.39705882352941174,0.22058368703314923
100,0.4117647058823529,3.976820835425473
100,0.4264705882352941,-0.5157882255875479
100,0.4411764705882353,-1.431512574836714
100,0.45588235294117646,-7.556153571594166
100,0.47058823529411764,7.764196034694814
100,0.4852941176470588,-1.41488663658839
101,0.0,-1.9539925233402755e-14
101,0.014925373134328358,2.3900036211583995
101,0.029850746268656716,-0.30361428651898215
101,0.04477611940298507,0.9124540818003213
101,0.05970149253731343,0.5071436922682826
101,0.07462686567164178,-10.784812496074355
101,0.08955223880597014,2.445941766939795
101,0.1044776119402985,-6.250645854957282
101,0.11940298507462686,-9.979605210549174
101,0.13432835820895522,0.5735063881907138
101,0.14925373134328357,-2.023356007478366
101,0.16417910447761194,-2.293444733549655
101,0.1791044776119403,0.7903850675436896
101,0.19402985074626866,2.180319449994978
101,0.208955223880597,-6.404623990922326
101,0.22388059701492538,-4.357362411264754
101,0.23880597014925373,-6.050089622414018
101,0.2537313432835821,6.1394393046558875
101,0.26865671641791045,9.317517330730922
101,0.2835820895522388,10.417999807093807
101,0.29850746268656714,-11.045904385403817
101,0.31343283582089554,5.106035846579097
101,0.3283582089552239,-9.700536151368189
101,0.34328358208955223,-10.765389056750692
101,0.3582089552238806,-6.788757669217036
101,0.3731343283582089,1.4210417025447606
101,0.3880597014925373,2.0194338134976624
101,0.40298507462686567,-1.450051990738404
101,0.417910447761194,-4.473974271954707
101,0.43283582089552236,3.052832760117625
101,0.44776119402985076,-2.5497589993010727
101,0.4626865671641791,-0.6835327638939377
101,0.47761194029850745,-4.851507033430234
101,0.4925373134328358,6.754662680446364
102,0.0,-2.2648549702353193e-14
102,0.013513513513513514,10.257598679252048
102,0.02702702702702703,-7.743043730581583
102,0.04054054054054054,-0.48161518492824307
102,0.05405405405405406,-2.336618073106436
102,0.06756756756756757,-3.114642045718601
102,0.08108108108108109,-5.374104329998566
102,0.0945945945945946,-8.831154500428571
102,0.10810810810810811,-2.056148636078736
102,0.12162162162162163,0.9977741588474076
102,0.13513513513513514,1.2405220877589282
102,0.14864864864864866,-4.87883767220158
102,0.16216216216216217,7.805784499737443
102,0.17567567567567569,-3.21055769071579
102,0.1891891891891892,0.05928613527005755
102,0.20270270270270271,-7.72530278308829
102,0.21621621621621623,-3.9104534438756797
102,0.22972972972972974,-0.00526875432765217
102,0.24324324324324326,-4.472072474991115
102,0.2567567567567568,-15.62057032852428
102,0.2702702702702703,-2.568332721270413
102,0.28378378378378377,8.531293722074787
102,0.2972972972972973,-0.794788008999586
102,0.31081081081081086,-3.460949183902895
102,0.32432432432432434,-0.9117697273733183
102,0.33783783783783783,1.7545106380085178
102,0.35135135135135137,5.876551910733014
102,0.3648648648648649,2.2581265187943265
102,0.3783783783783784,-4.453438419639295
102,0.3918918918918919,-6.120427980331089
102,0.40540540540540543,-3.7187382922791294
102,0.41891891891891897,-2.76402911595174
102,0.43243243243243246,5.251351497006754
102,0.44594594594594594,-5.884102902210763
102,0.4594594594594595,14.003448747667727
102,0.472972972972973,5.903739552060747
102,0.4864864864864865,-13.336641678068872
103,0.0,-3.552713678800501e-15
103,0.016666666666666666,-1.3169858890891906
103,0.03333333333333333,-7.711352256627739
103,0.05,-2.1806694195543974
103,0.06666666666666667,-5.733226423496726
103,0.08333333333333333,6.565604424983096
103,0.1,9.354684774138306
103,0.11666666666666667,-4.315779179287588
103,0.13333333333333333,-3.855415369202346
103,0.15,-6.7669665455850065
103,0.16666666666666666,2.7943084926550275
103,0.18333333333333332,1.3915860442715817
103,0.2,0.46100003753787444
103,0.21666666666666667,-3.48296404104079
103,0.23333333333333334,-7.718709886938064
103,0.25,4.686464281572452
103,0.26666666666666666,-2.675405129411973
103,0.2833333333333333,7.893926719461449
103,0.3,-7.634525143769202
103,0.31666666666666665,-4.4106681195424216
103,0.3333333333333333,-1.608835105099002
103,0.35,10.52247618320144
103,0.36666666666666664,-3.655341341703844
103,0.3833333333333333,-9.559533184324128
103,0.4,-0.3104043763651463
103,0.4166666666666667,2.282528489944198
103,0.43333333333333335,-1.3081637922500051
103,0.45,-0.9083842279352199
103,0.4666666666666667,4.048282977538664
103,0.48333333333333334,2.71158159623419
104,0.0,1.6764367671839864e-14
104,0.014925373134328358,-4.118319157710669
104,0.029850746268656716,-5.8592991165044035
104,0.04477611940298507,-8.419870660237363
104,0.05970149253731343,1.3173634954663331
104,0.07462686567164178,-1.7664018495692912
104,0.08955223880597014,-1.9199146476190685
104,0.1044776119402985,-3.8545912585567987
104,0.11940298507462686,-3.811633075783877
104,0.13432835820895522,-4.5966728260155465
104,0.14925373134328357,-1.8406877558981194
104,0.16417910447761194,1.1434482539402264
104,0.1791044776119403,6.249800548520485
104,0.19402985074626866,12.077240232558653
104,0.208955223880597,2.7978893311032214
104,0.22388059701492538,2.100306931631016
104,0.23880597014925373,-16.85725250148397
104,0.2537313432835821,6.218313597360592
104,0.26865671641791045,-6.361544563447639
104,0.2835820895522388,-3.5990259673087452
104,0.29850746268656714,-4.211435941939613
104,0.31343283582089554,-0.40765429122311914
104,0.3283582089552239,3.1322376979948627
104,0.34328358208955223,-3.8808303187982496
104,0.3582089552238806,7.279489203795662
104,0.3731343283582089,1.0735104072704689
104,0.3880597014925373,3.066350865148275
104,0.40298507462686567,-7.542358089959125
104,0.417910447761194,12.149612468160795
104,0.43283582089552236,-2.6901883889579263
104,0.44776119402985076,-4.091002871501982
104,0.4626865671641791,-4.472206294755609
104,0.47761194029850745,-0.4988372349059608
104,0.4925373134328358,-13.788599112016646
105,0.0,-2.842170943040401e-14
105,0.01098901098901099,-1.8951459874250705
105,0.02197802197802198,-0.34238137280274206
105,0.03296703296703297,-2.7146747635057977
105,0.04395604395604396,-1.2123926329643457
105,0.05494505494505495,-0.5108701270929448
105,0.06593406593406594,-9.993349851411685
105,0.07692307692307693,-6.092625269731425
105,0.08791208791208792,5.227368227538398
105,0.09890109890109891,5.515734445897305
105,0.1098901098901099,2.8944841221690667
105,0.1208791208791209,-4.974981504330317
105,0.13186813186813187,5.411306758511788
105,0.14285714285714288,-14.987179996718492
105,0.15384615384615385,-2.147201770016479
105,0.16483516483516486,-6.078982904048751
105,0.17582417582417584,5.611611262922516
105,0.18681318681318682,-1.0038957488801916
105,0.19780219780219782,7.579135930771987
105,0.2087912087912088,14.709314448941353
105,0.2197802197802198,-13.830525168874825
105,0.23076923076923078,-0.9511528991893066
105,0.2417582417582418,-3.112730279696647
105,0.2527472527472528,-7.429136818993223
105,0.26373626373626374,-9.09722890775214
105,0.27472527472527475,-10.817002376292535
105,0.28571428571428575,1.1792584176219707
105,0.2967032967032967,-2.4644827246424823
105,0.3076923076923077,-1.5773359549922583
105,0.3186813186813187,-9.205057332520239
105,0.3296703296703297,3.7898528889604357
105,0.34065934065934067,-6.5423376967068085
105,0.3516483516483517,-9.361866105062415
105,0.3626373626373627,3.846266444173505
105,0.37362637362637363,-6.046906690490678
105,0.38461538461538464,3.3431579284370008
105,0.39560439560439564,-5.101977511397761
105,0.40659340659340665,2.7209037008566135
105,0.4175824175824176,14.370416469036359
105,0.4285714285714286,-1.5027671896019705
105,0.4395604395604396,-0.7459093005165105
105,0.45054945054945056,-2.37981349480407
105,0.46153846153846156,-0.038905662188862156
105,0.47252747252747257,-7.5824878744967075
105,0.4835164835164836,3.2234317634888647
105,0.4945054945054945,7.473306380678986
106,0.0,-2.5757174171303632e-14
106,0.015384615384615385,3.1408711680896495
106,0.03076923076923077,-0.0656382498716317
106,0.046153846153846156,3.0827009308411677
106,0.06153846153846154,0.5973135691319766
106,0.07692307692307693,-8.657114931270732
106,0.09230769230769231,3.1179894374199564
106,0.1076923076923077,-6.924458129493224
106,0.12307692307692308,-14.178171326000056
106,0.13846153846153847,-0.6580496304601984
106,0.15384615384615385,6.31953526476409
106,0.16923076923076924,-2.1894352996598743
106,0.18461538461538463,5.31859494774514
106,0.2,-5.744268871942809
106,0.2153846153846154,-10.122496629267603
106,0.23076923076923078,-0.8570524703969669
106,0.24615384615384617,-2.5216691361563224
106,0.26153846153846155,-5.862777476492024
106,0.27692307692307694,4.165781645803884
106,0.2923076923076923,-0.14506491408232947
106,0.3076923076923077,-4.8707169515493565
106,0.3230769230769231,-2.5164760496116823
106,0.3384615384615385,-3.8023022941733506
106,0.35384615384615387,1.6032044297902084
106,0.36923076923076925,-1.7280097565927424
106,0.38461538461538464,-6.50936519211837
106,0.4,-9.605806236523371
106,0.4153846153846154,-0.9239964543270518
106,0.4307692307692308,7.614992151577621
106,0.4461538461538462,-1.0730890844897207
106,0.46153846153846156,-0.2892323109027446
106,0.47692307692307695,7.749980773768398
106,0.49230769230769234,7.24695923131234
107,0.0,1.9539925233402755e-14
107,0.013157894736842105,2.426842181152199
107,0.02631578947368421,-4.282402309963251
107,0.039473684210526314,-9.130737494296955
107,0.05263157894736842,-3.4626115249300864
107,0.06578947368421052,7.591928612597562
107,0.07894736842105263,-1.4204962753249655
107,0.09210526315789473,0.5549287775181346
107,0.10526315789473684,-1.8007869110936112
107,0.11842105263157894,-5.53703861741271
107,0.13157894736842105,-7.655317549063591
107,0.14473684210526316,-5.602389381231588
107,0.15789473684210525,-6.467435548852767
107,0.17105263157894735,0.9218735516226944
107,0.18421052631578946,5.092001542108241
107,0.19736842105263158,-2.321073595686321
107,0.21052631578947367,5.68011972035206
107,0.22368421052631576,-7.217598737287365
107,0.23684210526315788,-9.624209073402614
107,0.25,2.74385259441235
107,0.2631578947368421,2.2355537946398334
107,0.2763157894736842,12.272836160892819
107,0.2894736842105263,-8.670060930771369
107,0.3026315789473684,3.1789490640916007
107,0.3157894736842105,5.000059458992533
107,0.3289473684210526,2.936614399283082
107,0.3421052631578947,-13.434551504563569
107,0.35526315789473684,0.9841077349869582
107,0.3684210526315789,1.128400395612724
107,0.381578947368421,-3.298627409253277
107,0.39473684210526316,0.484595887849811
107,0.40789473684210525,-12.002014141043357
107,0.42105263157894735,-8.86721568551658
107,0.43421052631578944,1.4399536810979194
107,0.4473684210526315,6.898936388580024
107,0.4605263157894737,7.385861040450653
107,0.47368421052631576,-13.768048592115173
107,0.48684210526315785,8.820197543886588
108,0.0,-1.9095836023552692e-14
108,0.018518518518518517,7.864670133025376
108,0.037037037037037035,2.1467903254098584
108,0.05555555555555555,6.824679053562442
108,0.07407407407407407,-4.65693684723657
108,0.09259259259259259,-9.441446511295776
108,0.1111111111111111,-3.8364242260702177
108,0.12962962962962962,-2.365464235170928
108,0.14814814814814814,-4.046444772087726
108,0.16666666666666666,-3.8952322138124185
108,0.18518518518518517,-3.0676425783415646
108,0.2037037037037037,-6.398542894259343
108,0.2222222222222222,-0.39564914385117667
108,0.24074074074074073,0.5051451084090872
108,0.25925925925925924,-7.219576449677616
108,0.2777777777777778,-4.3405810239421205
108,0.2962962962962963,6.817097306892313
108,0.31481481481481477,-1.5884241330098123
108,0.3333333333333333,-4.200744019498133
108,0.35185185185185186,-2.240047643344413
108,0.37037037037037035,-0.01566599718479056
108,0.38888888888888884,-6.852434268486917
108,0.4074074074074074,3.4296912976724343
108,0.42592592592592593,-1.9824921507549969
108,0.4444444444444444,-0.6219635330511402
108,0.4629629629629629,8.78305502522842
108,0.48148148148148145,3.7166362539739595
109,0.0,2.1316282072803006e-14
109,0.011904761904761904,-6.248251267169396
109,0.023809523809523808,5.244215553678229
109,0.03571428571428571,-0.2557929404956505
109,0.047619047619047616,-6.32892783752513
109,0.05952380952380952,8.06470517944447
109,0.07142857142857142,1.3185478760649203
109,0.08333333333333333,-2.818166707102593
109,0.09523809523809523,-3.098320254602086
109,0.10714285714285714,-0.2697108691412575
109,0.11904761904761904,-2.7154852217781773
109,0.13095238095238093,-0.3423545493302127
109,0.14285714285714285,-0.12158130740146378
109,0.15476190476190477,4.671340739507962
109,0.16666666666666666,-10.839465253475616
109,0.17857142857142855,1.5159395453380835
109,0.19047619047619047,-11.047896404750038
109,0.20238095238095238,-8.003034288482784
109,0.21428571428571427,1.2411616105291794
109,0.22619047619047616,-11.753720554446392
109,0.23809523809523808,-10.888534773563146
109,0.25,-6.54594050782347
109,0.26190476190476186,2.2989287634579103
109,0.2738095238095238,-2.5595893069586495
109,0.2857142857142857,-0.5163597509470523
109,0.2976190476190476,1.580265909819548
109,0.30952380952380953,8.796379964076053
109,0.3214285714285714,-12.198965614538155
109,0.3333333333333333,-1.0997751927578898
109,0.34523809523809523,1.9141958527668919
109,0.3571428571428571,5.334922195270172
109,0.369047619047619,-14.816013408521705
109,0.38095238095238093,2.5566910804055922
109,0.39285714285714285,11.969729026565407
109,0.40476190476190477,-5.6913485028735185
109,0.41666666666666663,2.157065831033546
109,0.42857142857142855,8.782881272880777
109,0.44047619047619047,-10.099854282368412
109,0.45238095238095233,1.3206174085353353
109,0.46428571428571425,0.49273664095475866
109,0.47619047619047616,4.397481036060009
109,0.4880952380952381,0.9165087887516958
110,0.0,8.881784197001252e-15
110,0.017857142857142856,-0.5598199583544528
110,0.03571428571428571,-9.351854554249595
110,0.05357142857142857,8.411295185657451
110,0.07142857142857142,-4.327804427184802
110,0.08928571428571427,-6.328450099109855
110,0.10714285714285714,-1.3332232014982222
110,0.125,-2.236613880349962
110,0.14285714285714285,-3.142177457219833
110,0.1607142857142857,-0.3465177048300965
110,0.17857142857142855,-9.874662130304817
110,0.19642857142857142,7.668843896156845
110,0.21428571428571427,2.151271021795907
110,0.23214285714285712,-4.294614735446762
110,0.25,-3.4910761417642915
110,0.26785714285714285,0.8006746867969763
110,0.2857142857142857,-4.245295380599268
110,0.30357142857142855,0.1336542127219671
110,0.3214285714285714,7.209842663605134
110,0.33928571428571425,-3.6812046632918434
110,0.3571428571428571,-3.4020331471511325
110,0.375,-6.845891241418244
110,0.39285714285714285,3.5778768313704203
110,0.4107142857142857,-12.55298874321166
110,0.42857142857142855,-0.2870545045582453
110,0.4464285714285714,-1.8889080927859743
110,0.46428571428571425,6.338241657898263
110,0.4821428571428571,5.864543677407376
111,0.0,-2.6645352591003757e-15
111,0.014084507042253521,1.0087039485256084
111,0.028169014084507043,-3.6865457000916617
111,0.04225352112676056,5.896146558418734
111,0.056338028169014086,1.8664327606402604
111,0.07042253521126761,-9.239043804890036
111,0.08450704225352113,-4.845478628388996
111,0.09859154929577466,-0.8508506905738693
111,0.11267605633802817,12.706418322391675
111,0.1267605633802817,-1.8988308310535438
111,0.14084507042253522,2.410794412160639
111,0.15492957746478875,-4.5670436759707576
111,0.16901408450704225,-1.8234916404714472
111,0.18309859154929578,-10.613598142622688
111,0.1971830985915493,-14.717984604222252
111,0.2112676056338028,4.70124987095127
111,0.22535211267605634,0.8306215343537505
111,0.23943661971830987,-6.1269831276675
111,0.2535211267605634,-2.5126759005134005
111,0.26760563380281693,-2.7072718199984966
111,0.28169014084507044,5.982726542932125
111,0.29577464788732394,1.7865141986632729
111,0.3098591549295775,9.233851047986336
111,0.323943661971831,-11.639266647413292
111,0.3380281690140845,-4.4545580733230015
111,0.35211267605633806,10.052751629521804
111,0.36619718309859156,2.7762204960709527
111,0.38028169014084506,2.4322013354145655
111,0.3943661971830986,4.615759854978821
111,0.4084507042253521,8.386145245184101
111,0.4225352112676056,-0.6573077903219366
111,0.4366197183098592,-10.782135003480487
111,0.4507042253521127,-11.175457620986288
111,0.4647887323943662,-7.643778427990255
111,0.47887323943661975,-3.9849007837420856
111,0.49295774647887325,3.933118738336905
112,0.0,-4.440892098500626e-16
112,0.017857142857142856,3.46703732806448
112,0.03571428571428571,-3.735111695638855
112,0.05357142857142857,-0.9943608180453576
112,0.07142857142857142,-6.697667345792016
112,0.08928571428571427,-0.12605248808647218
112,0.10714285714285714,-3.5089468000975117
112,0.125,-0.32048427129413837
112,0.14285714285714285,5.517785357046211
112,0.1607142857142857,-4.778504883851983
112,0.17857142857142855,3.54508738415573
112,0.19642857142857142,-3.4058141889149183
112,0.21428571428571427,-1.7105348357456585
112,0.23214285714285712,-4.913356277605626
112,0.25,-4.776338058339739
112,0.26785714285714285,-4.817239969763818
112,0.2857142857142857,3.491151048586576
112,0.30357142857142855,-0.8466801898130645
112,0.3214285714285714,3.949329293123343
112,0.33928571428571425,-1.463619422905607
112,0.3571428571428571,-7.562564861338899
112,0.375,-1.1796643241808464
112,0.39285714285714285,13.635632095461837
112,0.4107142857142857,-13.674155739946041
112,0.42857142857142855,-5.041046497213781
112,0.4464285714285714,-0.40834559988543084
112,0.46428571428571425,-1.5803320046024194
112,0.4821428571428571,1.5930570857150228
113,0.0,1.3322676295501878e-14
113,0.02631578947368421,1.3582984990678992
113,0.05263157894736842,-4.80436100793202
113,0.07894736842105263,0.8004561522636927
113,0.10526315789473684,-0.03670418505588824
113,0.13157894736842105,-3.3030565784819585
113,0.15789473684210525,-3.2347690876259456
113,0.18421052631578946,-5.965642910899356
113,0.21052631578947367,0.6849741379010448
113,0.23684210526315788,3.718975653394783
113,0.2631578947368421,-1.7607544687885621
113,0.2894736842105263,-9.297722805333724
113,0.3157894736842105,-11.438762081277044
113,0.3421052631578947,5.314969633099949
113,0.3684210526315789,-3.5905246142034835
113,0.39473684210526316,0.23292633275096097
113,0.42105263157894735,-0.6814320921158313
113,0.4473684210526315,0.8420442582738343
113,0.47368421052631576,-1.5087518453814337
114,0.0,2.886579864025407e-15
114,0.01639344262295082,3.414965250229555
114,0.03278688524590164,-10.42971339873279
114,0.04918032786885246,-8.461867648061531
114,0.06557377049180328,6.100145997311808
114,0.0819672131147541,-0.9438435836957544
114,0.09836065573770492,-1.8293594555518111
114,0.11475409836065574,-4.329848537344536
114,0.13114754098360656,-10.969286394566552
114,0.14754098360655737,3.4519982342929234
114,0.1639344262295082,-2.459317528773873
114,0.18032786885245902,4.22523937785853
114,0.19672131147540983,4.603261529962368
114,0.21311475409836067,0.9827576276357153
114,0.22950819672131148,-1.1713286562978553
114,0.24590163934426232,-1.6467060378746552
114,0.26229508196721313,-6.12399853569866
114,0.27868852459016397,-8.859918171958348
114,0.29508196721311475,-1.6984979832004958
114,0.3114754098360656,1.2798179483704595
114,0.3278688524590164,-2.2489428565457366
114,0.3442622950819672,0.10474009604562573
114,0.36065573770491804,-5.603656876193275
114,0.3770491803278689,6.06421478739793
114,0.39344262295081966,-9.972943148776121
114,0.4098360655737705,-4.755630530056912
114,0.42622950819672134,6.079220275892249
114,0.4426229508196722,9.962904392199945
114,0.45901639344262296,-9.841929569517525
114,0.4754098360655738,2.312383856067748
114,0.49180327868852464,0.6298388701668007
115,0.0,-2.842170943040401e-14
115,0.011904761904761904,-6.840456332692488
115,0.023809523809523808,2.7673061545264095
115,0.03571428571428571,9.676178173855805
115,0.047619047619047616,-12.409568567180308
115,0.05952380952380952,-7.776169623432777
115,0.07142857142857142,1.9318017966969214
115,0.08333333333333333,-4.654000510723866
115,0.09523809523809523,-1.5122192704672597
115,0.10714285714285714,-11.205159092351494
115,0.11904761904761904,9.791924846697022
115,0.13095238095238093,-2.6752368502352635
115,0.14285714285714285,-4.23093026754927
115,0.15476190476190477,7.169342036756742
115,0.16666666666666666,-4.617848718875338
115,0.17857142857142855,1.6095044631264104
115,0.19047619047619047,-1.0609482740541287
115,0.20238095238095238,-2.0496261603647135
115,0.21428571428571427,-0.8010444238607404
115,0.22619047619047616,-9.032646167470928
115,0.23809523809523808,-5.264912495485572
115,0.25,1.6100280331635262
115,0.26190476190476186,-0.1902999562130665
115,0.2738095238095238,6.269723553451454
115,0.2857142857142857,10.968203255186065
115,0.2976190476190476,-1.401934312304963
115,0.30952380952380953,-0.8744465354657118
115,0.3214285714285714,-12.780668294958812
115,0.3333333333333333,-8.320433201532879
115,0.34523809523809523,-2.2681296194539082
115,0.3571428571428571,1.2589097333656278
115,0.369047619047619,-9.917042273334113
115,0.38095238095238093,-7.4329877114510055
115,0.39285714285714285,7.662023293193736
115,0.40476190476190477,-0.631935065231366
115,0.41666666666666663,4.058511798427779
115,0.42857142857142855,-7.513999739843305
115,0.44047619047619047,-0.7573479676822052
115,0.45238095238095233,8.153462909695872
115,0.46428571428571425,-1.6990474003602904
115,0.47619047619047616,6.787956779756861
115,0.4880952380952381,-2.0696684900199274
116,0.0,-7.549516567451064e-15
116,0.023809523809523808,3.7654597872444517
116,0.047619047619047616,-8.456742313825103
116,0.07142857142857142,1.925271531345746
116,0.09523809523809523,-7.7850886938467525
116,0.11904761904761904,0.20008102946381623
116,0.14285714285714285,-0.2497849864302728
116,0.16666666666666666,-8.635680813691954
116,0.19047619047619047,-4.517356128164459
116,0.21428571428571427,1.7134304457114347
116,0.23809523809523808,2.9027279688419534
116,0.26190476190476186,-1.3967126127805076
116,0.2857142857142857,1.7106020042418564
116,0.30952380952380953,0.3023065971537653
116,0.3333333333333333,-2.4303592411869324
116,0.3571428571428571,0.9108209216799208
116,0.38095238095238093,-13.111576459166677
116,0.40476190476190477,-0.5043350933392641
116,0.42857142857142855,2.0085941153744318
116,0.45238095238095233,0.49041787112260726
116,0.47619047619047616,5.262722714757506
117,0.0,-9.769962616701378e-15
117,0.022222222222222223,2.5781944585883694
117,0.044444444444444446,-7.313295853907553
117,0.06666666666666667,-1.0715582619540274
117,0.08888888888888889,2.419309008353357
117,0.11111111111111112,3.92278101800252
117,0.13333333333333333,-3.843982271809575
117,0.15555555555555556,2.9092364220050784
117,0.17777777777777778,-3.665698790494086
117,0.2,-6.8358707574374336
117,0.22222222222222224,-6.381455113387242
117,0.24444444444444446,1.9977743768071574
117,0.26666666666666666,-2.236204277576335
117,0.2888888888888889,0.21513292710275067
117,0.3111111111111111,-5.187403276476227
117,0.33333333333333337,-3.8432511162370866
117,0.35555555555555557,-0.5318613867614723
117,0.37777777777777777,8.798062422649686
117,0.4,-2.618284504184291
117,0.4222222222222222,-3.4350627754282774
117,0.4444444444444445,4.060537559727626
117,0.4666666666666667,-9.43744265187284
117,0.48888888888888893,3.7398065494435686
118,0.0,2.5757174171303632e-14
118,0.02127659574468085,-2.8212573525784164
118,0.0425531914893617,2.7351625187832274
118,0.06382978723404255,-9.01026248951151
118,0.0851063829787234,-5.702093343159065
118,0.10638297872340426,-0.12606247464458176
118,0.1276595744680851,-4.71298943921925
118,0.14893617021276595,-5.280852545037938
118,0.1702127659574468,3.2105286080820754
118,0.19148936170212766,1.5434277911564376
118,0.2127659574468085,5.322444910273193
118,0.23404255319148937,-3.6235886454178146
118,0.2553191489361702,6.883032772017094
118,0.2765957446808511,6.008780283625331
118,0.2978723404255319,1.129301978457351
118,0.3191489361702128,-5.951273179931662
118,0.3404255319148936,-4.706935812382287
118,0.36170212765957444,-1.0038206039869766
118,0.3829787234042553,3.553380345060999
118,0.40425531914893614,-7.17124100885585
118,0.425531914893617,1.373322628051524
118,0.44680851063829785,-5.799258307211698
118,0.46808510638297873,2.940536305188772
118,0.48936170212765956,-7.36525969150121
119,0.0,-3.1086244689504383e-15
119,0.023809523809523808,1.0164795219499547
119,0.047619047619047616,5.6255801634307225
119,0.07142857142857142,0.726970939372374
119,0.09523809523809523,1.4580254569319733
119,0.11904761904761904,-4.276287071769868
119,0.14285714285714285,-3.7885387751635804
119,0.16666666666666666,-0.918275286501287
119,0.19047619047619047,-1.665871209853643
119,0.21428571428571427,3.458168221514578
119,0.23809523809523808,-7.802168575248187
119,0.26190476190476186,1.7534295574562329
119,0.2857142857142857,-2.3011754499102155
119,0.30952380952380953,-5.7592865327949045
119,0.3333333333333333,0.7991059628260125
119,0.3571428571428571,-4.9991378063186325
119,0.38095238095238093,0.9145551428398286
119,0.40476190476190477,-12.611549743242573
119,0.42857142857142855,-3.9773073424923426
119,0.45238095238095233,-3.2675469564509556
119,0.47619047619047616,5.370452311576402
120,0.0,3.597122599785507e-14
120,0.014492753623188406,-5.759620782491621
120,0.028985507246376812,-1.9940492281672348
120,0.043478260869565216,-3.844984107576641
120,0.057971014492753624,8.825218072291893
120,0.07246376811594203,-7.905872482624771
120,0.08695652173913043,-7.90168432711523
120,0.10144927536231885,5.1823537578569425
120,0.11594202898550725,1.6514846364041678
120,0.13043478260869565,-1.9779589479783342
120,0.14492753623188406,0.3882708114668656
120,0.15942028985507248,-1.86301258735208
120,0.17391304347826086,-0.005562301680817283
120,0.18840579710144928,-8.385203056965107
120,0.2028985507246377,-10.04015558996738
120,0.21739130434782608,0.5058312787091719
120,0.2318840579710145,0.4291702736662828
120,0.2463768115942029,-10.280511880597683
120,0.2608695652173913,-2.6698028389678257
120,0.2753623188405797,1.5738879160000132
120,0.2898550724637681,7.3782105618556075
120,0.30434782608695654,-12.053008611979472
120,0.31884057971014496,7.822326658731622
120,0.3333333333333333,1.962932699593055
120,0.34782608695652173,2.5509892439329755
120,0.36231884057971014,-6.989494691960561
120,0.37681159420289856,7.864788151435021
120,0.391304347826087,-3.1170215566835178
120,0.4057971014492754,5.032026835445745
120,0.42028985507246375,1.3267669844741263
120,0.43478260869565216,1.9695947476991005
120,0.4492753623188406,-3.4018815583700315
120,0.463768115942029,-2.3884033331230716
120,0.4782608695652174,-3.5618246390727224
120,0.4927536231884058,1.4347743650561624
121,0.0,-1.9539925233402755e-14
121,0.0136986301369863,6.288898229339074
121,0.0273972602739726,-6.9706888497560096
121,0.0410958904109589,-2.1975302326760087
121,0.0547945205479452,4.461286186738664
121,0.0684931506849315,-2.875194416476412
121,0.0821917808219178,-5.4386260025088955
121,0.0958904109589041,-9.478509822742756
121,0.1095890410958904,-1.5520852846561222
121,0.1232876712328767,12.64678563543921
121,0.136986301369863,-5.372140534327958
121,0.1506849315068493,-5.861020202083836
121,0.1643835616438356,1.914407651178926
121,0.1780821917808219,5.119804077394901
121,0.1917808219178082,-8.625346713374988
121,0.2054794520547945,-9.906326909436412
121,0.2191780821917808,-2.5280025446822334
121,0.2328767123287671,-1.7341061110119038
121,0.2465753424657534,11.569950592460168
121,0.2602739726027397,-0.810043520513998
121,0.273972602739726,-12.699925338966093
121,0.2876712328767123,-0.12962647408329575
121,0.3013698630136986,-0.028337144384158686
121,0.3150684931506849,-3.2884247295823723
121,0.3287671232876712,-0.23481473679217757
121,0.3424657534246575,8.417405575725144
121,0.3561643835616438,-4.9228549872257155
121,0.3698630136986301,6.86158619131046
121,0.3835616438356164,-3.5335642814325605
121,0.3972602739726027,2.4691919678323138
121,0.410958904109589,-4.823160325920763
121,0.4246575342465753,-6.18241884279248
121,0.4383561643835616,0.9169299750554571
121,0.4520547945205479,-7.854656167706269
121,0.4657534246575342,-3.84288240617891
121,0.4794520547945205,8.696116402597323
121,0.4931506849315068,0.25140266011382467
122,0.0,1.021405182655144e-14
122,0.011904761904761904,0.026088978144771513
122,0.023809523809523808,-3.791834382933459
122,0.03571428571428571,-2.4374225956716042
122,0.047619047619047616,-25.999054206920142
122,0.05952380952380952,-4.911048116034909
122,0.07142857142857142,5.04607397680652
122,0.08333333333333333,0.32642138789140773
122,0.09523809523809523,-3.6407707176872264
122,0.10714285714285714,4.035876336502259
122,0.11904761904761904,-13.641496049255181
122,0.13095238095238093,4.101101317708816
122,0.14285714285714285,7.367080792656175
122,0.15476190476190477,2.5149282503697896
122,0.16666666666666666,-14.634206518656445
122,0.17857142857142855,-2.9261258962732377
122,0.19047619047619047,7.4507930870664785
122,0.20238095238095238,-4.553853744472146
122,0.21428571428571427,-4.99008930052389
122,0.22619047619047616,-4.27141582992567
122,0.23809523809523808,-5.454738996266297
122,0.25,-1.3857549303360972
122,0.26190476190476186,3.770657693536481
122,0.2738095238095238,1.7757397520490994
122,0.2857142857142857,-2.97688398693266
122,0.2976190476190476,3.8540389619297315
122,0.30952380952380953,-0.8235327796161753
122,0.3214285714285714,1.9134274726100795
122,0.3333333333333333,9.379771301321963
122,0.34523809523809523,-0.5851841618907182
122,0.3571428571428571,-12.828595534163792
122,0.369047619047619,-2.402973134927125
122,0.38095238095238093,4.066172795155047
122,0.39285714285714285,0.7957232634056433
122,0.40476190476190477,9.22584737491386
122,0.41666666666666663,4.37780030126755
122,0.42857142857142855,1.175060205579765
122,0.44047619047619047,0.6331548782336296
122,0.45238095238095233,-2.7106852531789425
122,0.46428571428571425,-3.27401222658456
122,0.47619047619047616,-3.483947891364572
122,0.4880952380952381,-5.992018685952644
123,0.0,-1.5543122344752192e-15
123,0.017857142857142856,4.584483386457302
123,0.03571428571428571,-9.56085727370392
123,0.05357142857142857,9.947780452148184
123,0.07142857142857142,-1.5848546391925156
123,0.08928571428571427,-1.6467758030506254
123,0.10714285714285714,3.58232504939125
123,0.125,-1.6491419372799876
123,0.14285714285714285,-11.616247148356976
123,0.1607142857142857,2.0911437420652996
123,0.17857142857142855,0.34309446654967624
123,0.19642857142857142,1.9441594139163327
123,0.21428571428571427,-7.8282020420090905
123,0.23214285714285712,-6.233627911025291
123,0.25,1.9050536773706843
123,0.26785714285714285,-8.070043349452698
123,0.2857142857142857,-7.2955999606841715
123,0.30357142857142855,-0.566793717399118
123,0.3214285714285714,2.06876818483585
123,0.33928571428571425,0.9285587546628031
123,0.3571428571428571,-4.150066035827558
123,0.375,-6.333563108717264
123,0.39285714285714285,-1.0209708968766789
123,0.4107142857142857,-4.153952521472023
123,0.42857142857142855,0.09832324767071943
123,0.4464285714285714,-0.8084705299011299
123,0.46428571428571425,4.071186407737442
123,0.4821428571428571,7.874608480746037
124,0.0,-2.1760371282653068e-14
124,0.015384615384615385,-5.883039533704526
124,0.03076923076923077,-3.1033872498876334
124,0.046153846153846156,12.08703044579568
124,0.06153846153846154,-2.3065998686594362
124,0.07692307692307693,6.720841695514849
124,0.09230769230769231,-6.639240834757772
124,0.1076923076923077,-1.6222180816728256
124,0.12307692307692308,-1.791059619747382
124,0.13846153846153847,-4.51778845638602
124,0.15384615384615385,-1.9889776781015214
124,0.16923076923076924,-5.085965741786604
124,0.18461538461538463,-5.238037671986121
124,0.2,2.4741935049005193
124,0.2153846153846154,6.635308019263046
124,0.23076923076923078,0.1374875918898315
124,0.24615384615384617,-7.199500164068331
124,0.26153846153846155,-2.0487333005232244
124,0.27692307692307694,-9.380451472362818
124,0.2923076923076923,-2.530215079186935
124,0.3076923076923077,3.3253667198966106
124,0.3230769230769231,-7.872520371543835
124,0.3384615384615385,-9.41300021778839
124,0.35384615384615387,10.389536890968298
124,0.36923076923076925,4.204061807361293
124,0.38461538461538464,2.3493325651365273
124,0.4,-2.0334051630211034
124,0.4153846153846154,5.099889275153001
124,0.4307692307692308,0.22850340720784246
124,0.4461538461538462,-0.6492676085925266
124,0.46153846153846156,1.8948436530639858
124,0.47692307692307695,-3.2938326222340137
124,0.49230769230769234,-13.640515861880655
125,0.0,-4.884981308350689e-15
125,0.016666666666666666,6.793153486714678
125,0.03333333333333333,1.0192072905774499
125,0.05,1.2644951436210148
125,0.06666666666666667,-4.333716070052386
125,0.08333333333333333,6.009012325595179
125,0.1,-10.133093148448339
125,0.11666666666666667,-1.7697136915883394
125,0.13333333333333333,-5.8281973572338766
125,0.15,-5.9035706665148
125,0.16666666666666666,-3.5295857157133144
125,0.18333333333333332,2.1641552492027802
125,0.2,6.7892356222932175
125,0.21666666666666667,-3.981370729381455
125,0.23333333333333334,6.788555750542901
125,0.25,-1.408344023619693
125,0.26666666666666666,-7.2883092846916675
125,0.2833333333333333,-4.682617643342175
125,0.3,4.330891436170356
125,0.31666666666666665,-4.105022805759246
125,0.3333333333333333,-4.947202549385261
125,0.35,4.708603668749681
125,0.36666666666666664,-4.361078321766747
125,0.3833333333333333,2.7728484728356375
125,0.4,4.414637123344144
125,0.4166666666666667,-6.8118879288773995
125,0.43333333333333335,-5.6957587214533145
125,0.45,-6.232779100463538
125,0.4666666666666667,7.255243219044631
125,0.48333333333333334,-10.047521132558574
126,0.0,8.770761894538737e-15
126,0.018518518518518517,-1.7011751055458193
126,0.037037037037037035,3.4006249788441707
126,0.05555555555555555,2.0822003667545914
126,0.07407407407407407,-9.23740507153276
126,0.09259259259259259,-0.03870048643646895
126,0.1111111111111111,-4.123247747014485
126,0.12962962962962962,-6.377737814065258
126,0.14814814814814814,-1.8461660458563933
126,0.16666666666666666,7.360382620098596
126,0.18518518518518517,-3.440277441935621
126,0.2037037037037037,4.824721995540538
126,0.2222222222222222,4.235593170111898
126,0.24074074074074073,6.9917882149240835
126,0.25925925925925924,-5.197131678522489
126,0.2777777777777778,0.7361850154336105
126,0.2962962962962963,0.8285244177274846
126,0.31481481481481477,-6.811708704239088
126,0.3333333333333333,-5.453282730421883
126,0.35185185185185186,-5.525533863823397
126,0.37037037037037035,-8.400799924930661
126,0.38888888888888884,9.314112624406201
126,0.4074074074074074,-0.9947636734042623
126,0.42592592592592593,-6.425425036034072
126,0.4444444444444444,-12.112831754793795
126,0.4629629629629629,-3.5864873925366716
126,0.48148148148148145,8.306162520711496
127,0.0,4.884981308350689e-14
127,0.014492753623188406,7.173729467928578
127,0.028985507246376812,-7.245943913869167
127,0.043478260869565216,-1.3455211145536792
127,0.057971014492753624,2.150396092236533
127,0.07246376811594203,-5.112666938120237
127,0.08695652173913043,1.7891003281690345
127,0.10144927536231885,4.587412716051477
127,0.11594202898550725,-1.0315973638255844
127,0.13043478260869565,4.518537706573122
127,0.14492753623188406,3.3524176440767857
127,0.15942028985507248,-10.838186182839634
127,0.17391304347826086,-5.178834117902083
127,0.18840579710144928,7.644352892872382
127,0.2028985507246377,-7.656376813163275
127,0.21739130434782608,-5.093377703662931
127,0.2318840579710145,-8.800191826832641
127,0.2463768115942029,4.150314539641178
127,0.2608695652173913,-5.206550189685618
127,0.2753623188405797,-3.8818395050012424
127,0.2898550724637681,-7.846059859412275
127,0.30434782608695654,-3.647708849079969
127,0.31884057971014496,-2.043503517593905
127,0.3333333333333333,-4.1224775463288985
127,0.34782608695652173,-2.9385116726797413
127,0.36231884057971014,-6.3958963913445785
127,0.37681159420289856,-5.304791391092579
127,0.391304347826087,8.38580515202384
127,0.4057971014492754,11.107554363962446
127,0.42028985507246375,13.58673628747952
127,0.43478260869565216,-9.266254767367375
127,0.4492753623188406,5.199493588106453
127,0.463768115942029,6.6362439003211
127,0.4782608695652174,-3.685934134033383
127,0.4927536231884058,-10.630910254526006
128,0.0,-6.661338147750939e-15
128,0.011627906976744186,-5.325296555872363
128,0.023255813953488372,-0.7888923839478039
128,0.03488372093023256,17.95670862744636
128,0.046511627906976744,-2.4265065491728373
128,0.05813953488372093,4.626245875604322
128,0.06976744186046512,-11.56312884436289
128,0.08139534883720931,0.14714390669182564
128,0.09302325581395349,4.2511513780637005
128,0.10465116279069767,2.7346549498456767
128,0.11627906976744186,-1.4216967243064471
128,0.12790697674418605,3.7399531596514466
128,0.13953488372093023,-3.8771778587749086
128,0.1511627906976744,-10.967116127774823
128,0.16279069767441862,0.20619723803445622
128,0.1744186046511628,-6.699758802481128
128,0.18604651162790697,-7.52419863451608
128,0.19767441860465115,-2.09323484378615
128,0.20930232558139533,-2.8668214923736963
128,0.22093023255813954,-4.262182742029713
128,0.23255813953488372,-4.0618234208150055
128,0.2441860465116279,4.821105596835234
128,0.2558139534883721,-18.38752248696159
128,0.26744186046511625,-4.412554175283746
128,0.27906976744186046,-9.15499517287763
128,0.29069767441860467,-1.506523663849989
128,0.3023255813953488,-2.415707912211685
128,0.313953488372093,2.528464657479165
128,0.32558139534883723,-13.36996358870579
128,0.3372093023255814,-0.7908509133584954
128,0.3488372093023256,6.312564228046427
128,0.36046511627906974,8.495513804847748
128,0.37209302325581395,8.851266499889658
128,0.38372093023255816,4.631273469655849
128,0.3953488372093023,-10.00976299915434
128,0.4069767441860465,5.298897359157572
128,0.41860465116279066,-0.5680241241443225
128,0.43023255813953487,2.6334652535071745
128,0.4418604651162791,-2.570626622081862
128,0.45348837209302323,-10.125983754861661
128,0.46511627906976744,13.412474591928792
128,0.47674418604651164,-5.792513269102699
128,0.4883720930232558,-4.021762493447511
129,0.0,-3.019806626980426e-14
129,0.01282051282051282,-1.1762567997797757
129,0.02564102564102564,-13.27666993538421
129,0.038461538461538464,2.389885526604389
129,0.05128205128205128,-9.17644005892013
129,0.0641025641025641,-8.027720830097625
129,0.07692307692307693,-3.574974586519202
129,0.08974358974358974,0.709774879242967
129,0.10256410256410256,-8.760746701760024
129,0.11538461538461538,-0.1668191188048045
129,0.1282051282051282,3.9034229651101136
129,0.14102564102564102,1.3721877390996906
129,0.15384615384615385,5.772804494832837
129,0.16666666666666666,-2.941435054558547
129,0.1794871794871795,-4.790962017141891
129,0.1923076923076923,-4.496820288256462
129,0.20512820512820512,2.158138325925364
129,0.21794871794871795,1.0235156347079601
129,0.23076923076923075,-6.315552744916697
129,0.24358974358974358,8.50106953917286
129,0.2564102564102564,3.1389635453908977
129,0.2692307692307692,-4.972993312118745
129,0.28205128205128205,-3.833756430718372
129,0.2948717948717949,-20.2408569555002
129,0.3076923076923077,-1.2024667269485647
129,0.3205128205128205,2.578742585565969
129,0.3333333333333333,6.54238321474854
129,0.34615384615384615,-0.0313475973972257
129,0.358974358974359,-1.9804349379122184
129,0.3717948717948718,-2.8502474106481
129,0.3846153846153846,-5.130455811142808
129,0.3974358974358974,6.830408137787902
129,0.41025641025641024,-2.8183280349394817
129,0.4230769230769231,2.406462170147196
129,0.4358974358974359,2.42988180229728
129,0.4487179487179487,-4.405735422252828
129,0.4615384615384615,3.0496666546550193
129,0.47435897435897434,6.901937245120116
129,0.48717948717948717,2.0494133965963286
130,0.0,-3.774758283725532e-15
130,0.0136986301369863,4.20979643920902
130,0.0273972602739726,-0.5365091109649982
130,0.0410958904109589,0.21605246889166818
130,0.0547945205479452,7.106946068058687
130,0.0684931506849315,7.25409611896346
130,0.0821917808219178,-10.617702899297369
130,0.0958904109589041,-9.016000656294842
130,0.1095890410958904,0.7420276010926936
130,0.1232876712328767,-3.4826151950189
130,0.136986301369863,1.9745384133599062
130,0.1506849315068493,-1.9222494568543824
130,0.1643835616438356,0.7734244014574705
130,0.1780821917808219,1.5427518275838341
130,0.1917808219178082,2.2589666505653945
130,0.2054794520547945,5.589772271742715
130,0.2191780821917808,4.930757109725072
130,0.2328767123287671,-5.226104295011663
130,0.2465753424657534,-2.132145176193327
130,0.2602739726027397,1.2570591600319692
130,0.273972602739726,2.5516245980063204
130,0.2876712328767123,-0.34235579456694754
130,0.3013698630136986,-10.359759121160936
130,0.3150684931506849,-8.42121159058658
130,0.3287671232876712,6.474978499119294
130,0.3424657534246575,0.7942568413151287
130,0.3561643835616438,-10.081767184857197
130,0.3698630136986301,-12.29599138231762
130,0.3835616438356164,-2.514905474329065
130,0.3972602739726027,-9.2670193601701
130,0.410958904109589,5.96886483910032
130,0.4246575342465753,-11.416193269443003
130,0.4383561643835616,0.8621184280066806
130,0.4520547945205479,12.039260470547653
130,0.4657534246575342,-3.5300629449099303
130,0.4794520547945205,-2.1236172028078326
130,0.4931506849315068,8.171630654126117
131,0.0,-5.329070518200751e-15
131,0.015625,5.333936427495633
131,0.03125,-5.525207628953824
131,0.046875,3.6151368050548607
131,0.0625,-1.4320208979796991
131,0.078125,3.489611638447986
131,0.09375,5.018153237993079
131,0.109375,7.682822549265449
131,0.125,-5.296584361572068
131,0.140625,-1.53138359385078
131,0.15625,-3.501594813032627
131,0.171875,-7.759641361517061
131,0.1875,2.40133655527697
131,0.203125,-6.087223682467608
131,0.21875,-8.182680177198042
131,0.234375,-6.429533651063623
131,0.25,-9.563976603575139
131,0.265625,5.43489554014782
131,0.28125,4.451256593096077
131,0.296875,3.628607579351158
131,0.3125,-10.866680109941719
131,0.328125,2.6303626687670993
131,0.34375,0.19910089671171938
131,0.359375,-13.219237582514914
131,0.375,0.2774188228515837
131,0.390625,8.71066714977622
131,0.40625,-5.881530080997287
131,0.421875,-2.104754084578949
131,0.4375,-8.263961196841047
131,0.453125,-1.786028434837297
131,0.46875,6.02222466763884
131,0.484375,9.254566362160357
132,0.0,-1.865174681370263e-14
132,0.015625,2.9780131262063914
132,0.03125,-5.833268202707081
132,0.046875,-5.70024121385182
132,0.0625,-12.017101475042393
132,0.078125,-5.02296380361966
132,0.09375,-1.8510716114762602
132,0.109375,11.908417064492838
132,0.125,5.253483577175071
132,0.140625,0.9436770269619204
132,0.15625,2.3020247901246655
132,0.171875,6.039257904478367
132,0.1875,-6.511866645531236
132,0.203125,-6.955081431009181
132,0.21875,-4.75792754807248
132,0.234375,-6.599215853197073
132,0.25,-1.1768426048287801
132,0.265625,2.088414265103729
132,0.28125,-1.747549974849651
132,0.296875,-11.171325906203652
132,0.3125,-0.7123550392374174
132,0.328125,-3.8309024566146124
132,0.34375,-7.930646804503894
132,0.359375,3.388313617143012
132,0.375,-1.207933416763053
132,0.390625,13.161433239084467
132,0.40625,0.7219953055089243
132,0.421875,3.049705472977982
132,0.4375,-1.5321688935099242
132,0.453125,3.1124940866353406
132,0.46875,-4.624095478717789
132,0.484375,-6.548645906001001
133,0.0,-2.7977620220553945e-14
133,0.010416666666666666,-1.5178429102445987
133,0.020833333333333332,-0.10617775666677076
133,0.03125,4.332266809306743
133,0.041666666666666664,6.938424573847151
133,0.05208333333333333,-0.43069382546795865
133,0.0625,4.148502040783637
133,0.07291666666666666,0.2541734746493072
133,0.08333333333333333,-8.57367759056076
133,0.09375,-2.471355429988352
133,0.10416666666666666,5.679874191533917
133,0.11458333333333333,-6.045117306134055
133,0.125,-0.41130068721384117
133,0.13541666666666666,-3.702529651809817
133,0.14583333333333331,-5.639448405938561
133,0.15625,1.409331693162077
133,0.16666666666666666,-8.92678355254231
133,0.17708333333333331,2.9595663301312083
133,0.1875,-15.401576696927467
133,0.19791666666666666,3.8255457812869107
133,0.20833333333333331,-13.697927819614726
133,0.21875,0.6441271874001206
133,0.22916666666666666,-6.366514672442056
133,0.23958333333333331,5.427068340470972
133,0.25,3.685972339103697
133,0.26041666666666663,2.507732196787896
133,0.2708333333333333,1.8640628814080862
133,0.28125,3.4724287472971875
133,0.29166666666666663,-21.679646080136777
133,0.3020833333333333,3.5853564663609374
133,0.3125,-4.957841850277035
133,0.32291666666666663,-12.641449500917764
133,0.3333333333333333,-9.94908157709955
133,0.34375,0.24908177320125446
133,0.35416666666666663,-1.3115851473722753
133,0.3645833333333333,3.4484751139163787
133,0.375,12.279159537748814
133,0.38541666666666663,6.297843981530222
133,0.3958333333333333,-3.6113449260010126
133,0.40625,-4.455357722733483
133,0.41666666666666663,7.073376563418662
133,0.4270833333333333,-13.911396012075944
133,0.4375,8.744384127422606
133,0.44791666666666663,8.874548169949776
133,0.4583333333333333,5.309508490796988
133,0.46875,3.463091285170041
133,0.47916666666666663,-10.096734290686449
133,0.4895833333333333,-4.184652322405973
134,0.0,-6.661338147750939e-15
134,0.014925373134328358,-7.2493195818394
134,0.029850746268656716,-7.083463166661433
134,0.04477611940298507,-1.7074538855949999
134,0.05970149253731343,6.160605858191402
134,0.07462686567164178,-7.604378849063696
134,0.08955223880597014,3.3032425642342225
134,0.1044776119402985,3.7713436825884354
134,0.11940298507462686,3.2243085414508537
134,0.13432835820895522,3.269509470084495
134,0.14925373134328357,0.18984702799460074
134,0.16417910447761194,-10.53368961984005
134,0.1791044776119403,-1.7837333459684281
134,0.19402985074626866,1.3998332472489388
134,0.208955223880597,6.43439465301005
134,0.22388059701492538,-1.6614788311509057
134,0.23880597014925373,-2.3886222048624486
134,0.2537313432835821,-2.6943624755336226
134,0.26865671641791045,-4.7375735241705135
134,0.2835820895522388,-1.365204176784661
134,0.29850746268656714,-1.7578311814442058
134,0.31343283582089554,2.486640040595873
134,0.3283582089552239,-2.9362927210615233
134,0.34328358208955223,-0.5990251676215024
134,0.3582089552238806,11.86836127133084
134,0.3731343283582089,-6.677780710172668
134,0.3880597014925373,-5.547783246667398
134,0.40298507462686567,5.200658746767383
134,0.417910447761194,5.918138067944926
134,0.43283582089552236,13.954964190208557
134,0.44776119402985076,-12.606048451992006
134,0.4626865671641791,-5.808548196391738
134,0.47761194029850745,-7.228081727708743
134,0.4925373134328358,-7.550892441615137
135,0.0,2.1316282072803006e-14
135,0.015384615384615385,6.950606022528204
135,0.03076923076923077,2.870482440894661
135,0.046153846153846156,5.148093669772482
135,0.06153846153846154,-6.187210958614907
135,0.07692307692307693,-2.4213243768974775
135,0.09230769230769231,-7.23230987721001
135,0.1076923076923077,3.6491247266000943
135,0.12307692307692308,1.909958512023506
135,0.13846153846153847,-9.06665057437602
135,0.15384615384615385,4.861102669976706
135,0.16923076923076924,-1.0176085450516195
135,0.18461538461538463,3.4583644686041226
135,0.2,-4.557107375196994
135,0.2153846153846154,-2.463598176658023
135,0.23076923076923078,-1.1991178913046219
135,0.24615384615384617,-1.6002229338906322
135,0.26153846153846155,1.1198040452623013
135,0.27692307692307694,-5.411681744341311
135,0.2923076923076923,-5.6192025296015355
135,0.3076923076923077,5.941931920854958
135,0.3230769230769231,-3.724460929678051
135,0.3384615384615385,-10.258109150248842
135,0.35384615384615387,-10.300302781360486
135,0.36923076923076925,-6.431910027951486
135,0.38461538461538464,-1.0377228639975948
135,0.4,-2.903949699932961
135,0.4153846153846154,4.050955263787382
135,0.4307692307692308,-8.61362672192649
135,0.4461538461538462,-1.4243187456573816
135,0.46153846153846156,0.31805939110988213
135,0.47692307692307695,5.160627118920836
135,0.49230769230769234,7.378555643723115
136,0.0,-1.3322676295501878e-14
136,0.01282051282051282,8.953082895112118
136,0.02564102564102564,-5.093364028925399
136,0.038461538461538464,-1.3465632409931168
136,0.05128205128205128,-0.6670229894691282
136,0.0641025641025641,-1.0588667654817456
136,0.07692307692307693,10.199169748589636
136,0.08974358974358974,-0.5150602071207857
136,0.10256410256410256,1.1892693529341436
136,0.11538461538461538,-11.604448769276255
136,0.1282051282051282,5.217004364763795
136,0.14102564102564102,-1.7737133877035243
136,0.15384615384615385,-8.83426333166238
136,0.16666666666666666,3.5596352819844697
136,0.1794871794871795,-1.1836541829574276
136,0.1923076923076923,4.572692245337894
136,0.20512820512820512,-2.5759369553756106
136,0.21794871794871795,-7.840018481917772
136,0.23076923076923075,-3.7569179825002235
136,0.24358974358974358,-0.9407122183728278
136,0.2564102564102564,5.658428048594598
136,0.2692307692307692,-6.757300079469442
136,0.28205128205128205,3.6263188403670914
136,0.2948717948717949,-2.427228712603758
136,0.3076923076923077,-7.46680498002217
136,0.3205128205128205,-4.471717336793994
136,0.3333333333333333,-2.4127305041645952
136,0.34615384615384615,3.955245569549041
136,0.358974358974359,2.390044126871385
136,0.3717948717948718,-0.6846037301037247
136,0.3846153846153846,4.4862125721007065
136,0.3974358974358974,-1.289290206901888
136,0.41025641025641024,4.31172698128817
136,0.4230769230769231,-0.6638771919226132
136,0.4358974358974359,-13.84910836094545
136,0.4487179487179487,-16.015360322874695
136,0.4615384615384615,7.649386269917038
136,0.47435897435897434,-3.482856848405686
136,0.48717948717948717,-11.27465756935769
137,0.0,9.71445146547012e-15
137,0.01639344262295082,0.18200477648218205
137,0.03278688524590164,-1.5507048528010279
137,0.04918032786885246,-6.802230980435269
137,0.06557377049180328,-6.082053569630026
137,0.0819672131147541,-1.8837557147371489
137,0.09836065573770492,0.642992433573931
137,0.11475409836065574,-1.875772428673073
137,0.13114754098360656,-0.839246603485313
137,0.14754098360655737,-1.3745814360426374
137,0.1639344262295082,-6.173645127048
137,0.18032786885245902,-3.4072511929222777
137,0.19672131147540983,0.7530711739757876
137,0.21311475409836067,2.5804051844863323
137,0.22950819672131148,4.467426288640443
137,0.24590163934426232,-5.359371933155029
137,0.26229508196721313,1.7435154430698152
137,0.27868852459016397,2.696285371183712
137,0.29508196721311475,-1.731883859633573
137,0.3114754098360656,4.953632083542456
137,0.3278688524590164,2.3980544502211405
137,0.3442622950819672,14.996911821994269
137,0.36065573770491804,-16.170906237434956
137,0.3770491803278689,-10.991032655215099
137,0.39344262295081966,1.4070953239604456
137,0.4098360655737705,-8.275112061304725
137,0.42622950819672134,-1.3920946998439463
137,0.4426229508196722,3.1858303120757365
137,0.45901639344262296,2.7336244938891237
137,0.4754098360655738,-1.789244564236498
137,0.49180327868852464,-6.266756261250966
138,0.0,1.687538997430238e-14
138,0.015384615384615385,-7.114321769717627
138,0.03076923076923077,-2.114014860600287
138,0.046153846153846156,-8.011460281403576
138,0.06153846153846154,6.1698528645952955
138,0.07692307692307693,-3.2632103602674585
138,0.09230769230769231,-6.8970324705274
138,0.1076923076923077,2.261962061462679
138,0.12307692307692308,3.1058058754411606
138,0.13846153846153847,2.8785010103853406
138,0.15384615384615385,-7.576211234842059
138,0.16923076923076924,-6.471782814752741
138,0.18461538461538463,-8.49101448447746
138,0.2,-5.489029238524064
138,0.2153846153846154,-3.6794358248887
138,0.23076923076923078,5.082503993359859
138,0.24615384615384617,-10.993941422536995
138,0.26153846153846155,11.07838756819726
138,0.27692307692307694,-7.065950690769125
138,0.2923076923076923,0.34138609135522724
138,0.3076923076923077,5.856367362349415
138,0.3230769230769231,-7.707094427071767
138,0.3384615384615385,-4.273854903065012
138,0.35384615384615387,-7.458647697419653
138,0.36923076923076925,-4.66510584387462
138,0.38461538461538464,2.2569328440565384
138,0.4,5.179478050944742
138,0.4153846153846154,5.803588918055586
138,0.4307692307692308,-6.63844350930762
138,0.4461538461538462,-5.856621638005373
138,0.46153846153846156,11.06575640584516
138,0.47692307692307695,0.3695157970178977
138,0.49230769230769234,4.634081704050471
139,0.0,-1.2656542480726785e-14
139,0.015625,4.320980836140942
139,0.03125,-7.253536167864988
139,0.046875,5.596659795114907
139,0.0625,-5.916174705740283
139,0.078125,-10.408975350445882
139,0.09375,-2.973365380785232
139,0.109375,-10.949520463679773
139,0.125,-0.04958802635495818
139,0.140625,1.5026484255020258
139,0.15625,-8.958505676030297
139,0.171875,-8.641884816190487
139,0.1875,5.682114692931497
139,0.203125,2.3442572120056773
139,0.21875,11.370311768865937
139,0.234375,4.479865458969082
139,0.25,-3.3692156661630115
139,0.265625,-7.500669263281322
139,0.28125,-0.9670313058949951
139,0.296875,2.3803088474816634
139,0.3125,-0.0009396686772400464
139,0.328125,-8.6961302706552
139,0.34375,-9.059076262607084
139,0.359375,-1.0822386930744172
139,0.375,-7.158287159952594
139,0.390625,2.9854486747273277
139,0.40625,-2.533383593061269
139,0.421875,4.0983854465916645
139,0.4375,4.416944418691268
139,0.453125,-4.5353580828794735
139,0.46875,3.4839920590301325
139,0.484375,-0.17911008453844834
140,0.0,4.884981308350689e-15
140,0.010869565217391304,-4.071574017626179
140,0.021739130434782608,-3.635606817475969
140,0.03260869565217391,-4.935270558629616
140,0.043478260869565216,11.986614986455407
140,0.05434782608695652,-6.048906838901896
140,0.06521739130434782,-2.736026769663095
140,0.07608695652173914,1.558439692618705
140,0.08695652173913043,-4.657282011895266
140,0.09782608695652173,-1.0954176213156646
140,0.10869565217391304,7.087073142191503
140,0.11956521739130435,-3.069519874709755
140,0.13043478260869565,-12.165715558448198
140,0.14130434782608695,-0.8668722048071997
140,0.15217391304347827,0.4471463948635739
140,0.16304347826086957,1.5691027044907069
140,0.17391304347826086,-1.2990009703815275
140,0.18478260869565216,-1.9106155311428958
140,0.19565217391304346,7.063368120943483
140,0.20652173913043478,-0.7811101903795461
140,0.21739130434782608,-1.004266885573937
140,0.22826086956521738,4.892356633684175
140,0.2391304347826087,-9.610439762961345
140,0.25,0.810573354716845
140,0.2608695652173913,-2.9360902444834
140,0.2717391304347826,2.653007297833633
140,0.2826086956521739,1.7607249534592777
140,0.2934782608695652,-1.5842287098180436
140,0.30434782608695654,-10.435387766675863
140,0.31521739130434784,-0.9204897033176702
140,0.32608695652173914,7.152690293370119
140,0.33695652173913043,-1.2056424881526568
140,0.34782608695652173,9.736371295604549
140,0.358695652173913,-4.756125107189291
140,0.3695652173913043,1.6959350796811776
140,0.3804347826086956,-11.59456918236803
140,0.3913043478260869,-1.1965712237975623
140,0.40217391304347827,0.9305958888621038
140,0.41304347826086957,11.095307660027103
140,0.42391304347826086,0.249442476173098
140,0.43478260869565216,-6.038453439736209
140,0.44565217391304346,-5.669355358617825
140,0.45652173913043476,0.42037806854434745
140,0.46739130434782605,5.2421692194944285
140,0.4782608695652174,-13.929978539078453
140,0.4891304347826087,-6.362829963597631
141,0.0,-8.881784197001252e-16
141,0.0125,-8.733483197101778
141,0.025,1.8716671839957604
141,0.037500000000000006,-5.082281850940555
141,0.05,2.7131970561488576
141,0.0625,-6.604967120533612
141,0.07500000000000001,4.889601376627052
141,0.08750000000000001,-8.111333151190486
141,0.1,-6.012732974658382
141,0.1125,-0.39815050188790635
141,0.125,-1.2488445324766193
141,0.1375,8.249303246910197
141,0.15000000000000002,-8.761128787401157
141,0.1625,0.040980690327169
141,0.17500000000000002,-4.220785561603549
141,0.1875,1.8076273823881142
141,0.2,1.5783014259095556
141,0.21250000000000002,-2.104710233155469
141,0.225,-2.96994263221473
141,0.23750000000000002,-0.5874192491351344
141,0.25,2.405045090669276
141,0.2625,10.086294951703202
141,0.275,1.7523198993615665
141,0.28750000000000003,-12.643240368217551
141,0.30000000000000004,-0.8433499760266765
141,0.3125,-16.30129664382175
141,0.325,-8.445889932923883
141,0.3375,0.9536144857689282
141,0.35000000000000003,-0.5309022673063204
141,0.36250000000000004,-11.12172339497487
141,0.375,17.784004993186414
141,0.3875,-1.042279074843197
141,0.4,1.4081679256083395
141,0.41250000000000003,-5.672055572146419
141,0.42500000000000004,2.3100642292915703
141,0.4375,-2.7278296242872173
141,0.45,5.08908404059185
141,0.4625,2.013688718936615
141,0.47500000000000003,-5.834887692828055
141,0.48750000000000004,6.381844619336134
142,0.0,-2.4868995751603507e-14
142,0.014925373134328358,6.366661922510518
142,0.029850746268656716,-0.8818716657473663
142,0.04477611940298507,5.8421405781916
142,0.05970149253731343,-5.772092103852016
142,0.07462686567164178,1.0215358211392893
142,0.08955223880597014,-7.732864816715557
142,0.1044776119402985,-5.610651682786509
142,0.11940298507462686,2.5209973849515985
142,0.13432835820895522,-12.717946003456602
142,0.14925373134328357,-1.8962121418160953
142,0.16417910447761194,-1.245644229013301
142,0.1791044776119403,-0.6365349997702887
142,0.19402985074626866,-2.1037089653437797
142,0.208955223880597,-1.7324845119797256
142,0.22388059701492538,9.19266019214157
142,0.23880597014925373,-8.862960430523838
142,0.2537313432835821,-9.24574275227527
142,0.26865671641791045,1.6244618732628415
142,0.2835820895522388,2.6177869265457887
142,0.29850746268656714,-11.492350605971081
142,0.31343283582089554,-0.9349483530771467
142,0.3283582089552239,5.361349610496633
142,0.34328358208955223,-4.372236817647711
142,0.3582089552238806,2.7700355034518296
142,0.3731343283582089,-10.328391318283929
142,0.3880597014925373,6.143226840158188
142,0.40298507462686567,-2.9335925226401587
142,0.417910447761194,-9.111966211241171
142,0.43283582089552236,-1.6333555615835724
142,0.44776119402985076,4.554389747250319
142,0.4626865671641791,8.34719254397723
142,0.47761194029850745,1.4124433045668614
142,0.4925373134328358,-1.3260437216022738
143,0.0,-3.064215547965432e-14
143,0.013157894736842105,5.171795365222586
143,0.02631578947368421,0.16830142350218136
143,0.039473684210526314,13.981496327347521
143,0.05263157894736842,9.626364265655017
143,0.06578947368421052,-7.416801087521474
143,0.07894736842105263,-8.52584175295848
143,0.09210526315789473,-9.873922566355777
143,0.10526315789473684,-11.161886130361808
143,0.11842105263157894,3.383144644950829
143,0.13157894736842105,7.192183907373005
143,0.14473684210526316,-10.760774126605977
143,0.15789473684210525,-3.3234157872403776
143,0.17105263157894735,-1.3069594380229534
143,0.18421052631578946,-1.697951117025533
143,0.19736842105263158,-18.160871734136098
143,0.21052631578947367,-12.76869779795736
143,0.22368421052631576,5.504361668773932
143,0.23684210526315788,2.2130894239903722
143,0.25,1.7846712447232838
143,0.2631578947368421,-0.8561684655041155
143,0.2763157894736842,1.6428681691052425
143,0.2894736842105263,-2.379308815579341
143,0.3026315789473684,2.3973476247698686
143,0.3157894736842105,-5.226654186994042
143,0.3289473684210526,-2.261539584901763
143,0.3421052631578947,-2.8649316297648166
143,0.35526315789473684,-4.204557623739493
143,0.3684210526315789,6.313605008770578
143,0.381578947368421,-7.333012320559121
143,0.39473684210526316,3.539950371475105
143,0.40789473684210525,0.7852319989376833
143,0.42105263157894735,-1.2016477197773145
143,0.43421052631578944,-5.8415252303208405
143,0.4473684210526315,3.047484872804714
143,0.4605263157894737,-2.0277997736467874
143,0.47368421052631576,-3.58734114786448
143,0.48684210526315785,-4.662841431679404
144,0.0,-3.197442310920451e-14
144,0.015151515151515152,2.8076894368268115
144,0.030303030303030304,-3.3324136532914785
144,0.045454545454545456,7.718612256017638
144,0.06060606060606061,-1.0462529893685977
144,0.07575757575757576,-4.256275153820313
144,0.09090909090909091,-3.9909666977887386
144,0.10606060606060606,-11.656387897499775
144,0.12121212121212122,-0.9408924432880645
144,0.13636363636363635,1.233146143570555
144,0.15151515151515152,0.13678603355012697
144,0.16666666666666669,4.994288256326125
144,0.18181818181818182,0.959245723523606
144,0.19696969696969696,4.25330448948128
144,0.21212121212121213,-6.916641249572548
144,0.2272727272727273,10.173052652771876
144,0.24242424242424243,0.3780060627652578
144,0.25757575757575757,-0.17386694117456597
144,0.2727272727272727,-4.337807915075204
144,0.2878787878787879,-3.159994101453165
144,0.30303030303030304,-0.7574483096027524
144,0.3181818181818182,2.027852397268304
144,0.33333333333333337,-8.864164588520898
144,0.3484848484848485,-10.697416212438693
144,0.36363636363636365,-13.129670686280697
144,0.3787878787878788,4.218105129534212
144,0.3939393939393939,-1.902511562584131
144,0.4090909090909091,9.131620315221486
144,0.42424242424242425,-1.4980171032483518
144,0.4393939393939394,-10.510400567035546
144,0.4545454545454546,6.150961086510215
144,0.4696969696969697,2.871027473705814
144,0.48484848484848486,-8.719305566039607
145,0.0,-4.884981308350689e-15
145,0.014492753623188406,2.2409153138609277
145,0.028985507246376812,-2.871805594312199
145,0.043478260869565216,-6.379635243779543
145,0.057971014492753624,2.0517472808980477
145,0.07246376811594203,-2.2692629207264767
145,0.08695652173913043,1.0775203860224165
145,0.10144927536231885,-4.178289843389346
145,0.11594202898550725,-5.664118407810111
145,0.13043478260869565,5.098224852238564
145,0.14492753623188406,4.180699593967418
145,0.15942028985507248,1.674159427051798
145,0.17391304347826086,-7.284466509052807
145,0.18840579710144928,1.7238602695096534
145,0.2028985507246377,-1.6479760388642655
145,0.21739130434782608,-1.621911941336804
145,0.2318840579710145,-5.907083211078811
145,0.2463768115942029,6.1050245949450375
145,0.2608695652173913,-5.379405544467295
145,0.2753623188405797,-3.5469569863659833
145,0.2898550724637681,-1.470780347977461
145,0.30434782608695654,-4.430203408453057
145,0.31884057971014496,-2.2494057575092157
145,0.3333333333333333,-2.187187383447869
145,0.34782608695652173,-2.8500443474927577
145,0.36231884057971014,-5.365243906879181
145,0.37681159420289856,-1.3848615840012206
145,0.391304347826087,-5.618784365443537
145,0.4057971014492754,-0.3917295864579846
145,0.42028985507246375,12.731144701145316
145,0.43478260869565216,-1.7734960530364572
145,0.4492753623188406,5.793569400858148
145,0.463768115942029,0.5787281255671006
145,0.4782608695652174,-4.728309305955273
145,0.4927536231884058,10.41795348545138
146,0.0,4.440892098500626e-16
146,0.017857142857142856,-2.8199495142833686
146,0.03571428571428571,-2.2412938586326603
146,0.05357142857142857,-9.680171165411172
146,0.07142857142857142,-2.216590308526471
146,0.08928571428571427,-9.59316630482995
146,0.10714285714285714,9.809238963077615
146,0.125,3.6659117944738204
146,0.14285714285714285,8.356666112636688
146,0.1607142857142857,-2.3129675095951865
146,0.17857142857142855,-2.468543147840043
146,0.19642857142857142,-7.1087162781059074
146,0.21428571428571427,-6.701263624035423
146,0.23214285714285712,3.980757863466792
146,0.25,-7.782919996526379
146,0.26785714285714285,-4.042568281409107
146,0.2857142857142857,-6.831449776611098
146,0.30357142857142855,1.0871529377141265
146,0.3214285714285714,3.3753035657733834
146,0.33928571428571425,6.093427685873264
146,0.3571428571428571,-0.19302309531092376
146,0.375,1.7189881918795133
146,0.39285714285714285,-7.656672560010453
146,0.4107142857142857,-0.8973413756692503
146,0.42857142857142855,-2.255720691788045
146,0.4464285714285714,-2.2942303976954785
146,0.46428571428571425,5.946301377140111
146,0.4821428571428571,-0.7279346336874863
147,0.0,-5.551115123125783e-16
147,0.022727272727272728,-0.4467051598724998
147,0.045454545454545456,-4.012098023536838
147,0.06818181818181818,2.5909542517726205
147,0.09090909090909091,-3.3493448764856284
147,0.11363636363636365,-4.973547292306083
147,0.13636363636363635,-2.534504266522392
147,0.1590909090909091,0.5569069962749955
147,0.18181818181818182,-1.7066193405953705
147,0.20454545454545456,-0.683192546792939
147,0.2272727272727273,0.03516802697805854
147,0.25,-0.4954682602969195
147,0.2727272727272727,-0.805616876993235
147,0.29545454545454547,0.4878539867519529
147,0.3181818181818182,-0.9322119960792481
147,0.34090909090909094,-3.6103195690166787
147,0.36363636363636365,-4.965443593575693
147,0.38636363636363635,-9.299138673653829
147,0.4090909090909091,-0.8996955484725244
147,0.4318181818181818,0.5837382555759285
147,0.4545454545454546,10.641470267690671
147,0.4772727272727273,-5.305160827392911
148,0.0,6.217248937900877e-15
148,0.019230769230769232,-2.4332247936206715
148,0.038461538461538464,-16.40533740961753
148,0.057692307692307696,-0.15515114269154945
148,0.07692307692307693,2.978893806655064
148,0.09615384615384616,7.5418216230529165
148,0.11538461538461539,0.6241451719780855
148,0.13461538461538464,-6.054720876663955
148,0.15384615384615385,-7.7293125930581725
148,0.17307692307692307,-1.668092225336418
148,0.19230769230769232,1.1135635281813387
148,0.21153846153846156,7.311781233970271
148,0.23076923076923078,-7.566960159019554
148,0.25,-8.007807659623506
148,0.2692307692307693,-0.9408651613615655
148,0.2884615384615385,0.7721419501926623
148,0.3076923076923077,2.0748963030691643
148,0.3269230769230769,-0.2971743819585422
148,0.34615384615384615,2.904495437067104
148,0.3653846153846154,-5.366921711078724
148,0.38461538461538464,-0.6955279409493009
148,0.40384615384615385,5.7719774439588925
148,0.42307692307692313,-5.043742067221375
148,0.44230769230769235,-0.4887984010017153
148,0.46153846153846156,2.87133396373656
148,0.4807692307692308,4.034457940664861
149,0.0,6.8833827526759706e-15
149,0.014925373134328358,8.703236439468407
149,0.029850746268656716,0.4148001604678859
149,0.04477611940298507,4.528608903279049
149,0.05970149253731343,12.956636137774533
149,0.07462686567164178,-3.772581399301373
149,0.08955223880597014,-0.6798412142371228
149,0.1044776119402985,-2.0513036313943824
149,0.11940298507462686,0.7332102783472267
149,0.13432835820895522,-6.363292825054495
149,0.14925373134328357,-3.844002697248506
149,0.16417910447761194,-8.77081327546857
149,0.1791044776119403,-5.626026454418386
149,0.19402985074626866,-15.95269151917979
149,0.208955223880597,-2.6665744408597387
149,0.22388059701492538,-4.903566600820879
149,0.23880597014925373,-6.922271320492362
149,0.2537313432835821,2.672893338855424
149,0.26865671641791045,2.299049442525677
149,0.2835820895522388,-3.5023616708818412
149,0.29850746268656714,-0.8317345793610922
149,0.31343283582089554,-9.918038633389834
149,0.3283582089552239,2.7166749466832973
149,0.34328358208955223,1.6131288278742437
149,0.3582089552238806,-6.096906294539071
149,0.3731343283582089,-6.127327487005448
149,0.3880597014925373,8.42566458162197
149,0.40298507462686567,-0.6202316598399451
149,0.417910447761194,-0.1516019160078348
149,0.43283582089552236,-0.6712607356935492
149,0.44776119402985076,-0.5568039771308104
149,0.4626865671641791,5.0887434515042695
149,0.47761194029850745,-5.285300177188645
149,0.4925373134328358,6.7821011850175905
