sid,freq,power
0,0.0,1.687538997430238e-14
0,0.017857142857142856,-3.5795871207514987
0,0.03571428571428571,-2.4280107641401747
0,0.05357142857142857,-5.59409314992029
0,0.07142857142857142,3.301568624960618
0,0.08928571428571427,3.34308329810184
0,0.10714285714285714,-8.7684744670671
0,0.125,4.316233938481026
0,0.14285714285714285,2.7276411769381275
0,0.1607142857142857,-5.722782924126779
0,0.17857142857142855,0.19112023683527712
0,0.19642857142857142,-5.741337488903509
0,0.21428571428571427,2.2811604133166803
0,0.23214285714285712,-11.018698269591964
0,0.25,-0.37073642239230287
0,0.26785714285714285,6.551707941685633
0,0.2857142857142857,2.0051756032810957
0,0.30357142857142855,-4.017980769885368
0,0.3214285714285714,-0.859882236398023
0,0.33928571428571425,6.432741070234501
0,0.3571428571428571,-4.4876110124198565
0,0.375,-4.841496057199849
0,0.39285714285714285,1.8474807993855538
0,0.4107142857142857,-2.833772340713524
0,0.42857142857142855,-2.4903154516144355
0,0.4464285714285714,2.524167827371496
0,0.46428571428571425,6.713859876593612
0,0.4821428571428571,-4.76550115060786
1,0.0,1.0658141036401503e-14
1,0.014705882352941176,7.370710680651552
1,0.029411764705882353,-4.321125112875921
1,0.044117647058823525,-6.350691533308989
1,0.058823529411764705,0.919732901376727
1,0.07352941176470588,-4.412780982364493
1,0.08823529411764705,5.045819060708164
1,0.10294117647058823,-11.63885810950723
1,0.11764705882352941,8.758146220716515
1,0.1323529411764706,-5.850195804877005
1,0.14705882352941177,-13.521700245011822
1,0.16176470588235295,-3.808789848067763
1,0.1764705882352941,5.421866391917718
1,0.19117647058823528,-4.899591220579083
1,0.20588235294117646,-5.3237140705457175
1,0.22058823529411764,3.207746027554273
1,0.23529411764705882,6.857557958219595
1,0.25,6.5643694711705685
1,0.2647058823529412,-7.523140985621986
1,0.27941176470588236,-6.8301394891992535
1,0.29411764705882354,-5.446032341741471
1,0.3088235294117647,0.13868238653954945
1,0.3235294117647059,-6.958689980987507
1,0.3382352941176471,-7.521155341062681
1,0.3529411764705882,4.8306769070583675
1,0.3676470588235294,3.6867051935251394
1,0.38235294117647056,-4.175990065233543
1,0.39705882352941174,3.497713670265018
1,0.4117647058823529,-0.24467598315348082
1,0.4264705882352941,3.5857658001724753
1,0.4411764705882353,-4.36138613172522
1,0.45588235294117646,-8.528119894615122
1,0.47058823529411764,0.44384314696014315
1,0.4852941176470588,-2.5893132879446608
2,0.0,3.574918139293004e-14
2,0.012658227848101266,-4.915577685173753
2,0.02531645569620253,-7.683235629123497
2,0.0379746835443038,7.420323002777537
2,0.05063291139240506,4.1286134020758345
2,0.06329113924050633,-21.6687372113539
2,0.0759493670886076,3.1620661799841967
2,0.08860759493670886,2.365600170233873
2,0.10126582278481013,-4.079422004976313
2,0.11392405063291139,8.627040851893318
2,0.12658227848101267,-6.256326028185731
2,0.13924050632911392,6.050032688182248
2,0.1518987341772152,1.8069174138640793
2,0.16455696202531644,0.05134803309136904
2,0.17721518987341772,3.12404027402533
2,0.18987341772151897,-6.037517951698911
2,0.20253164556962025,-6.511003383084274
2,0.21518987341772153,8.141350303129423
2,0.22784810126582278,9.212409040251128
2,0.24050632911392406,-16.279456727302822
2,0.25316455696202533,8.059791663520196
2,0.26582278481012656,-9.92364732003754
2,0.27848101265822783,2.026871020342581
2,0.2911392405063291,-4.688835089676113
2,0.3037974683544304,-0.08313854687515265
2,0.31645569620253167,1.4866774115666677
2,0.3291139240506329,0.5866471717282825
2,0.34177215189873417,1.6559960781057563
2,0.35443037974683544,-4.698859282085196
2,0.3670886075949367,-4.1847750895072
2,0.37974683544303794,-3.5204358984015944
2,0.3924050632911392,8.725306997848207
2,0.4050632911392405,4.199116049978697
2,0.4177215189873418,-11.849300489606588
2,0.43037974683544306,-4.9154486396389325
2,0.4430379746835443,11.304198589831172
2,0.45569620253164556,-7.812364602502599
2,0.46835443037974683,-1.0765754525455467
2,0.4810126582278481,-0.9730316523904964
2,0.49367088607594933,-9.107774947170762
3,0.0,3.197442310920451e-14
3,0.011627906976744186,-4.151761934301427
3,0.023255813953488372,4.268149372679739
3,0.03488372093023256,5.794693062900586
3,0.046511627906976744,-4.3398969538093155
3,0.05813953488372093,-7.815159039783941
3,0.06976744186046512,-6.321167361974028
3,0.08139534883720931,-1.4187919952115982
3,0.09302325581395349,-5.598660143479081
3,0.10465116279069767,-1.8298701436307607
3,0.11627906976744186,12.688436170344085
3,0.12790697674418605,-10.861560050480772
3,0.13953488372093023,1.8730440732459166
3,0.1511627906976744,-8.06485280519908
3,0.16279069767441862,-2.173572330555405
3,0.1744186046511628,5.673930064648084
3,0.18604651162790697,-1.2411972070149242
3,0.19767441860465115,-4.087623853274045
3,0.20930232558139533,10.28757475249289
3,0.22093023255813954,3.895813075842083
3,0.23255813953488372,10.518956392278062
3,0.2441860465116279,-6.538915588128092
3,0.2558139534883721,5.100846145373205
3,0.26744186046511625,-2.154254987565359
3,0.27906976744186046,-9.950516529865157
3,0.29069767441860467,-9.401034899856558
3,0.3023255813953488,-10.359173460280523
3,0.313953488372093,4.331283447649307
3,0.32558139534883723,-1.3454017482459468
3,0.3372093023255814,-3.524493723609511
3,0.3488372093023256,-3.6078845792190193
3,0.36046511627906974,3.335256581158997
3,0.37209302325581395,-6.253833317920055
3,0.38372093023255816,0.020010187338412422
3,0.3953488372093023,-4.413871922360984
3,0.4069767441860465,6.117321469969055
3,0.41860465116279066,10.0959158340576
3,0.43023255813953487,-8.905028136722308
3,0.4418604651162791,7.500120315646562
3,0.45348837209302323,-8.170605520106488
3,0.46511627906976744,4.819482166501195
3,0.47674418604651164,-1.3577282570930653
3,0.4883720930232558,-10.212743032330724
4,0.0,-2.2315482794965646e-14
4,0.018867924528301886,-1.7245215504236457
4,0.03773584905660377,4.087032189620787
4,0.05660377358490566,2.1379020958406896
4,0.07547169811320754,-2.0297794781541114
4,0.09433962264150943,-4.258871428584368
4,0.11320754716981132,-0.26592254352844935
4,0.1320754716981132,1.1999977119640706
4,0.1509433962264151,4.643471191785392
4,0.16981132075471697,-8.636306543297195
4,0.18867924528301885,-8.763565426598035
4,0.20754716981132074,0.3937497814818701
4,0.22641509433962265,5.9160691537712395
4,0.24528301886792453,5.091738924417889
4,0.2641509433962264,-0.7006656132574012
4,0.2830188679245283,-2.9479090723289736
4,0.3018867924528302,-4.095869627039454
4,0.32075471698113206,-10.696975419228224
4,0.33962264150943394,-8.867600874394455
4,0.3584905660377358,4.643864589850551
4,0.3773584905660377,-7.091614216431914
4,0.3962264150943396,-0.06827832654456278
4,0.4150943396226415,-0.192262732704501
4,0.43396226415094336,-2.3214227476610216
4,0.4528301886792453,-7.712763243801591
4,0.4716981132075472,11.381845647213897
4,0.49056603773584906,5.1634308567791285
5,0.0,1.63202784619898e-14
5,0.02,-7.849633251054252
5,0.04,7.031914366047872
5,0.06,-2.2812704238600103
5,0.08,-1.6488383132707654
5,0.1,-3.6093280141543933
5,0.12,-1.3612424428315746
5,0.14,-5.168532757807053
5,0.16,-1.3534411450946333
5,0.18,-0.41183486669258995
5,0.2,-7.971252652282625
5,0.22,4.311334393677072
5,0.24,-6.636401181551373
5,0.26,8.828888931988974
5,0.28,1.5275087255591284
5,0.3,-4.906497169113556
5,0.32,4.931103536016526
5,0.34,-7.873366726330364
5,0.36,0.6465323601431594
5,0.38,-1.5309853735007846
5,0.4,-1.4098884269398524
5,0.42,6.544149527584091
5,0.44,-0.23032401044894346
5,0.46,-2.0724002991528643
5,0.48,-0.6436123781253134
6,0.0,-5.051514762044462e-14
6,0.009708737864077669,-10.322280860132356
6,0.019417475728155338,-13.672813143310549
6,0.029126213592233007,-7.45918656276482
6,0.038834951456310676,-11.68094718909932
6,0.04854368932038834,4.3793700713390376
6,0.058252427184466014,-6.6790538535131345
6,0.06796116504854369,9.716931229721954
6,0.07766990291262135,-7.151159813983484
6,0.08737864077669902,-7.194943081539842
6,0.09708737864077668,5.719744462515686
6,0.10679611650485436,-11.372410958659437
6,0.11650485436893203,11.82295601098161
6,0.1262135922330097,2.926750452947688
6,0.13592233009708737,11.028175202894056
6,0.14563106796116504,-11.806177421527734
6,0.1553398058252427,-1.1886217002344437
6,0.16504854368932037,3.9793913659645366
6,0.17475728155339804,5.1638562112233934
6,0.1844660194174757,-2.708061480260043
6,0.19417475728155337,-6.389985364474046
6,0.20388349514563106,2.6917530729203336
6,0.21359223300970873,7.467690703638584
6,0.2233009708737864,0.3461040062024706
6,0.23300970873786406,-7.103095921169148
6,0.24271844660194172,-5.051406612576786
6,0.2524271844660194,-9.380496686816082
6,0.2621359223300971,-4.526642383998316
6,0.27184466019417475,2.525604925677199
6,0.2815533980582524,-2.0529498307765524
6,0.2912621359223301,2.893704057880647
6,0.30097087378640774,-5.443842132921154
6,0.3106796116504854,-10.896203690156767
6,0.3203883495145631,12.425984391652577
6,0.33009708737864074,-5.918119324214216
6,0.3398058252427184,3.1618220657727902
6,0.3495145631067961,15.394805035281218
6,0.35922330097087374,-1.658952530338926
6,0.3689320388349514,1.3111020022591038
6,0.37864077669902907,4.822993754496661
6,0.38834951456310673,2.717079312811936
6,0.39805825242718446,-17.688287229303594
6,0.4077669902912621,1.4248969868990677
6,0.4174757281553398,-7.294656169383921
6,0.42718446601941745,-15.555955996048395
6,0.4368932038834951,13.424781099636501
6,0.4466019417475728,10.363011829046977
6,0.45631067961165045,-9.234870557675587
6,0.4660194174757281,-6.376103367666977
6,0.4757281553398058,11.760074754025084
6,0.48543689320388345,-1.3897010625543045
6,0.4951456310679611,-1.8510308111006388
7,0.0,-2.220446049250313e-15
7,0.02,-0.9455860406613601
7,0.04,1.6202118143009603
7,0.06,0.8126410509057191
7,0.08,2.4750607579171566
7,0.1,-0.36086814827647684
7,0.12,-4.507372579030651
7,0.14,-3.067786629126348
7,0.16,1.1434025915128605
7,0.18,-5.96375613439659
7,0.2,-2.235408469872764
7,0.22,3.6106878711541452
7,0.24,-5.090614421605275
7,0.26,4.802517538024341
7,0.28,-1.2947265230868141
7,0.3,-6.263541582920999
7,0.32,2.9700297049067186
7,0.34,-5.91276206607567
7,0.36,-5.0182441602354375
7,0.38,0.34066359459976114
7,0.4,-5.009432683944345
7,0.42,-2.790656888425759
7,0.44,-1.3744981505963791
7,0.46,3.009254704859143
7,0.48,8.022524251892133
8,0.0,1.0658141036401503e-14
8,0.013513513513513514,-13.81510660280601
8,0.02702702702702703,4.52533411388816
8,0.04054054054054054,2.5369363621569416
8,0.05405405405405406,-8.109232405602242
8,0.06756756756756757,-1.0576947851534932
8,0.08108108108108109,-4.723281118469977
8,0.0945945945945946,-4.109351878421644
8,0.10810810810810811,-5.014115357042728
8,0.12162162162162163,-4.325441129035566
8,0.13513513513513514,-0.5961537955218033
8,0.14864864864864866,-8.806473003262195
8,0.16216216216216217,5.438650384284602
8,0.17567567567567569,3.9605477221878616
8,0.1891891891891892,2.458392050475651
8,0.20270270270270271,7.980672580907517
8,0.21621621621621623,-1.9710398493566958
8,0.22972972972972974,-15.070916137581358
8,0.24324324324324326,6.957447140805627
8,0.2567567567567568,-13.126412787440557
8,0.2702702702702703,-9.688884099968481
8,0.28378378378378377,4.12286824978607
8,0.2972972972972973,-3.5666558900356042
8,0.31081081081081086,-4.999965469715188
8,0.32432432432432434,11.072194673050262
8,0.33783783783783783,3.159128323041341
8,0.35135135135135137,10.62263537473342
8,0.3648648648648649,-13.123673793504704
8,0.3783783783783784,6.188928102911634
8,0.3918918918918919,3.590564704293763
8,0.40540540540540543,-9.511399930847965
8,0.41891891891891897,-0.1362400138645321
8,0.43243243243243246,-4.276527424735136
8,0.44594594594594594,2.8307538232167886
8,0.4594594594594595,9.195341170839734
8,0.472972972972973,1.167644499777742
8,0.4864864864864865,-1.7405088493915617
9,0.0,5.440092820663267e-14
9,0.012658227848101266,-5.981705375151382
9,0.02531645569620253,5.448683801635184
9,0.0379746835443038,4.101186960528893
9,0.05063291139240506,-6.784806099521086
9,0.06329113924050633,-1.8244291825806496
9,0.0759493670886076,5.996094986196103
9,0.08860759493670886,-4.564003021238783
9,0.10126582278481013,-5.185581536626034
9,0.11392405063291139,-5.20073994295551
9,0.12658227848101267,7.041713951705964
9,0.13924050632911392,-4.0055187547527185
9,0.1518987341772152,-15.294856949840613
9,0.16455696202531644,6.7535884454625155
9,0.17721518987341772,-3.6572796898523876
9,0.18987341772151897,-3.5782958898403674
9,0.20253164556962025,0.9913251402000838
9,0.21518987341772153,-2.821003016804714
9,0.22784810126582278,3.2510998942570253
9,0.24050632911392406,2.5745671054770667
9,0.25316455696202533,-3.880963660203369
9,0.26582278481012656,4.002974206781651
9,0.27848101265822783,1.688702555841033
9,0.2911392405063291,-18.88918379764221
9,0.3037974683544304,0.5282081962253394
9,0.31645569620253167,-8.9914072287923
9,0.3291139240506329,6.171405354067253
9,0.34177215189873417,-2.325816362483561
9,0.35443037974683544,10.318177404754334
9,0.3670886075949367,-9.103972712157766
9,0.37974683544303794,2.0144471724931954
9,0.3924050632911392,5.692258175468324
9,0.4050632911392405,3.5381396127504527
9,0.4177215189873418,9.903348188548247
9,0.43037974683544306,-4.088271648574517
9,0.4430379746835443,-11.700433500109794
9,0.45569620253164556,-3.7234449718065634
9,0.46835443037974683,-3.6591782201069933
9,0.4810126582278481,-0.03552557788680148
9,0.49367088607594933,-8.657145494199876
10,0.0,5.329070518200751e-15
10,0.013888888888888888,6.44537606443736
10,0.027777777777777776,5.242913030265081
10,0.041666666666666664,-4.987575777804994
10,0.05555555555555555,3.8394869371839047
10,0.06944444444444445,-1.7032005705980966
10,0.08333333333333333,-2.4620667393645315
10,0.09722222222222221,8.177030216857375
10,0.1111111111111111,-0.8879257442665747
10,0.125,-8.136529160407088
10,0.1388888888888889,-3.039293738270492
10,0.15277777777777776,-6.012242333351152
10,0.16666666666666666,-2.164571737435932
10,0.18055555555555555,-5.538715201453226
10,0.19444444444444442,-1.1998321559810288
10,0.20833333333333331,1.2199710126197014
10,0.2222222222222222,-5.071542679751658
10,0.2361111111111111,-8.69152329231156
10,0.25,-13.180685358346405
10,0.2638888888888889,5.700102597699788
10,0.2777777777777778,-15.849500848075621
10,0.29166666666666663,3.88043183249504
10,0.3055555555555555,-11.828237549427516
10,0.3194444444444444,6.7139801419141945
10,0.3333333333333333,-3.1748048134480498
10,0.3472222222222222,0.7381404029710996
10,0.3611111111111111,-6.400250807378134
10,0.375,-8.900898723691418
10,0.38888888888888884,-3.31744205564366
10,0.40277777777777773,3.7725757736449497
10,0.41666666666666663,8.911646292671698
10,0.4305555555555555,9.361902951904785
10,0.4444444444444444,2.0865453554655566
10,0.4583333333333333,2.105046771214152
10,0.4722222222222222,-7.723188933035452
10,0.4861111111111111,0.25495598592528923
11,0.0,1.1546319456101628e-14
11,0.014285714285714285,-2.7235726483961713
11,0.02857142857142857,-7.2342981540982905
11,0.04285714285714286,-0.3814403451023036
11,0.05714285714285714,2.628421087666227
11,0.07142857142857142,-5.112603707483867
11,0.08571428571428572,-3.987209718976759
11,0.09999999999999999,2.4472198809096497
11,0.11428571428571428,2.2440339685166966
11,0.12857142857142856,-4.104637311916452
11,0.14285714285714285,0.4591732341002013
11,0.15714285714285714,-7.028483694266851
11,0.17142857142857143,-1.3708056767138839
11,0.18571428571428572,-1.7304883516453253
11,0.19999999999999998,-3.9326045784170693
11,0.21428571428571427,1.6953128816907
11,0.22857142857142856,5.252841606177535
11,0.24285714285714285,-3.8446062316743
11,0.2571428571428571,-13.895701247208853
11,0.2714285714285714,-5.465047062869655
11,0.2857142857142857,5.5892975822138045
11,0.3,1.9790946971234569
11,0.3142857142857143,-4.0884703878927695
11,0.32857142857142857,7.58869324193247
11,0.34285714285714286,-5.408322829893943
11,0.35714285714285715,4.5780135903863135
11,0.37142857142857144,-4.063473215547464
11,0.3857142857142857,6.88684387156092
11,0.39999999999999997,-3.65634650947466
11,0.41428571428571426,-11.21936440163764
11,0.42857142857142855,9.265478218291548
11,0.44285714285714284,5.2691038149212925
11,0.45714285714285713,-6.561721212146657
11,0.4714285714285714,0.8847095583875717
11,0.4857142857142857,-5.66388506226323
12,0.0,-7.993605777301127e-15
12,0.014492753623188406,-1.7089345281441437
12,0.028985507246376812,-4.733349358977611
12,0.043478260869565216,2.2565394291644854
12,0.057971014492753624,-1.9746316546085998
12,0.07246376811594203,-6.980059226285967
12,0.08695652173913043,-3.4716762190696318
12,0.10144927536231885,-9.392391554833694
12,0.11594202898550725,-3.7115810998327303
12,0.13043478260869565,-0.7547923868159853
12,0.14492753623188406,-3.365121393955924
12,0.15942028985507248,12.158245185415975
12,0.17391304347826086,2.3318644985577275
12,0.18840579710144928,-1.5221031088298096
12,0.2028985507246377,4.85814634325134
12,0.21739130434782608,-1.3695309493535506
12,0.2318840579710145,-2.1406568561490706
12,0.2463768115942029,6.572694966012836
12,0.2608695652173913,-2.6836915102258363
12,0.2753623188405797,-7.081309533112076
12,0.2898550724637681,-1.0136579639592727
12,0.30434782608695654,-0.9070607807958768
12,0.31884057971014496,-11.0183953720152
12,0.3333333333333333,-6.342413440118957
12,0.34782608695652173,3.1087607719498447
12,0.36231884057971014,3.1761852247673104
12,0.37681159420289856,13.290460672428782
12,0.391304347826087,-5.413198281007034
12,0.4057971014492754,-13.044544097617566
12,0.42028985507246375,-0.24941787109105995
12,0.43478260869565216,-5.661596585789101
12,0.4492753623188406,-7.138644019924237
12,0.463768115942029,-1.5925987958035006
12,0.4782608695652174,4.831612609284228
12,0.4927536231884058,3.4404129929194913
13,0.0,-1.0436096431476471e-14
13,0.014084507042253521,1.7475165629863665
13,0.028169014084507043,4.253118232809492
13,0.04225352112676056,2.001782011925895
13,0.056338028169014086,0.4811690378513457
13,0.07042253521126761,-12.986332040652364
13,0.08450704225352113,6.604255022859416
13,0.09859154929577466,-1.9250432239331448
13,0.11267605633802817,-4.922898491985593
13,0.1267605633802817,-2.543360218474249
13,0.14084507042253522,-1.9505803397122552
13,0.15492957746478875,9.917587455619403
13,0.16901408450704225,-3.962306175320491
13,0.18309859154929578,-6.9851976278215435
13,0.1971830985915493,-1.422109377538326
13,0.2112676056338028,-9.284582379198024
13,0.22535211267605634,-2.8971492618787025
13,0.23943661971830987,-10.689460101194584
13,0.2535211267605634,-3.957043166949788
13,0.26760563380281693,3.333632304410605
13,0.28169014084507044,-10.612086437108333
13,0.29577464788732394,-6.773567966891322
13,0.3098591549295775,-1.0203914616648928
13,0.323943661971831,-3.136187529810667
13,0.3380281690140845,-3.9617979496023494
13,0.35211267605633806,15.388756252078478
13,0.36619718309859156,-0.029549296599533904
13,0.38028169014084506,11.829211570589626
13,0.3943661971830986,-5.198690810457434
13,0.4084507042253521,2.0638628031721353
13,0.4225352112676056,-5.397884810104461
13,0.4366197183098592,5.510971716595571
13,0.4507042253521127,2.7999381658545466
13,0.4647887323943662,7.171611492245959
13,0.47887323943661975,-3.0650340663615188
13,0.49295774647887325,0.7815616078983081
14,0.0,5.329070518200751e-15
14,0.03125,-3.037167965519737
14,0.0625,0.14057715894077782
14,0.09375,-7.367383190806231
14,0.125,-2.8173338610591605
14,0.15625,2.8866807130860357
14,0.1875,-2.753797116360899
14,0.21875,-7.281764531612177
14,0.25,2.5083991462318043
14,0.28125,-5.441806835087656
14,0.3125,-1.7240761196915375
14,0.34375,1.6264984621431335
14,0.375,-2.257420617037167
14,0.40625,9.49253517403917
14,0.4375,-3.5354405037809773
14,0.46875,2.075609104255777
15,0.0,-9.769962616701378e-15
15,0.02857142857142857,-6.798957914135181
15,0.05714285714285714,7.360370744871482
15,0.08571428571428572,1.4792030263280234
15,0.11428571428571428,-5.687087339137409
15,0.14285714285714285,-8.469578790578774
15,0.17142857142857143,3.6197417293360616
15,0.19999999999999998,-7.825691441523809
15,0.22857142857142856,-0.2953444650180219
15,0.2571428571428571,0.028089174679079676
15,0.2857142857142857,-1.5066346102533261
15,0.3142857142857143,-3.408461336337098
15,0.34285714285714286,2.933472822359202
15,0.37142857142857144,4.696881720769467
15,0.39999999999999997,-0.15466395676650646
15,0.42857142857142855,-1.6271545607949989
15,0.45714285714285713,3.690378042344621
15,0.4857142857142857,-5.033392350826454
16,0.0,2.2648549702353193e-14
16,0.01282051282051282,-10.923314189501465
16,0.02564102564102564,-8.337968899743684
16,0.038461538461538464,7.160158566262856
16,0.05128205128205128,-2.648451580662522
16,0.0641025641025641,-10.716541947007784
16,0.07692307692307693,2.8821552191475197
16,0.08974358974358974,-0.28463031623702717
16,0.10256410256410256,-3.0468658525176693
16,0.11538461538461538,0.24316088393130464
16,0.1282051282051282,-8.874564483127292
16,0.14102564102564102,0.4608374832910762
16,0.15384615384615385,2.633555145357974
16,0.16666666666666666,0.891750307694671
16,0.1794871794871795,-0.6899970898941086
16,0.1923076923076923,-10.656267654598372
16,0.20512820512820512,-4.727743982515852
16,0.21794871794871795,-2.388420016466733
16,0.23076923076923075,-7.818371036727198
16,0.24358974358974358,-2.6046786452656443
16,0.2564102564102564,6.073708405279159
16,0.2692307692307692,5.013546649869673
16,0.28205128205128205,-5.634784680146892
16,0.2948717948717949,2.866223432526791
16,0.3076923076923077,2.9772046791859115
16,0.3205128205128205,-6.568753496952127
16,0.3333333333333333,-0.08327498147470103
16,0.34615384615384615,-2.7628015623484705
16,0.358974358974359,10.851407702120586
16,0.3717948717948718,-12.425302036684252
16,0.3846153846153846,12.729261118812017
16,0.3974358974358974,5.568918575193543
16,0.41025641025641024,-5.638719599085459
16,0.4230769230769231,4.528607358228541
16,0.4358974358974359,-2.2566099176016827
16,0.4487179487179487,-12.112876759916672
16,0.4615384615384615,2.6299595748484106
16,0.47435897435897434,7.581065074624325
16,0.48717948717948717,-1.2472253873522199
17,0.0,4.50195436485501e-14
17,0.0136986301369863,1.6564495780585848
17,0.0273972602739726,3.9184935659256093
17,0.0410958904109589,-4.248481098960918
17,0.0547945205479452,8.752419046204848
17,0.0684931506849315,-9.823706514434758
17,0.0821917808219178,6.951324526403932
17,0.0958904109589041,0.2835570444976261
17,0.1095890410958904,-0.10975065868117673
17,0.1232876712328767,-4.47840849811374
17,0.136986301369863,-0.2280459978394458
17,0.1506849315068493,5.080623579103813
17,0.1643835616438356,-9.244649270206828
17,0.1780821917808219,-5.154413132799717
17,0.1917808219178082,-3.1357295815799326
17,0.2054794520547945,-0.8672466057825101
17,0.2191780821917808,-5.430539529147329
17,0.2328767123287671,1.9763814996994877
17,0.2465753424657534,-3.4897080595636947
17,0.2602739726027397,3.719885177984601
17,0.273972602739726,-4.926160033885859
17,0.2876712328767123,-0.7624379687083014
17,0.3013698630136986,2.078838010172894
17,0.3150684931506849,3.1684476006460844
17,0.3287671232876712,3.2127996313945433
17,0.3424657534246575,1.98718460571815
17,0.3561643835616438,4.052767881428268
17,0.3698630136986301,0.09400822970624212
17,0.3835616438356164,3.4096625691331646
17,0.3972602739726027,3.5109414734525877
17,0.410958904109589,-5.201322797807209
17,0.4246575342465753,1.366760460217232
17,0.4383561643835616,-15.37759559829023
17,0.4520547945205479,-10.934760771623175
17,0.4657534246575342,-4.719511748195751
17,0.4794520547945205,9.865874146514814
17,0.4931506849315068,-22.44693379892814
18,0.0,1.7763568394002505e-15
18,0.013157894736842105,0.2704809482191317
18,0.02631578947368421,-6.067775306788776
18,0.039473684210526314,-1.2712704712491356
18,0.05263157894736842,-6.184832991615241
18,0.06578947368421052,0.877996746837935
18,0.07894736842105263,-1.4364161218843294
18,0.09210526315789473,4.170458800064045
18,0.10526315789473684,1.8899629712222845
18,0.11842105263157894,-6.887083092399372
18,0.13157894736842105,-6.711992803083758
18,0.14473684210526316,8.616841467669179
18,0.15789473684210525,0.5760945094213912
18,0.17105263157894735,-3.2919233605423743
18,0.18421052631578946,-3.9209760262770104
18,0.19736842105263158,6.06460896398103
18,0.21052631578947367,-4.9716258781533
18,0.22368421052631576,-5.511206310238058
18,0.23684210526315788,-0.20234961957972697
18,0.25,-4.54658615298278
18,0.2631578947368421,-4.044236563326879
18,0.2763157894736842,-2.6311075813850193
18,0.2894736842105263,-8.630639627891494
18,0.3026315789473684,3.980841965638771
18,0.3157894736842105,-12.271349879559416
18,0.3289473684210526,-7.6168376849844615
18,0.3421052631578947,5.277390253037158
18,0.35526315789473684,14.963256289655998
18,0.3684210526315789,-1.059167944303196
18,0.381578947368421,-4.9303435646782034
18,0.39473684210526316,4.881665373938856
18,0.40789473684210525,9.048024656557017
18,0.42105263157894735,1.2342696714424102
18,0.43421052631578944,5.343984783093916
18,0.4473684210526315,-6.31901606042807
18,0.4605263157894737,-1.9607762578937131
18,0.47368421052631576,6.6281740756256715
18,0.48684210526315785,-11.720237435499154
19,0.0,4.884981308350689e-15
19,0.014925373134328358,-11.481627401628682
19,0.029850746268656716,-4.526009276572179
19,0.04477611940298507,-7.153129495872657
19,0.05970149253731343,7.016998654733079
19,0.07462686567164178,-3.671621173495276
19,0.08955223880597014,0.8166071864316713
19,0.1044776119402985,-3.026960764234939
19,0.11940298507462686,2.3620227540133656
19,0.13432835820895522,1.644235136639581
19,0.14925373134328357,-0.5454639256893015
19,0.16417910447761194,-7.300523141559808
19,0.1791044776119403,-3.1171785854876726
19,0.19402985074626866,4.884980526538411
19,0.208955223880597,16.78560047879346
19,0.22388059701492538,-6.980517332917625
19,0.23880597014925373,-5.4642987617819045
19,0.2537313432835821,1.2273341420288284
19,0.26865671641791045,6.134309211915382
19,0.2835820895522388,1.297272979030755
19,0.29850746268656714,-5.01483905347575
19,0.31343283582089554,-4.529832365863018
19,0.3283582089552239,5.914144079959891
19,0.34328358208955223,6.00137863314701
19,0.3582089552238806,-7.454932092258004
19,0.3731343283582089,8.798417324565753
19,0.3880597014925373,0.8833099398336683
19,0.40298507462686567,-1.5274680573533093
19,0.417910447761194,3.648563515313149
19,0.43283582089552236,3.748494040528044
19,0.44776119402985076,0.5922481570416404
19,0.4626865671641791,-14.579249105779681
19,0.47761194029850745,-0.8746877035164922
19,0.4925373134328358,-14.694244311959796
20,0.0,8.881784197001252e-16
20,0.0136986301369863,6.100441870717355
20,0.0273972602739726,-6.133115534068253
20,0.0410958904109589,-2.058556453952385
20,0.0547945205479452,-12.83395325265057
20,0.0684931506849315,1.9154330061462412
20,0.0821917808219178,3.086535554814107
20,0.0958904109589041,-6.9821443694915155
20,0.1095890410958904,-3.2954183444802365
20,0.1232876712328767,-3.5799489377044087
20,0.136986301369863,0.17352134678673603
20,0.1506849315068493,-0.6031960533916889
20,0.1643835616438356,-3.498681829984526
20,0.1780821917808219,8.948133976338578
20,0.1917808219178082,-3.6781290344049298
20,0.2054794520547945,4.4115557859131895
20,0.2191780821917808,-1.1940569960852387
20,0.2328767123287671,-2.1545629553822616
20,0.2465753424657534,0.6834018550218158
20,0.2602739726027397,-6.072301113738778
20,0.273972602739726,7.862566305188547
20,0.2876712328767123,1.3938046739433276
20,0.3013698630136986,-3.53390366838822
20,0.3150684931506849,-1.6224985916771493
20,0.3287671232876712,3.4234376787122334
20,0.3424657534246575,4.281325930278634
20,0.3561643835616438,-1.5114767302015628
20,0.3698630136986301,-1.182842714442963
20,0.3835616438356164,-0.11014969376602946
20,0.3972602739726027,7.653227466190858
20,0.410958904109589,-1.8711795228520176
20,0.4246575342465753,-10.782269096813938
20,0.4383561643835616,-3.4114282372453593
20,0.4520547945205479,-1.1064289746293232
20,0.4657534246575342,-1.4466458530180142
20,0.4794520547945205,-8.497043576840511
20,0.4931506849315068,-6.257587209528892
21,0.0,-2.19824158875781e-14
21,0.014705882352941176,0.20786721046216483
21,0.029411764705882353,-3.270701459969579
21,0.044117647058823525,9.792583560123402
21,0.058823529411764705,1.535390377736654
21,0.07352941176470588,-4.557280229337638
21,0.08823529411764705,-9.15112233206261
21,0.10294117647058823,-1.4703086883440064
21,0.11764705882352941,-6.279467389781073
21,0.1323529411764706,4.687676171872296
21,0.14705882352941177,0.7255561013489931
21,0.16176470588235295,0.8866950803423057
21,0.1764705882352941,0.864538761921172
21,0.19117647058823528,7.198436603196827
21,0.20588235294117646,3.388601842759196
21,0.22058823529411764,-4.493489118270624
21,0.23529411764705882,6.5059271134282834
21,0.25,-3.9887978917980886
21,0.2647058823529412,-3.1708974811697583
21,0.27941176470588236,-3.326953900390753
21,0.29411764705882354,2.383965091279425
21,0.3088235294117647,-13.811099879791774
21,0.3235294117647059,-4.548643510799627
21,0.3382352941176471,-5.221649147017655
21,0.3529411764705882,-1.0154646313073534
21,0.3676470588235294,-9.344593567739672
21,0.38235294117647056,7.124692776225927
21,0.39705882352941174,-5.373215181100987
21,0.4117647058823529,-7.6158775742645055
21,0.4264705882352941,0.1615978311730899
21,0.4411764705882353,6.849434952025529
21,0.45588235294117646,-7.881895394067035
21,0.47058823529411764,5.1356813837468565
21,0.4852941176470588,0.9904603568235499
22,0.0,-2.6645352591003757e-15
22,0.011764705882352941,-6.11993405735352
22,0.023529411764705882,-0.411252845001167
22,0.03529411764705882,-0.35234509967057726
22,0.047058823529411764,-0.39301244143151237
22,0.058823529411764705,-9.968533871528988
22,0.07058823529411765,-0.07293761158203749
22,0.08235294117647059,-3.9952838141013123
22,0.09411764705882353,-3.9893619100612394
22,0.10588235294117647,-1.1049222625207236
22,0.11764705882352941,13.689170712194805
22,0.12941176470588234,3.2645820182943743
22,0.1411764705882353,3.1535988819859924
22,0.15294117647058825,-3.673315386184443
22,0.16470588235294117,-6.984860613097357
22,0.1764705882352941,-8.172470048901697
22,0.18823529411764706,-0.9115413522522147
22,0.2,-1.92856263013313
22,0.21176470588235294,-3.1781882535910118
22,0.22352941176470587,-12.75340927342096
22,0.23529411764705882,-5.042491597696419
22,0.24705882352941178,4.448441855061089
22,0.2588235294117647,-2.5417894124329212
22,0.27058823529411763,-6.952897378825304
22,0.2823529411764706,-6.8826859669570934
22,0.29411764705882354,19.4442511798616
22,0.3058823529411765,-10.338599096698799
22,0.3176470588235294,3.6844443645855876
22,0.32941176470588235,5.5309713274305015
22,0.3411764705882353,-5.423747210692259
22,0.3529411764705882,-13.052827218188634
22,0.36470588235294116,11.388664445675744
22,0.3764705882352941,-6.4602604842796065
22,0.38823529411764707,-0.5859884494735377
22,0.4,13.026855437134166
22,0.4117647058823529,-0.33580673541571704
22,0.4235294117647059,0.5349492703697076
22,0.43529411764705883,-0.7779203106938066
22,0.44705882352941173,2.7141194992230755
22,0.4588235294117647,8.44299760516691
22,0.47058823529411764,-6.326839692741702
22,0.4823529411764706,-0.485925478990888
22,0.49411764705882355,-4.077710091344295
23,0.0,-1.7319479184152442e-14
23,0.012658227848101266,7.33270982773693
23,0.02531645569620253,-4.205652241721937
23,0.0379746835443038,-5.380500517244885
23,0.05063291139240506,-16.294779214388303
23,0.06329113924050633,4.541154488588951
23,0.0759493670886076,3.069680740088904
23,0.08860759493670886,4.7542445004563
23,0.10126582278481013,3.022358312540729
23,0.11392405063291139,-5.764896170333541
23,0.12658227848101267,5.862717855015363
23,0.13924050632911392,2.191191468561904
23,0.1518987341772152,6.697168961617528
23,0.16455696202531644,-8.693551034108609
23,0.17721518987341772,-10.044977761295701
23,0.18987341772151897,2.1803387185402054
23,0.20253164556962025,-7.700723631513833
23,0.21518987341772153,-0.27292744014252635
23,0.22784810126582278,-2.103462303514373
23,0.24050632911392406,1.3660661792729691
23,0.25316455696202533,6.2011707889581755
23,0.26582278481012656,6.4305085328035
23,0.27848101265822783,7.428470481935152
23,0.2911392405063291,-1.430360522854433
23,0.3037974683544304,0.23936386072332505
23,0.31645569620253167,-4.186397425269466
23,0.3291139240506329,-3.9059681171630505
23,0.34177215189873417,-2.1039632122322507
23,0.35443037974683544,-18.463107231927797
23,0.3670886075949367,0.6270089773716507
23,0.37974683544303794,1.750358901674962
23,0.3924050632911392,-7.028506560054553
23,0.4050632911392405,1.6951468724276866
23,0.4177215189873418,4.277604960536898
23,0.43037974683544306,-2.033303727249863
23,0.4430379746835443,-0.5117973624083041
23,0.45569620253164556,-10.505159692544249
23,0.46835443037974683,-2.278576311494592
23,0.4810126582278481,4.955629615456624
23,0.49367088607594933,-8.342330680541592
24,0.0,1.6431300764452317e-14
24,0.018867924528301886,-2.4929713000895375
24,0.03773584905660377,3.594313208145407
24,0.05660377358490566,-5.9759818061017125
24,0.07547169811320754,0.4795340774334558
24,0.09433962264150943,-6.2383976504098735
24,0.11320754716981132,-9.496210207455537
24,0.1320754716981132,-1.5490696921483342
24,0.1509433962264151,-0.5733082818920919
24,0.16981132075471697,-4.837337827138628
24,0.18867924528301885,7.061496585138287
24,0.20754716981132074,3.3507046310426283
24,0.22641509433962265,-1.377959331086871
24,0.24528301886792453,-3.1631861704922613
24,0.2641509433962264,-5.644532655962929
24,0.2830188679245283,-11.300853979820058
24,0.3018867924528302,0.5433723221749647
24,0.32075471698113206,-3.9737782572394336
24,0.33962264150943394,7.637500021362795
24,0.3584905660377358,-6.798117968155411
24,0.3773584905660377,-0.8169066672557529
24,0.3962264150943396,3.0334809054718868
24,0.4150943396226415,-9.107099463679791
24,0.43396226415094336,1.6921964018391527
24,0.4528301886792453,3.668640477523901
24,0.4716981132075472,9.026897039940115
24,0.49056603773584906,-5.443113433401146
25,0.0,-1.4210854715202004e-14
25,0.011363636363636364,-1.8899605064045426
25,0.022727272727272728,-0.5541577651055307
25,0.03409090909090909,-3.1500333723895695
25,0.045454545454545456,-7.152339986899195
25,0.05681818181818182,-7.386272457991378
25,0.06818181818181818,-0.7231826277859223
25,0.07954545454545454,3.354221948941318
25,0.09090909090909091,0.7278151261564414
25,0.10227272727272728,-1.358242376561103
25,0.11363636363636365,7.773849509587123
25,0.125,-6.488880051269809
25,0.13636363636363635,1.6862598791148964
25,0.14772727272727273,-4.668595439154093
25,0.1590909090909091,-1.1544179979602238
25,0.17045454545454547,10.30911369850921
25,0.18181818181818182,2.5433043987112436
25,0.19318181818181818,5.594233847973668
25,0.20454545454545456,-6.778768672044077
25,0.2159090909090909,4.022030419775865
25,0.2272727272727273,1.5801517692309304
25,0.23863636363636365,1.0071570018225362
25,0.25,-8.62260909069016
25,0.26136363636363635,-14.171579559784615
25,0.2727272727272727,-1.6585089429803084
25,0.2840909090909091,-5.13230594051644
25,0.29545454545454547,-17.777279299546297
25,0.3068181818181818,9.936111250039847
25,0.3181818181818182,-6.069079567493865
25,0.32954545454545453,-0.946667660527547
25,0.34090909090909094,-1.0929093024918024
25,0.3522727272727273,6.276100796497279
25,0.36363636363636365,4.078251480482852
25,0.375,-9.911486533980185
25,0.38636363636363635,9.987922700737553
25,0.39772727272727276,-2.164532682097926
25,0.4090909090909091,-11.936633792737718
25,0.42045454545454547,-2.6079277412949717
25,0.4318181818181818,-11.082956185284067
25,0.4431818181818182,-0.5757951717229224
25,0.4545454545454546,3.5896659369971715
25,0.46590909090909094,-1.5409470729805845
25,0.4772727272727273,-1.6121623444319948
25,0.48863636363636365,8.967273372851515
26,0.0,-2.708944180085382e-14
26,0.011904761904761904,-9.362805986244243
26,0.023809523809523808,0.5927901123361661
26,0.03571428571428571,6.564902780122037
26,0.047619047619047616,-0.5572059202566617
26,0.05952380952380952,-1.9930632667486583
26,0.07142857142857142,1.6254867614811852
26,0.08333333333333333,-4.942796171720989
26,0.09523809523809523,2.3283462525373224
26,0.10714285714285714,-1.269150755629943
26,0.11904761904761904,-1.7879958061768275
26,0.13095238095238093,-10.625781842599562
26,0.14285714285714285,10.583779208635645
26,0.15476190476190477,0.6123837268604508
26,0.16666666666666666,0.01758038864962219
26,0.17857142857142855,-8.311885626614224
26,0.19047619047619047,-1.9896976800710937
26,0.20238095238095238,0.001212909232868764
26,0.21428571428571427,-3.2625711767902095
26,0.22619047619047616,-2.930994263147615
26,0.23809523809523808,-4.870621626378906
26,0.25,-1.3577562204442681
26,0.26190476190476186,-9.715480760303889
26,0.2738095238095238,-10.723658851982083
26,0.2857142857142857,-7.951050815099296
26,0.2976190476190476,-7.128872830315725
26,0.30952380952380953,0.682921788454542
26,0.3214285714285714,2.8099394602605736
26,0.3333333333333333,0.056795394216724526
26,0.34523809523809523,5.858332536738285
26,0.3571428571428571,-6.887533825645702
26,0.369047619047619,3.285026508933794
26,0.38095238095238093,-4.7821288813560034
26,0.39285714285714285,0.9383994695533742
26,0.40476190476190477,-14.356101690726177
26,0.41666666666666663,-5.933877772370799
26,0.42857142857142855,9.335546511676888
26,0.44047619047619047,-1.7238472805066583
26,0.45238095238095233,4.9132455131348145
26,0.46428571428571425,-1.7201580125605274
26,0.47619047619047616,5.832922449913918
26,0.4880952380952381,8.673540580416695
27,0.0,-3.1086244689504383e-15
27,0.02,7.113451106333634
27,0.04,4.1742982079338224
27,0.06,2.9738981390270394
27,0.08,1.8247811442408304
27,0.1,-2.8961814691799397
27,0.12,-12.21015442763641
27,0.14,-5.250349295512281
27,0.16,-10.57352392942142
27,0.18,-2.2268315575243314
27,0.2,-6.353964995771978
27,0.22,3.3095288704320023
27,0.24,3.80441221180715
27,0.26,-7.299954138582935
27,0.28,4.057282751191402
27,0.3,-1.2191320560620107
27,0.32,0.4592358022426726
27,0.34,-4.247096691883395
27,0.36,0.12002041372457306
27,0.38,1.5082374424822458
27,0.4,-0.16237324309141932
27,0.42,5.239234524086129
27,0.44,2.128567908315959
27,0.46,-6.332491183501138
27,0.48,0.1352766651244286
28,0.0,2.220446049250313e-14
28,0.01282051282051282,-5.464699041328503
28,0.02564102564102564,2.2411261523247474
28,0.038461538461538464,6.82984620287062
28,0.05128205128205128,-4.156963860584965
28,0.0641025641025641,2.7206277037111777
28,0.07692307692307693,-1.1053286713071917
28,0.08974358974358974,0.8066083862364684
28,0.10256410256410256,-3.953850992693581
28,0.11538461538461538,-1.2124320699809883
28,0.1282051282051282,-7.270394633384861
28,0.14102564102564102,-3.703974619265469
28,0.15384615384615385,-1.9680899648898893
28,0.16666666666666666,2.1915017840430173
28,0.1794871794871795,-7.754374043260761
28,0.1923076923076923,-2.3504814895677963
28,0.20512820512820512,-4.2703498180044726
28,0.21794871794871795,-2.2462387738167706
28,0.23076923076923075,-13.590598241523494
28,0.24358974358974358,-14.641309183452348
28,0.2564102564102564,0.16513681962712212
28,0.2692307692307692,-11.643239011378636
28,0.28205128205128205,12.579590271175267
28,0.2948717948717949,3.6599512606832656
28,0.3076923076923077,0.5396838303326827
28,0.3205128205128205,7.698422353788693
28,0.3333333333333333,5.9883846245105214
28,0.34615384615384615,-1.6403493911264557
28,0.358974358974359,10.950468921225024
28,0.3717948717948718,5.238790775240542
28,0.3846153846153846,-8.167665114528987
28,0.3974358974358974,-3.3758194912756463
28,0.41025641025641024,11.740257160719473
28,0.4230769230769231,-3.158458251129383
28,0.4358974358974359,-0.8188600728492128
28,0.4487179487179487,-10.050892369489315
28,0.4615384615384615,-5.641993016807007
28,0.47435897435897434,-3.20739235503853
28,0.48717948717948717,-3.348138487642663
29,0.0,1.2434497875801753e-14
29,0.015625,-11.008678102505197
29,0.03125,-4.277777429480728
29,0.046875,-0.8058427921815592
29,0.0625,10.066459574706759
29,0.078125,-3.993202279433132
29,0.09375,0.07424211130378433
29,0.109375,2.901086073497114
29,0.125,-7.755400635102843
29,0.140625,3.4587058533221824
29,0.15625,-5.0377473676752835
29,0.171875,-2.562348689430713
29,0.1875,-7.112521181823835
29,0.203125,-6.294120126266261
29,0.21875,2.2248487319858876
29,0.234375,-10.09945692944297
29,0.25,2.7231466998567764
29,0.265625,-8.896002638386031
29,0.28125,-6.664306092068142
29,0.296875,-1.9810429315340965
29,0.3125,6.860385259174176
29,0.328125,1.213434916258517
29,0.34375,8.918565128243326
29,0.359375,-1.2794935280065025
29,0.375,3.5436053893320487
29,0.390625,2.0691970956457797
29,0.40625,-2.6617627325338904
29,0.421875,3.8525250801735327
29,0.4375,-2.710986307827656
29,0.453125,6.423090054933461
29,0.46875,3.5573633535485483
29,0.484375,-0.6490814803827147
30,0.0,-4.218847493575595e-15
30,0.012195121951219513,-4.267148488307949
30,0.024390243902439025,-0.9876283409743891
30,0.03658536585365854,-4.659670757674331
30,0.04878048780487805,-7.281303264868816
30,0.06097560975609756,10.026452837551554
30,0.07317073170731708,-11.535977515466142
30,0.08536585365853659,-4.764204570899404
30,0.0975609756097561,-11.488477586343455
30,0.10975609756097561,-10.332290592447059
30,0.12195121951219512,5.77771756220239
30,0.13414634146341464,-4.926393733079548
30,0.14634146341463417,3.6332201921874523
30,0.15853658536585366,-2.186536000170906
30,0.17073170731707318,4.189675770548064
30,0.18292682926829268,-0.20520590866365973
30,0.1951219512195122,-6.128443067818609
30,0.20731707317073172,1.567942150818928
30,0.21951219512195122,0.31080966990933356
30,0.23170731707317074,5.478825617914827
30,0.24390243902439024,-6.021342555034467
30,0.25609756097560976,-9.440892732896518
30,0.2682926829268293,10.425730206059598
30,0.2804878048780488,-1.5355308140538595
30,0.29268292682926833,1.556062187357393
30,0.3048780487804878,-1.7748969918584505
30,0.3170731707317073,4.274656133922452
30,0.32926829268292684,0.40510634903233034
30,0.34146341463414637,3.7709199590963465
30,0.3536585365853659,0.7400052957470618
30,0.36585365853658536,-5.247137419767114
30,0.3780487804878049,-5.6381743433927305
30,0.3902439024390244,-4.992381273760257
30,0.4024390243902439,-0.9982017240933079
30,0.41463414634146345,-1.7913276565203184
30,0.4268292682926829,-1.566657716673495
30,0.43902439024390244,4.236879634647833
30,0.45121951219512196,-0.23316943522713318
30,0.4634146341463415,3.900522094487645
30,0.475609756097561,-13.768552848097755
30,0.4878048780487805,10.199484607262251
31,0.0,1.0658141036401503e-14
31,0.013157894736842105,-1.3650097107321368
31,0.02631578947368421,-4.0192114927956295
31,0.039473684210526314,0.21535593182954704
31,0.05263157894736842,-2.121934777198572
31,0.06578947368421052,3.0353113467021076
31,0.07894736842105263,0.2747789913698997
31,0.09210526315789473,-3.020726202231976
31,0.10526315789473684,4.39207934523183
31,0.11842105263157894,-5.841099666402062
31,0.13157894736842105,3.727832094005962
31,0.14473684210526316,4.104154950397519
31,0.15789473684210525,-13.46484576974657
31,0.17105263157894735,0.8909421843949159
31,0.18421052631578946,5.70720016356683
31,0.19736842105263158,-3.113003859338167
31,0.21052631578947367,-4.305807310191263
31,0.22368421052631576,-7.359402275986708
31,0.23684210526315788,1.5692846757621997
31,0.25,1.870232670072269
31,0.2631578947368421,-8.395258214629793
31,0.2763157894736842,7.677290901958502
31,0.2894736842105263,3.6031775538525754
31,0.3026315789473684,-8.917535165726164
31,0.3157894736842105,-0.023856892146081776
31,0.3289473684210526,-3.808747777718967
31,0.3421052631578947,-4.377067523977321
31,0.35526315789473684,-6.154895868188794
31,0.3684210526315789,2.052425616493164
31,0.381578947368421,-0.008146719955738568
31,0.39473684210526316,0.1033917355691778
31,0.40789473684210525,-11.467098010495036
31,0.42105263157894735,1.0454590693380574
31,0.43421052631578944,4.100951603327305
31,0.4473684210526315,7.022542483782887
31,0.4605263157894737,-1.3764092673431643
31,0.47368421052631576,3.2818783669814193
31,0.48684210526315785,-5.604861141095347
32,0.0,-6.827871601444713e-15
32,0.014925373134328358,4.600555218050393
32,0.029850746268656716,-7.035954649247568
32,0.04477611940298507,-7.8746493784628075
32,0.05970149253731343,9.830712019888196
32,0.07462686567164178,1.5447835112048867
32,0.08955223880597014,-0.23074218851875777
32,0.1044776119402985,-6.476987957306708
32,0.11940298507462686,-6.997409854188277
32,0.13432835820895522,-0.7520799269283002
32,0.14925373134328357,2.095188566125273
32,0.16417910447761194,-0.2130569837200706
32,0.1791044776119403,-5.034729335695267
32,0.19402985074626866,1.5686632383314505
32,0.208955223880597,-0.6093602367874402
32,0.22388059701492538,0.9250351582639733
32,0.23880597014925373,-13.002878030856605
32,0.2537313432835821,9.412719203987882
32,0.26865671641791045,-1.1396844169304772
32,0.2835820895522388,-3.4027002883343256
32,0.29850746268656714,-11.21747626085581
32,0.31343283582089554,-7.136827363854334
32,0.3283582089552239,1.9513703685540964
32,0.34328358208955223,-9.83780944831366
32,0.3582089552238806,1.7642250877793288
32,0.3731343283582089,-4.183550725482797
32,0.3880597014925373,7.460811202084509
32,0.40298507462686567,7.866958782179008
32,0.417910447761194,8.990186031313694
32,0.43283582089552236,-7.169267261288111
32,0.44776119402985076,-2.5767750828112255
32,0.4626865671641791,-0.9956215995839398
32,0.47761194029850745,-0.3026800366231865
32,0.4925373134328358,-2.9662723697055258
33,0.0,-4.3298697960381105e-14
33,0.014084507042253521,2.3741948050985764
33,0.028169014084507043,1.1803972118607777
33,0.04225352112676056,-2.6935633220383557
33,0.056338028169014086,10.476008457788257
33,0.07042253521126761,5.476358130255857
33,0.08450704225352113,-11.73635099355753
33,0.09859154929577466,-1.1316209952540195
33,0.11267605633802817,3.4505157274720144
33,0.1267605633802817,-11.476568163852301
33,0.14084507042253522,-1.4966890561023993
33,0.15492957746478875,-8.838437358915685
33,0.16901408450704225,2.757496596785275
33,0.18309859154929578,-5.089193599755091
33,0.1971830985915493,-0.24236504092199285
33,0.2112676056338028,0.3972237487222383
33,0.22535211267605634,-6.218869822804031
33,0.23943661971830987,-8.06608214305005
33,0.2535211267605634,-6.255021702023895
33,0.26760563380281693,-16.60093634953532
33,0.28169014084507044,3.7381945009217104
33,0.29577464788732394,-1.1197510427121657
33,0.3098591549295775,4.4067006004333535
33,0.323943661971831,-5.508781630532492
33,0.3380281690140845,-11.873977693716492
33,0.35211267605633806,12.507262663796014
33,0.36619718309859156,-5.70460986680959
33,0.38028169014084506,-6.039364160883496
33,0.3943661971830986,0.5469550204646602
33,0.4084507042253521,-2.519763177403865
33,0.4225352112676056,8.76276347165337
33,0.4366197183098592,-5.849457028239894
33,0.4507042253521127,-2.421871874917213
33,0.4647887323943662,1.654079107413207
33,0.47887323943661975,14.429435877451949
33,0.49295774647887325,-4.9915759041227
34,0.0,-1.5543122344752192e-15
34,0.023255813953488372,-6.966983542318337
34,0.046511627906976744,2.874179234723987
34,0.06976744186046512,1.3767377819583444
34,0.09302325581395349,-8.07453415947075
34,0.11627906976744186,-2.9333361201447206
34,0.13953488372093023,-5.956369869456163
34,0.16279069767441862,-0.4569877649489471
34,0.18604651162790697,3.7585455260461504
34,0.20930232558139533,0.35173873472541073
34,0.23255813953488372,3.156289934985761
34,0.2558139534883721,3.343558971821497
34,0.27906976744186046,-7.020086683276488
34,0.3023255813953488,-5.337501560390908
34,0.32558139534883723,-3.4584474400626326
34,0.3488372093023256,-4.401726127463256
34,0.37209302325581395,-2.9589276055692815
34,0.3953488372093023,5.670661290384227
34,0.41860465116279066,1.163262948611044
34,0.4418604651162791,-0.7192270207847374
34,0.46511627906976744,3.550510801579711
34,0.4883720930232558,-3.8091370931004054
35,0.0,-3.108624468950438e-14
35,0.02702702702702703,-2.828448112793388
35,0.05405405405405406,-0.9465411246616147
35,0.08108108108108109,-5.385094789134154
35,0.10810810810810811,1.3876050501760062
35,0.13513513513513514,-2.4914054354252553
35,0.16216216216216217,2.1820536582321024
35,0.1891891891891892,-7.089443248509343
35,0.21621621621621623,-3.346669183326343
35,0.24324324324324326,-4.2701504961724375
35,0.2702702702702703,-2.836816296874877
35,0.2972972972972973,0.7352688063690079
35,0.32432432432432434,3.887029951781245
35,0.35135135135135137,3.9074516137351156
35,0.3783783783783784,-2.6982548835663636
35,0.40540540540540543,-5.003993978793595
35,0.43243243243243246,-2.6026489176573824
35,0.4594594594594595,1.5521380896513743
35,0.4864864864864865,5.804880611364597
36,0.0,5.950795411990839e-14
36,0.00909090909090909,-0.06626657239514122
36,0.01818181818181818,-0.441966129488089
36,0.02727272727272727,-8.767897410975788
36,0.03636363636363636,12.889696532876473
36,0.045454545454545456,-12.013492049375486
36,0.05454545454545454,-5.370375071288427
36,0.06363636363636363,-3.171205696159409
36,0.07272727272727272,2.4824171656952867
36,0.08181818181818182,-5.3185979120201194
36,0.09090909090909091,-3.435775758032797
36,0.09999999999999999,-8.405906286412549
36,0.10909090909090909,1.2000241454656069
36,0.11818181818181818,1.3495745978211668
36,0.12727272727272726,-0.7873991652525575
36,0.13636363636363635,-3.26893248699695
36,0.14545454545454545,4.402883221062009
36,0.15454545454545454,-14.947548956899208
36,0.16363636363636364,1.6345997939982149
36,0.17272727272727273,7.076133099975335
36,0.18181818181818182,1.2455253313138663
36,0.1909090909090909,-0.5255102991210245
36,0.19999999999999998,7.721299184291832
36,0.20909090909090908,-2.2261430003004867
36,0.21818181818181817,-4.585266934133051
36,0.22727272727272727,0.24121174576042925
36,0.23636363636363636,3.390157983280361
36,0.24545454545454545,0.9633270346239506
36,0.2545454545454545,-0.2712169393676602
36,0.2636363636363636,-10.14326879600461
36,0.2727272727272727,-18.07979157276882
36,0.2818181818181818,-1.612561132355156
36,0.2909090909090909,5.38844058960178
36,0.3,-5.451303738252539
36,0.3090909090909091,12.452092387175668
36,0.3181818181818182,-7.105005171900681
36,0.32727272727272727,0.8554512664983158
36,0.33636363636363636,-4.973340168638208
36,0.34545454545454546,2.4026426826671816
36,0.35454545454545455,-12.066601538673766
36,0.36363636363636365,3.5063233437396635
36,0.3727272727272727,-1.9840310299634445
36,0.3818181818181818,-6.2380492002549826
36,0.3909090909090909,-0.18468628469778747
36,0.39999999999999997,11.365997507347576
36,0.40909090909090906,1.740124759387637
36,0.41818181818181815,2.7318129382274963
36,0.42727272727272725,-16.826096959707193
36,0.43636363636363634,8.945846911933604
36,0.44545454545454544,-9.569955299508157
36,0.45454545454545453,8.96155229957392
36,0.4636363636363636,6.103615312510582
36,0.4727272727272727,-1.8910129334369787
36,0.4818181818181818,-7.971963455002378
36,0.4909090909090909,-8.001728512694726
37,0.0,3.774758283725532e-15
37,0.024390243902439025,-2.324979660399624
37,0.04878048780487805,-3.64896888570949
37,0.07317073170731708,-4.034237900339119
37,0.0975609756097561,-1.2403232529443766
37,0.12195121951219512,1.7168640203845646
37,0.14634146341463417,-10.770622961432277
37,0.17073170731707318,2.025364521077808
37,0.1951219512195122,-1.7319147078410382
37,0.21951219512195122,9.99542068794873
37,0.24390243902439024,-0.5363887719541582
37,0.2682926829268293,-10.772543079011445
37,0.29268292682926833,0.846470990141827
37,0.3170731707317073,3.059661127796034
37,0.34146341463414637,-2.739502875601225
37,0.36585365853658536,-3.699459181120134
37,0.3902439024390244,-1.0086002251067725
37,0.41463414634146345,4.918358325544255
37,0.43902439024390244,0.2703135076591697
37,0.4634146341463415,-0.28436179079035306
37,0.4878048780487805,-3.1790166000069093
38,0.0,-3.552713678800501e-15
38,0.025,7.736186498285826
38,0.05,2.36274346743918
38,0.07500000000000001,0.18296773862578508
38,0.1,3.7568114628916685
38,0.125,-7.202318569915462
38,0.15000000000000002,-3.130902365786948
38,0.17500000000000002,-3.3053213927362584
38,0.2,-10.238814291891536
38,0.225,-2.2608935625617983
38,0.25,1.1552501222799605
38,0.275,-5.795379051635304
38,0.30000000000000004,0.009024128500915829
38,0.325,-5.937945005417058
38,0.35000000000000003,3.1107984711223224
38,0.375,0.6671149411002237
38,0.4,0.4921471863201199
38,0.42500000000000004,-11.24042626543455
38,0.45,0.9624628441547366
38,0.47500000000000003,1.3838381528010535
39,0.0,-1.3433698597964394e-14
39,0.011235955056179775,-0.4574232938104479
39,0.02247191011235955,2.4584189145088957
39,0.033707865168539325,0.46009141959353017
39,0.0449438202247191,-6.703936235914124
39,0.056179775280898875,-8.59712111141096
39,0.06741573033707865,2.0498032143198226
39,0.07865168539325842,13.368771510680888
39,0.0898876404494382,-3.7040836832296273
39,0.10112359550561797,5.319709133591629
39,0.11235955056179775,-4.761929864809337
39,0.12359550561797752,2.2649321517393837
39,0.1348314606741573,-3.5056260553627556
39,0.14606741573033707,-4.622766967925818
39,0.15730337078651685,-4.2816913522238655
39,0.16853932584269662,-5.2386090291861445
39,0.1797752808988764,-3.285591723614184
39,0.19101123595505617,5.643186287248588
39,0.20224719101123595,-1.312097206887906
39,0.21348314606741572,-11.756455153625808
39,0.2247191011235955,-8.766084101410737
39,0.23595505617977527,-2.733269587733032
39,0.24719101123595505,7.866965993165598
39,0.2584269662921348,0.08704258410897658
39,0.2696629213483146,-5.486351063498729
39,0.2808988764044944,-7.929327472558915
39,0.29213483146067415,-4.740346166686049
39,0.3033707865168539,-4.353307979983156
39,0.3146067415730337,-6.995445289471456
39,0.3258426966292135,0.004517825759021488
39,0.33707865168539325,12.434957017784942
39,0.348314606741573,-8.934935624282652
39,0.3595505617977528,3.5619189661108672
39,0.3707865168539326,-9.600501506420459
39,0.38202247191011235,2.736611464121379
39,0.3932584269662921,0.664817876312638
39,0.4044943820224719,-3.7803778177688714
39,0.4157303370786517,5.010532869560219
39,0.42696629213483145,6.281585829386839
39,0.4382022471910112,4.05625369479983
39,0.449438202247191,-10.12367252127698
39,0.4606741573033708,2.9663855733247044
39,0.47191011235955055,-3.5463377518761283
39,0.4831460674157303,4.359297177422048
39,0.4943820224719101,-0.2887775234850781
40,0.0,1.7763568394002505e-15
40,0.01818181818181818,6.200792340687494
40,0.03636363636363636,-4.486909307313574
40,0.05454545454545454,-2.627712367010547
40,0.07272727272727272,-12.65930452614052
40,0.09090909090909091,-6.723592120442103
40,0.10909090909090909,0.4959789734410971
40,0.12727272727272726,2.6558635172981573
40,0.14545454545454545,0.8168591793858193
40,0.16363636363636364,3.709696598271309
40,0.18181818181818182,-0.19760790653653126
40,0.19999999999999998,-0.5878763532384756
40,0.21818181818181817,-0.24402364940618648
40,0.23636363636363636,-7.773147812870514
40,0.2545454545454545,-2.406827999379545
40,0.2727272727272727,1.3634373247531464
40,0.2909090909090909,3.5570095173455027
40,0.3090909090909091,5.557885382163215
40,0.32727272727272727,4.332221998981575
40,0.34545454545454546,-10.616255638473394
40,0.36363636363636365,0.710214466686527
40,0.3818181818181818,-4.637256526006927
40,0.39999999999999997,-7.168684397958936
40,0.41818181818181815,1.6291492949916515
40,0.43636363636363634,-2.602152087987631
40,0.45454545454545453,4.114760424991702
40,0.4727272727272727,-11.852360285281177
40,0.4909090909090909,5.1943042078109505
41,0.0,1.687538997430238e-14
41,0.02127659574468085,2.5011982755341045
41,0.0425531914893617,0.7933242311091409
41,0.06382978723404255,-0.7389985170521056
41,0.0851063829787234,-8.872934969784573
41,0.10638297872340426,-5.620123674849141
41,0.1276595744680851,-7.042962495338539
41,0.14893617021276595,-0.18113523069038973
41,0.1702127659574468,0.555047394356994
41,0.19148936170212766,9.058017054838801
41,0.2127659574468085,5.579375080515295
41,0.23404255319148937,-9.29703709694321
41,0.2553191489361702,0.70271106683703
41,0.2765957446808511,3.759921168575569
41,0.2978723404255319,-9.592134808876343
41,0.3191489361702128,0.902965906863795
41,0.3404255319148936,-11.2049624480475
41,0.36170212765957444,-0.3308325568276137
41,0.3829787234042553,-1.4356618278891724
41,0.40425531914893614,10.451172840670946
41,0.425531914893617,-1.5638697482243877
41,0.44680851063829785,-0.35664966305446666
41,0.46808510638297873,5.311590797426108
41,0.48936170212765956,-5.176662258471843
42,0.0,-7.105427357601002e-15
42,0.017857142857142856,-4.880050037815915
42,0.03571428571428571,0.05694297919654723
42,0.05357142857142857,-1.1687462605494225
42,0.07142857142857142,3.4886290024154634
42,0.08928571428571427,9.354433001457828
42,0.10714285714285714,-4.6083796268189605
42,0.125,-7.0034956683618965
42,0.14285714285714285,-2.475183230084884
42,0.1607142857142857,4.502579133827517
42,0.17857142857142855,-6.704453086768149
42,0.19642857142857142,-10.463576402712288
42,0.21428571428571427,-2.9304867660056924
42,0.23214285714285712,3.1715904127221113
42,0.25,-2.4518084405531173
42,0.26785714285714285,-2.964182859936224
42,0.2857142857142857,-5.17989641767881
42,0.30357142857142855,-1.7101064040353693
42,0.3214285714285714,-0.3171011151435654
42,0.33928571428571425,-3.999228642863349
42,0.3571428571428571,-6.447473088935375
42,0.375,-9.596968801007321
42,0.39285714285714285,13.511023196557764
42,0.4107142857142857,0.7821135723021735
42,0.42857142857142855,-0.3373113150896283
42,0.4464285714285714,-6.731142548428243
42,0.46428571428571425,2.2275653833397033
42,0.4821428571428571,8.327379204103389
43,0.0,-4.440892098500626e-15
43,0.009433962264150943,-1.7514469797282244
43,0.018867924528301886,0.4543877760129913
43,0.02830188679245283,6.655436460476872
43,0.03773584905660377,1.8355865331483798
43,0.04716981132075471,-6.130489510862644
43,0.05660377358490566,-4.892154365200811
43,0.0660377358490566,7.185878572443273
43,0.07547169811320754,-4.308005429593142
43,0.08490566037735849,-4.88174318988664
43,0.09433962264150943,4.490538537702694
43,0.10377358490566037,-3.676024025827891
43,0.11320754716981132,0.9552292305851164
43,0.12264150943396226,0.7624649770733667
43,0.1320754716981132,5.78519015753213
43,0.14150943396226415,-10.545243719790065
43,0.1509433962264151,11.99582114614182
43,0.16037735849056603,-0.0005852985672119004
43,0.16981132075471697,-12.298831271504246
43,0.1792452830188679,0.6987615352092611
43,0.18867924528301885,-6.076709473387801
43,0.1981132075471698,1.7563690879902814
43,0.20754716981132074,-3.744280826596519
43,0.21698113207547168,8.320573457900224
43,0.22641509433962265,2.160115778854221
43,0.2358490566037736,-0.12108308695858838
43,0.24528301886792453,-8.254809214454509
43,0.25471698113207547,2.229885186048709
43,0.2641509433962264,-11.998231648594707
43,0.27358490566037735,-5.325048859821255
43,0.2830188679245283,2.940774516090321
43,0.29245283018867924,2.2794293251056086
43,0.3018867924528302,-2.6026198384279278
43,0.3113207547169811,-1.1338071874119229
43,0.32075471698113206,-10.248274782807183
43,0.330188679245283,-6.109927534456011
43,0.33962264150943394,-10.469999680137775
43,0.3490566037735849,-6.067444922852426
43,0.3584905660377358,7.1956543075326
43,0.36792452830188677,-16.086512352889336
43,0.3773584905660377,7.663707631653222
43,0.38679245283018865,-4.284002161708859
43,0.3962264150943396,-12.692937725943088
43,0.40566037735849053,-2.7279373657291246
43,0.4150943396226415,8.525550962404393
43,0.4245283018867924,1.1822285168215696
43,0.43396226415094336,6.632030017289643
43,0.4433962264150943,7.356997106941743
43,0.4528301886792453,-6.822724225885578
43,0.46226415094339623,15.94186619144666
43,0.4716981132075472,2.3397809033148933
43,0.4811320754716981,-14.30978570975041
43,0.49056603773584906,-2.019928102397805
44,0.0,-6.661338147750939e-16
44,0.014492753623188406,7.084812647423481
44,0.028985507246376812,1.4427450372648627
44,0.043478260869565216,2.066438860655813
44,0.057971014492753624,-11.062436723056951
44,0.07246376811594203,1.8048923783161541
44,0.08695652173913043,0.8306054888070835
44,0.10144927536231885,-2.134694211614826
44,0.11594202898550725,1.2298609130322051
44,0.13043478260869565,-11.258958253592617
44,0.14492753623188406,-4.545688267463886
44,0.15942028985507248,-6.053973327209308
44,0.17391304347826086,-3.619479810103085
44,0.18840579710144928,-7.692586491958351
44,0.2028985507246377,-2.0808554745318637
44,0.21739130434782608,5.549183499264512
44,0.2318840579710145,-10.351097574904568
44,0.2463768115942029,1.460393821003203
44,0.2608695652173913,8.819404764886007
44,0.2753623188405797,-1.482980107298471
44,0.2898550724637681,6.00688881252592
44,0.30434782608695654,-2.5993507392613604
44,0.31884057971014496,-10.320862207049629
44,0.3333333333333333,0.4388358893111939
44,0.34782608695652173,-3.8258821176298166
44,0.36231884057971014,3.60439968038332
44,0.37681159420289856,0.06836802027238997
44,0.391304347826087,-0.7106102841157567
44,0.4057971014492754,0.898872172203923
44,0.42028985507246375,-8.068025995240555
44,0.43478260869565216,-0.21672389715721252
44,0.4492753623188406,1.6344596678251686
44,0.463768115942029,4.362728570305933
44,0.4782608695652174,-3.5326092803776055
44,0.4927536231884058,2.244768216777472
45,0.0,-2.6645352591003757e-15
45,0.013333333333333334,-15.608745151542784
45,0.02666666666666667,-9.350443039200343
45,0.04,-0.15287052615520746
45,0.05333333333333334,2.0120963007319332
45,0.06666666666666667,-3.3245304187700864
45,0.08,-3.6665802415077913
45,0.09333333333333334,-0.8002949589073673
45,0.10666666666666667,-1.2825196592735009
45,0.12000000000000001,-5.631476620062957
45,0.13333333333333333,-3.725756078025994
45,0.14666666666666667,0.48080090442626144
45,0.16,9.560474906803236
45,0.17333333333333334,-11.814640785560616
45,0.18666666666666668,-2.6494295642888805
45,0.2,-4.125385046599876
45,0.21333333333333335,-3.450846643329724
45,0.22666666666666668,-1.973569897330172
45,0.24000000000000002,-5.141390603499855
45,0.25333333333333335,-0.11628133564384269
45,0.26666666666666666,3.7228380685617246
45,0.28,14.608020248187493
45,0.29333333333333333,0.7288061118569251
45,0.3066666666666667,4.047143934517382
45,0.32,-6.331017103730936
45,0.33333333333333337,-9.16562085883104
45,0.3466666666666667,3.0943886713931423
45,0.36000000000000004,4.8963790457848075
45,0.37333333333333335,-8.924584897669469
45,0.3866666666666667,8.458265332564203
45,0.4,-8.316161413007121
45,0.4133333333333334,-1.2957834933016144
45,0.4266666666666667,-2.2164816123829523
45,0.44,-3.492046096026937
45,0.45333333333333337,2.7492020406895614
45,0.4666666666666667,4.900960925720234
45,0.48000000000000004,5.388320951517082
45,0.49333333333333335,-8.14958003505373
46,0.0,-3.552713678800501e-15
46,0.011627906976744186,-4.716337823766031
46,0.023255813953488372,4.36788520256208
46,0.03488372093023256,6.588404848307078
46,0.046511627906976744,-2.603835760651643
46,0.05813953488372093,-5.094365009603559
46,0.06976744186046512,-1.3648152835357452
46,0.08139534883720931,-13.782474297138345
46,0.09302325581395349,-4.580216620707006
46,0.10465116279069767,-10.703990092540579
46,0.11627906976744186,0.9213163351041227
46,0.12790697674418605,-0.8785396183219316
46,0.13953488372093023,-0.49025310050449944
46,0.1511627906976744,2.6489704100595834
46,0.16279069767441862,-4.229520425944928
46,0.1744186046511628,6.597952301500226
46,0.18604651162790697,-10.069552490786943
46,0.19767441860465115,-4.7188607176403
46,0.20930232558139533,-11.02793751995111
46,0.22093023255813954,-0.5712236588627952
46,0.23255813953488372,-0.06296566863737924
46,0.2441860465116279,5.374498698681949
46,0.2558139534883721,-0.8321802314491378
46,0.26744186046511625,0.3583034562926772
46,0.27906976744186046,-11.494760680443797
46,0.29069767441860467,3.2099242373979395
46,0.3023255813953488,0.6452804747806806
46,0.313953488372093,1.079366189591016
46,0.32558139534883723,-8.998440864187014
46,0.3372093023255814,3.1153360464667053
46,0.3488372093023256,-2.304051420010668
46,0.36046511627906974,-4.945299474985513
46,0.37209302325581395,1.4738317217960597
46,0.38372093023255816,-3.010309202228566
46,0.3953488372093023,-2.135722622679384
46,0.4069767441860465,2.2593182257988045
46,0.41860465116279066,0.37498935090582997
46,0.43023255813953487,-11.453225998989122
46,0.4418604651162791,3.8396248742696315
46,0.45348837209302323,1.160759717573572
46,0.46511627906976744,-10.089893983261629
46,0.47674418604651164,13.880036827715559
46,0.4883720930232558,8.638801347651908
47,0.0,-1.2434497875801753e-14
47,0.012345679012345678,1.3288398016622334
47,0.024691358024691357,-2.1794482506404242
47,0.037037037037037035,-9.241825236220073
47,0.04938271604938271,-7.301843306882506
47,0.06172839506172839,-2.4492899151445378
47,0.07407407407407407,-6.770779650221305
47,0.08641975308641975,-2.0270469394605186
47,0.09876543209876543,-5.231949451806885
47,0.1111111111111111,2.5575569672556444
47,0.12345679012345678,5.599022754884792
47,0.13580246913580246,-0.7809244794101837
47,0.14814814814814814,3.5636518274073223
47,0.16049382716049382,-17.137310915126186
47,0.1728395061728395,4.450643357122098
47,0.18518518518518517,5.8539382021617
47,0.19753086419753085,-0.08364128237685708
47,0.20987654320987653,9.343909165594336
47,0.2222222222222222,-2.186916876804143
47,0.2345679012345679,-5.788110519207413
47,0.24691358024691357,-7.798912456255441
47,0.25925925925925924,-0.7364774267757417
47,0.2716049382716049,-5.065862104042871
47,0.2839506172839506,-2.4778229563743137
47,0.2962962962962963,-9.422578162539695
47,0.30864197530864196,-1.1844568014135792
47,0.32098765432098764,-1.2493116241074746
47,0.3333333333333333,7.232144413146651
47,0.345679012345679,7.898313908096543
47,0.35802469135802467,1.3919047246841083
47,0.37037037037037035,-10.420424444085318
47,0.38271604938271603,1.5207371201571906
47,0.3950617283950617,1.1300437382464916
47,0.4074074074074074,6.88227538972722
47,0.41975308641975306,2.1135921324100613
47,0.43209876543209874,5.443781150244773
47,0.4444444444444444,4.444752910772149
47,0.4567901234567901,0.6036363735539743
47,0.4691358024691358,-8.836540805980885
47,0.48148148148148145,-10.481501723583563
47,0.49382716049382713,2.359871364728434
48,0.0,3.1086244689504383e-15
48,0.02040816326530612,-6.775651150146473
48,0.04081632653061224,10.19704327866307
48,0.061224489795918366,-0.7257402778332642
48,0.08163265306122448,-1.4054841013291006
48,0.1020408163265306,-1.6180744249144894
48,0.12244897959183673,1.3396757489318665
48,0.14285714285714285,-5.594073190185655
48,0.16326530612244897,-12.737844683417606
48,0.18367346938775508,-7.3740155293460266
48,0.2040816326530612,-0.6461860776766392
48,0.22448979591836732,-5.011069279551378
48,0.24489795918367346,2.3643456480282836
48,0.26530612244897955,0.3936233689747817
48,0.2857142857142857,-12.556650885654578
48,0.3061224489795918,4.9322906014808865
48,0.32653061224489793,1.8275511331969296
48,0.3469387755102041,-6.665847045848623
48,0.36734693877551017,0.9014280801281538
48,0.3877551020408163,5.742965463393878
48,0.4081632653061224,2.66791040542353
48,0.42857142857142855,0.2064987091969338
48,0.44897959183673464,4.548538172507284
48,0.4693877551020408,-3.6738519838171406
48,0.4897959183673469,-4.080809282270477
49,0.0,-9.769962616701378e-15
49,0.015151515151515152,3.529128223872851
49,0.030303030303030304,-9.65576384307624
49,0.045454545454545456,3.6470960724579564
49,0.06060606060606061,-4.072471530002331
49,0.07575757575757576,-0.9445039363400414
49,0.09090909090909091,1.3799091183094012
49,0.10606060606060606,-8.407009315919737
49,0.12121212121212122,-4.057515054533059
49,0.13636363636363635,-1.0784560285285605
49,0.15151515151515152,2.08823572138724
49,0.16666666666666669,-3.3065151313190757
49,0.18181818181818182,-8.317554569685704
49,0.19696969696969696,-3.732007421280886
49,0.21212121212121213,1.4561969434090933
49,0.2272727272727273,10.308677106834224
49,0.24242424242424243,-1.9390785000508104
49,0.25757575757575757,6.995276067284534
49,0.2727272727272727,-7.292550222409031
49,0.2878787878787879,-0.1760227428872878
49,0.30303030303030304,-7.180210773159998
49,0.3181818181818182,-1.492279967936021
49,0.33333333333333337,-9.070867171164238
49,0.3484848484848485,-2.6561964255558204
49,0.36363636363636365,-3.2246207519478314
49,0.3787878787878788,0.6656468978838104
49,0.3939393939393939,-5.0200658260173325
49,0.4090909090909091,-5.115539691184192
49,0.42424242424242425,-1.6200045076362055
49,0.4393939393939394,3.0158717412620826
49,0.4545454545454546,5.928076878965972
49,0.4696969696969697,-0.620737800218147
49,0.48484848484848486,6.47444048314604
50,0.0,5.995204332975845e-15
50,0.01639344262295082,8.439396559629534
50,0.03278688524590164,-8.161792536903487
50,0.04918032786885246,-0.7308467422802698
50,0.06557377049180328,0.5317807052835608
50,0.0819672131147541,-6.272774242012586
50,0.09836065573770492,-3.7356747438100353
50,0.11475409836065574,9.488295592878348
50,0.13114754098360656,-2.9358681356937035
50,0.14754098360655737,-6.125041118540712
50,0.1639344262295082,-7.079213760462734
50,0.18032786885245902,-3.9684810393949888
50,0.19672131147540983,-4.30693603004393
50,0.21311475409836067,-9.280823619632342
50,0.22950819672131148,9.772075782297104
50,0.24590163934426232,-4.802728722434833
50,0.26229508196721313,7.898705012947574
50,0.27868852459016397,-2.2020016545773378
50,0.29508196721311475,-1.4365797191176464
50,0.3114754098360656,-3.9620187665023634
50,0.3278688524590164,9.769509696057082
50,0.3442622950819672,6.455545948559909
50,0.36065573770491804,5.040749781658196
50,0.3770491803278689,-2.678617686111007
50,0.39344262295081966,-4.696223449304061
50,0.4098360655737705,-9.250415687934955
50,0.42622950819672134,-2.2406541874127153
50,0.4426229508196722,-8.442158360532712
50,0.45901639344262296,0.2549163668587166
50,0.4754098360655738,1.7250800269381417
50,0.49180327868852464,-5.919433730781598
51,0.0,1.2434497875801753e-14
51,0.019230769230769232,-3.1662013562343274
51,0.038461538461538464,-1.2289175158315597
51,0.057692307692307696,-9.386193468671404
51,0.07692307692307693,9.588851171265379
51,0.09615384615384616,0.44393166788318683
51,0.11538461538461539,-1.410800088616929
51,0.13461538461538464,-2.826870150202247
51,0.15384615384615385,-3.778149933132355
51,0.17307692307692307,2.9147021497647945
51,0.19230769230769232,-8.108537210424585
51,0.21153846153846156,0.9366154883385822
51,0.23076923076923078,0.6919398604590432
51,0.25,-3.1507020762566116
51,0.2692307692307693,-1.4742098264987136
51,0.2884615384615385,-7.3241899166683275
51,0.3076923076923077,-0.6514815830838305
51,0.3269230769230769,-6.511940828566276
51,0.34615384615384615,4.839839469890352
51,0.3653846153846154,1.283202466207992
51,0.38461538461538464,3.5221251741434516
51,0.40384615384615385,-2.045818092326652
51,0.42307692307692313,-2.8679168573185763
51,0.44230769230769235,-7.945820484772024
51,0.46153846153846156,-1.7512459519437238
51,0.4807692307692308,7.160324271396434
52,0.0,-8.881784197001252e-15
52,0.015625,0.10355893336966782
52,0.03125,2.7661269494735707
52,0.046875,-1.7874998042047383
52,0.0625,-1.1080225391630678
52,0.078125,-0.2542315686248582
52,0.09375,-3.037354491181541
52,0.109375,7.98233364164523
52,0.125,-4.075957409346103
52,0.140625,-3.2097406659852417
52,0.15625,2.4472214584459144
52,0.171875,6.105657546358888
52,0.1875,-2.39289878941036
52,0.203125,-2.6311002128012544
52,0.21875,2.320091640105635
52,0.234375,-10.565715735569828
52,0.25,-4.322353419417185
52,0.265625,1.9582072924493454
52,0.28125,-7.1177329001789795
52,0.296875,2.9197463269692956
52,0.3125,0.9626073352991695
52,0.328125,-7.371489237734089
52,0.34375,-1.7707992650514819
52,0.359375,2.6830068546492547
52,0.375,-12.276956264547096
52,0.390625,2.9273088194097454
52,0.40625,2.479674248576775
52,0.421875,6.509599502386564
52,0.4375,-2.914851296184086
52,0.453125,-2.4450725123741655
52,0.46875,0.15148681971447786
52,0.484375,-3.3531431762050197
53,0.0,9.547918011776346e-15
53,0.015151515151515152,5.487503634890745
53,0.030303030303030304,-1.4840776666343507
53,0.045454545454545456,-2.193604823550606
53,0.06060606060606061,1.709587426092233
53,0.07575757575757576,-0.1391797239977095
53,0.09090909090909091,-0.5698966354851294
53,0.10606060606060606,-9.941888762148162
53,0.12121212121212122,-6.935755250799857
53,0.13636363636363635,0.014591111353118524
53,0.15151515151515152,1.9524588531786828
53,0.16666666666666669,-11.260359739045477
53,0.18181818181818182,5.2957393098629915
53,0.19696969696969696,0.404237016729581
53,0.21212121212121213,-6.108958001235699
53,0.2272727272727273,4.845010968482866
53,0.24242424242424243,-5.1204052356904555
53,0.25757575757575757,-7.18643397332238
53,0.2727272727272727,-3.8112255242392816
53,0.2878787878787879,-5.0694908394310385
53,0.30303030303030304,3.1205089519129117
53,0.3181818181818182,-10.789860390114143
53,0.33333333333333337,2.8600350801560275
53,0.3484848484848485,-9.58271845524932
53,0.36363636363636365,3.331987034785056
53,0.3787878787878788,-1.66519712423242
53,0.3939393939393939,-5.445535497906272
53,0.4090909090909091,14.314814889455484
53,0.42424242424242425,3.3351318587892846
53,0.4393939393939394,5.5913061809033575
53,0.4545454545454546,-1.8949451873232184
53,0.4696969696969697,3.10048324908629
53,0.48484848484848486,-2.082709239926257
54,0.0,-2.3092638912203256e-14
54,0.016666666666666666,4.64447096074303
54,0.03333333333333333,1.6031497627073392
54,0.05,0.4223168508654538
54,0.06666666666666667,-3.4486181637621742
54,0.08333333333333333,-1.3088881627007296
54,0.1,-4.462565578322796
54,0.11666666666666667,-5.159769310734165
54,0.13333333333333333,2.3369181372671006
54,0.15,-13.271440863076158
54,0.16666666666666666,-4.719016274294666
54,0.18333333333333332,-9.121805694580893
54,0.2,-3.549648401992645
54,0.21666666666666667,10.558037699686853
54,0.23333333333333334,-5.225483147755986
54,0.25,6.7682739444559665
54,0.26666666666666666,-6.340443103024596
54,0.2833333333333333,-6.426608701281238
54,0.3,-5.180893657811133
54,0.31666666666666665,4.444129635134686
54,0.3333333333333333,-1.817224711924163
54,0.35,2.9689506670823107
54,0.36666666666666664,1.1972364010662186
54,0.3833333333333333,1.4404389842405774
54,0.4,-0.010303463916580213
54,0.4166666666666667,1.1255676729043744
54,0.43333333333333335,-9.015582990184608
54,0.45,1.9778481714627516
54,0.4666666666666667,-5.7984858911907935
54,0.48333333333333334,-5.081929661464114
55,0.0,-4.1744385725905886e-14
55,0.014285714285714285,-6.523814737289193
55,0.02857142857142857,-9.39923387542926
55,0.04285714285714286,-2.606365280808317
55,0.05714285714285714,2.502638664907586
55,0.07142857142857142,3.702501829759211
55,0.08571428571428572,-1.437067346388055
55,0.09999999999999999,0.0968363371968699
55,0.11428571428571428,-1.6713895152698912
55,0.12857142857142856,1.5333849374945556
55,0.14285714285714285,-4.2026818708313645
55,0.15714285714285714,-2.0369379888192576
55,0.17142857142857143,-2.7807762768720448
55,0.18571428571428572,3.2564057127259654
55,0.19999999999999998,-5.603463371816485
55,0.21428571428571427,-0.8212289302008031
55,0.22857142857142856,-7.175534061539686
55,0.24285714285714285,-7.1224298635947525
55,0.2571428571428571,2.7049840634028035
55,0.2714285714285714,-2.389417574106723
55,0.2857142857142857,3.2296312574526205
55,0.3,1.1042874364660409
55,0.3142857142857143,1.7538261065638343
55,0.32857142857142857,-13.813553113559925
55,0.34285714285714286,5.806674271052888
55,0.35714285714285715,-2.1799567548476766
55,0.37142857142857144,0.005401254249400189
55,0.3857142857142857,-6.766192984494666
55,0.39999999999999997,-3.022925440307489
55,0.41428571428571426,8.914753253188497
55,0.42857142857142855,1.131023266414871
55,0.44285714285714284,7.312319832914804
55,0.45714285714285713,1.8538162860378713
55,0.4714285714285714,-12.035029580978833
55,0.4857142857142857,7.942151173573519
56,0.0,-1.2212453270876722e-14
56,0.017543859649122806,-7.555220527082574
56,0.03508771929824561,-3.6875341644437456
56,0.05263157894736842,4.428307163402222
56,0.07017543859649122,-1.3940447173111055
56,0.08771929824561403,-0.051075786007150015
56,0.10526315789473684,7.068725468797092
56,0.12280701754385964,6.720891368041648
56,0.14035087719298245,-8.711126922548722
56,0.15789473684210525,-1.0321648249492217
56,0.17543859649122806,-0.6835512128952221
56,0.19298245614035087,-7.8355509018016765
56,0.21052631578947367,8.082433595005405
56,0.22807017543859648,-1.2354044011709577
56,0.24561403508771928,1.341477850463959
56,0.2631578947368421,-4.049342280896748
56,0.2807017543859649,-5.045204714242309
56,0.2982456140350877,-7.127567631794923
56,0.3157894736842105,9.376264466027294
56,0.3333333333333333,-1.6959047709159987
56,0.3508771929824561,-6.432509417193527
56,0.3684210526315789,1.7728061424667505
56,0.38596491228070173,-7.508152429838822
56,0.40350877192982454,0.5203523377256358
56,0.42105263157894735,6.003604863383534
56,0.43859649122807015,-11.15566390204793
56,0.45614035087719296,1.6551561588057235
56,0.47368421052631576,1.8632138414574402
56,0.49122807017543857,0.01638482143564801
57,0.0,3.907985046680551e-14
57,0.011627906976744186,-8.03858988670645
57,0.023255813953488372,-5.745230333405276
57,0.03488372093023256,-16.19218767909568
57,0.046511627906976744,0.48841184127270054
57,0.05813953488372093,5.847665932654607
57,0.06976744186046512,7.530536166694938
57,0.08139534883720931,-9.392487321938496
57,0.09302325581395349,4.839579971812245
57,0.10465116279069767,-0.13158515689576622
57,0.11627906976744186,-10.6243314695088
57,0.12790697674418605,1.3130683814141073
57,0.13953488372093023,-3.8027146195945423
57,0.1511627906976744,-9.349344904597494
57,0.16279069767441862,7.273710836033036
57,0.1744186046511628,5.851661168833127
57,0.18604651162790697,1.0612205585111394
57,0.19767441860465115,-5.768166935669165
57,0.20930232558139533,4.698524848232283
57,0.22093023255813954,1.8420012905002463
57,0.23255813953488372,0.9882201861203717
57,0.2441860465116279,-6.544960485731314
57,0.2558139534883721,-0.6266090110035063
57,0.26744186046511625,-10.60272333998816
57,0.27906976744186046,0.28102882795537665
57,0.29069767441860467,-3.8072152818055
57,0.3023255813953488,-5.134790185405358
57,0.313953488372093,4.83318016320447
57,0.32558139534883723,2.776031085816124
57,0.3372093023255814,-14.454199638537247
57,0.3488372093023256,0.15366334809401483
57,0.36046511627906974,-2.481753126069742
57,0.37209302325581395,6.678390577771065
57,0.38372093023255816,8.7116947795883
57,0.3953488372093023,3.787048777287046
57,0.4069767441860465,7.085931721615605
57,0.41860465116279066,-6.277661804331119
57,0.43023255813953487,-3.8396700649130824
57,0.4418604651162791,-4.184778150907524
57,0.45348837209302323,3.7047307815598947
57,0.46511627906976744,-4.8170234250451065
57,0.47674418604651164,-4.419015465014299
57,0.4883720930232558,2.41254261391932
58,0.0,-2.6645352591003757e-14
58,0.010638297872340425,8.025872850532773
58,0.02127659574468085,-2.472293715450059
58,0.031914893617021274,3.831799526372846
58,0.0425531914893617,3.991132232827452
58,0.05319148936170213,-3.032059754041347
58,0.06382978723404255,-3.1568833218122467
58,0.07446808510638298,-3.2284549585544675
58,0.0851063829787234,9.331179600169943
58,0.09574468085106383,-1.7812274638486851
58,0.10638297872340426,2.790741450155583
58,0.11702127659574468,10.088192022864835
58,0.1276595744680851,-4.267963903721014
58,0.13829787234042554,-0.8275354263191899
58,0.14893617021276595,2.9780364662891303
58,0.1595744680851064,-11.552257625371233
58,0.1702127659574468,-3.8991714387171346
58,0.18085106382978722,-8.44570595233608
58,0.19148936170212766,-2.3930654794430493
58,0.20212765957446807,-0.2554348961728521
58,0.2127659574468085,-1.2903993087149765
58,0.22340425531914893,-2.7113096520615505
58,0.23404255319148937,4.6317643878688415
58,0.24468085106382978,-3.367298727392189
58,0.2553191489361702,6.382598196977828
58,0.26595744680851063,6.544341899426236
58,0.2765957446808511,1.4590772045515166
58,0.28723404255319146,-2.155342826423311
58,0.2978723404255319,-8.098762381081746
58,0.30851063829787234,-5.799566424981311
58,0.3191489361702128,6.679069759426011
58,0.32978723404255317,-2.1159900959274633
58,0.3404255319148936,2.878196718545227
58,0.35106382978723405,-6.563215221679434
58,0.36170212765957444,-9.05108291328212
58,0.3723404255319149,-3.9082850613293245
58,0.3829787234042553,7.0759872178066665
58,0.39361702127659576,-1.750511885267358
58,0.40425531914893614,4.5194815161761
58,0.4148936170212766,-5.726872248076598
58,0.425531914893617,6.477164846628993
58,0.4361702127659574,-14.44421764832608
58,0.44680851063829785,-5.72347798315656
58,0.4574468085106383,-12.477054676266958
58,0.46808510638297873,-9.981750886212172
58,0.4787234042553191,-4.367836266942634
58,0.48936170212765956,0.8970997394727807
59,0.0,-1.7763568394002505e-14
59,0.015625,4.585329903694285
59,0.03125,-1.1133771558250807
59,0.046875,-0.408898195038365
59,0.0625,2.3916842184177316
59,0.078125,-6.0695295187269345
59,0.09375,-4.935609829501045
59,0.109375,-3.758475767698543
59,0.125,1.0508610340589823
59,0.140625,-1.370450826153844
59,0.15625,-4.407936838408891
59,0.171875,-5.470265441279482
59,0.1875,-7.652475884949414
59,0.203125,-5.5033807533247225
59,0.21875,-3.14840782778335
59,0.234375,5.020958561591719
59,0.25,-4.248529611223514
59,0.265625,10.369892015121534
59,0.28125,2.476496307264669
59,0.296875,-1.2523030057702416
59,0.3125,8.499935386039233
59,0.328125,-11.15398306345311
59,0.34375,1.9162895820521975
59,0.359375,-8.053779308267924
59,0.375,-3.082933852169396
59,0.390625,-1.8364381835679198
59,0.40625,-13.301493142938517
59,0.421875,1.2917361154989586
59,0.4375,-1.5995956194499952
59,0.453125,-1.6273926159851084
59,0.46875,1.829757674333607
59,0.484375,9.47672360541964
60,0.0,-1.0658141036401503e-14
60,0.014705882352941176,-2.577859107683844
60,0.029411764705882353,-3.1819803902945103
60,0.044117647058823525,-3.608310848219067
60,0.058823529411764705,-5.661346355340006
60,0.07352941176470588,7.21362976667694
60,0.08823529411764705,2.83537264879714
60,0.10294117647058823,-5.371986764597962
60,0.11764705882352941,-3.891744236598996
60,0.1323529411764706,-4.3957401877444315
60,0.14705882352941177,-0.31375588845662317
60,0.16176470588235295,-5.152853417698288
60,0.1764705882352941,-3.74135657247197
60,0.19117647058823528,3.5300589724664277
60,0.20588235294117646,-0.4364554011281019
60,0.22058823529411764,1.705759012259548
60,0.23529411764705882,4.989252625609522
60,0.25,-2.031274431315671
60,0.2647058823529412,-8.387904275299125
60,0.27941176470588236,-8.172092044338628
60,0.29411764705882354,-6.098313005489434
60,0.3088235294117647,-0.08553153996949536
60,0.3235294117647059,-8.484750587853414
60,0.3382352941176471,7.850471623487981
60,0.3529411764705882,-4.058220549185425
60,0.3676470588235294,-4.550406531748257
60,0.38235294117647056,4.372666103537481
60,0.39705882352941174,-3.6322467165150707
60,0.4117647058823529,2.94794434785687
60,0.4264705882352941,-11.163928548460591
60,0.4411764705882353,2.4135660694578154
60,0.45588235294117646,-6.275438957058015
60,0.47058823529411764,5.293875761244756
60,0.4852941176470588,4.489903092577924
61,0.0,-1.5987211554602254e-14
61,0.022222222222222223,-0.5955601571128042
61,0.044444444444444446,-8.40952571337708
61,0.06666666666666667,1.6256216212580135
61,0.08888888888888889,-2.689801559280143
61,0.11111111111111112,-4.875465845010974
61,0.13333333333333333,7.303046287009078
61,0.15555555555555556,-2.2642145778060145
61,0.17777777777777778,2.715072443572106
61,0.2,-6.3753509265368375
61,0.22222222222222224,-4.4593801030051425
61,0.24444444444444446,0.652636870045501
61,0.26666666666666666,0.504350048296387
61,0.2888888888888889,-1.2618797500797152
61,0.3111111111111111,-3.8110340918472394
61,0.33333333333333337,-6.98100232271646
61,0.35555555555555557,7.151474089239142
61,0.37777777777777777,1.0370643196174365
61,0.4,3.97357454572162
61,0.4222222222222222,-0.2669069720918095
61,0.4444444444444445,-13.418324475969545
61,0.4666666666666667,3.931928414728651
61,0.48888888888888893,2.612638610910667
62,0.0,-4.440892098500626e-15
62,0.012345679012345678,0.27845481122125726
62,0.024691358024691357,-1.8355096602833152
62,0.037037037037037035,-0.9171475469944612
62,0.04938271604938271,9.299853519454222
62,0.06172839506172839,-7.735924587148915
62,0.07407407407407407,-8.862019299404567
62,0.08641975308641975,-3.9112655088758173
62,0.09876543209876543,5.860329268497244
62,0.1111111111111111,-12.04583444804252
62,0.12345679012345678,-3.140299911231585
62,0.13580246913580246,6.815075894470157
62,0.14814814814814814,-6.218971009254306
62,0.16049382716049382,10.66010412140965
62,0.1728395061728395,-4.653839097159993
62,0.18518518518518517,-0.5268971098817881
62,0.19753086419753085,3.652082973580048
62,0.20987654320987653,-1.7418978340464517
62,0.2222222222222222,-1.1236297507983557
62,0.2345679012345679,5.27297090348385
62,0.24691358024691357,1.6702336100930304
62,0.25925925925925924,-2.806479865353447
62,0.2716049382716049,-1.8919318235439904
62,0.2839506172839506,7.357302303967451
62,0.2962962962962963,17.987617231665006
62,0.30864197530864196,-3.2936942570285175
62,0.32098765432098764,-12.535707580385225
62,0.3333333333333333,5.4902572027717005
62,0.345679012345679,-12.53305005239179
62,0.35802469135802467,-4.783795874915489
62,0.37037037037037035,-5.615709139661105
62,0.38271604938271603,-8.374856350755115
62,0.3950617283950617,7.854476206428693
62,0.4074074074074074,-5.178188384861571
62,0.41975308641975306,5.778208081341999
62,0.43209876543209874,-4.1958451767999065
62,0.4444444444444444,3.579059236660663
62,0.4567901234567901,-3.4175574241458944
62,0.4691358024691358,-8.868605731017238
62,0.48148148148148145,-6.483461994734863
62,0.49382716049382713,-3.2308238138394856
63,0.0,7.105427357601002e-15
63,0.011627906976744186,3.42052385184675
63,0.023255813953488372,6.10817208589855
63,0.03488372093023256,-4.357523779082079
63,0.046511627906976744,-10.652032151457108
63,0.05813953488372093,1.7353722809548515
63,0.06976744186046512,-7.981498510885476
63,0.08139534883720931,-4.098487218605131
63,0.09302325581395349,3.425582922969368
63,0.10465116279069767,2.3308886831687046
63,0.11627906976744186,-1.9481921141818057
63,0.12790697674418605,2.1144561740481524
63,0.13953488372093023,-10.108489842211785
63,0.1511627906976744,4.543356003801718
63,0.16279069767441862,-6.934428655525085
63,0.1744186046511628,1.048355109945482
63,0.18604651162790697,-4.845630867257204
63,0.19767441860465115,-8.644201757407949
63,0.20930232558139533,3.085415335760831
63,0.22093023255813954,-2.622022464578147
63,0.23255813953488372,-5.141777765451347
63,0.2441860465116279,-5.654863271715291
63,0.2558139534883721,-12.407409028396506
63,0.26744186046511625,7.384448982440188
63,0.27906976744186046,4.131827690770811
63,0.29069767441860467,3.7583785978193003
63,0.3023255813953488,-4.036256650998122
63,0.313953488372093,6.051627610773568
63,0.32558139534883723,2.3621475944759336
63,0.3372093023255814,-8.642863378954688
63,0.3488372093023256,-15.322871621774354
63,0.36046511627906974,12.323655427692202
63,0.37209302325581395,-6.754268796527233
63,0.38372093023255816,-5.939130256024013
63,0.3953488372093023,8.91642491379254
63,0.4069767441860465,3.4212584863763746
63,0.41860465116279066,0.15477311975269403
63,0.43023255813953487,-1.7397084144298844
63,0.4418604651162791,2.080877449156435
63,0.45348837209302323,-0.7337474975134146
63,0.46511627906976744,15.668494879375217
63,0.47674418604651164,2.980259888209885
63,0.4883720930232558,-10.060104714641778
64,0.0,-2.842170943040401e-14
64,0.01,-5.621590194282173
64,0.02,-7.378994769125098
64,0.03,-1.0464471614615847
64,0.04,-1.428118094168096
64,0.05,2.1121586551104343
64,0.06,0.04235635883029598
64,0.07,4.895369012469127
64,0.08,3.362901991136353
64,0.09,-2.3163844073875657
64,0.1,1.7721248265483505
64,0.11,-1.1668831386956149
64,0.12,0.05705649289220105
64,0.13,-11.950239604723933
64,0.14,-0.7309349841819399
64,0.15,-1.4705245002008431
64,0.16,0.1902314106507217
64,0.17,-10.04607314415422
64,0.18,-4.928776796700133
64,0.19,1.5538673832967629
64,0.2,11.915535633899555
64,0.21,-6.88100275538253
64,0.22,3.655012028133857
64,0.23,-11.25276180092877
64,0.24,-7.904876754377396
64,0.25,7.42105151245776
64,0.26,4.9590114517005155
64,0.27,-14.98649453702421
64,0.28,13.97223178940678
64,0.29,-18.111060224181983
64,0.3,-6.220117054596481
64,0.31,5.511701668151341
64,0.32,-12.361972265204985
64,0.33,-4.225706429444813
64,0.34,-4.476698672544423
64,0.35000000000000003,-8.82397963180131
64,0.36,2.0089293039587393
64,0.37,6.257170902110276
64,0.38,10.103660986119353
64,0.39,-2.345195507403394
64,0.4,15.392385342241258
64,0.41000000000000003,-3.9279809871970732
64,0.42,2.7714333076615323
64,0.43,-8.40618987929478
64,0.44,-8.923536784631466
64,0.45,-1.1284868161270551
64,0.46,-9.99552165701574
64,0.47000000000000003,0.1830616741470874
64,0.48,7.770139093019335
64,0.49,0.9597345020587733
65,0.0,-3.1086244689504383e-15
65,0.02040816326530612,0.963829662936978
65,0.04081632653061224,-5.946705743248305
65,0.061224489795918366,2.8043193526744252
65,0.08163265306122448,6.996396881483241
65,0.1020408163265306,-6.655390884995187
65,0.12244897959183673,-2.385125677725418
65,0.14285714285714285,-0.5041910283199682
65,0.16326530612244897,1.9735225980700555
65,0.18367346938775508,2.421388670858548
65,0.2040816326530612,-4.4105074072101225
65,0.22448979591836732,-1.5298640220956918
65,0.24489795918367346,-2.0640128162442
65,0.26530612244897955,1.5811784736571164
65,0.2857142857142857,-9.209265398843822
65,0.3061224489795918,-3.7867999120538247
65,0.32653061224489793,-8.07639013674936
65,0.3469387755102041,4.661349304595824
65,0.36734693877551017,-7.5235035057803366
65,0.3877551020408163,-2.3719424475286726
65,0.4081632653061224,7.932079325171822
65,0.42857142857142855,1.6299202438403277
65,0.44897959183673464,-3.894985828267226
65,0.4693877551020408,1.5562324406358747
65,0.4897959183673469,-1.317035162477021
66,0.0,2.4868995751603507e-14
66,0.01020408163265306,2.9817378904140472
66,0.02040816326530612,-5.110086291251227
66,0.030612244897959183,5.288656175689641
66,0.04081632653061224,0.8410323318291892
66,0.0510204081632653,-1.8637782085780508
66,0.061224489795918366,3.130759117106706
66,0.07142857142857142,-6.27978456333601
66,0.08163265306122448,-10.766989359659847
66,0.09183673469387754,-7.389596043630606
66,0.1020408163265306,-6.081268583870983
66,0.11224489795918366,-6.40069464350035
66,0.12244897959183673,-0.25694644974696246
66,0.13265306122448978,-4.3794295729437875
66,0.14285714285714285,-13.75257590377377
66,0.1530612244897959,-9.015350608327577
66,0.16326530612244897,-2.0886379372254584
66,0.17346938775510204,-6.811952691332345
66,0.18367346938775508,4.801170451226155
66,0.19387755102040816,10.309336833700842
66,0.2040816326530612,-5.6980919501280445
66,0.21428571428571427,-9.728843162809532
66,0.22448979591836732,6.178101679262991
66,0.2346938775510204,3.634997887977823
66,0.24489795918367346,-7.2497034361093995
66,0.25510204081632654,0.2010491287338696
66,0.26530612244897955,-4.302789252828488
66,0.2755102040816326,10.048626870505924
66,0.2857142857142857,-6.372699472761815
66,0.29591836734693877,-8.374544952735029
66,0.3061224489795918,4.0911800417990865
66,0.31632653061224486,-4.968718651655101
66,0.32653061224489793,2.5218889594945635
66,0.336734693877551,17.155453805502006
66,0.3469387755102041,1.671732095389725
66,0.3571428571428571,-5.038096864270094
66,0.36734693877551017,-12.088012267682583
66,0.37755102040816324,-11.353778628095284
66,0.3877551020408163,-2.638285067966416
66,0.39795918367346933,9.840861211543213
66,0.4081632653061224,-7.650266447041634
66,0.4183673469387755,11.611471378347128
66,0.42857142857142855,0.31171585147072234
66,0.4387755102040816,-3.033617859411552
66,0.44897959183673464,-9.43781391316256
66,0.4591836734693877,0.7434979323451638
66,0.4693877551020408,12.23848919004709
66,0.47959183673469385,2.7883374663617677
66,0.4897959183673469,-15.05964177142645
67,0.0,-4.263256414560601e-14
67,0.014705882352941176,6.284790904214905
67,0.029411764705882353,-1.0110633234501671
67,0.044117647058823525,1.1358133588544685
67,0.058823529411764705,-2.536634996280023
67,0.07352941176470588,1.2340667102080476
67,0.08823529411764705,0.12098484130535403
67,0.10294117647058823,1.3221438433476909
67,0.11764705882352941,-5.132886472987964
67,0.1323529411764706,-3.6175438894720244
67,0.14705882352941177,-10.971638044277839
67,0.16176470588235295,-8.384915914365362
67,0.1764705882352941,-0.2509021019120423
67,0.19117647058823528,-0.31138247447920975
67,0.20588235294117646,3.742219131231417
67,0.22058823529411764,-9.136156955558874
67,0.23529411764705882,-7.74124092063683
67,0.25,-0.009013347313664433
67,0.2647058823529412,-4.29031456281988
67,0.27941176470588236,3.3671536310921093
67,0.29411764705882354,-5.048809017929921
67,0.3088235294117647,9.822509449853019
67,0.3235294117647059,4.408291936914728
67,0.3382352941176471,-2.720680678626344
67,0.3529411764705882,-3.121685111309261
67,0.3676470588235294,2.5490999113000106
67,0.38235294117647056,-4.130365027285984
67,0.39705882352941174,-2.440801041877693
67,0.4117647058823529,3.755151406160973
67,0.4264705882352941,-3.025069598382574
67,0.4411764705882353,-8.713837420844085
67,0.45588235294117646,11.551825649371393
67,0.47058823529411764,5.507333663932461
67,0.4852941176470588,-3.8111020828199726
68,0.0,-2.2648549702353193e-14
68,0.018867924528301886,-0.1418566232141032
68,0.03773584905660377,-3.745820450752409
68,0.05660377358490566,5.417697981918977
68,0.07547169811320754,-7.0226897666544845
68,0.09433962264150943,-2.654681967485785
68,0.11320754716981132,3.820495674067053
68,0.1320754716981132,-4.362870576475689
68,0.1509433962264151,-2.5656001695169532
68,0.16981132075471697,-6.495039114177911
68,0.18867924528301885,11.360523013077515
68,0.20754716981132074,2.5512289915416604
68,0.22641509433962265,3.6430220524790276
68,0.24528301886792453,-6.905215564690936
68,0.2641509433962264,2.6174154792664437
68,0.2830188679245283,-3.447162671673377
68,0.3018867924528302,1.1232294988956122
68,0.32075471698113206,-5.504971065125012
68,0.33962264150943394,-8.941136936206448
68,0.3584905660377358,-5.494883843229333
68,0.3773584905660377,4.044848802778139
68,0.3962264150943396,-6.518905758798705
68,0.4150943396226415,4.626394365245856
68,0.43396226415094336,-2.8425622321109403
68,0.4528301886792453,-5.051881891958367
68,0.4716981132075472,5.197126344198071
68,0.49056603773584906,-1.7558873659837329
69,0.0,5.329070518200751e-15
69,0.015873015873015872,3.7695068639688407
69,0.031746031746031744,-7.914513460330895
69,0.047619047619047616,-1.4940618670949388
69,0.06349206349206349,-3.3457666646876887
69,0.07936507936507936,1.3617621522178522
69,0.09523809523809523,-5.607842280797804
69,0.1111111111111111,0.4474596755342697
69,0.12698412698412698,0.03188577508321411
69,0.14285714285714285,-7.944383481593728
69,0.15873015873015872,0.6333055324479013
69,0.1746031746031746,-0.7477791310940951
69,0.19047619047619047,-2.642135755826951
69,0.20634920634920634,-2.7813380436902966
69,0.2222222222222222,-0.3695848817332026
69,0.23809523809523808,-2.9056318254875015
69,0.25396825396825395,-0.8371765481005999
69,0.2698412698412698,-3.298170313927476
69,0.2857142857142857,-5.009669770766396
69,0.30158730158730157,-1.6414219352836152
69,0.31746031746031744,-8.461815702180967
69,0.3333333333333333,-6.747592956651821
69,0.3492063492063492,8.095028055358352
69,0.36507936507936506,-1.756455143951273
69,0.38095238095238093,-6.012373783262958
69,0.3968253968253968,-5.2167212970651375
69,0.4126984126984127,9.66677539656153
69,0.42857142857142855,1.7851073091475755
69,0.4444444444444444,-7.7243937820764375
69,0.4603174603174603,5.519798065454045
69,0.47619047619047616,9.402696932768821
69,0.49206349206349204,-8.25845082216943
70,0.0,3.863576125695545e-14
70,0.011111111111111112,1.8696163796859082
70,0.022222222222222223,-4.018068547073206
70,0.03333333333333333,-7.179418503491631
70,0.044444444444444446,7.503648013359249
70,0.05555555555555556,6.522165892077139
70,0.06666666666666667,-0.441255137337512
70,0.07777777777777778,-7.794326864235526
70,0.08888888888888889,5.11975732578108
70,0.1,-8.025422780455754
70,0.11111111111111112,6.647986792965627
70,0.12222222222222223,-3.653781844355749
70,0.13333333333333333,-10.387254905645978
70,0.14444444444444446,2.9605305393074755
70,0.15555555555555556,-1.73439971277456
70,0.16666666666666669,-5.089393988102556
70,0.17777777777777778,2.882358354145014
70,0.18888888888888888,-2.4068433150213235
70,0.2,-4.943058493900656
70,0.2111111111111111,-4.476538785725641
70,0.22222222222222224,-2.325530207531929
70,0.23333333333333334,-0.3319057589701937
70,0.24444444444444446,7.057082427296041
70,0.2555555555555556,-5.412702760869441
70,0.26666666666666666,-6.9255964935819865
70,0.2777777777777778,-6.601112362093368
70,0.2888888888888889,-1.5212814126301875
70,0.3,-1.1529666030977446
70,0.3111111111111111,7.906232514883548
70,0.32222222222222224,-7.650868378490491
70,0.33333333333333337,11.817830904383944
70,0.34444444444444444,-7.021398539894531
70,0.35555555555555557,3.072075212981546
70,0.3666666666666667,-8.347973885126923
70,0.37777777777777777,6.281013103612587
70,0.3888888888888889,-0.9998273160110482
70,0.4,-4.472833094042331
70,0.41111111111111115,-11.04595106387313
70,0.4222222222222222,9.832955870853805
70,0.43333333333333335,-1.4784295319525338
70,0.4444444444444445,5.221719305397427
70,0.45555555555555555,3.435048002124149
70,0.4666666666666667,-6.655760653443952
70,0.4777777777777778,-7.07054008779436
70,0.48888888888888893,-1.508335954018678
71,0.0,-1.3988810110276972e-14
71,0.013157894736842105,-13.539841940524099
71,0.02631578947368421,4.327466485096798
71,0.039473684210526314,3.1951540814062294
71,0.05263157894736842,-0.3575131002513152
71,0.06578947368421052,-0.581999678222499
71,0.07894736842105263,-4.357854432292774
71,0.09210526315789473,0.797849672542426
71,0.10526315789473684,2.1043711513938437
71,0.11842105263157894,-4.5310910561004185
71,0.13157894736842105,8.557198441356267
71,0.14473684210526316,-6.1296739245975305
71,0.15789473684210525,-5.450211907440692
71,0.17105263157894735,-15.95785259367607
71,0.18421052631578946,0.26457179034229816
71,0.19736842105263158,-2.9819380800117923
71,0.21052631578947367,0.9172644664921585
71,0.22368421052631576,-13.611454944139867
71,0.23684210526315788,2.1712245469617404
71,0.25,-1.2886273283403697
71,0.2631578947368421,-2.078625512855213
71,0.2763157894736842,4.238524008020496
71,0.2894736842105263,-2.2506100179949873
71,0.3026315789473684,-5.970883929907663
71,0.3157894736842105,-1.5564780161905907
71,0.3289473684210526,5.295398097706769
71,0.3421052631578947,-5.889686664248141
71,0.35526315789473684,-6.373964694089238
71,0.3684210526315789,2.9407972219182037
71,0.381578947368421,-10.09888864665814
71,0.39473684210526316,-0.06038417258203821
71,0.40789473684210525,8.225294266950796
71,0.42105263157894735,-0.9558673156473367
71,0.43421052631578944,1.0262850841516695
71,0.4473684210526315,5.1989135214506845
71,0.4605263157894737,0.8315089140982912
71,0.47368421052631576,-1.1448655570473938
71,0.48684210526315785,2.5479072614150686
72,0.0,4.440892098500626e-15
72,0.015384615384615385,-4.564121877313717
72,0.03076923076923077,-12.836596668768843
72,0.046153846153846156,-4.3687302343686
72,0.06153846153846154,-0.5071175150987437
72,0.07692307692307693,0.16750179318731506
72,0.09230769230769231,3.8631047946123473
72,0.1076923076923077,-3.468905040816383
72,0.12307692307692308,1.21924685777723
72,0.13846153846153847,-8.825164684234888
72,0.15384615384615385,-2.7053971839293016
72,0.16923076923076924,-1.7855542566569218
72,0.18461538461538463,7.606182750320683
72,0.2,6.212369726681132
72,0.2153846153846154,5.055186822589438
72,0.23076923076923078,-14.361178153233421
72,0.24615384615384617,-1.7336336573615299
72,0.26153846153846155,0.22626789115978418
72,0.27692307692307694,-1.4445355217863411
72,0.2923076923076923,1.108115974127759
72,0.3076923076923077,4.0794361680328945
72,0.3230769230769231,-13.405391241737453
72,0.3384615384615385,0.5915193208975913
72,0.35384615384615387,6.2791784489457125
72,0.36923076923076925,-5.406985587821057
72,0.38461538461538464,6.158632386171677
72,0.4,3.333521305143263
72,0.4153846153846154,7.125406891057217
72,0.4307692307692308,-4.220937029726367
72,0.4461538461538462,-5.489190361581652
72,0.46153846153846156,-3.906628334589664
72,0.47692307692307695,-1.8346394723960664
72,0.49230769230769234,-2.2842892420144016
73,0.0,2.398081733190338e-14
73,0.01282051282051282,7.8868983482349195
73,0.02564102564102564,-5.576378389755581
73,0.038461538461538464,-7.5510338278494205
73,0.05128205128205128,-6.651807810604369
73,0.0641025641025641,13.031129780286086
73,0.07692307692307693,3.0349707731975304
73,0.08974358974358974,-2.251011368563943
73,0.10256410256410256,-0.6112758334883299
73,0.11538461538461538,1.5573160494181604
73,0.1282051282051282,-10.875497470013704
73,0.14102564102564102,-10.252420395660607
73,0.15384615384615385,-1.508181426598898
73,0.16666666666666666,-10.663639469971603
73,0.1794871794871795,-8.562926174665446
73,0.1923076923076923,-4.656869176145516
73,0.20512820512820512,-7.729267096351548
73,0.21794871794871795,1.0537414051071892
73,0.23076923076923075,-0.06826895621933493
73,0.24358974358974358,-4.0556453192475175
73,0.2564102564102564,-8.517200259044817
73,0.2692307692307692,-0.9186706264279835
73,0.28205128205128205,-0.3075957930665314
73,0.2948717948717949,-0.7535519488588998
73,0.3076923076923077,1.6025485001565263
73,0.3205128205128205,-3.155344194616151
73,0.3333333333333333,0.16098618350527882
73,0.34615384615384615,3.616792013562554
73,0.358974358974359,13.100430671863194
73,0.3717948717948718,-5.998582235673636
73,0.3846153846153846,-3.5637414458558645
73,0.3974358974358974,10.681542668198514
73,0.41025641025641024,-0.2497180142724993
73,0.4230769230769231,-4.118399786414544
73,0.4358974358974359,-12.826162974669387
73,0.4487179487179487,-0.1417183173797416
73,0.4615384615384615,-6.881134109184301
73,0.47435897435897434,15.696187965762215
73,0.48717948717948717,-6.993422282412312
74,0.0,-1.3322676295501878e-15
74,0.013333333333333334,-6.667625466439381
74,0.02666666666666667,-7.157355449776586
74,0.04,4.429813413827824
74,0.05333333333333334,2.0606758395240883
74,0.06666666666666667,-4.707906842467763
74,0.08,5.0943158081373685
74,0.09333333333333334,-3.9742499061388887
74,0.10666666666666667,-9.03536367144476
74,0.12000000000000001,-11.335556673134109
74,0.13333333333333333,1.9601160231634691
74,0.14666666666666667,-0.9049825281925052
74,0.16,2.2284441546226335
74,0.17333333333333334,5.824076357541352
74,0.18666666666666668,0.580058630780987
74,0.2,-5.133447587420517
74,0.21333333333333335,-3.6667385473580363
74,0.22666666666666668,-8.105442882747832
74,0.24000000000000002,1.348226173949885
74,0.25333333333333335,8.324124133087345
74,0.26666666666666666,-1.9647371763135681
74,0.28,-4.72209191261184
74,0.29333333333333333,-2.890456710535113
74,0.3066666666666667,-1.60268236330434
74,0.32,7.148067749631015
74,0.33333333333333337,-0.6673756856997786
74,0.3466666666666667,-12.172566570238065
74,0.36000000000000004,1.7892452894564848
74,0.37333333333333335,2.6239170548473574
74,0.3866666666666667,5.545684905270982
74,0.4,-2.965120092600809
74,0.4133333333333334,-10.073859463950136
74,0.4266666666666667,7.41325129183527
74,0.44,-4.184141619317528
74,0.45333333333333337,-1.702183315857893
74,0.4666666666666667,-5.494942619208152
74,0.48000000000000004,2.541954606342877
74,0.49333333333333335,0.19074055636597365
75,0.0,-1.4876988529977098e-14
75,0.012987012987012988,-6.9051131652155116
75,0.025974025974025976,-2.8578358021122687
75,0.03896103896103896,-7.7860765700109145
75,0.05194805194805195,7.580635228583237
75,0.06493506493506494,-4.902976419494767
75,0.07792207792207792,1.6154669307769982
75,0.09090909090909091,1.4446376599550612
75,0.1038961038961039,3.918416172385192
75,0.1168831168831169,-4.280004248966638
75,0.12987012987012989,6.000232935847533
75,0.14285714285714288,1.4835149433430557
75,0.15584415584415584,7.633871537830581
75,0.16883116883116883,-3.139823404796032
75,0.18181818181818182,-4.616852398812772
75,0.19480519480519481,-1.590367988055389
75,0.2077922077922078,-14.934038133128508
75,0.2207792207792208,5.310866709143591
75,0.2337662337662338,1.2076435807842927
75,0.24675324675324678,6.689515898639465
75,0.25974025974025977,-10.205776187364851
75,0.27272727272727276,-12.785499860332425
75,0.28571428571428575,1.2607108379941332
75,0.29870129870129875,-7.273742537848989
75,0.3116883116883117,-7.071727230718811
75,0.3246753246753247,6.006912607580654
75,0.33766233766233766,0.046752778452969324
75,0.35064935064935066,-10.294591948622978
75,0.36363636363636365,-1.4682706048409533
75,0.37662337662337664,-1.6701769275755427
75,0.38961038961038963,0.7361018040658731
75,0.4025974025974026,-4.178052396153246
75,0.4155844155844156,9.477427048794707
75,0.4285714285714286,5.790610875347582
75,0.4415584415584416,-2.0681396163843675
75,0.4545454545454546,-2.796559507128725
75,0.4675324675324676,-11.1093211554557
75,0.48051948051948057,7.083144372818641
75,0.49350649350649356,0.07334374053612513
76,0.0,1.2434497875801753e-14
76,0.010638297872340425,-8.209820349878147
76,0.02127659574468085,2.66035254830065
76,0.031914893617021274,-19.253214318483103
76,0.0425531914893617,3.9035141497628434
76,0.05319148936170213,-7.776690556617269
76,0.06382978723404255,5.371783104963825
76,0.07446808510638298,-9.122808405694855
76,0.0851063829787234,4.680583784050325
76,0.09574468085106383,0.24263290298254758
76,0.10638297872340426,0.3356087777136496
76,0.11702127659574468,-9.497349311384525
76,0.1276595744680851,6.127336214399325
76,0.13829787234042554,-5.04399809367794
76,0.14893617021276595,5.833242338286647
76,0.1595744680851064,-3.3187502040878223
76,0.1702127659574468,-10.623935169202356
76,0.18085106382978722,-0.34481682689552784
76,0.19148936170212766,0.34662869448945477
76,0.20212765957446807,9.429755640477243
76,0.2127659574468085,-0.057012281235690576
76,0.22340425531914893,9.429751180603661
76,0.23404255319148937,2.414510404919533
76,0.24468085106382978,-6.337011041614214
76,0.2553191489361702,-8.82219071050318
76,0.26595744680851063,-5.529247877114125
76,0.2765957446808511,-4.855862812793246
76,0.28723404255319146,4.221991856718452
76,0.2978723404255319,-0.28575710190279136
76,0.30851063829787234,3.157877858175796
76,0.3191489361702128,-5.7804904869162
76,0.32978723404255317,12.773500705970859
76,0.3404255319148936,-8.139343319383679
76,0.35106382978723405,11.026032637037856
76,0.36170212765957444,5.4875101406288955
76,0.3723404255319149,-3.6360119795001644
76,0.3829787234042553,-1.3823831167210159
76,0.39361702127659576,-7.429979795073176
76,0.40425531914893614,-3.742424208888856
76,0.4148936170212766,-0.4041075584734335
76,0.425531914893617,4.573442833707973
76,0.4361702127659574,2.04614517542897
76,0.44680851063829785,-3.677689995827122
76,0.4574468085106383,-10.172634743567516
76,0.46808510638297873,2.8372254530897703
76,0.4787234042553191,14.140375630099264
76,0.48936170212765956,-7.139528105266623
77,0.0,1.2434497875801753e-14
77,0.016666666666666666,-6.779849226875623
77,0.03333333333333333,10.188918509653778
77,0.05,1.8051591327389223
77,0.06666666666666667,-4.812876477742003
77,0.08333333333333333,-1.7467741649630701
77,0.1,-1.1698801242907089
77,0.11666666666666667,-3.672819532867668
77,0.13333333333333333,-3.8078804774060755
77,0.15,-1.2350739544998879
77,0.16666666666666666,-0.7145511117863875
77,0.18333333333333332,-5.611254003155105
77,0.2,-5.239988744218177
77,0.21666666666666667,-6.88320463769864
77,0.23333333333333334,5.5044101374801
77,0.25,-1.2479946456393627
77,0.26666666666666666,6.3452989051526
77,0.2833333333333333,-11.010425128330898
77,0.3,-1.1485829376325682
77,0.31666666666666665,4.13167230395508
77,0.3333333333333333,0.19730680478297435
77,0.35,-0.5995191770863577
77,0.36666666666666664,-4.2750808553847
77,0.3833333333333333,-3.8337756541900356
77,0.4,-0.0989371397421469
77,0.4166666666666667,2.1164181243817155
77,0.43333333333333335,-6.808508871348976
77,0.45,0.5866607918326087
77,0.4666666666666667,5.684280981295153
77,0.48333333333333334,-9.958708316298164
78,0.0,-3.1308289294429414e-14
78,0.014285714285714285,-4.945814724531694
78,0.02857142857142857,-9.12714007221995
78,0.04285714285714286,-10.99999490743827
78,0.05714285714285714,-6.307718882671426
78,0.07142857142857142,2.464305812190657
78,0.08571428571428572,3.8963692122694806
78,0.09999999999999999,-1.8321998329268954
78,0.11428571428571428,17.7405281776469
78,0.12857142857142856,-0.9297379593095894
78,0.14285714285714285,-4.092156853495528
78,0.15714285714285714,-5.182334957712799
78,0.17142857142857143,-9.2999531657022
78,0.18571428571428572,5.219548365075991
78,0.19999999999999998,0.8676633440281896
78,0.21428571428571427,3.071970099366342
78,0.22857142857142856,10.278708551328677
78,0.24285714285714285,-1.3501558268741167
78,0.2571428571428571,-2.248024189933565
78,0.2714285714285714,-9.842940711755904
78,0.2857142857142857,-2.6273845010300203
78,0.3,2.247296183880029
78,0.3142857142857143,4.6401744455709055
78,0.32857142857142857,-1.3526938423646477
78,0.34285714285714286,1.000699107534197
78,0.35714285714285715,-7.0118882109630025
78,0.37142857142857144,10.109018984004136
78,0.3857142857142857,-5.235600648162089
78,0.39999999999999997,0.8800448286025271
78,0.41428571428571426,-8.056971134580223
78,0.42857142857142855,-4.364329754001796
78,0.44285714285714284,-6.330954873245967
78,0.45714285714285713,10.923084883192372
78,0.4714285714285714,-7.5024595205465605
78,0.4857142857142857,-4.8996021246601025
79,0.0,1.709743457922741e-14
79,0.013333333333333334,-4.420104182241832
79,0.02666666666666667,3.0469831336448028
79,0.04,1.7466226216925056
79,0.05333333333333334,1.1407003794223154
79,0.06666666666666667,-0.4739621217123793
79,0.08,-7.407823330131472
79,0.09333333333333334,-0.637435452235461
79,0.10666666666666667,-8.704660245479559
79,0.12000000000000001,1.0604878975048329
79,0.13333333333333333,-5.724127123853622
79,0.14666666666666667,2.452203626862523
79,0.16,-10.641549225186328
79,0.17333333333333334,-1.5815949145017916
79,0.18666666666666668,-10.958751796424002
79,0.2,2.7685458909500227
79,0.21333333333333335,-14.761042750123938
79,0.22666666666666668,7.202525191206732
79,0.24000000000000002,2.2670952267538986
79,0.25333333333333335,5.2653143509363485
79,0.26666666666666666,2.561684370009007
79,0.28,2.6237819228637544
79,0.29333333333333333,2.235653050962601
79,0.3066666666666667,-3.12970152460081
79,0.32,5.069552278011525
79,0.33333333333333337,-2.247992386306609
79,0.3466666666666667,-11.38230681621285
79,0.36000000000000004,3.2229657131459537
79,0.37333333333333335,-2.544393383306152
79,0.3866666666666667,-0.4825047803158764
79,0.4,-1.560754660128288
79,0.4133333333333334,-5.509300059867311
79,0.4266666666666667,7.307487258887262
79,0.44,-5.840237059743142
79,0.45333333333333337,7.675476628183233
79,0.4666666666666667,-11.079901463207335
79,0.48000000000000004,4.1576862440286
79,0.49333333333333335,3.709565182970877
80,0.0,9.325873406851315e-15
80,0.014705882352941176,9.043649799496542
80,0.029411764705882353,-2.5681735563034263
80,0.044117647058823525,-1.170039918105191
80,0.058823529411764705,-0.5606970669911502
80,0.07352941176470588,-8.498172371385431
80,0.08823529411764705,1.7244875747765707
80,0.10294117647058823,0.45060232352914387
80,0.11764705882352941,1.314747052662801
80,0.1323529411764706,-2.5588314143609354
80,0.14705882352941177,-1.593706738919194
80,0.16176470588235295,10.266635953421048
80,0.1764705882352941,8.290710896194593
80,0.19117647058823528,-0.8362031796919787
80,0.20588235294117646,-2.176507870229032
80,0.22058823529411764,-9.953230155464254
80,0.23529411764705882,6.953929805203189
80,0.25,-6.396781196478733
80,0.2647058823529412,-2.467405990151472
80,0.27941176470588236,-5.238188853050039
80,0.29411764705882354,-0.9830823576535794
80,0.3088235294117647,1.5579402173054564
80,0.3235294117647059,3.6822360746611915
80,0.3382352941176471,-7.596938625735273
80,0.3529411764705882,1.9554703449876887
80,0.3676470588235294,-2.628679934559565
80,0.38235294117647056,-6.790797136642974
80,0.39705882352941174,-11.764934102163526
80,0.4117647058823529,2.410978490817308
80,0.4264705882352941,-2.372492343675564
80,0.4411764705882353,3.2685877981653584
80,0.45588235294117646,-14.499773150485941
80,0.47058823529411764,6.509769507512754
80,0.4852941176470588,-0.8794457618416347
81,0.0,-9.769962616701378e-15
81,0.022727272727272728,-4.889316862745728
81,0.045454545454545456,-1.2351239629033914
81,0.06818181818181818,-0.41344858168415666
81,0.09090909090909091,-9.137263849377748
81,0.11363636363636365,-1.0812468128010004
81,0.13636363636363635,-4.120449905031026
81,0.1590909090909091,-0.043033169010916694
81,0.18181818181818182,-2.903917075883264
81,0.20454545454545456,-1.2999570675991552
81,0.2272727272727273,-6.305657928639475
81,0.25,-2.6071387847672343
81,0.2727272727272727,-0.6389128639396122
81,0.29545454545454547,1.6360062176405523
81,0.3181818181818182,8.532537621622815
81,0.34090909090909094,-5.521338200073024
81,0.36363636363636365,-2.2841518275627575
81,0.38636363636363635,2.034939184598772
81,0.4090909090909091,0.22472271712512892
81,0.4318181818181818,-6.343746773064528
81,0.4545454545454546,1.6654728442129771
81,0.4772727272727273,-5.867061676290916
82,0.0,1.9761969838327786e-14
82,0.012048192771084338,-3.5837856878435517
82,0.024096385542168676,2.8949713238767467
82,0.03614457831325302,-5.863463360417827
82,0.04819277108433735,3.4703181445440876
82,0.060240963855421686,0.39835750699531025
82,0.07228915662650603,-8.12944745733262
82,0.08433734939759037,-3.6796181284631917
82,0.0963855421686747,-7.82573287390915
82,0.10843373493975904,-2.2520786591167767
82,0.12048192771084337,-6.634687802027325
82,0.13253012048192772,-1.9418543890563902
82,0.14457831325301207,-9.588958159477885
82,0.1566265060240964,8.110834352934072
82,0.16867469879518074,-8.411173644915435
82,0.18072289156626506,12.551758503178037
82,0.1927710843373494,1.3291557757075831
82,0.20481927710843376,1.1671033620503057
82,0.21686746987951808,4.517017525809745
82,0.22891566265060243,-2.880952007635748
82,0.24096385542168675,-5.245426396032411
82,0.2530120481927711,-6.601837408134774
82,0.26506024096385544,1.0128777031843166
82,0.27710843373493976,3.7937791698038223
82,0.28915662650602414,-1.591903565640036
82,0.30120481927710846,-1.2805281245502902
82,0.3132530120481928,-3.895445582209159
82,0.3253012048192771,-4.102892307529399
82,0.3373493975903615,-10.135523644438697
82,0.3493975903614458,-4.817081894945373
82,0.3614457831325301,-6.952556109101123
82,0.3734939759036145,-1.1313677471353214
82,0.3855421686746988,13.425173677383768
82,0.39759036144578314,-6.9860090062751405
82,0.4096385542168675,3.522525890295988
82,0.42168674698795183,2.534508018063673
82,0.43373493975903615,1.450164041983172
82,0.44578313253012053,8.981953463637865
82,0.45783132530120485,2.100007293990764
82,0.46987951807228917,-10.597382596004076
82,0.4819277108433735,-16.123365871024305
82,0.49397590361445787,6.261787816095202
83,0.0,9.769962616701378e-15
83,0.0196078431372549,-3.453418951677205
83,0.0392156862745098,-6.617711604611879
83,0.058823529411764705,1.0042572603238438
83,0.0784313725490196,-1.4582410862709985
83,0.09803921568627451,3.1041370388704235
83,0.11764705882352941,0.1750231337891467
83,0.13725490196078433,-10.269553167484293
83,0.1568627450980392,-4.489262898843177
83,0.1764705882352941,-4.647911042104135
83,0.19607843137254902,-0.6253571010780115
83,0.21568627450980393,0.6851006206463648
83,0.23529411764705882,-2.1792621431620534
83,0.2549019607843137,-1.7286855712813143
83,0.27450980392156865,-0.7985754468100315
83,0.29411764705882354,-11.166043792374706
83,0.3137254901960784,-2.585307973258651
83,0.3333333333333333,7.635107804525695
83,0.3529411764705882,0.11414125679227283
83,0.37254901960784315,-8.475857138563862
83,0.39215686274509803,3.030457080202722
83,0.4117647058823529,14.921141299087317
83,0.43137254901960786,-0.9818732856705027
83,0.45098039215686275,-3.7219534916716084
83,0.47058823529411764,1.5349718103938588
83,0.49019607843137253,-4.648466392636668
84,0.0,-2.9753977059954195e-14
84,0.014285714285714285,-4.424278173709393
84,0.02857142857142857,-5.079060395757486
84,0.04285714285714286,-1.9907436242964642
84,0.05714285714285714,2.1493609132745144
84,0.07142857142857142,8.554023334648418
84,0.08571428571428572,-3.3969316944754104
84,0.09999999999999999,-3.2606298336502455
84,0.11428571428571428,-7.985458597622207
84,0.12857142857142856,-4.497319765307856
84,0.14285714285714285,0.9532752993451021
84,0.15714285714285714,-3.6710915475915553
84,0.17142857142857143,0.8079201080935317
84,0.18571428571428572,-2.0618680815229222
84,0.19999999999999998,6.9037976887751995
84,0.21428571428571427,-2.3807458406892024
84,0.22857142857142856,9.784917871530913
84,0.24285714285714285,10.163025598357235
84,0.2571428571428571,-0.1449183432405956
84,0.2714285714285714,-6.621993574266709
84,0.2857142857142857,4.145175800558494
84,0.3,-9.946146147766012
84,0.3142857142857143,-10.12289433100112
84,0.32857142857142857,12.548363414617862
84,0.34285714285714286,-0.26719253359117223
84,0.35714285714285715,1.4702644683810009
84,0.37142857142857144,-9.149666680444831
84,0.3857142857142857,-0.7184819910404499
84,0.39999999999999997,-2.213180096903888
84,0.41428571428571426,0.38322470046578916
84,0.42857142857142855,1.9361841873492232
84,0.44285714285714284,-12.066140578813474
84,0.45714285714285713,-1.116754694162226
84,0.4714285714285714,-2.1021326634065405
84,0.4857142857142857,-1.3212018561015206
85,0.0,-3.552713678800501e-15
85,0.013513513513513514,-4.727586781514809
85,0.02702702702702703,-8.621430992025012
85,0.04054054054054054,-3.4705309761715695
85,0.05405405405405406,0.5179731060007071
85,0.06756756756756757,-1.2214994522537492
85,0.08108108108108109,5.021762410067362
85,0.0945945945945946,0.47249818906039387
85,0.10810810810810811,-2.1465094046617366
85,0.12162162162162163,-3.4686047552491663
85,0.13513513513513514,-10.001975493017442
85,0.14864864864864866,7.29726544049306
85,0.16216216216216217,-0.5274106895235944
85,0.17567567567567569,2.827579243492403
85,0.1891891891891892,-6.180153436140586
85,0.20270270270270271,-1.0365046928908692
85,0.21621621621621623,2.1179320323680977
85,0.22972972972972974,-12.058482958136107
85,0.24324324324324326,-8.941020071694043
85,0.2567567567567568,-1.0056904448820774
85,0.2702702702702703,-8.085604350435585
85,0.28378378378378377,-7.683020675159895
85,0.2972972972972973,0.25168112632971135
85,0.31081081081081086,-0.7264443499609139
85,0.32432432432432434,7.719908345173367
85,0.33783783783783783,-6.324840899970087
85,0.35135135135135137,5.4586178658408855
85,0.3648648648648649,-2.4498074268200156
85,0.3783783783783784,0.6903321621195859
85,0.3918918918918919,0.025907246060384193
85,0.40540540540540543,6.867886577593342
85,0.41891891891891897,-10.192351867530038
85,0.43243243243243246,-2.331702480853878
85,0.44594594594594594,4.450182774416363
85,0.4594594594594595,-15.113575097838247
85,0.472972972972973,4.967166132906597
85,0.4864864864864865,15.72057614284767
86,0.0,-2.3092638912203256e-14
86,0.015873015873015872,-3.377652214466999
86,0.031746031746031744,-2.8372083576277483
86,0.047619047619047616,-0.1988838614815085
86,0.06349206349206349,-6.113259973685491
86,0.07936507936507936,-11.053199281030158
86,0.09523809523809523,7.032299688073237
86,0.1111111111111111,1.8495476383078078
86,0.12698412698412698,7.066798239887665
86,0.14285714285714285,3.225582841044405
86,0.15873015873015872,2.0159943682284607
86,0.1746031746031746,-11.042098452437052
86,0.19047619047619047,-2.2443332125041717
86,0.20634920634920634,-5.662071200031803
86,0.2222222222222222,2.471528848261726
86,0.23809523809523808,-7.142787749905665
86,0.25396825396825395,2.0522725588892947
86,0.2698412698412698,1.1410115836798873
86,0.2857142857142857,-3.368660185416171
86,0.30158730158730157,-7.234237966724408
86,0.31746031746031744,-3.902226193318422
86,0.3333333333333333,-9.850550553324647
86,0.3492063492063492,0.5150978781058453
86,0.36507936507936506,-1.2657270904818452
86,0.38095238095238093,8.316556122989589
86,0.3968253968253968,0.8729004587820173
86,0.4126984126984127,0.6172403396192734
86,0.42857142857142855,-3.2373221845007243
86,0.4444444444444444,-0.9413681378564133
86,0.4603174603174603,-2.9359740129897682
86,0.47619047619047616,1.9442550240693848
86,0.49206349206349204,-0.15083694587958973
87,0.0,-2.930988785010413e-14
87,0.009433962264150943,-3.0115301071181517
87,0.018867924528301886,2.345957719077427
87,0.02830188679245283,-6.198447617208625
87,0.03773584905660377,-8.273399097430424
87,0.04716981132075471,-12.128985870583245
87,0.05660377358490566,-3.141663604302206
87,0.0660377358490566,-5.540552953056446
87,0.07547169811320754,-5.410398096443838
87,0.08490566037735849,-9.613008133902898
87,0.09433962264150943,-1.921920799681167
87,0.10377358490566037,9.491012423291204
87,0.11320754716981132,9.57832759364171
87,0.12264150943396226,6.557015363560408
87,0.1320754716981132,4.738205649743534
87,0.14150943396226415,-2.0342707124332837
87,0.1509433962264151,-2.669450500833897
87,0.16037735849056603,-4.4930671861185605
87,0.16981132075471697,1.8177591500975046
87,0.1792452830188679,-7.7994804087306555
87,0.18867924528301885,-4.057311283820008
87,0.1981132075471698,2.2945374123012794
87,0.20754716981132074,-16.019936385597198
87,0.21698113207547168,0.039517309939784806
87,0.22641509433962265,-8.544746411302503
87,0.2358490566037736,21.0230041507686
87,0.24528301886792453,-3.533382404511617
87,0.25471698113207547,4.168088366242269
87,0.2641509433962264,-2.940944510180975
87,0.27358490566037735,4.6385287500264365
87,0.2830188679245283,-0.48852975569631224
87,0.29245283018867924,2.285996213500967
87,0.3018867924528302,-9.710285202336687
87,0.3113207547169811,-10.010145592254178
87,0.32075471698113206,1.6017189387633626
87,0.330188679245283,-1.4242315580105782
87,0.33962264150943394,3.8546719233344717
87,0.3490566037735849,2.142533102185158
87,0.3584905660377358,-1.5582657952663204
87,0.36792452830188677,-13.474728631793095
87,0.3773584905660377,-5.513307019880573
87,0.38679245283018865,12.514811555618842
87,0.3962264150943396,-13.032861541074082
87,0.40566037735849053,-3.414302630626433
87,0.4150943396226415,-0.014341535952777207
87,0.4245283018867924,7.723765537122103
87,0.43396226415094336,-1.2600582454747986
87,0.4433962264150943,15.685198717734082
87,0.4528301886792453,-9.742828734477952
87,0.46226415094339623,-1.5418660857403923
87,0.4716981132075472,4.665554179738276
87,0.4811320754716981,2.424849330317232
87,0.49056603773584906,1.568003056847855
88,0.0,-7.105427357601002e-15
88,0.018518518518518517,0.764586742653403
88,0.037037037037037035,-7.0493275871404695
88,0.05555555555555555,6.174957433847998
88,0.07407407407407407,8.657348372695926
88,0.09259259259259259,-5.783860633336591
88,0.1111111111111111,3.5147330514688893
88,0.12962962962962962,-0.8111024195618968
88,0.14814814814814814,0.8314778860169572
88,0.16666666666666666,1.2505242036662758
88,0.18518518518518517,-7.764247500135907
88,0.2037037037037037,-0.4378991657815976
88,0.2222222222222222,0.07942151576037071
88,0.24074074074074073,-4.983444876658085
88,0.25925925925925924,-5.695305347103924
88,0.2777777777777778,-2.055653429325038
88,0.2962962962962963,-4.173561847487482
88,0.31481481481481477,-4.541457463456721
88,0.3333333333333333,2.5350533606705206
88,0.35185185185185186,6.5508432479785
88,0.37037037037037035,-0.933183732158192
88,0.38888888888888884,-6.656870154581794
88,0.4074074074074074,-0.5244140430993656
88,0.42592592592592593,0.6139181807763929
88,0.4444444444444444,6.309878618709848
88,0.4629629629629629,-2.9063732200527195
88,0.48148148148148145,4.222683161809645
89,0.0,1.9761969838327786e-14
89,0.014084507042253521,0.09394799638931461
89,0.028169014084507043,6.4025298900674565
89,0.04225352112676056,-16.23801251105843
89,0.056338028169014086,-0.45218978520873065
89,0.07042253521126761,-1.9201482896945252
89,0.08450704225352113,2.257263527959897
89,0.09859154929577466,6.2993564569762945
89,0.11267605633802817,3.822595486105132
89,0.1267605633802817,-3.5671538870990447
89,0.14084507042253522,4.374388199321116
89,0.15492957746478875,-4.075679239124549
89,0.16901408450704225,6.6349680866926155
89,0.18309859154929578,-8.239622189426157
89,0.1971830985915493,-7.886233920389142
89,0.2112676056338028,-6.220935366796394
89,0.22535211267605634,-15.20102250682364
89,0.23943661971830987,1.9115668677614577
89,0.2535211267605634,4.314719469350025
89,0.26760563380281693,-3.382019995139199
89,0.28169014084507044,-8.970475517038338
89,0.29577464788732394,2.139405428632881
89,0.3098591549295775,-2.8044190188397597
89,0.323943661971831,-0.6436539514830542
89,0.3380281690140845,-10.29820173205598
89,0.35211267605633806,6.989309328537974
89,0.36619718309859156,-3.84534282067803
89,0.38028169014084506,-5.100216802578244
89,0.3943661971830986,-7.359125586680815
89,0.4084507042253521,2.187014742316469
89,0.4225352112676056,8.896980686215173
89,0.4366197183098592,-4.472998965767318
89,0.4507042253521127,9.03642959261193
89,0.4647887323943662,-3.2555997709826654
89,0.47887323943661975,4.86935704192095
89,0.49295774647887325,3.795274976797528
90,0.0,2.2648549702353193e-14
90,0.022222222222222223,4.87434881463118
90,0.044444444444444446,2.1229661058640406
90,0.06666666666666667,-10.834230651632785
90,0.08888888888888889,-3.6317725141518125
90,0.11111111111111112,2.3068900486177073
90,0.13333333333333333,-2.2440156271444707
90,0.15555555555555556,-3.706773169908168
90,0.17777777777777778,-3.2783357446351005
90,0.2,-4.044962012164753
90,0.22222222222222224,-2.755630138585957
90,0.24444444444444446,-0.7727938066905635
90,0.26666666666666666,-7.958763511664327
90,0.2888888888888889,-1.9585255224775158
90,0.3111111111111111,-9.186324239683639
90,0.33333333333333337,-5.867884977358605
90,0.35555555555555557,2.2448425391557727
90,0.37777777777777777,1.7765356375636605
90,0.4,2.0663579984068
90,0.4222222222222222,3.91442393057433
90,0.4444444444444445,-5.702551921797248
90,0.4666666666666667,2.9955843607417103
90,0.48888888888888893,5.192406984416333
91,0.0,2.6645352591003757e-15
91,0.022222222222222223,10.251717726874691
91,0.044444444444444446,-9.097218464943527
91,0.06666666666666667,-3.6350871998231806
91,0.08888888888888889,1.8044752837632716
91,0.11111111111111112,-1.7336885769106365
91,0.13333333333333333,3.750445345035145
91,0.15555555555555556,-0.16133268363026276
91,0.17777777777777778,-0.8902750869304823
91,0.2,-5.866210643026615
91,0.22222222222222224,-5.809741051785593
91,0.24444444444444446,1.449922245854233
91,0.26666666666666666,-6.687946636393128
91,0.2888888888888889,-6.977857770254739
91,0.3111111111111111,4.175443842839843
91,0.33333333333333337,-7.288358275013907
91,0.35555555555555557,0.9295236219523051
91,0.37777777777777777,2.7594149866920885
91,0.4,-4.243342757698536
91,0.4222222222222222,2.125308299461957
91,0.4444444444444445,0.5570750783462981
91,0.4666666666666667,-4.400127515442727
91,0.48888888888888893,1.7684169864539188
92,0.0,2.6645352591003757e-15
92,0.01639344262295082,-1.6718177132335814
92,0.03278688524590164,-10.261756509953457
92,0.04918032786885246,2.3770640631360735
92,0.06557377049180328,-2.3859858081114145
92,0.0819672131147541,-0.926143303832494
92,0.09836065573770492,-7.515477060881246
92,0.11475409836065574,0.06677626278278648
92,0.13114754098360656,-3.4299936221381366
92,0.14754098360655737,4.0107926439247334
92,0.1639344262295082,-3.627759281341043
92,0.18032786885245902,0.6101758810793267
92,0.19672131147540983,0.403327200002229
92,0.21311475409836067,-8.845958259630926
92,0.22950819672131148,4.915131440078468
92,0.24590163934426232,-4.7315709431901904
92,0.26229508196721313,5.241793058985172
92,0.27868852459016397,-2.4561063874587377
92,0.29508196721311475,-9.068201445977822
92,0.3114754098360656,8.328213981065115
92,0.3278688524590164,-0.13965331747235876
92,0.3442622950819672,6.132449256904521
92,0.36065573770491804,4.437778866556875
92,0.3770491803278689,4.345067966765339
92,0.39344262295081966,-0.6147023988847342
92,0.4098360655737705,-4.146744306369219
92,0.42622950819672134,-6.340366687846969
92,0.4426229508196722,-5.472377837407991
92,0.45901639344262296,11.832422698563569
92,0.4754098360655738,-8.310972361741092
92,0.49180327868852464,-7.074218890577243
93,0.0,7.105427357601002e-14
93,0.012987012987012988,0.9211174290812907
93,0.025974025974025976,11.784762519655619
93,0.03896103896103896,1.1326374293950652
93,0.05194805194805195,11.595722746627628
93,0.06493506493506494,-4.152306476103551
93,0.07792207792207792,1.4967725694511214
93,0.09090909090909091,0.09542130914784508
93,0.1038961038961039,-5.182795818856338
93,0.1168831168831169,-4.927950649356979
93,0.12987012987012989,-6.462139152598411
93,0.14285714285714288,-5.812856642329655
93,0.15584415584415584,-6.6325044000912925
93,0.16883116883116883,-7.314791567299621
93,0.18181818181818182,-12.530163105482568
93,0.19480519480519481,3.1478099769799606
93,0.2077922077922078,-7.521780077025465
93,0.2207792207792208,-9.351431043283606
93,0.2337662337662338,-4.009591112854692
93,0.24675324675324678,-0.9815026529577775
93,0.25974025974025977,6.892244215338493
93,0.27272727272727276,-8.965644390941755
93,0.28571428571428575,-0.9706634273648347
93,0.29870129870129875,-5.223718179164022
93,0.3116883116883117,7.635156670269738
93,0.3246753246753247,-6.930923433041476
93,0.33766233766233766,4.2318094332000635
93,0.35064935064935066,-12.44395757823384
93,0.36363636363636365,-4.302065352519105
93,0.37662337662337664,-4.001078114821807
93,0.38961038961038963,4.273971690536564
93,0.4025974025974026,3.795983439082165
93,0.4155844155844156,-13.387662336827535
93,0.4285714285714286,-6.8907576462052855
93,0.4415584415584416,9.121903828770922
93,0.4545454545454546,4.384043582240126
93,0.4675324675324676,4.982934616067633
93,0.48051948051948057,5.470535475385878
93,0.49350649350649356,2.337586714120511
94,0.0,-1.2212453270876722e-15
94,0.010309278350515464,-7.587942891670678
94,0.020618556701030927,7.935036378270395
94,0.030927835051546393,4.2361129593602564
94,0.041237113402061855,0.5985330142647245
94,0.05154639175257732,-5.840681341038648
94,0.061855670103092786,-3.5033969613963056
94,0.07216494845360824,-3.908862175026121
94,0.08247422680412371,-12.453555974866301
94,0.09278350515463918,4.410498075981748
94,0.10309278350515463,-10.562381893294216
94,0.1134020618556701,3.868985972401098
94,0.12371134020618557,-6.951684723435754
94,0.13402061855670103,5.239717830787757
94,0.14432989690721648,0.9403456677968439
94,0.15463917525773196,-5.510321460159454
94,0.16494845360824742,-1.1713351369857843
94,0.17525773195876287,-7.584462967592192
94,0.18556701030927836,-4.193903039794476
94,0.1958762886597938,0.6815231138974431
94,0.20618556701030927,2.0190713531616535
94,0.21649484536082475,-10.979873841659852
94,0.2268041237113402,-3.8960593576042113
94,0.23711340206185566,-2.21956498065666
94,0.24742268041237114,-1.0110476171292255
94,0.25773195876288657,-1.892314664732635
94,0.26804123711340205,-10.51091370897524
94,0.27835051546391754,4.621853387286749
94,0.28865979381443296,-1.967891689206769
94,0.29896907216494845,-4.163529980706986
94,0.30927835051546393,11.592066412924945
94,0.31958762886597936,4.524487077136082
94,0.32989690721649484,-0.9449853480463375
94,0.3402061855670103,7.0954645420061615
94,0.35051546391752575,-10.998140496595301
94,0.36082474226804123,-2.007549231814305
94,0.3711340206185567,-9.590559277486285
94,0.38144329896907214,-0.25356243112397703
94,0.3917525773195876,-7.5921167319015606
94,0.4020618556701031,1.3666341912936917
94,0.41237113402061853,23.76192173323822
94,0.422680412371134,-3.9963476368425264
94,0.4329896907216495,-2.4300958382055216
94,0.44329896907216493,-1.7235372759272396
94,0.4536082474226804,-5.9726201001108254
94,0.4639175257731959,2.6657728967458483
94,0.4742268041237113,-1.9839306936179932
94,0.4845360824742268,12.913601317209528
94,0.4948453608247423,0.12876026318312078
95,0.0,1.9984014443252818e-14
95,0.015873015873015872,6.159752119943661
95,0.031746031746031744,-10.797045339396387
95,0.047619047619047616,-10.898014112356739
95,0.06349206349206349,-0.9360604830943844
95,0.07936507936507936,2.8085730897663312
95,0.09523809523809523,7.1252762188190975
95,0.1111111111111111,-8.927668636949006
95,0.12698412698412698,-3.675648912837029
95,0.14285714285714285,-4.5702636152233325
95,0.15873015873015872,5.688096718846932
95,0.1746031746031746,-5.524754054265321
95,0.19047619047619047,-0.8163982262807918
95,0.20634920634920634,6.143756283490527
95,0.2222222222222222,5.51271538607673
95,0.23809523809523808,2.0343372938279805
95,0.25396825396825395,-0.7049808262483408
95,0.2698412698412698,-8.10518185029425
95,0.2857142857142857,-4.245610433204453
95,0.30158730158730157,-3.126983082802862
95,0.31746031746031744,1.1852411882764553
95,0.3333333333333333,-5.560796184767916
95,0.3492063492063492,-5.323244207131371
95,0.36507936507936506,2.842649724929711
95,0.38095238095238093,2.8525491563066523
95,0.3968253968253968,9.647481175158179
95,0.4126984126984127,-4.807363855331083
95,0.42857142857142855,1.3447028272996393
95,0.4444444444444444,0.7982177568747617
95,0.4603174603174603,0.5520459795076835
95,0.47619047619047616,-11.60665049848545
95,0.49206349206349204,2.788443337759926
96,0.0,-1.4210854715202004e-14
96,0.014492753623188406,-8.775907378170224
96,0.028985507246376812,-3.807789992603007
96,0.043478260869565216,-7.539080659074431
96,0.057971014492753624,13.655851400595674
96,0.07246376811594203,-4.721153298351406
96,0.08695652173913043,-1.7748902804870144
96,0.10144927536231885,3.4301249332490205
96,0.11594202898550725,8.818761991794613
96,0.13043478260869565,3.3715354025215847
96,0.14492753623188406,-11.990628243512539
96,0.15942028985507248,-7.072682609286057
96,0.17391304347826086,-5.087649866186513
96,0.18840579710144928,0.6647105797050896
96,0.2028985507246377,-0.038500132966047484
96,0.21739130434782608,2.0362888886305237
96,0.2318840579710145,3.362080701624148
96,0.2463768115942029,0.3225116032844404
96,0.2608695652173913,-1.5773241622755105
96,0.2753623188405797,-5.615569426872678
96,0.2898550724637681,-0.2747186837626785
96,0.30434782608695654,-0.25342125601877263
96,0.31884057971014496,6.812852437167256
96,0.3333333333333333,-8.704003068264095
96,0.34782608695652173,3.7705716860167007
96,0.36231884057971014,-0.6299366334841402
96,0.37681159420289856,-10.258660132475203
96,0.391304347826087,3.7613958209276137
96,0.4057971014492754,2.5565878415862704
96,0.42028985507246375,-2.807822616495339
96,0.43478260869565216,-3.0177758954651432
96,0.4492753623188406,-13.901433556767113
96,0.463768115942029,2.0890686526804543
96,0.4782608695652174,0.9455319975358867
96,0.4927536231884058,-0.5812371287944371
97,0.0,0.0
97,0.015873015873015872,-0.44873675329000473
97,0.031746031746031744,-8.663531848847215
97,0.047619047619047616,4.632468723145793
97,0.06349206349206349,-4.072040809990803
97,0.07936507936507936,-6.270384994144866
97,0.09523809523809523,5.2668599755520304
97,0.1111111111111111,-5.208924665570362
97,0.12698412698412698,-2.563432295151382
97,0.14285714285714285,0.7653631036898374
97,0.15873015873015872,-3.8474726624138382
97,0.1746031746031746,5.508591717653481
97,0.19047619047619047,-0.7499118969059757
97,0.20634920634920634,-10.325143171986452
97,0.2222222222222222,-2.318739093848626
97,0.23809523809523808,2.76134985054043
97,0.25396825396825395,-3.55637151835181
97,0.2698412698412698,-7.38651493660715
97,0.2857142857142857,-2.0346330218136863
97,0.30158730158730157,-6.905431073843905
97,0.31746031746031744,1.4927628958605452
97,0.3333333333333333,-10.98890318844853
97,0.3492063492063492,-1.3922195837329512
97,0.36507936507936506,10.341059124906023
97,0.38095238095238093,-12.5836098425418
97,0.3968253968253968,-3.860870497832873
97,0.4126984126984127,0.5762121511822365
97,0.42857142857142855,-3.2307297406723796
97,0.4444444444444444,4.419936397984923
97,0.4603174603174603,5.155327711226262
97,0.47619047619047616,6.569719056573289
97,0.49206349206349204,2.606118471739645
98,0.0,1.1546319456101628e-14
98,0.015384615384615385,6.387373817167685
98,0.03076923076923077,-6.925916327634474
98,0.046153846153846156,5.275983839106303
98,0.06153846153846154,2.6516105659169855
98,0.07692307692307693,-10.130490230701714
98,0.09230769230769231,5.403662081403619
98,0.1076923076923077,-0.40307106915726365
98,0.12307692307692308,-19.034277392831374
98,0.13846153846153847,3.0889244017126964
98,0.15384615384615385,-4.530755621236665
98,0.16923076923076924,-3.393760066345732
98,0.18461538461538463,0.23626769294118266
98,0.2,-3.6087033892184603
98,0.2153846153846154,-2.7369539990432905
98,0.23076923076923078,-8.357642834660254
98,0.24615384615384617,0.9485203894600658
98,0.26153846153846155,-1.2047546062231431
98,0.27692307692307694,-0.04501570847121528
98,0.2923076923076923,-11.540456571672614
98,0.3076923076923077,1.2535451242844389
98,0.3230769230769231,9.281873237993368
98,0.3384615384615385,-6.167708032494254
98,0.35384615384615387,6.12902505358727
98,0.36923076923076925,3.671410138647014
98,0.38461538461538464,0.6362366595512563
98,0.4,-0.9700232514688224
98,0.4153846153846154,-0.4104342944195112
98,0.4307692307692308,3.43463173513627
98,0.4461538461538462,4.955839193445257
98,0.46153846153846156,-1.2376310955126022
98,0.47692307692307695,-7.88785137001672
98,0.49230769230769234,-1.2065066367143154
99,0.0,-1.0658141036401503e-14
99,0.022222222222222223,-6.63527155920925
99,0.044444444444444446,5.250938726335897
99,0.06666666666666667,-1.3742068508603178
99,0.08888888888888889,3.684026105263065
99,0.11111111111111112,-6.451727546441747
99,0.13333333333333333,4.9110130244682315
99,0.15555555555555556,1.6073359461181729
99,0.17777777777777778,3.0949510121514643
99,0.2,-9.049045614951318
99,0.22222222222222224,-8.604051666091307
99,0.24444444444444446,-3.402009294463071
99,0.26666666666666666,4.285796500563096
99,0.2888888888888889,-2.8815301163850724
99,0.3111111111111111,-9.62743874469915
99,0.33333333333333337,-3.4126547772276377
99,0.35555555555555557,2.387427869434671
99,0.37777777777777777,-3.6079299057134926
99,0.4,3.925679418381174
99,0.4222222222222222,3.3790161666713012
99,0.4444444444444445,-1.1576637373521774
99,0.4666666666666667,-0.10017728060340492
99,0.48888888888888893,-3.6567578053235406
100,0.0,-1.1435297153639112e-14
100,0.014925373134328358,2.6056461124053345
100,0.029850746268656716,-5.089193259592572
100,0.04477611940298507,-5.342812647249396
100,0.05970149253731343,7.496101511716645
100,0.07462686567164178,-0.45341619282780055
100,0.08955223880597014,-3.3299960151716235
100,0.1044776119402985,-0.9421122096322365
100,0.11940298507462686,-5.249483569074277
100,0.13432835820895522,1.3285106648075615
100,0.14925373134328357,10.80829470807859
100,0.16417910447761194,1.5206594783780933
100,0.1791044776119403,-7.221993634578875
100,0.19402985074626866,-4.100681984400307
100,0.208955223880597,-0.37861751538059185
100,0.22388059701492538,-5.008879052738125
100,0.23880597014925373,-3.1035869309702973
100,0.2537313432835821,-2.8497705146992796
100,0.26865671641791045,10.303853529796912
100,0.2835820895522388,6.279411790411349
100,0.29850746268656714,-2.8771073996636147
100,0.31343283582089554,-6.728015026078437
100,0.3283582089552239,-17.60620512334544
100,0.34328358208955223,-11.149315728493495
100,0.3582089552238806,-2.9745939579686205
100,0.3731343283582089,0.5979690231847341
100,0.3880597014925373,5.144121230265618
100,0.40298507462686567,-10.718767598963577
100,0.417910447761194,3.2091125087068373
100,0.43283582089552236,-0.1044236798188809
100,0.44776119402985076,10.293410780141166
100,0.4626865671641791,-3.2249030784402013
100,0.47761194029850745,-0.1682897310603735
100,0.4925373134328358,7.155434644066243
101,0.0,-2.220446049250313e-14
101,0.015625,0.1403843713016979
101,0.03125,2.764420489715036
101,0.046875,9.139164533654917
101,0.0625,-10.949617965956666
101,0.078125,-7.563566146901215
101,0.09375,8.722371024230315
101,0.109375,0.07855941901910013
101,0.125,-10.200959187112566
101,0.140625,5.543728534380437
101,0.15625,-5.528439932261105
101,0.171875,0.5133769487118565
101,0.1875,-2.9183933093343275
101,0.203125,-2.739474628025277
101,0.21875,-11.83369518014682
101,0.234375,-0.08650809012267535
101,0.25,-0.450971471789015
101,0.265625,1.6126659201969553
101,0.28125,1.0127358459400142
101,0.296875,-7.742394801839865
101,0.3125,-2.561949204363525
101,0.328125,-4.096483992732857
101,0.34375,-5.327985777106554
101,0.359375,-0.52249683674702
101,0.375,5.7564391982781675
101,0.390625,7.840191054877163
101,0.40625,3.820213149806109
101,0.421875,-0.1873712996409589
101,0.4375,-2.976722319150006
101,0.453125,0.7776395734854944
101,0.46875,-6.264963294320259
101,0.484375,-13.955018279581916
102,0.0,-4.75175454539567e-14
102,0.015384615384615385,4.754198554789924
102,0.03076923076923077,-7.741428189716949
102,0.046153846153846156,-7.630512690408501
102,0.06153846153846154,-2.2963749491376384
102,0.07692307692307693,-5.32791156307357
102,0.09230769230769231,-7.904951710073758
102,0.1076923076923077,-4.4603856113285705
102,0.12307692307692308,1.747240860200714
102,0.13846153846153847,2.9236977875919936
102,0.15384615384615385,-5.873306115659368
102,0.16923076923076924,8.553841052592368
102,0.18461538461538463,1.4539018493981768
102,0.2,-1.6349133567842693
102,0.2153846153846154,-11.029492408670615
102,0.23076923076923078,-0.06602957777996377
102,0.24615384615384617,2.8681044702922165
102,0.26153846153846155,-5.334301202619958
102,0.27692307692307694,9.759454930938746
102,0.2923076923076923,-4.419832813243676
102,0.3076923076923077,-12.75564868031977
102,0.3230769230769231,3.924325099174723
102,0.3384615384615385,-0.9634866812775096
102,0.35384615384615387,5.185493303078548
102,0.36923076923076925,5.377249652942817
102,0.38461538461538464,-4.465533089114722
102,0.4,9.893178911389994
102,0.4153846153846154,-6.623431152323565
102,0.4307692307692308,-0.5768725853937213
102,0.4461538461538462,0.19504335804247708
102,0.46153846153846156,-5.3569888411959985
102,0.47692307692307695,-0.6847019088436197
102,0.49230769230769234,0.11402648256923076
103,0.0,1.9539925233402755e-14
103,0.018518518518518517,0.5502979675215456
103,0.037037037037037035,-4.183356180761446
103,0.05555555555555555,-6.287775046451245
103,0.07407407407407407,4.0612147590311025
103,0.09259259259259259,11.170564351013255
103,0.1111111111111111,-1.0362287840796
103,0.12962962962962962,-11.33376080569806
103,0.14814814814814814,-1.7081075533661587
103,0.16666666666666666,-8.132790593177988
103,0.18518518518518517,3.590476036826572
103,0.2037037037037037,2.0844416323915214
103,0.2222222222222222,-4.0820736786527245
103,0.24074074074074073,0.23053363089715528
103,0.25925925925925924,-8.33642871098818
103,0.2777777777777778,7.868018452526188
103,0.2962962962962963,0.32314643079548755
103,0.31481481481481477,-6.407431856379531
103,0.3333333333333333,5.647881512324978
103,0.35185185185185186,2.1864881105333454
103,0.37037037037037035,-3.5431100093636987
103,0.38888888888888884,-0.8167234035081747
103,0.4074074074074074,-1.1973784763704662
103,0.42592592592592593,4.111022813082148
103,0.4444444444444444,-0.23703120994790705
103,0.4629629629629629,-3.90372564996236
103,0.48148148148148145,-1.2343032633801645
104,0.0,1.865174681370263e-14
104,0.015384615384615385,-6.42297419701608
104,0.03076923076923077,-1.2613927235067797
104,0.046153846153846156,3.9015837429050775
104,0.06153846153846154,0.4186592836067855
104,0.07692307692307693,0.9037215392470781
104,0.09230769230769231,-4.502474418681767
104,0.1076923076923077,-8.19191489332977
104,0.12307692307692308,-6.264973025750169
104,0.13846153846153847,1.4022772392239453
104,0.15384615384615385,-3.7819955388337343
104,0.16923076923076924,-15.216189937967204
104,0.18461538461538463,5.970206170860116
104,0.2,0.5443400677994956
104,0.2153846153846154,5.120934053879973
104,0.23076923076923078,-3.058255848437855
104,0.24615384615384617,-12.497166992744777
104,0.26153846153846155,7.48105763049935
104,0.27692307692307694,-3.6760847272227926
104,0.2923076923076923,-2.6441089214135074
104,0.3076923076923077,-3.959657248002875
104,0.3230769230769231,2.911075780940155
104,0.3384615384615385,3.2534342946347166
104,0.35384615384615387,0.5581521106622813
104,0.36923076923076925,-1.0527273243634883
104,0.38461538461538464,4.83937802971637
104,0.4,-9.677467711913849
104,0.4153846153846154,2.813611473632916
104,0.4307692307692308,3.46888739565404
104,0.4461538461538462,-6.185477083306919
104,0.46153846153846156,9.412995973173041
104,0.47692307692307695,-2.0032198092728213
104,0.49230769230769234,-6.400568633371888
105,0.0,-3.019806626980426e-14
105,0.01282051282051282,-2.367129945715582
105,0.02564102564102564,-4.978131246288592
105,0.038461538461538464,1.3646082939506634
105,0.05128205128205128,-0.6464787819168767
105,0.0641025641025641,0.8837305108471629
105,0.07692307692307693,-13.186062701995493
105,0.08974358974358974,-1.62452864638799
105,0.10256410256410256,-2.2078683599197686
105,0.11538461538461538,7.035332511780327
105,0.1282051282051282,2.8233900383049937
105,0.14102564102564102,-10.591689624224212
105,0.15384615384615385,7.187903290626753
105,0.16666666666666666,-8.822387338040546
105,0.1794871794871795,-4.119287620955862
105,0.1923076923076923,-14.508986825363476
105,0.20512820512820512,3.780974799862923
105,0.21794871794871795,3.892154197733262
105,0.23076923076923075,-5.72994838534877
105,0.24358974358974358,-4.593760838943566
105,0.2564102564102564,1.1931726961329858
105,0.2692307692307692,-6.501496274245582
105,0.28205128205128205,-2.098297446184047
105,0.2948717948717949,1.9988131078837332
105,0.3076923076923077,0.7222760808840158
105,0.3205128205128205,7.536757601043257
105,0.3333333333333333,-5.553603636092774
105,0.34615384615384615,-7.301911831352527
105,0.358974358974359,-3.356439096350889
105,0.3717948717948718,8.006887873866123
105,0.3846153846153846,2.614141719080403
105,0.3974358974358974,3.6770652495526845
105,0.41025641025641024,-4.529469476315533
105,0.4230769230769231,-1.17065185299602
105,0.4358974358974359,2.1614699339000945
105,0.4487179487179487,2.9631064112083285
105,0.4615384615384615,-7.266456954334961
105,0.47435897435897434,0.4264057172889206
105,0.48717948717948717,-6.984580837331761
106,0.0,-1.7763568394002505e-14
106,0.017241379310344827,0.240467442356173
106,0.034482758620689655,7.3782774761704415
106,0.05172413793103448,-4.0126700342249775
106,0.06896551724137931,-4.7002187079157265
106,0.08620689655172414,3.906900409954093
106,0.10344827586206896,-6.25961966518755
106,0.12068965517241378,-15.132229956983736
106,0.13793103448275862,2.294992321540426
106,0.15517241379310345,-5.057652421231919
106,0.1724137931034483,4.942830556826658
106,0.1896551724137931,-9.570942495117162
106,0.20689655172413793,-2.2440498905695354
106,0.22413793103448276,-7.812107437421586
106,0.24137931034482757,6.061065638133889
106,0.25862068965517243,-2.5888963580294364
106,0.27586206896551724,2.6150771388767304
106,0.29310344827586204,-5.3966285611882885
106,0.3103448275862069,-5.569104832141807
106,0.3275862068965517,-0.5765729486421374
106,0.3448275862068966,1.7838728746765788
106,0.3620689655172414,-5.714497170839679
106,0.3793103448275862,-8.58050449108342
106,0.39655172413793105,3.6957504479141936
106,0.41379310344827586,-1.8249152389050705
106,0.43103448275862066,1.4738404029242467
106,0.4482758620689655,3.5867835402178025
106,0.46551724137931033,-1.727024250679393
106,0.48275862068965514,2.5623422663457633
107,0.0,-5.329070518200751e-15
107,0.01282051282051282,1.6274407508307327
107,0.02564102564102564,1.1756291403830774
107,0.038461538461538464,-1.4210245090213445
107,0.05128205128205128,-3.1129118116706094
107,0.0641025641025641,5.972080168667803
107,0.07692307692307693,-10.143539749688538
107,0.08974358974358974,-1.4487733400187093
107,0.10256410256410256,0.5772498347425428
107,0.11538461538461538,-4.387058623586748
107,0.1282051282051282,-5.008905490147375
107,0.14102564102564102,2.421489029508696
107,0.15384615384615385,3.9031528240480724
107,0.16666666666666666,10.189072329059613
107,0.1794871794871795,1.8121094811249026
107,0.1923076923076923,1.8769744201241543
107,0.20512820512820512,3.1578481677538797
107,0.21794871794871795,-4.808032850429615
107,0.23076923076923075,-6.261340208016487
107,0.24358974358974358,-4.583081089278627
107,0.2564102564102564,4.28486369460223
107,0.2692307692307692,1.3085403548921386
107,0.28205128205128205,-0.41331759725653416
107,0.2948717948717949,-6.488224740231626
107,0.3076923076923077,-4.003179233604394
107,0.3205128205128205,-0.36941434478728796
107,0.3333333333333333,-1.469860710911381
107,0.34615384615384615,-8.794043518965838
107,0.358974358974359,-2.819692136894318
107,0.3717948717948718,8.409373902102248
107,0.3846153846153846,1.8687674813823119
107,0.3974358974358974,-6.169526572081849
107,0.41025641025641024,-12.209688892488414
107,0.4230769230769231,-10.480794986970471
107,0.4358974358974359,-7.118665945500512
107,0.4487179487179487,9.067453452866523
107,0.4615384615384615,-2.966640406261045
107,0.47435897435897434,-8.829945074838733
107,0.48717948717948717,11.206106470862863
108,0.0,7.993605777301127e-15
108,0.0196078431372549,0.7601963587796128
108,0.0392156862745098,-7.042145442751568
108,0.058823529411764705,4.646393607796927
108,0.0784313725490196,-1.9408935292926088
108,0.09803921568627451,-6.939541844445102
108,0.11764705882352941,4.819846480462298
108,0.13725490196078433,-0.6152066136517127
108,0.1568627450980392,0.986420016836997
108,0.1764705882352941,2.833400283805139
108,0.19607843137254902,0.2819354447110407
108,0.21568627450980393,-4.829590979376466
108,0.23529411764705882,-4.576156161200737
108,0.2549019607843137,-1.632372947049996
108,0.27450980392156865,-10.64236611303944
108,0.29411764705882354,-1.4361490210625067
108,0.3137254901960784,-8.947274183645613
108,0.3333333333333333,-5.571830345078565
108,0.3529411764705882,7.084014782473604
108,0.37254901960784315,3.3693884383020105
108,0.39215686274509803,0.4968059604321846
108,0.4117647058823529,3.893634215744454
108,0.43137254901960786,-1.1255289651711824
108,0.45098039215686275,-13.122996020071515
108,0.47058823529411764,5.033749087930211
108,0.49019607843137253,0.8495465779783175
109,0.0,1.509903313490213e-14
109,0.013888888888888888,-0.45470704323409405
109,0.027777777777777776,-7.874540977314092
109,0.041666666666666664,2.235962040336381
109,0.05555555555555555,-4.276059591224023
109,0.06944444444444445,-3.451428801415222
109,0.08333333333333333,4.325225072855559
109,0.09722222222222221,-0.9959920004145886
109,0.1111111111111111,-2.948210350579457
109,0.125,-8.939157750733068
109,0.1388888888888889,-0.5759162312576436
109,0.15277777777777776,-1.8126129686275194
109,0.16666666666666666,2.512898277141897
109,0.18055555555555555,6.655731836825318
109,0.19444444444444442,-1.098314262901884
109,0.20833333333333331,-1.5979917524136336
109,0.2222222222222222,-6.268433461363548
109,0.2361111111111111,-1.9497580896151625
109,0.25,-2.8610422455225812
109,0.2638888888888889,7.699619634174285
109,0.2777777777777778,-0.8064471017440513
109,0.29166666666666663,-4.458974038535311
109,0.3055555555555555,4.844346778775035
109,0.3194444444444444,-5.4233311797216395
109,0.3333333333333333,-4.006184183234883
109,0.3472222222222222,-0.43314081789814085
109,0.3611111111111111,-16.228373248418706
109,0.375,-5.009647694723638
109,0.38888888888888884,0.8829256090019162
109,0.40277777777777773,16.542019315351205
109,0.41666666666666663,-8.490838397021161
109,0.4305555555555555,-0.43417770346057094
109,0.4444444444444444,2.1023357392967603
109,0.4583333333333333,10.424318073030722
109,0.4722222222222222,0.14507442744617371
109,0.4861111111111111,-7.096512956954671
110,0.0,-1.1435297153639112e-14
110,0.01694915254237288,-2.7114499385403543
110,0.03389830508474576,-2.829493583923511
110,0.05084745762711865,7.6483724296874716
110,0.06779661016949153,7.283967969908484
110,0.0847457627118644,0.6050512014936325
110,0.1016949152542373,-11.085467427506705
110,0.11864406779661017,-6.127886781615774
110,0.13559322033898305,-1.6056062819974886
110,0.15254237288135594,-7.881431507523169
110,0.1694915254237288,-4.094768475862
110,0.1864406779661017,-4.596247162672388
110,0.2033898305084746,1.95626749548708
110,0.22033898305084745,-6.37622865401797
110,0.23728813559322035,-9.017270589057794
110,0.2542372881355932,5.415178743451451
110,0.2711864406779661,-5.028770666125732
110,0.288135593220339,3.926691016122045
110,0.3050847457627119,-5.867830954979487
110,0.3220338983050847,-6.352829382331142
110,0.3389830508474576,7.046273062355961
110,0.3559322033898305,-5.158696593488197
110,0.3728813559322034,-0.7637545227084209
110,0.3898305084745763,-2.83398268933261
110,0.4067796610169492,3.180326917352578
110,0.423728813559322,2.7460564782743155
110,0.4406779661016949,6.676859349923586
110,0.4576271186440678,0.6331767996149559
110,0.4745762711864407,-0.8609593427595924
110,0.4915254237288136,-2.2572018807170324
111,0.0,8.881784197001252e-16
111,0.016666666666666666,1.9916752731554657
111,0.03333333333333333,1.1045140660409487
111,0.05,-6.131066624407151
111,0.06666666666666667,-6.809396842032562
111,0.08333333333333333,0.10628707785599767
111,0.1,12.607442363778084
111,0.11666666666666667,-0.8670328434864332
111,0.13333333333333333,-0.4626202890872779
111,0.15,4.794190155880725
111,0.16666666666666666,0.6832306206628411
111,0.18333333333333332,-3.7741872250120423
111,0.2,-3.7612055927653065
111,0.21666666666666667,-9.088939864625038
111,0.23333333333333334,-3.720453369198281
111,0.25,10.359389590478054
111,0.26666666666666666,-0.4105651385269098
111,0.2833333333333333,-1.4058039486241167
111,0.3,-0.8044625790118156
111,0.31666666666666665,1.9698996610553705
111,0.3333333333333333,-7.113863524548633
111,0.35,0.10661990859989956
111,0.36666666666666664,-5.830163903796
111,0.3833333333333333,-4.96170818348112
111,0.4,0.06647794517014116
111,0.4166666666666667,-3.19654377828719
111,0.43333333333333335,3.50803371852626
111,0.45,1.804125694493968
111,0.4666666666666667,-9.713696707658205
111,0.48333333333333334,-5.015751883513419
112,0.0,2.3314683517128287e-14
112,0.018518518518518517,8.68553840519514
112,0.037037037037037035,-6.98053679567559
112,0.05555555555555555,5.065634117024064
112,0.07407407407407407,-7.945842586866545
112,0.09259259259259259,2.6535310806821144
112,0.1111111111111111,-4.88392862155332
112,0.12962962962962962,5.124222987619827
112,0.14814814814814814,-2.0556167260488762
112,0.16666666666666666,-6.9576645372257175
112,0.18518518518518517,-5.298550094448755
112,0.2037037037037037,-4.998930784019157
112,0.2222222222222222,-5.974864323659827
112,0.24074074074074073,-3.424253626870609
112,0.25925925925925924,1.466311417792434
112,0.2777777777777778,2.912313284990378
112,0.2962962962962963,-8.163549981100727
112,0.31481481481481477,7.258294479964389
112,0.3333333333333333,2.5243071095984497
112,0.35185185185185186,-0.5205476364344278
112,0.37037037037037035,-4.784419254632885
112,0.38888888888888884,2.6319844932329435
112,0.4074074074074074,-11.147463265101143
112,0.42592592592592593,-3.0508506109422373
112,0.4444444444444444,2.1363544642262506
112,0.4629629629629629,-3.767386249828266
112,0.48148148148148145,1.9598755465742115
113,0.0,-1.6431300764452317e-14
113,0.02127659574468085,-1.6376614030714156
113,0.0425531914893617,3.0558340636810026
113,0.06382978723404255,0.1785620990484782
113,0.0851063829787234,10.230399751593085
113,0.10638297872340426,-8.985397495727378
113,0.1276595744680851,-5.4038073907716
113,0.14893617021276595,-7.972277781959091
113,0.1702127659574468,-5.0870965592203365
113,0.19148936170212766,-9.299136603246449
113,0.2127659574468085,-2.5854258346013808
113,0.23404255319148937,2.183524899210636
113,0.2553191489361702,4.78737262515653
113,0.2765957446808511,-5.135924220324229
113,0.2978723404255319,0.9293162172674261
113,0.3191489361702128,-5.168015244132566
113,0.3404255319148936,-3.498116536596358
113,0.36170212765957444,1.9339361619916584
113,0.3829787234042553,-9.974179210148089
113,0.40425531914893614,8.169085346221818
113,0.425531914893617,0.8756638995291096
113,0.44680851063829785,-0.2986003978039852
113,0.46808510638297873,-1.6432115116603498
113,0.48936170212765956,2.4676819060377326
114,0.0,8.215650382226158e-15
114,0.014285714285714285,8.681193987254737
114,0.02857142857142857,3.9497041768480843
114,0.04285714285714286,-11.605012234139446
114,0.05714285714285714,0.7111323604692421
114,0.07142857142857142,4.343095598378731
114,0.08571428571428572,-3.1302334029668675
114,0.09999999999999999,0.04503767994304164
114,0.11428571428571428,-5.859543100099068
114,0.12857142857142856,-4.523822370080699
114,0.14285714285714285,-8.931483312002598
114,0.15714285714285714,-4.055818326227538
114,0.17142857142857143,-14.273604888432931
114,0.18571428571428572,5.015393322201524
114,0.19999999999999998,-2.6067345440978693
114,0.21428571428571427,1.0866810479160667
114,0.22857142857142856,5.867883919830577
114,0.24285714285714285,1.1546938527991624
114,0.2571428571428571,-7.836024845939322
114,0.2714285714285714,-8.089188173512945
114,0.2857142857142857,2.014896697440243
114,0.3,-2.05522510204265
114,0.3142857142857143,-2.4696634511581945
114,0.32857142857142857,1.2234190851331013
114,0.34285714285714286,0.8561886961661851
114,0.35714285714285715,-5.015596861287792
114,0.37142857142857144,-1.9870645512552767
114,0.3857142857142857,-3.831094830369122
114,0.39999999999999997,-6.261379909725273
114,0.41428571428571426,-5.265276438518914
114,0.42857142857142855,-1.0566300537168964
114,0.44285714285714284,7.326403634346419
114,0.45714285714285713,9.757938115355154
114,0.4714285714285714,-6.899319511912712
114,0.4857142857142857,7.076532067641659
115,0.0,-7.216449660063518e-16
115,0.012048192771084338,-0.5064200846127438
115,0.024096385542168676,2.678164788836619
115,0.03614457831325302,2.3706725256152796
115,0.04819277108433735,-4.895175510218127
115,0.060240963855421686,-13.634105893446385
115,0.07228915662650603,1.165274328064672
115,0.08433734939759037,-4.588873195129607
115,0.0963855421686747,-2.9642311804068284
115,0.10843373493975904,1.502258768832481
115,0.12048192771084337,5.391263935786914
115,0.13253012048192772,-4.509261150638659
115,0.14457831325301207,4.425204506748063
115,0.1566265060240964,3.186996866307428
115,0.16867469879518074,5.497520390790146
115,0.18072289156626506,-1.6032953618906982
115,0.1927710843373494,-2.6369301188345746
115,0.20481927710843376,0.44007115127446095
115,0.21686746987951808,-8.916606672931463
115,0.22891566265060243,-6.259947954142377
115,0.24096385542168675,-3.711327247995081
115,0.2530120481927711,-0.8263319496904512
115,0.26506024096385544,0.4947803801766525
115,0.27710843373493976,5.202238760505328
115,0.28915662650602414,9.320505893807368
115,0.30120481927710846,7.1639081370497575
115,0.3132530120481928,-0.29430152687148803
115,0.3253012048192771,-2.3277102274752632
115,0.3373493975903615,-8.152607117158547
115,0.3493975903614458,4.5318403944012475
115,0.3614457831325301,-12.786350010439525
115,0.3734939759036145,3.230946771966555
115,0.3855421686746988,-6.540184379839855
115,0.39759036144578314,8.092013112652397
115,0.4096385542168675,1.9654486794410477
115,0.42168674698795183,-17.91733424131199
115,0.43373493975903615,-1.1512827201332145
115,0.44578313253012053,3.342586027760659
115,0.45783132530120485,-11.6975758943178
115,0.46987951807228917,-0.7508914423853086
115,0.4819277108433735,7.4585852446002585
115,0.49397590361445787,-0.3665142934095702
116,0.0,-2.220446049250313e-15
116,0.022222222222222223,5.671461101552366
116,0.044444444444444446,-6.386843378445017
116,0.06666666666666667,-1.9452390147350944
116,0.08888888888888889,1.8393164355572793
116,0.11111111111111112,-13.822279228989046
116,0.13333333333333333,-1.2035151705222722
116,0.15555555555555556,-0.590141722554679
116,0.17777777777777778,-4.060904021487292
116,0.2,3.61648149724186
116,0.22222222222222224,2.926397338961239
116,0.24444444444444446,-2.2202086375980588
116,0.26666666666666666,-5.175790238343206
116,0.2888888888888889,-6.163424932247338
116,0.3111111111111111,-0.4131248494127684
116,0.33333333333333337,-0.4707018262613252
116,0.35555555555555557,5.376719570386276
116,0.37777777777777777,-11.84220364458115
116,0.4,-0.7657923504629403
116,0.4222222222222222,-5.848572994317031
116,0.4444444444444445,4.511498124260878
116,0.4666666666666667,8.615688202479575
116,0.48888888888888893,-1.8860465323405666
117,0.0,-2.220446049250313e-15
117,0.02127659574468085,0.8936764798656773
117,0.0425531914893617,-7.8997750396272695
117,0.06382978723404255,-4.4258911683264
117,0.0851063829787234,-2.100822408076237
117,0.10638297872340426,4.749108106410594
117,0.1276595744680851,1.308617189608453
117,0.14893617021276595,-1.9144515927887884
117,0.1702127659574468,1.458828704786469
117,0.19148936170212766,-0.2700453626335879
117,0.2127659574468085,-3.000575818148092
117,0.23404255319148937,-2.1545876538709052
117,0.2553191489361702,-5.834663106700416
117,0.2765957446808511,-10.584205687384452
117,0.2978723404255319,-2.4671566216957013
117,0.3191489361702128,-3.177166371020169
117,0.3404255319148936,1.7405515450231115
117,0.36170212765957444,-5.446703708011897
117,0.3829787234042553,-5.5345650530648145
117,0.40425531914893614,8.984069518296506
117,0.425531914893617,3.3045396210553615
117,0.44680851063829785,1.3032565540108307
117,0.46808510638297873,-3.5001981344499105
117,0.48936170212765956,4.92238752213356
118,0.0,1.0880185641326534e-14
118,0.023255813953488372,5.077462060518496
118,0.046511627906976744,-4.105388051083924
118,0.06976744186046512,-7.28286975370123
118,0.09302325581395349,-0.47402106004792866
118,0.11627906976744186,-2.731658954712454
118,0.13953488372093023,1.1973370514308943
118,0.16279069767441862,3.7538891118550732
118,0.18604651162790697,3.4071447504436043
118,0.20930232558139533,-6.467546187927566
118,0.23255813953488372,-2.3475995659472875
118,0.2558139534883721,-0.3476585824744384
118,0.27906976744186046,-4.057654363044564
118,0.3023255813953488,0.5026835090986114
118,0.32558139534883723,-0.31441277779801124
118,0.3488372093023256,-4.759171948273494
118,0.37209302325581395,-7.905343774714607
118,0.3953488372093023,-2.9003570416610422
118,0.41860465116279066,-5.587850716324968
118,0.4418604651162791,7.6201505960779965
118,0.46511627906976744,-2.338340041459323
118,0.4883720930232558,2.8575963584130846
119,0.0,-1.1102230246251565e-15
119,0.025,-1.52654872666652
119,0.05,-0.8644903652109992
119,0.07500000000000001,-7.589924944614646
119,0.1,1.3920969765880475
119,0.125,-5.090463438992611
119,0.15000000000000002,-2.8033540701253226
119,0.17500000000000002,-4.263853100647099
119,0.2,-3.308131708313097
119,0.225,-5.739433673581446
119,0.25,-8.05599612492825
119,0.275,6.564549649674821
119,0.30000000000000004,5.725153934256257
119,0.325,-5.828285628824647
119,0.35000000000000003,-4.919515098576822
119,0.375,7.801039578688567
119,0.4,-2.908864888859168
119,0.42500000000000004,-0.6298611173961972
119,0.45,-5.531578159222842
119,0.47500000000000003,2.930317275881979
120,0.0,2.398081733190338e-14
120,0.013157894736842105,0.7177777203387441
120,0.02631578947368421,-2.48454405293238
120,0.039473684210526314,-8.803821639342859
120,0.05263157894736842,1.9990287646658293
120,0.06578947368421052,-1.8178931938622682
120,0.07894736842105263,0.15203981421316248
120,0.09210526315789473,6.1066970742183155
120,0.10526315789473684,-9.93574114873294
120,0.11842105263157894,5.251947630503999
120,0.13157894736842105,3.3738185974262116
120,0.14473684210526316,-18.73028181741479
120,0.15789473684210525,-1.0003700626241074
120,0.17105263157894735,-8.88280713572101
120,0.18421052631578946,-7.972193773661967
120,0.19736842105263158,-2.768794471037073
120,0.21052631578947367,-2.9624800524323445
120,0.22368421052631576,-0.8363409238414143
120,0.23684210526315788,2.97360832997476
120,0.25,1.7782893192645401
120,0.2631578947368421,-6.837245505085771
120,0.2763157894736842,3.090923867182792
120,0.2894736842105263,6.353917156092702
120,0.3026315789473684,-2.783804211905851
120,0.3157894736842105,-6.093646754547748
120,0.3289473684210526,-2.7416603446753274
120,0.3421052631578947,-5.662682213038218
120,0.35526315789473684,7.411692176264985
120,0.3684210526315789,-3.557084753877379
120,0.381578947368421,-0.6091930486472852
120,0.39473684210526316,3.207368851157237
120,0.40789473684210525,6.835234824112479
120,0.42105263157894735,-1.8588695345985378
120,0.43421052631578944,-4.42324070412906
120,0.4473684210526315,8.743742900299779
120,0.4605263157894737,-1.9081212552047635
120,0.47368421052631576,-0.5752908172634995
120,0.48684210526315785,-5.5779756840502115
121,0.0,1.1102230246251565e-14
121,0.015625,-1.8718112561601723
121,0.03125,-3.2634083548291106
121,0.046875,9.63461742930123
121,0.0625,6.096820400285088
121,0.078125,-10.758818988449786
121,0.09375,3.7396120270663813
121,0.109375,-7.194587579799686
121,0.125,-4.160903721727344
121,0.140625,-3.19013116899856
121,0.15625,-0.8983505152017405
121,0.171875,4.629521849661229
121,0.1875,-1.1284477292498356
121,0.203125,-6.388710506639215
121,0.21875,-5.689915815052341
121,0.234375,-1.8955028845956474
121,0.25,0.554822270881209
121,0.265625,-4.423929152984524
121,0.28125,0.8557387086120221
121,0.296875,-7.878157819881989
121,0.3125,-5.539565162287772
121,0.328125,-4.673558568915221
121,0.34375,0.34866067688161084
121,0.359375,7.0317566740602135
121,0.375,-3.3050781552397623
121,0.390625,-3.142509401369539
121,0.40625,7.221030777685148
121,0.421875,2.754911025331139
121,0.4375,-2.6730092405006123
121,0.453125,2.354932609882149
121,0.46875,5.241501560757772
121,0.484375,-4.65791553876708
122,0.0,7.993605777301127e-15
122,0.013888888888888888,-14.146156410012154
122,0.027777777777777776,5.202794766346805
122,0.041666666666666664,-10.031025995803876
122,0.05555555555555555,-12.793488693708401
122,0.06944444444444445,8.9460496908158
122,0.08333333333333333,-1.6746595759903178
122,0.09722222222222221,-0.9801605474256165
122,0.1111111111111111,2.9495220462396627
122,0.125,-9.894097063855531
122,0.1388888888888889,13.723851046220373
122,0.15277777777777776,-6.16350878278576
122,0.16666666666666666,-6.425879568006428
122,0.18055555555555555,5.182766728546056
122,0.19444444444444442,0.6716611200094178
122,0.20833333333333331,3.7377078648976254
122,0.2222222222222222,-2.5256587865620315
122,0.2361111111111111,-3.2091318303461964
122,0.25,-0.433139050389451
122,0.2638888888888889,-2.766372098491315
122,0.2777777777777778,-1.047768313670426
122,0.29166666666666663,-2.87389048286995
122,0.3055555555555555,-5.614959168185129
122,0.3194444444444444,4.566949290561926
122,0.3333333333333333,2.776875657553928
122,0.3472222222222222,-7.531548987160692
122,0.3611111111111111,-10.339031572985414
122,0.375,6.382349111807183
122,0.38888888888888884,-2.6356394892885877
122,0.40277777777777773,1.4718434183873272
122,0.41666666666666663,8.926073264968743
122,0.4305555555555555,-3.0243349283433485
122,0.4444444444444444,-2.6485466826439383
122,0.4583333333333333,0.10562325370182979
122,0.4722222222222222,-0.9098619024083874
122,0.4861111111111111,-6.025533388832024
123,0.0,-1.5987211554602254e-14
123,0.018518518518518517,10.287451422810555
123,0.037037037037037035,2.371796530282018
123,0.05555555555555555,6.246619426611664
123,0.07407407407407407,-3.654497082667193
123,0.09259259259259259,-3.5898158859462845
123,0.1111111111111111,2.1316600701512836
123,0.12962962962962962,-1.442084435307908
123,0.14814814814814814,-6.165005595135792
123,0.16666666666666666,-2.4244617961027437
123,0.18518518518518517,-3.0140810990046196
123,0.2037037037037037,1.2617154379760236
123,0.2222222222222222,0.6896278324135059
123,0.24074074074074073,-1.3107776925911283
123,0.25925925925925924,-7.809564162664965
123,0.2777777777777778,-12.608416744779792
123,0.2962962962962963,2.477640305615615
123,0.31481481481481477,-7.766723503346113
123,0.3333333333333333,-11.984354383960003
123,0.35185185185185186,-5.081412226743401
123,0.37037037037037035,1.6260481433492748
123,0.38888888888888884,1.0545950709783258
123,0.4074074074074074,2.7447912939607098
123,0.42592592592592593,3.324963425458284
123,0.4444444444444444,-6.028358113513946
123,0.4629629629629629,2.11755337178458
123,0.48148148148148145,3.1813830737429116
124,0.0,5.218048215738236e-15
124,0.014925373134328358,-0.19028194886415278
124,0.029850746268656716,0.23121572077227664
124,0.04477611940298507,8.012284886335248
124,0.05970149253731343,-4.734094826873612
124,0.07462686567164178,6.260421745086154
124,0.08955223880597014,-3.2327124924929045
124,0.1044776119402985,-10.00527416068963
124,0.11940298507462686,0.8864543889108674
124,0.13432835820895522,-9.149821177969377
124,0.14925373134328357,-2.04036475540763
124,0.16417910447761194,-6.943607173045218
124,0.1791044776119403,0.6866369696265338
124,0.19402985074626866,-0.05787016779651788
124,0.208955223880597,4.429528065778051
124,0.22388059701492538,-2.0471140241519756
124,0.23880597014925373,-3.469627894323269
124,0.2537313432835821,-4.315777553224767
124,0.26865671641791045,-1.1437480779397162
124,0.2835820895522388,-0.20539093135631956
124,0.29850746268656714,-6.189483931813346
124,0.31343283582089554,-2.919873912281874
124,0.3283582089552239,-9.478387976347104
124,0.34328358208955223,0.8117122558135339
124,0.3582089552238806,6.856070668596661
124,0.3731343283582089,3.050495467072011
124,0.3880597014925373,-0.6820118230302321
124,0.40298507462686567,-2.113381346245555
124,0.417910447761194,2.7127261700961527
124,0.43283582089552236,-4.598683532401903
124,0.44776119402985076,-5.1834640009875645
124,0.4626865671641791,-2.9093221523336887
124,0.47761194029850745,7.737173375008082
124,0.4925373134328358,-4.866182428518963
125,0.0,1.0658141036401503e-14
125,0.018518518518518517,3.9436315116984932
125,0.037037037037037035,-2.8398180627677667
125,0.05555555555555555,5.015584147135235
125,0.07407407407407407,-6.386148805203445
125,0.09259259259259259,0.44583023965329693
125,0.1111111111111111,-11.767441696009758
125,0.12962962962962962,-8.065087742207004
125,0.14814814814814814,6.381056952540425
125,0.16666666666666666,3.0754111722764486
125,0.18518518518518517,2.534115590176926
125,0.2037037037037037,-1.2998575880155507
125,0.2222222222222222,-2.042125381059175
125,0.24074074074074073,-4.8182327021294205
125,0.25925925925925924,-6.779929566714734
125,0.2777777777777778,-4.632553797767563
125,0.2962962962962963,-0.44185679581424664
125,0.31481481481481477,0.3066293036513221
125,0.3333333333333333,-1.9576160917221404
125,0.35185185185185186,-3.7523371565334758
125,0.37037037037037035,1.8531216454195856
125,0.38888888888888884,7.083421692826121
125,0.4074074074074074,3.8741172676100177
125,0.42592592592592593,7.319319960684969
125,0.4444444444444444,-19.008507728797756
125,0.4629629629629629,2.383856038273944
125,0.48148148148148145,-3.1056645355858077
126,0.0,-2.0650148258027912e-14
126,0.018867924528301886,-3.821267354732568
126,0.03773584905660377,1.4526953582318696
126,0.05660377358490566,-0.47981579059870527
126,0.07547169811320754,-4.950149090382385
126,0.09433962264150943,-0.1647167724223053
126,0.11320754716981132,1.666985074815042
126,0.1320754716981132,-2.959507773876169
126,0.1509433962264151,1.3764963853781453
126,0.16981132075471697,-7.281404059879417
126,0.18867924528301885,-0.5303399059432268
126,0.20754716981132074,-8.042934877573366
126,0.22641509433962265,0.3107862364255304
126,0.24528301886792453,7.660061702453821
126,0.2641509433962264,-4.8792346354680145
126,0.2830188679245283,-0.3340697611394795
126,0.3018867924528302,-5.071655062261004
126,0.32075471698113206,-7.365277074236324
126,0.33962264150943394,-1.0240631384002186
126,0.3584905660377358,-6.140026062695055
126,0.3773584905660377,2.8125057664649367
126,0.3962264150943396,2.422559527153076
126,0.4150943396226415,1.94923072873738
126,0.43396226415094336,-5.43563514129832
126,0.4528301886792453,-7.698747709532322
126,0.4716981132075472,-0.5812261912042594
126,0.49056603773584906,9.890624348538523
127,0.0,3.1086244689504383e-15
127,0.014925373134328358,3.8752943572911587
127,0.029850746268656716,-5.1795964251729725
127,0.04477611940298507,-5.358872607497335
127,0.05970149253731343,-3.4912552313120093
127,0.07462686567164178,3.7691969726771717
127,0.08955223880597014,-3.842591012559816
127,0.1044776119402985,17.56753562701342
127,0.11940298507462686,3.963241162935707
127,0.13432835820895522,-3.812442438767655
127,0.14925373134328357,-4.726940983381347
127,0.16417910447761194,-3.7860837385320942
127,0.1791044776119403,-0.7157775237909645
127,0.19402985074626866,-2.6835884843158393
127,0.208955223880597,-6.801683331769902
127,0.22388059701492538,-3.2398908245170057
127,0.23880597014925373,-2.4736376865708185
127,0.2537313432835821,-7.241230269718956
127,0.26865671641791045,4.26930609860612
127,0.2835820895522388,-6.064636320354327
127,0.29850746268656714,-3.5110724351672338
127,0.31343283582089554,2.5987492409533397
127,0.3283582089552239,-2.148803320754602
127,0.34328358208955223,-0.8033391471668684
127,0.3582089552238806,-7.6543156799672145
127,0.3731343283582089,-3.583691130589554
127,0.3880597014925373,2.899243930717192
127,0.40298507462686567,2.4970550934185423
127,0.417910447761194,11.939267862039731
127,0.43283582089552236,5.647262171421786
127,0.44776119402985076,-1.9525166976624557
127,0.4626865671641791,-12.058434252292615
127,0.47761194029850745,2.3433658730965177
127,0.4925373134328358,-8.289262560815034
128,0.0,1.7763568394002505e-15
128,0.011904761904761904,2.1474688109626068
128,0.023809523809523808,-0.49598630684516376
128,0.03571428571428571,4.60974140218531
128,0.047619047619047616,3.8931523694054313
128,0.05952380952380952,-1.1752463669115478
128,0.07142857142857142,-10.037613450232477
128,0.08333333333333333,1.835580863086085
128,0.09523809523809523,0.44486757636873797
128,0.10714285714285714,-3.801079293431648
128,0.11904761904761904,-2.6119854456742946
128,0.13095238095238093,-4.649489339139136
128,0.14285714285714285,0.48020617953910083
128,0.15476190476190477,-5.696994192428662
128,0.16666666666666666,3.2141896240550776
128,0.17857142857142855,7.284257116533102
128,0.19047619047619047,-3.779936631172596
128,0.20238095238095238,-3.8173822981048784
128,0.21428571428571427,5.147251531886154
128,0.22619047619047616,0.6090214181062787
128,0.23809523809523808,-1.9781145856350648
128,0.25,9.937881584776084
128,0.26190476190476186,-0.9439187204381725
128,0.2738095238095238,-14.731425045898531
128,0.2857142857142857,-7.9582482394932565
128,0.2976190476190476,0.008623852405679866
128,0.30952380952380953,12.904671219101811
128,0.3214285714285714,-6.717090572640117
128,0.3333333333333333,-11.188429642149801
128,0.34523809523809523,-9.355495399400475
128,0.3571428571428571,-14.520902353707251
128,0.369047619047619,4.196949212665936
128,0.38095238095238093,-0.5023019682645522
128,0.39285714285714285,-1.0269339876079093
128,0.40476190476190477,-2.024137480917174
128,0.41666666666666663,-2.3479425278005315
128,0.42857142857142855,4.488139719738721
128,0.44047619047619047,-8.357541503954817
128,0.45238095238095233,12.55626001264368
128,0.46428571428571425,-10.334695128129411
128,0.47619047619047616,-0.92169146644168
128,0.4880952380952381,8.02978075454619
129,0.0,-2.842170943040401e-14
129,0.013888888888888888,0.7236478545647415
129,0.027777777777777776,-0.8613934230131681
129,0.041666666666666664,6.820058589171641
129,0.05555555555555555,-9.974345179546265
129,0.06944444444444445,-0.6493177220093642
129,0.08333333333333333,0.605921407537779
129,0.09722222222222221,1.8355399625098143
129,0.1111111111111111,-8.93192823750264
129,0.125,-0.04591729515628762
129,0.1388888888888889,-5.168053342842241
129,0.15277777777777776,-0.5616051372824251
129,0.16666666666666666,1.048329139165924
129,0.18055555555555555,-3.9421744637968215
129,0.19444444444444442,-2.7865691164161723
129,0.20833333333333331,-12.136103236810591
129,0.2222222222222222,-7.012661354174751
129,0.2361111111111111,-0.8648947968634844
129,0.25,9.59725855531542
129,0.2638888888888889,2.7495544597014767
129,0.2777777777777778,-9.530824028974921
129,0.29166666666666663,2.4673341490253753
129,0.3055555555555555,-1.6054445679501597
129,0.3194444444444444,6.308824948694014
129,0.3333333333333333,0.04376245144236712
129,0.3472222222222222,-7.324988351223503
129,0.3611111111111111,-3.7890964203827275
129,0.375,-7.907822974383654
129,0.38888888888888884,5.319829714974317
129,0.40277777777777773,1.6421281176806244
129,0.41666666666666663,-4.1143781570930935
129,0.4305555555555555,11.47539201049289
129,0.4444444444444444,-1.3596250997864745
129,0.4583333333333333,6.737659590631591
129,0.4722222222222222,-5.485253234220109
129,0.4861111111111111,2.489030204711225
130,0.0,-1.3655743202889425e-14
130,0.014925373134328358,-8.232665004246309
130,0.029850746268656716,-5.611661174280922
130,0.04477611940298507,5.604413277332643
130,0.05970149253731343,2.2345444259156935
130,0.07462686567164178,5.2918141896209665
130,0.08955223880597014,-7.423716297632053
130,0.1044776119402985,-7.086951738636415
130,0.11940298507462686,0.7879985061478191
130,0.13432835820895522,3.887472219906758
130,0.14925373134328357,-0.034758273948592655
130,0.16417910447761194,4.046122761785291
130,0.1791044776119403,4.093382139969405
130,0.19402985074626866,-1.0410264208714555
130,0.208955223880597,1.6238131829009481
130,0.22388059701492538,2.3606256662274054
130,0.23880597014925373,-10.56621870477343
130,0.2537313432835821,-4.552118230978577
130,0.26865671641791045,-2.7687055595874672
130,0.2835820895522388,-2.5111685128957113
130,0.29850746268656714,-2.453934944493289
130,0.31343283582089554,-10.037156447352112
130,0.3283582089552239,-8.699114497655744
130,0.34328358208955223,-0.5230535454120325
130,0.3582089552238806,3.398971037485392
130,0.3731343283582089,-1.9007488951996743
130,0.3880597014925373,-0.6899242050414405
130,0.40298507462686567,3.3603738121698896
130,0.417910447761194,-1.4779867192727156
130,0.43283582089552236,-5.623020646295758
130,0.44776119402985076,0.8546011831400078
130,0.4626865671641791,14.868712315783368
130,0.47761194029850745,-14.443211198284141
130,0.4925373134328358,7.394542501148
131,0.0,-2.220446049250313e-14
131,0.014705882352941176,-3.217469815657725
131,0.029411764705882353,-3.7503717798952465
131,0.044117647058823525,6.386950679665414
131,0.058823529411764705,-4.8624344747210575
131,0.07352941176470588,-9.015746512855587
131,0.08823529411764705,9.599864767553342
131,0.10294117647058823,0.8672098679973059
131,0.11764705882352941,-1.4319375080007468
131,0.1323529411764706,-1.7724253050439769
131,0.14705882352941177,-7.534814393787119
131,0.16176470588235295,-7.294294447161379
131,0.1764705882352941,-7.973264521049984
131,0.19117647058823528,1.6512722608591144
131,0.20588235294117646,-1.6593352548523304
131,0.22058823529411764,7.047902862295491
131,0.23529411764705882,-8.920540150125818
131,0.25,3.9641663596689707
131,0.2647058823529412,-3.8237938336952833
131,0.27941176470588236,-6.22935003504789
131,0.29411764705882354,3.920253460421646
131,0.3088235294117647,-7.792887343161679
131,0.3235294117647059,1.1151012990305738
131,0.3382352941176471,2.2803878243323137
131,0.3529411764705882,-8.36078215255221
131,0.3676470588235294,2.971233313120064
131,0.38235294117647056,3.885592336077151
131,0.39705882352941174,-9.406579504772623
131,0.4117647058823529,-2.577186765504048
131,0.4264705882352941,2.9130771612921915
131,0.4411764705882353,0.786559329861598
131,0.45588235294117646,2.956284526313464
131,0.47058823529411764,6.884746386244762
131,0.4852941176470588,6.7679013413271045
132,0.0,1.7319479184152442e-14
132,0.01694915254237288,2.5883888280805505
132,0.03389830508474576,0.8974905813517494
132,0.05084745762711865,4.120642911816899
132,0.06779661016949153,-0.009029811395953907
132,0.0847457627118644,-14.714775038128394
132,0.1016949152542373,-0.5509769822393794
132,0.11864406779661017,-5.951661477966181
132,0.13559322033898305,0.3000734101038816
132,0.15254237288135594,0.23188155374493113
132,0.1694915254237288,-9.168481748364808
132,0.1864406779661017,-6.852850478322989
132,0.2033898305084746,-3.1588981300401398
132,0.22033898305084745,1.4860668878422483
132,0.23728813559322035,-0.07766605466713959
132,0.2542372881355932,0.4467049619858987
132,0.2711864406779661,-14.223179656311027
132,0.288135593220339,1.9069004745348086
132,0.3050847457627119,-1.7385765063081262
132,0.3220338983050847,-6.423107760981895
132,0.3389830508474576,2.238551079787952
132,0.3559322033898305,1.9693911794001664
132,0.3728813559322034,2.108851629873002
132,0.3898305084745763,4.007903430564094
132,0.4067796610169492,1.6334059781914008
132,0.423728813559322,-3.189089207192735
132,0.4406779661016949,10.005119857629596
132,0.4576271186440678,-0.5688336783356102
132,0.4745762711864407,-0.7464512192178222
132,0.4915254237288136,0.5146378572822912
133,0.0,-5.995204332975845e-15
133,0.010309278350515464,-5.7268335979808
133,0.020618556701030927,-6.023591207875019
133,0.030927835051546393,-8.260113353348661
133,0.041237113402061855,5.340115093362691
133,0.05154639175257732,-1.8824653337143697
133,0.061855670103092786,8.065023626582928
133,0.07216494845360824,-5.632568571138725
133,0.08247422680412371,-4.912998084375633
133,0.09278350515463918,4.706473709827953
133,0.10309278350515463,4.503029404256888
133,0.1134020618556701,1.1030664925042757
133,0.12371134020618557,3.4546341830753393
133,0.13402061855670103,-6.729656274446375
133,0.14432989690721648,2.9571151265006255
133,0.15463917525773196,-6.6899060377663595
133,0.16494845360824742,5.278088789985479
133,0.17525773195876287,3.857576283896461
133,0.18556701030927836,-5.989020885138457
133,0.1958762886597938,-16.662790203380602
133,0.20618556701030927,-4.329873477188126
133,0.21649484536082475,1.8737650542497961
133,0.2268041237113402,-6.750706289790722
133,0.23711340206185566,-6.371645886569577
133,0.24742268041237114,-11.424070044967992
133,0.25773195876288657,1.4210037633222865
133,0.26804123711340205,6.662109858894949
133,0.27835051546391754,13.60577088380137
133,0.28865979381443296,-8.191560196260241
133,0.29896907216494845,-6.46455915982094
133,0.30927835051546393,-0.7926045531441499
133,0.31958762886597936,6.927915472091481
133,0.32989690721649484,1.2220637846418625
133,0.3402061855670103,7.100733625937552
133,0.35051546391752575,-8.300360121930439
133,0.36082474226804123,-8.54124176429858
133,0.3711340206185567,3.965484287519277
133,0.38144329896907214,3.4860049526832046
133,0.3917525773195876,-2.1993575894146833
133,0.4020618556701031,2.141799563995425
133,0.41237113402061853,11.939211289505351
133,0.422680412371134,-6.031993828562609
133,0.4329896907216495,-5.963616755912592
133,0.44329896907216493,-0.2461456324494079
133,0.4536082474226804,8.397958350146734
133,0.4639175257731959,-4.142340109623834
133,0.4742268041237113,0.9615119647903692
133,0.4845360824742268,-14.17084923607217
133,0.4948453608247423,-6.484501189593043
134,0.0,-1.7763568394002505e-14
134,0.015384615384615385,2.6153927379661264
134,0.03076923076923077,-1.4547634030636376
134,0.046153846153846156,-2.37362456955905
134,0.06153846153846154,-10.614516116476047
134,0.07692307692307693,1.7507635339456629
134,0.09230769230769231,-1.862650200598185
134,0.1076923076923077,7.678657663513443
134,0.12307692307692308,8.327191587579609
134,0.13846153846153847,1.678447350274292
134,0.15384615384615385,-16.38484203744472
134,0.16923076923076924,-3.582929798783672
134,0.18461538461538463,-0.6212367613375038
134,0.2,-6.038953862171617
134,0.2153846153846154,10.422629114993207
134,0.23076923076923078,-3.53681307562659
134,0.24615384615384617,-3.7431334093497997
134,0.26153846153846155,-6.692162877014898
134,0.27692307692307694,-6.1747327470145885
134,0.2923076923076923,1.887610013799394
134,0.3076923076923077,3.5590507479980857
134,0.3230769230769231,-1.6502418548620397
134,0.3384615384615385,-2.4374690446162672
134,0.35384615384615387,4.928395154134538
134,0.36923076923076925,-8.884642179754202
134,0.38461538461538464,-9.356508881656627
134,0.4,2.598392821011622
134,0.4153846153846154,7.807531368642015
134,0.4307692307692308,8.86342451696079
134,0.4461538461538462,-2.7490411354927566
134,0.46153846153846156,2.0851502750220687
134,0.47692307692307695,-7.526706632167974
134,0.49230769230769234,4.172490145845636
135,0.0,-5.5067062021407764e-14
135,0.013333333333333334,9.548980579704908
135,0.02666666666666667,5.738224358923566
135,0.04,-5.179026106513209
135,0.05333333333333334,7.999939022419356
135,0.06666666666666667,2.0755382485856755
135,0.08,0.003590625295641914
135,0.09333333333333334,-2.6544136990503393
135,0.10666666666666667,-0.23330979759022075
135,0.12000000000000001,-9.735808936753568
135,0.13333333333333333,-11.316146854771683
135,0.14666666666666667,-5.252181014146959
135,0.16,-5.791222471112193
135,0.17333333333333334,5.969165833858417
135,0.18666666666666668,0.5123765910025613
135,0.2,-5.62112425051355
135,0.21333333333333335,2.516081395284998
135,0.22666666666666668,-9.20068960679392
135,0.24000000000000002,-1.8021196040169212
135,0.25333333333333335,-15.9574504052323
135,0.26666666666666666,-8.246661083846787
135,0.28,2.1979286636401345
135,0.29333333333333333,-5.905109271126281
135,0.3066666666666667,-3.9490169755278623
135,0.32,5.984148350224666
135,0.33333333333333337,1.5203621589092824
135,0.3466666666666667,10.398988043425211
135,0.36000000000000004,-13.829889699898224
135,0.37333333333333335,-1.8534709287417064
135,0.3866666666666667,7.39571291106069
135,0.4,-6.960687852676388
135,0.4133333333333334,-2.192296557417534
135,0.4266666666666667,-1.3090658886174302
135,0.44,-9.468743686032196
135,0.45333333333333337,-5.174457354132718
135,0.4666666666666667,6.242262113686324
135,0.48000000000000004,7.4112152571735574
135,0.49333333333333335,6.807270820186831
136,0.0,-3.3306690738754696e-14
136,0.012195121951219513,2.168650234542416
136,0.024390243902439025,-3.3418071681997956
136,0.03658536585365854,2.353323157223527
136,0.04878048780487805,2.6326146584350614
136,0.06097560975609756,-5.812821854929388
136,0.07317073170731708,2.306475825125732
136,0.08536585365853659,2.2608543864556627
136,0.0975609756097561,0.5022483849366433
136,0.10975609756097561,-18.746265436510114
136,0.12195121951219512,-7.640613113175408
136,0.13414634146341464,-2.277784039888687
136,0.14634146341463417,10.539491317379774
136,0.15853658536585366,-8.274170111511117
136,0.17073170731707318,-8.970053021971003
136,0.18292682926829268,-1.6406575612928922
136,0.1951219512195122,-4.625530979082004
136,0.20731707317073172,1.818881308811326
136,0.21951219512195122,-6.628632687195776
136,0.23170731707317074,-9.790752873842512
136,0.24390243902439024,-0.5352101669025413
136,0.25609756097560976,-6.962670090117939
136,0.2682926829268293,9.957172059233807
136,0.2804878048780488,6.105093040218766
136,0.29268292682926833,10.229344862586013
136,0.3048780487804878,0.5646574967065452
136,0.3170731707317073,-10.79120572912442
136,0.32926829268292684,5.577245744257835
136,0.34146341463414637,9.465290354876851
136,0.3536585365853659,-17.69912334678605
136,0.36585365853658536,5.759420505582101
136,0.3780487804878049,-12.187892079880797
136,0.3902439024390244,1.1533352953283398
136,0.4024390243902439,-9.099022301240211
136,0.41463414634146345,5.707456922299251
136,0.4268292682926829,-1.4208257970735865
136,0.43902439024390244,3.5594741097434808
136,0.45121951219512196,4.64670017283088
136,0.4634146341463415,-2.7426542884106526
136,0.475609756097561,1.3879822031290248
136,0.4878048780487805,0.01521533681536269
137,0.0,-9.769962616701378e-15
137,0.016129032258064516,5.012297629404706
137,0.03225806451612903,-7.486282230817276
137,0.04838709677419355,-5.285501671290143
137,0.06451612903225806,-4.368360970152404
137,0.08064516129032258,1.9720520887965718
137,0.0967741935483871,9.253784230622257
137,0.11290322580645161,-0.10792277837707376
137,0.12903225806451613,-0.43606633751444845
137,0.14516129032258063,-1.824729565068453
137,0.16129032258064516,-10.995996205502243
137,0.1774193548387097,-2.910297418847723
137,0.1935483870967742,-1.6618935180090575
137,0.2096774193548387,-0.5202282846514727
137,0.22580645161290322,-4.439629427139895
137,0.24193548387096775,-6.355281354268428
137,0.25806451612903225,-0.13831614539686088
137,0.27419354838709675,-0.17284068985041978
137,0.29032258064516125,2.8151698730622456
137,0.3064516129032258,-0.1611277292748583
137,0.3225806451612903,4.4022747806655165
137,0.3387096774193548,-1.8294456998781623
137,0.3548387096774194,-1.4937033141779414
137,0.3709677419354839,-2.618099622670262
137,0.3870967741935484,-3.831995370464391
137,0.4032258064516129,-8.122819736646138
137,0.4193548387096774,2.4501713919390222
137,0.43548387096774194,5.4776515762572995
137,0.45161290322580644,6.925066326339638
137,0.46774193548387094,-0.9988361964098771
137,0.4838709677419355,-4.446630635506963
138,0.0,2.398081733190338e-14
138,0.016129032258064516,-3.84483817902309
138,0.03225806451612903,-11.608090209138403
138,0.04838709677419355,-0.9696085154685363
138,0.06451612903225806,-7.0206297041690675
138,0.08064516129032258,1.5762943691332962
138,0.0967741935483871,-1.7351304280273363
138,0.11290322580645161,4.412846428700892
138,0.12903225806451613,-3.5427294611562026
138,0.14516129032258063,0.23537083876814502
138,0.16129032258064516,6.491810261759641
138,0.1774193548387097,-9.733398488474572
138,0.1935483870967742,-1.2265358890914855
138,0.2096774193548387,-5.639791287267068
138,0.22580645161290322,-2.6471310160880206
138,0.24193548387096775,-5.331010842985348
138,0.25806451612903225,-5.279713119922652
138,0.27419354838709675,7.1973948666178265
138,0.29032258064516125,-4.264043868977376
138,0.3064516129032258,3.246459849209843
138,0.3225806451612903,-2.010907184948065
138,0.3387096774193548,-1.8914533922493124
138,0.3548387096774194,-1.5226265923982762
138,0.3709677419354839,-5.208743875929613
138,0.3870967741935484,-0.7704647794307387
138,0.4032258064516129,1.149858128876492
138,0.4193548387096774,5.534880738251842
138,0.43548387096774194,-6.554691715547918
138,0.45161290322580644,5.879400665890827
138,0.46774193548387094,2.9628323415188262
138,0.4838709677419355,5.806938225711222
139,0.0,-2.842170943040401e-14
139,0.015873015873015872,3.5813151834168533
139,0.031746031746031744,-5.9864709973066965
139,0.047619047619047616,-0.5567003598065556
139,0.06349206349206349,-2.5785068958663797
139,0.07936507936507936,10.333976363130276
139,0.09523809523809523,-6.951694630608486
139,0.1111111111111111,3.9812621216617083
139,0.12698412698412698,-5.695223137812405
139,0.14285714285714285,-5.534599394240162
139,0.15873015873015872,-10.607406486494442
139,0.1746031746031746,-16.35754131194133
139,0.19047619047619047,1.1382086839323928
139,0.20634920634920634,0.5977674158798725
139,0.2222222222222222,10.68152755843041
139,0.23809523809523808,-3.279067729228131
139,0.25396825396825395,-6.4436526146197455
139,0.2698412698412698,-3.012332601387202
139,0.2857142857142857,0.05690465811803436
139,0.30158730158730157,-3.148129591818775
139,0.31746031746031744,-10.838861837911026
139,0.3333333333333333,1.384942168472885
139,0.3492063492063492,-3.8721005212435093
139,0.36507936507936506,2.804806255504498
139,0.38095238095238093,-3.02947426599967
139,0.3968253968253968,4.94363920892032
139,0.4126984126984127,6.0852314067945095
139,0.42857142857142855,1.9378743013507775
139,0.4444444444444444,-2.0276197705870684
139,0.4603174603174603,2.660945808965819
139,0.47619047619047616,-2.462797145105373
139,0.49206349206349204,-0.8851069132501799
140,0.0,9.325873406851315e-15
140,0.011904761904761904,3.1089742597842176
140,0.023809523809523808,-13.58624164445045
140,0.03571428571428571,-1.4333128029203261
140,0.047619047619047616,5.054992395744844
140,0.05952380952380952,3.5628737674831514
140,0.07142857142857142,-5.045795847253071
140,0.08333333333333333,-9.261036804608004
140,0.09523809523809523,9.350059116988113
140,0.10714285714285714,10.235575358548848
140,0.11904761904761904,0.7279746293335725
140,0.13095238095238093,1.740163853108887
140,0.14285714285714285,-8.853015495671805
140,0.15476190476190477,-7.9869231842067565
140,0.16666666666666666,2.6153432454438232
140,0.17857142857142855,8.078396803696672
140,0.19047619047619047,1.1129038395329318
140,0.20238095238095238,3.6909761089537896
140,0.21428571428571427,-2.9370518200719147
140,0.22619047619047616,-4.071101013891658
140,0.23809523809523808,-0.7326341070027329
140,0.25,-1.1350785889591752
140,0.26190476190476186,-1.6543155114849588
140,0.2738095238095238,7.841171854395695
140,0.2857142857142857,-1.7475716437176836
140,0.2976190476190476,-2.626546246301602
140,0.30952380952380953,-2.7674905886337453
140,0.3214285714285714,-5.245505856195814
140,0.3333333333333333,1.5549020160989957
140,0.34523809523809523,7.944116142079468
140,0.3571428571428571,-3.0034481768385395
140,0.369047619047619,2.9361748642530423
140,0.38095238095238093,-6.0543241000434795
140,0.39285714285714285,2.424400776024976
140,0.40476190476190477,-2.190564956301645
140,0.41666666666666663,-5.333637821011554
140,0.42857142857142855,-13.032756124502203
140,0.44047619047619047,-15.930097360937754
140,0.45238095238095233,-7.609490808451979
140,0.46428571428571425,6.742656099240154
140,0.47619047619047616,-6.423556449566835
140,0.4880952380952381,4.439088350178421
141,0.0,-7.105427357601002e-15
141,0.012987012987012988,-11.237024325350058
141,0.025974025974025976,-2.0377030890594146
141,0.03896103896103896,-2.229119731807274
141,0.05194805194805195,5.182216221660982
141,0.06493506493506494,-2.5387350619640894
141,0.07792207792207792,-0.3792161506206273
141,0.09090909090909091,5.585847141613378
141,0.1038961038961039,-0.31232449900364045
141,0.1168831168831169,-0.7995205573771034
141,0.12987012987012989,-0.882673073886882
141,0.14285714285714288,0.31651416879279903
141,0.15584415584415584,-6.341101703239279
141,0.16883116883116883,4.313974547339059
141,0.18181818181818182,-11.615246318584774
141,0.19480519480519481,-0.3426616870368431
141,0.2077922077922078,-4.294732069029274
141,0.2207792207792208,4.555824494806193
141,0.2337662337662338,3.694104621288663
141,0.24675324675324678,-1.2119267473910336
141,0.25974025974025977,0.8487541877398748
141,0.27272727272727276,1.7213682683442095
141,0.28571428571428575,-12.381850344617195
141,0.29870129870129875,-7.829594882737144
141,0.3116883116883117,-18.84294885038768
141,0.3246753246753247,1.2469585661746203
141,0.33766233766233766,2.071977595700068
141,0.35064935064935066,1.6307231340128272
141,0.36363636363636365,1.184212653043178
141,0.37662337662337664,6.282783048020443
141,0.38961038961038963,-7.942083852669505
141,0.4025974025974026,2.803591501991538
141,0.4155844155844156,3.7105956934540654
141,0.4285714285714286,5.487821983696031
141,0.4415584415584416,-6.696030924975892
141,0.4545454545454546,1.8905299287299426
141,0.4675324675324676,-0.860440768528075
141,0.48051948051948057,-6.116251541289943
141,0.49350649350649356,1.6479577805316648
142,0.0,-2.842170943040401e-14
142,0.015384615384615385,4.518756086094359
142,0.03076923076923077,7.206733666609596
142,0.046153846153846156,-5.528894557684605
142,0.06153846153846154,-7.0847810185489095
142,0.07692307692307693,-1.9848653551494015
142,0.09230769230769231,-7.568921328131671
142,0.1076923076923077,-5.320340129694859
142,0.12307692307692308,-5.720709933084658
142,0.13846153846153847,8.626219617971374
142,0.15384615384615385,-0.07471995865447889
142,0.16923076923076924,-3.4918372232115558
142,0.18461538461538463,3.3431751859107566
142,0.2,-7.131700980190305
142,0.2153846153846154,7.43801778649475
142,0.23076923076923078,4.685026415669238
142,0.24615384615384617,-6.148342836099022
142,0.26153846153846155,-2.084607584087507
142,0.27692307692307694,-4.337751585159854
142,0.2923076923076923,-10.709519020548179
142,0.3076923076923077,5.88811324713766
142,0.3230769230769231,-8.163667474519144
142,0.3384615384615385,3.949235561817896
142,0.35384615384615387,-5.07402638617462
142,0.36923076923076925,-7.46221367244449
142,0.38461538461538464,-8.809162492817379
142,0.4,1.5476648701950322
142,0.4153846153846154,-4.526564793342987
142,0.4307692307692308,-3.464074752839022
142,0.4461538461538462,6.109542325459835
142,0.46153846153846156,-1.6472127156578111
142,0.47692307692307695,-2.668863452015965
142,0.49230769230769234,6.712509435044549
143,0.0,8.881784197001252e-16
143,0.013513513513513514,1.0459708342843201
143,0.02702702702702703,-3.6283285323704204
143,0.04054054054054054,-0.3198910981137657
143,0.05405405405405406,-0.20863311734543766
143,0.06756756756756757,-0.4046195920637693
143,0.08108108108108109,-3.781842823775995
143,0.0945945945945946,-7.3533213437923575
143,0.10810810810810811,-13.709789902148891
143,0.12162162162162163,7.777430574258644
143,0.13513513513513514,-4.188859727922278
143,0.14864864864864866,-6.411539428364808
143,0.16216216216216217,3.6539085778368654
143,0.17567567567567569,7.357637956661687
143,0.1891891891891892,3.076080130490883
143,0.20270270270270271,-16.8894665643724
143,0.21621621621621623,-2.3340989948863857
143,0.22972972972972974,-0.33785925540623785
143,0.24324324324324326,4.9337940851267525
143,0.2567567567567568,-4.742892493882991
143,0.2702702702702703,7.903226382349242
143,0.28378378378378377,0.9342201493532425
143,0.2972972972972973,10.534112690240978
143,0.31081081081081086,3.8744864905140775
143,0.32432432432432434,-6.318264949076262
143,0.33783783783783783,-10.50698854162965
143,0.35135135135135137,10.45030972402581
143,0.3648648648648649,-5.769860561444196
143,0.3783783783783784,-8.20222000153613
143,0.3918918918918919,-7.297962702059571
143,0.40540540540540543,-4.687938459058872
143,0.41891891891891897,-5.30326460324522
143,0.43243243243243246,1.85413723710518
143,0.44594594594594594,3.4880308392955697
143,0.4594594594594595,-4.432005393806852
143,0.472972972972973,3.8778303747330067
143,0.4864864864864865,3.5264512938077877
144,0.0,1.7763568394002505e-15
144,0.015625,-1.6876620163939449
144,0.03125,-1.853479630231972
144,0.046875,8.039977659083442
144,0.0625,5.666558623169259
144,0.078125,0.2939884282915086
144,0.09375,-0.6168518701472179
144,0.109375,-8.176077479921535
144,0.125,-5.478470848636903
144,0.140625,1.936920553829344
144,0.15625,-0.6525426403244912
144,0.171875,-7.244071413327027
144,0.1875,-3.947958060156161
144,0.203125,-13.596473481408406
144,0.21875,0.12203526319980984
144,0.234375,-6.075628225700891
144,0.25,5.009193290154015
144,0.265625,-6.588272056390855
144,0.28125,-3.2431051983218238
144,0.296875,-7.634154542916121
144,0.3125,-1.2417199479540137
144,0.328125,2.2467135718585576
144,0.34375,-6.261829507419906
144,0.359375,4.918241374452901
144,0.375,6.831968778765734
144,0.390625,1.3574963210827606
144,0.40625,11.211977464710479
144,0.421875,-9.224008048557238
144,0.4375,-5.283948186416273
144,0.453125,5.342059054041245
144,0.46875,-5.393975281796413
144,0.484375,-1.7807360887834203
145,0.0,-2.020605904817785e-14
145,0.0136986301369863,-0.05007199595598877
145,0.0273972602739726,-0.4610084208119658
145,0.0410958904109589,9.774010947614157
145,0.0547945205479452,-9.702784874330678
145,0.0684931506849315,-0.47557152877252484
145,0.0821917808219178,2.232514123260106
145,0.0958904109589041,-0.493897026750017
145,0.1095890410958904,-3.373257296566057
145,0.1232876712328767,-4.2466674201872285
145,0.136986301369863,-0.18036277388020117
145,0.1506849315068493,-0.6184963946249425
145,0.1643835616438356,-0.27876677033197383
145,0.1780821917808219,-16.019041935252716
145,0.1917808219178082,0.01833992120707384
145,0.2054794520547945,-2.315102480527544
145,0.2191780821917808,2.4894529691735308
145,0.2328767123287671,-5.870768949726683
145,0.2465753424657534,0.9621307101882661
145,0.2602739726027397,-8.98967989020587
145,0.273972602739726,4.495339021342179
145,0.2876712328767123,1.9830720138861375
145,0.3013698630136986,4.5360996752804486
145,0.3150684931506849,1.0283337500289829
145,0.3287671232876712,0.072027115092415
145,0.3424657534246575,0.11319986474988353
145,0.3561643835616438,-10.161682023788725
145,0.3698630136986301,-13.675953423301687
145,0.3835616438356164,-5.318508288815078
145,0.3972602739726027,-7.8722613080811215
145,0.410958904109589,6.809434113143801
145,0.4246575342465753,13.929624402138364
145,0.4383561643835616,4.714801644952619
145,0.4520547945205479,3.739766935891783
145,0.4657534246575342,6.43629198203651
145,0.4794520547945205,-12.628602082340647
145,0.4931506849315068,4.8432075010923334
146,0.0,-4.440892098500626e-15
146,0.018867924528301886,-2.593846531051657
146,0.03773584905660377,-0.18608300881855833
146,0.05660377358490566,-4.454952319082446
146,0.07547169811320754,-3.054139935521094
146,0.09433962264150943,0.14187729496532708
146,0.11320754716981132,-2.600060936213147
146,0.1320754716981132,4.525663880194979
146,0.1509433962264151,-7.123654791616772
146,0.16981132075471697,6.007518905221778
146,0.18867924528301885,-11.936389198155773
146,0.20754716981132074,-1.8321897603511612
146,0.22641509433962265,4.184357838497632
146,0.24528301886792453,4.5690441202668435
146,0.2641509433962264,-2.2029215019255077
146,0.2830188679245283,0.15526401996899786
146,0.3018867924528302,-8.447317315788808
146,0.32075471698113206,-4.870566868344075
146,0.33962264150943394,-2.17181800603377
146,0.3584905660377358,2.6585223599185728
146,0.3773584905660377,-1.4539432068256841
146,0.3962264150943396,-4.203020524795032
146,0.4150943396226415,-1.258039392436193
146,0.43396226415094336,-2.7011496056320827
146,0.4528301886792453,6.331951861384489
146,0.4716981132075472,0.6768845514906042
146,0.49056603773584906,-1.4082787515562236
147,0.0,-6.439293542825908e-15
147,0.02564102564102564,3.1771157356378934
147,0.05128205128205128,-7.472909590871837
147,0.07692307692307693,-3.2887712149945
147,0.10256410256410256,-0.7480913189787217
147,0.1282051282051282,-7.206303423746806
147,0.15384615384615385,3.274144149320442
147,0.1794871794871795,6.27027624967366
147,0.20512820512820512,-2.2094626480288904
147,0.23076923076923075,0.27899036820932516
147,0.2564102564102564,-7.772921739993633
147,0.28205128205128205,-3.1828133421221523
147,0.3076923076923077,-0.07356748700400972
147,0.3333333333333333,-0.8935850199254268
147,0.358974358974359,-5.532656385152549
147,0.3846153846153846,-3.4976128532355615
147,0.41025641025641024,5.7450385778528315
147,0.4358974358974359,-0.3750771448873392
147,0.4615384615384615,0.35936806264859267
147,0.48717948717948717,-1.4080806526455767
148,0.0,-1.687538997430238e-14
148,0.021739130434782608,-2.096250344042992
148,0.043478260869565216,-1.2157668727904345
148,0.06521739130434782,-4.962300257252265
148,0.08695652173913043,3.2915212926892714
148,0.10869565217391304,-1.8420276806961327
148,0.13043478260869565,-0.8674957844705657
148,0.15217391304347827,-2.8833634040633322
148,0.17391304347826086,0.27479210928128683
148,0.19565217391304346,-0.45033065420854645
148,0.21739130434782608,-0.26564656314533897
148,0.2391304347826087,-10.188539165661885
148,0.2608695652173913,-6.399551930096992
148,0.2826086956521739,-1.3838804523040684
148,0.30434782608695654,0.2839105344818411
148,0.32608695652173914,4.864645741398083
148,0.34782608695652173,-5.700952158223488
148,0.3695652173913043,-10.326896109727485
148,0.3913043478260869,-1.7349438823666579
148,0.41304347826086957,6.8437674833928295
148,0.43478260869565216,0.21364001443289204
148,0.45652173913043476,2.5200625204042995
148,0.4782608695652174,9.00901593691998
149,0.0,-2.220446049250313e-16
149,0.014925373134328358,1.5877495094859522
149,0.029850746268656716,-10.19025810887919
149,0.04477611940298507,6.728827361267082
149,0.05970149253731343,7.7434366432575725
149,0.07462686567164178,-10.17903794468256
149,0.08955223880597014,-10.238352654436117
149,0.1044776119402985,1.0481116085099942
149,0.11940298507462686,1.3876468628277454
149,0.13432835820895522,7.09183874347381
149,0.14925373134328357,1.3659795873454061
149,0.16417910447761194,-3.0140340753534742
149,0.1791044776119403,-3.8593031991445885
149,0.19402985074626866,-3.2895965637192193
149,0.208955223880597,-8.642267076343627
149,0.22388059701492538,-3.3141752299278973
149,0.23880597014925373,0.7539841873714621
149,0.2537313432835821,3.215216990419447
149,0.26865671641791045,-3.5605958019664996
149,0.2835820895522388,5.853503824222584
149,0.29850746268656714,-0.43519972103570304
149,0.31343283582089554,-1.942422836911149
149,0.3283582089552239,-3.901631537266917
149,0.34328358208955223,5.321473086894927
149,0.3582089552238806,-8.601173168910785
149,0.3731343283582089,1.989148482593265
149,0.3880597014925373,6.851384144461608
149,0.40298507462686567,-11.076231912944664
149,0.417910447761194,-10.0317197050187
149,0.43283582089552236,-4.241512780943119
149,0.44776119402985076,-0.6662637612343201
149,0.4626865671641791,-5.549862460405319
149,0.47761194029850745,6.043494831722608
149,0.4925373134328358,8.935383768690228
