sid,freq,power
0,0.0,-0.0
0,0.014925373134328358,-13.959925245618889
0,0.029850746268656716,-10.558500635845528
0,0.04477611940298507,-12.047973443888276
0,0.05970149253731343,15.621014758817482
0,0.07462686567164178,9.356712096700452
0,0.08955223880597014,-15.89294425879774
0,0.1044776119402985,-8.813588879168917
0,0.11940298507462686,13.16529041103683
0,0.13432835820895522,13.009284147868375
0,0.14925373134328357,-17.055479410281496
0,0.16417910447761194,60.617729359017545
0,0.1791044776119403,-16.43217079140052
0,0.19402985074626866,2.2286477991705826
0,0.208955223880597,-43.464953898757926
0,0.22388059701492538,9.850836582210784
0,0.23880597014925373,10.891957399998638
0,0.2537313432835821,30.155491041451942
0,0.26865671641791045,3.2421042816039094
0,0.2835820895522388,-17.93189305611719
0,0.29850746268656714,4.360624671529942
0,0.31343283582089554,-31.45185969056671
0,0.3283582089552239,-9.43905326919285
0,0.34328358208955223,-41.08376959189156
0,0.3582089552238806,-31.33027241148799
0,0.3731343283582089,-39.43034713462909
0,0.3880597014925373,-19.685335516200695
0,0.40298507462686567,27.194784164156264
0,0.417910447761194,6.604373036412769
0,0.43283582089552236,17.36956169708898
0,0.44776119402985076,-29.399104482781347
0,0.4626865671641791,-5.165791766756017
0,0.47761194029850745,-10.963851831200472
0,0.4925373134328358,-21.038593230222737
1,0.0,-0.0
1,0.014705882352941176,-38.45738531820898
1,0.029411764705882353,-49.26391009610127
1,0.044117647058823525,-4.284267113456546
1,0.058823529411764705,-7.2253924389097754
1,0.07352941176470588,4.008682712043474
1,0.08823529411764705,6.354689559362195
1,0.10294117647058823,21.95523372130237
1,0.11764705882352941,-14.696655436577387
1,0.1323529411764706,6.981483480047233
1,0.14705882352941177,15.65306232843658
1,0.16176470588235295,9.473129456935052
1,0.1764705882352941,-28.755350589956212
1,0.19117647058823528,2.094035499334961
1,0.20588235294117646,13.688856587253763
1,0.22058823529411764,-0.06382099274275888
1,0.23529411764705882,0.5411645627421162
1,0.25,14.430600000000027
1,0.2647058823529412,6.874525864864351
1,0.27941176470588236,20.053231619151173
1,0.29411764705882354,-32.5805610369826
1,0.3088235294117647,21.812362806924806
1,0.3235294117647059,23.14213673668326
1,0.3382352941176471,-0.9255544919479677
1,0.3529411764705882,1.9937468256138802
1,0.3676470588235294,-27.237652821793148
1,0.38235294117647056,-3.177843915848606
1,0.39705882352941174,-20.141979569343974
1,0.4117647058823529,17.454722466181614
1,0.4264705882352941,-12.718093625678193
1,0.4411764705882353,32.21896619269516
1,0.45588235294117646,0.2329124061293486
1,0.47058823529411764,33.90559229609302
1,0.4852941176470588,11.030152303356505
2,0.0,-0.0
2,0.012345679012345678,32.477055444422334
2,0.024691358024691357,-16.667561655723482
2,0.037037037037037035,-7.6379966309591945
2,0.04938271604938271,-62.694115396881955
2,0.06172839506172839,-33.74407737592416
2,0.07407407407407407,56.62019716729115
2,0.08641975308641975,36.448640696311976
2,0.09876543209876543,-12.831801784527993
2,0.1111111111111111,-0.4496272674448134
2,0.12345679012345678,-7.383798539126577
2,0.13580246913580246,6.269758373286354
2,0.14814814814814814,-65.6242834918109
2,0.16049382716049382,70.48444410728428
2,0.1728395061728395,-11.82901542979622
2,0.18518518518518517,-60.68074406219159
2,0.19753086419753085,56.84497623787343
2,0.20987654320987653,-22.616465570999875
2,0.2222222222222222,15.309387379136936
2,0.2345679012345679,-21.96179283650746
2,0.24691358024691357,12.32212274873417
2,0.25925925925925924,-3.0785986883880767
2,0.2716049382716049,24.312806709261594
2,0.2839506172839506,-8.111426065876081
2,0.2962962962962963,3.3072627288217866
2,0.30864197530864196,38.340179829726104
2,0.32098765432098764,-17.435150691334822
2,0.3333333333333333,-41.70665761323363
2,0.345679012345679,-41.520743795200445
2,0.35802469135802467,-32.14671039265125
2,0.37037037037037035,0.5813157779940299
2,0.38271604938271603,-5.9015315024990835
2,0.3950617283950617,1.662524551689458
2,0.4074074074074074,-35.30298515492067
2,0.41975308641975306,-12.535386542158054
2,0.43209876543209874,23.66060012883486
2,0.4444444444444444,25.292915111763882
2,0.4567901234567901,26.02313507701489
2,0.4691358024691358,28.141256434358688
2,0.48148148148148145,-27.74172550408271
2,0.49382716049382713,-43.665196769691306
3,0.0,-0.0
3,0.011363636363636364,15.185640925790715
3,0.022727272727272728,20.399898886607613
3,0.03409090909090909,-26.977948346677437
3,0.045454545454545456,13.457706496358604
3,0.05681818181818182,-8.105624701725954
3,0.06818181818181818,29.03220705249067
3,0.07954545454545454,-27.200325527143914
3,0.09090909090909091,-3.6715443460610695
3,0.10227272727272728,29.252727403684048
3,0.11363636363636365,-28.053542054751908
3,0.125,-26.27133136680472
3,0.13636363636363635,10.143406050621122
3,0.14772727272727273,11.935091486359688
3,0.1590909090909091,-48.0936524946816
3,0.17045454545454547,35.40123091399133
3,0.18181818181818182,6.491761963337058
3,0.19318181818181818,32.511007024651505
3,0.20454545454545456,3.94124334557716
3,0.2159090909090909,29.29360904468539
3,0.2272727272727273,9.750203863325856
3,0.23863636363636365,8.081606004910162
3,0.25,-32.30400000000003
3,0.26136363636363635,18.931784847161225
3,0.2727272727272727,-38.40036372190915
3,0.2840909090909091,8.011448984876688
3,0.29545454545454547,19.538128797850984
3,0.3068181818181818,-64.00633423683068
3,0.3181818181818182,-16.668576885576723
3,0.32954545454545453,-25.10194587154493
3,0.34090909090909094,-32.316800316074314
3,0.3522727272727273,-20.460586056319016
3,0.36363636363636365,-4.9001580475238935
3,0.375,8.964468633195292
3,0.38636363636363635,2.1839663938334812
3,0.39772727272727276,-1.0730556512304599
3,0.4090909090909091,-6.887685391028902
3,0.42045454545454547,35.7913656059119
3,0.4318181818181818,-1.9653895456044612
3,0.4431818181818182,-35.79007967176277
3,0.4545454545454546,52.880267946968125
3,0.46590909090909094,-10.006316340615554
3,0.4772727272727273,-21.605030672987073
3,0.48863636363636365,86.01750520642463
4,0.0,-0.0
4,0.017543859649122806,-5.381632509200417
4,0.03508771929824561,4.546888417146822
4,0.05263157894736842,21.4399935225825
4,0.07017543859649122,-14.801943633860521
4,0.08771929824561403,11.376427191072326
4,0.10526315789473684,-20.83389120416526
4,0.12280701754385964,20.723354948415654
4,0.14035087719298245,-32.1358571074568
4,0.15789473684210525,-22.41415121705223
4,0.17543859649122806,-19.89072938474844
4,0.19298245614035087,20.881636369011666
4,0.21052631578947367,37.25313502889831
4,0.22807017543859648,-23.24607298307268
4,0.24561403508771928,-22.875992850205478
4,0.2631578947368421,0.7642648360772597
4,0.2807017543859649,-25.34421049893554
4,0.2982456140350877,-18.886111911245216
4,0.3157894736842105,5.271006143946133
4,0.3333333333333333,19.168346479743633
4,0.3508771929824561,22.71984417860603
4,0.3684210526315789,-12.501251489807988
4,0.38596491228070173,-39.59291995411884
4,0.40350877192982454,-16.88605307624337
4,0.42105263157894735,-19.737352067843062
4,0.43859649122807015,-13.093575664489665
4,0.45614035087719296,5.415184609644761
4,0.47368421052631576,-8.2846104917077
4,0.49122807017543857,10.694187638599036
5,0.0,-0.0
5,0.02040816326530612,-1.9173061148352513
5,0.04081632653061224,14.27118162620643
5,0.061224489795918366,-9.919276636083092
5,0.08163265306122448,-30.842351895706198
5,0.1020408163265306,8.33471354860442
5,0.12244897959183673,-13.276177913701929
5,0.14285714285714285,-3.9268937277436584
5,0.16326530612244897,-16.36721453503209
5,0.18367346938775508,-7.072163311991729
5,0.2040816326530612,44.45976577590638
5,0.22448979591836732,-3.782757302345935
5,0.24489795918367346,-0.8302057118120665
5,0.26530612244897955,-5.591799664949265
5,0.2857142857142857,13.968959573989746
5,0.3061224489795918,-22.048638099971036
5,0.32653061224489793,36.77862464507041
5,0.3469387755102041,-3.1890948964337795
5,0.36734693877551017,-18.03195562492619
5,0.3877551020408163,9.126258631961814
5,0.4081632653061224,2.186038202414464
5,0.42857142857142855,-0.970212548232495
5,0.44897959183673464,-18.14944301374713
5,0.4693877551020408,-16.283626804963358
5,0.4897959183673469,-22.66684718969252
6,0.0,-0.0
6,0.009900990099009901,-23.992990366247223
6,0.019801980198019802,-4.0724031767645394
6,0.0297029702970297,-4.801887531574031
6,0.039603960396039604,20.644304216403555
6,0.04950495049504951,43.80757049792049
6,0.0594059405940594,44.88709402310481
6,0.06930693069306931,-19.65402145315505
6,0.07920792079207921,-31.186111169088854
6,0.0891089108910891,-4.823482290167426
6,0.09900990099009901,6.526528037602362
6,0.10891089108910891,-11.558167837856745
6,0.1188118811881188,39.88677202969451
6,0.12871287128712872,18.717329944136537
6,0.13861386138613863,-71.34668456221914
6,0.1485148514851485,48.10084108924734
6,0.15841584158415842,-7.617498797137378
6,0.16831683168316833,25.29732212887501
6,0.1782178217821782,-18.182562209447774
6,0.18811881188118812,-78.41512726540037
6,0.19801980198019803,-29.631048109789
6,0.2079207920792079,-2.560681268344972
6,0.21782178217821782,-27.95576219505677
6,0.22772277227722773,2.5504795327821315
6,0.2376237623762376,-15.236316137128938
6,0.24752475247524752,-15.771199306075648
6,0.25742574257425743,50.34252324309126
6,0.26732673267326734,12.688927794667917
6,0.27722772277227725,21.754876524135547
6,0.2871287128712871,-28.719135831428265
6,0.297029702970297,13.61280272759469
6,0.3069306930693069,-0.5589647760262739
6,0.31683168316831684,-27.6478889903439
6,0.32673267326732675,45.52168751534221
6,0.33663366336633666,47.17164161291126
6,0.34653465346534656,-69.94680748014746
6,0.3564356435643564,-31.988162960718675
6,0.36633663366336633,-18.396742224639823
6,0.37623762376237624,-17.032576988888863
6,0.38613861386138615,5.411781796081119
6,0.39603960396039606,-2.258518147067484
6,0.40594059405940597,-14.59541238373512
6,0.4158415841584158,22.541678642954903
6,0.42574257425742573,-20.875161367914984
6,0.43564356435643564,42.68342908873203
6,0.44554455445544555,15.53403003596766
6,0.45544554455445546,-23.12511666036259
6,0.46534653465346537,-2.342599798950859
6,0.4752475247524752,4.941961685463006
6,0.48514851485148514,18.42951736646262
6,0.49504950495049505,-13.948105518217446
7,0.0,-0.0
7,0.016666666666666666,15.737854972198178
7,0.03333333333333333,-14.620018496509704
7,0.05,34.89131180808486
7,0.06666666666666667,-17.374566100838017
7,0.08333333333333333,-20.660941565008855
7,0.1,-30.656480702200753
7,0.11666666666666667,-1.9301863457475457
7,0.13333333333333333,20.598665013435024
7,0.15,-22.335677136604023
7,0.16666666666666666,-8.617125972735924
7,0.18333333333333332,-16.90708982730205
7,0.2,-3.0388320302297007
7,0.21666666666666667,-14.543831933763016
7,0.23333333333333334,39.00415725746236
7,0.25,-9.350899999999982
7,0.26666666666666666,-25.335543692521632
7,0.2833333333333333,26.810953578140058
7,0.3,-18.24504901522856
7,0.31666666666666665,16.08728004217536
7,0.3333333333333333,0.8861171931522374
7,0.35,-35.76222751640748
7,0.36666666666666664,13.94327858354849
7,0.3833333333333333,-5.105353176035441
7,0.4,8.38035827721882
7,0.4166666666666667,-22.258758434991137
7,0.43333333333333335,-9.048031520497643
7,0.45,-11.375316461096352
7,0.4666666666666667,-16.746007301256174
7,0.48333333333333334,-31.449625923484874
8,0.0,-0.0
8,0.015151515151515152,-0.46820928909545323
8,0.030303030303030304,31.98248290755957
8,0.045454545454545456,-28.09622783951301
8,0.06060606060606061,-14.431548016774752
8,0.07575757575757576,7.069464635061423
8,0.09090909090909091,-12.605636800110663
8,0.10606060606060606,7.019867912663731
8,0.12121212121212122,-1.1868606365035426
8,0.13636363636363635,3.0509169797704025
8,0.15151515151515152,-1.7407713765746493
8,0.16666666666666669,-5.029529135018499
8,0.18181818181818182,-6.771601936305462
8,0.19696969696969696,-14.496367524452811
8,0.21212121212121213,-10.122458438117075
8,0.2272727272727273,-31.021252199846426
8,0.24242424242424243,-40.19576815758071
8,0.25757575757575757,-34.260932693775665
8,0.2727272727272727,28.46242081274664
8,0.2878787878787879,-50.007814156305514
8,0.30303030303030304,-0.4035690431999024
8,0.3181818181818182,55.81327943330493
8,0.33333333333333337,-9.818476412865682
8,0.3484848484848485,31.53812981214803
8,0.36363636363636365,-37.86774065831574
8,0.3787878787878788,16.593917110902908
8,0.3939393939393939,-53.072188591945675
8,0.4090909090909091,25.281940060516863
8,0.42424242424242425,17.807491020190916
8,0.4393939393939394,20.615128620826685
8,0.4545454545454546,31.60640055605965
8,0.4696969696969697,3.22343084908057
8,0.48484848484848486,-32.065516226913594
9,0.0,-0.0
9,0.012987012987012988,-6.7332149073037355
9,0.025974025974025976,8.642893225031617
9,0.03896103896103896,-19.64706532283235
9,0.05194805194805195,-4.420961337396035
9,0.06493506493506494,5.618773808411465
9,0.07792207792207792,-33.00481198051272
9,0.09090909090909091,-16.560761595464843
9,0.1038961038961039,9.32085902301463
9,0.1168831168831169,11.029114267527085
9,0.12987012987012989,-9.785973777920718
9,0.14285714285714288,-9.997746147384936
9,0.15584415584415584,9.12468644046144
9,0.16883116883116883,2.399705691125381
9,0.18181818181818182,-9.455929131544568
9,0.19480519480519481,-12.407378935084608
9,0.2077922077922078,17.097402940248404
9,0.2207792207792208,-16.582834672585626
9,0.2337662337662338,-6.2893632292618955
9,0.24675324675324678,-3.2981390609642496
9,0.25974025974025977,-1.954459872805459
9,0.27272727272727276,-13.1226882545849
9,0.28571428571428575,-12.800698707374057
9,0.29870129870129875,-8.949109510629825
9,0.3116883116883117,9.74294801551649
9,0.3246753246753247,57.3151560054436
9,0.33766233766233766,5.213904295432735
9,0.35064935064935066,-2.9297435529677296
9,0.36363636363636365,-3.1903268386166546
9,0.37662337662337664,-35.61509265402297
9,0.38961038961038963,-32.60304382025491
9,0.4025974025974026,31.556978031772847
9,0.4155844155844156,-60.47836500460899
9,0.4285714285714286,10.357581425240197
9,0.4415584415584416,-14.16297356176965
9,0.4545454545454546,12.259395112450111
9,0.4675324675324676,-24.154228716718674
9,0.48051948051948057,-46.17921033905529
9,0.49350649350649356,-10.3706497114472
10,0.0,-0.0
10,0.013333333333333334,-7.404192523122495
10,0.02666666666666667,40.79393894166418
10,0.04,-11.75647404022391
10,0.05333333333333334,-17.589228093709004
10,0.06666666666666667,-20.61778173173247
10,0.08,-1.462919513993179
10,0.09333333333333334,-7.821561998445803
10,0.10666666666666667,-39.28128273023831
10,0.12000000000000001,39.069068513380536
10,0.13333333333333333,-23.481818486121753
10,0.14666666666666667,34.01543754600526
10,0.16,-48.9693147037227
10,0.17333333333333334,2.196708567546681
10,0.18666666666666668,32.28709532321339
10,0.2,4.97514626771007
10,0.21333333333333335,4.563996662640333
10,0.22666666666666668,-31.14419907455875
10,0.24000000000000002,13.699192439135693
10,0.25333333333333335,18.30050119662551
10,0.26666666666666666,-30.766879275294933
10,0.28,0.1083539687751447
10,0.29333333333333333,17.860588364864928
10,0.3066666666666667,-13.39512380892671
10,0.32,39.42067745546014
10,0.33333333333333337,14.456475462833263
10,0.3466666666666667,1.094801157557722
10,0.36000000000000004,9.79219263270433
10,0.37333333333333335,-31.5370288292302
10,0.3866666666666667,18.91837656502976
10,0.4,46.99714668721804
10,0.4133333333333334,26.271701289609
10,0.4266666666666667,-3.2056273975526954
10,0.44,51.96749748477239
10,0.45333333333333337,-31.82228645860475
10,0.4666666666666667,50.84939802973969
10,0.48000000000000004,14.854471776839038
10,0.49333333333333335,-6.15519845704136
11,0.0,-0.0
11,0.0125,-21.389657614790096
11,0.025,-30.229619955914206
11,0.037500000000000006,25.45498617991752
11,0.05,30.871453838725582
11,0.0625,14.374920735075849
11,0.07500000000000001,4.9890566945357016
11,0.08750000000000001,-7.075037442089952
11,0.1,5.027806280710109
11,0.1125,5.009847911948235
11,0.125,2.081801687006231
11,0.1375,17.469266953651747
11,0.15000000000000002,-52.13015346010232
11,0.1625,20.32960876202837
11,0.17500000000000002,48.85283833675909
11,0.1875,-34.065184460602296
11,0.2,31.225994492952566
11,0.21250000000000002,-17.211735576374352
11,0.225,47.95553860876076
11,0.23750000000000002,-52.70707043852998
11,0.25,-33.336400000000026
11,0.2625,-4.552947982638056
11,0.275,32.89322212511132
11,0.28750000000000003,-8.438318578386728
11,0.30000000000000004,3.7207090810962384
11,0.3125,-4.4003919411886425
11,0.325,10.22384710756748
11,0.3375,-72.58020934036715
11,0.35000000000000003,12.991292492718557
11,0.36250000000000004,0.28915582243555704
11,0.375,11.012401687006257
11,0.3875,-9.508277840397444
11,0.4,-5.280517890188069
11,0.41250000000000003,31.7194102996923
11,0.42500000000000004,14.669151224774748
11,0.4375,-17.404686745510496
11,0.45,16.532585193890643
11,0.4625,8.131951477265297
11,0.47500000000000003,-0.8168001712173201
11,0.48750000000000004,-36.89130639423081
12,0.0,-0.0
12,0.011764705882352941,27.023156693731064
12,0.023529411764705882,-16.87775084595249
12,0.03529411764705882,47.19790198278221
12,0.047058823529411764,0.8178029632519923
12,0.058823529411764705,-5.809235085277507
12,0.07058823529411765,-17.454086802552407
12,0.08235294117647059,31.338172318460686
12,0.09411764705882353,-26.40555503015185
12,0.10588235294117647,50.20293333588098
12,0.11764705882352941,-9.614298478078862
12,0.12941176470588234,19.5706150448326
12,0.1411764705882353,28.86779250555416
12,0.15294117647058825,37.30703156687713
12,0.16470588235294117,22.63648401628364
12,0.1764705882352941,19.165043820389158
12,0.18823529411764706,-14.23705839097075
12,0.2,-10.187249954683764
12,0.21176470588235294,-25.024933891123418
12,0.22352941176470587,-27.865249301006948
12,0.23529411764705882,-11.25864115305667
12,0.24705882352941178,-22.405823317384456
12,0.2588235294117647,-22.915083816006263
12,0.27058823529411763,-33.41896691543418
12,0.2823529411764706,-52.771068861684014
12,0.29411764705882354,45.3313363523065
12,0.3058823529411765,-51.63617767109638
12,0.3176470588235294,17.306962028236224
12,0.32941176470588235,35.55266045963829
12,0.3411764705882353,39.765176237465155
12,0.3529411764705882,-31.145807458568672
12,0.36470588235294116,-60.749838199525996
12,0.3764705882352941,-23.121554070829987
12,0.38823529411764707,15.33405298377568
12,0.4,0.12679027287401734
12,0.4117647058823529,45.90339179342581
12,0.4235294117647059,-52.29979446907794
12,0.43529411764705883,-2.739483128286782
12,0.44705882352941173,-24.874863941148124
12,0.4588235294117647,79.99349551575507
12,0.47058823529411764,22.315683994440466
12,0.4823529411764706,-11.062765332570724
12,0.49411764705882355,28.77979616072724
13,0.0,-0.0
13,0.0125,-18.04413868060892
13,0.025,-10.52546563063827
13,0.037500000000000006,-10.551780045436452
13,0.05,-20.802923728273747
13,0.0625,-27.49276629327328
13,0.07500000000000001,1.9836911573039107
13,0.08750000000000001,-22.1494037490631
13,0.1,-16.48048505808965
13,0.1125,-69.76918701430726
13,0.125,24.016751617988465
13,0.1375,24.52505967692463
13,0.15000000000000002,48.99111070541508
13,0.1625,-31.996408693780328
13,0.17500000000000002,-43.08355666131368
13,0.1875,2.866629022063986
13,0.2,-7.368222700699999
13,0.21250000000000002,-43.80342009900647
13,0.225,13.08129719044334
13,0.23750000000000002,-40.953077582280486
13,0.25,16.095199999999977
13,0.2625,2.102223503660035
13,0.275,39.01485721478838
13,0.28750000000000003,-31.209762788660754
13,0.30000000000000004,-26.135816858768425
13,0.3125,43.23078007016021
13,0.325,14.207278752028788
13,0.3375,0.6268010037171585
13,0.35000000000000003,52.24006260966139
13,0.36250000000000004,-24.87351916707485
13,0.375,-26.824248382011543
13,0.3875,2.5728929082939516
13,0.4,-23.77914167201771
13,0.41250000000000003,6.120232128964087
13,0.42500000000000004,-17.600370192305853
13,0.4375,17.896184754822936
13,0.45,18.459397043350215
13,0.4625,-35.70772842817322
13,0.47500000000000003,-24.82025159125062
13,0.48750000000000004,46.930524126178156
14,0.0,-0.0
14,0.03225806451612903,-18.23028053283529
14,0.06451612903225806,0.23424089080677069
14,0.0967741935483871,-19.070495332377455
14,0.12903225806451613,-1.7086344979761452
14,0.16129032258064516,-1.8874791579448793
14,0.1935483870967742,-1.8602224771365437
14,0.22580645161290322,-0.9547931936857119
14,0.25806451612903225,-7.054283424954055
14,0.29032258064516125,10.06697582586899
14,0.3225806451612903,23.816939525824743
14,0.3548387096774194,13.160632481299537
14,0.3870967741935484,-12.482391979228495
14,0.4193548387096774,-12.916601020977016
14,0.45161290322580644,22.44429270678323
14,0.4838709677419355,2.625197069583603
15,0.0,-0.0
15,0.025,0.0316702333287453
15,0.05,26.05623729540158
15,0.07500000000000001,-17.849058567561254
15,0.1,4.415528278973097
15,0.125,3.755322531402829
15,0.15000000000000002,39.57783360169162
15,0.17500000000000002,-12.452477779321622
15,0.2,7.021523158699555
15,0.225,2.841451546321352
15,0.25,-14.161000000000001
15,0.275,15.138735745840975
15,0.30000000000000004,4.841975758157915
15,0.325,3.9417722577620573
15,0.35000000000000003,-0.162325131087659
15,0.375,-24.29507746859718
15,0.4,2.5855695420633844
15,0.42500000000000004,55.80404234840687
15,0.45,12.202771175202377
15,0.47500000000000003,-7.514863013139086
16,0.0,-0.0
16,0.01282051282051282,-4.381158919422134
16,0.02564102564102564,18.499713955944014
16,0.038461538461538464,-10.661516355393662
16,0.05128205128205128,-37.553592351991085
16,0.0641025641025641,-15.773307909701856
16,0.07692307692307693,-12.507599266419632
16,0.08974358974358974,-13.814673084435922
16,0.10256410256410256,-1.2634050647837505
16,0.11538461538461538,-1.4523567974538452
16,0.1282051282051282,-7.25340698829363
16,0.14102564102564102,-20.718737457636788
16,0.15384615384615385,2.5826884338469323
16,0.16666666666666666,-24.49639457144662
16,0.1794871794871795,19.298210100553945
16,0.1923076923076923,6.895526965046307
16,0.20512820512820512,25.77782551224597
16,0.21794871794871795,10.277427061701598
16,0.23076923076923075,-23.46821459263751
16,0.24358974358974358,29.766817065388857
16,0.2564102564102564,4.037511750483596
16,0.2692307692307692,-6.799443067722487
16,0.28205128205128205,2.0658637882497484
16,0.2948717948717949,-28.374143419467565
16,0.3076923076923077,15.393413497989773
16,0.3205128205128205,-10.0521501866041
16,0.3333333333333333,-19.892257114767016
16,0.34615384615384615,3.377153759946791
16,0.358974358974359,-6.974060023243328
16,0.3717948717948718,11.58871096236724
16,0.3846153846153846,28.27778382467033
16,0.3974358974358974,22.954535259245937
16,0.41025641025641024,-11.876332497834502
16,0.4230769230769231,-49.36384305733155
16,0.4358974358974359,-74.91182225069167
16,0.4487179487179487,35.96726965668029
16,0.4615384615384615,1.3898352639316265
16,0.47435897435897434,31.41830197080346
16,0.48717948717948717,-55.18768864903403
17,0.0,-0.0
17,0.012048192771084338,-19.401467621291378
17,0.024096385542168676,17.510822605583797
17,0.03614457831325302,21.31050058961734
17,0.04819277108433735,-10.949522508285035
17,0.060240963855421686,-7.7548022287234035
17,0.07228915662650603,27.63711818622571
17,0.08433734939759037,-11.926879283769233
17,0.0963855421686747,11.20322661493721
17,0.10843373493975904,-62.02711150240216
17,0.12048192771084337,9.745545720323143
17,0.13253012048192772,-9.660692670805027
17,0.14457831325301207,10.699300511919375
17,0.1566265060240964,-23.910694944251222
17,0.16867469879518074,15.545540698403089
17,0.18072289156626506,8.825726261114884
17,0.1927710843373494,23.64846934577161
17,0.20481927710843376,-37.69580166061198
17,0.21686746987951808,23.561926068704008
17,0.22891566265060243,2.1324968279450314
17,0.24096385542168675,-5.249103957515431
17,0.2530120481927711,4.497354575135554
17,0.26506024096385544,-8.471042490184441
17,0.27710843373493976,-11.093695695130059
17,0.28915662650602414,-3.869660301932865
17,0.30120481927710846,-3.3875214868925223
17,0.3132530120481928,-32.45972802784001
17,0.3253012048192771,4.449245267860057
17,0.3373493975903615,-3.958726897697212
17,0.3493975903614458,1.1227148939301692
17,0.3614457831325301,1.510089138761023
17,0.3734939759036145,-25.570601003052268
17,0.3855421686746988,15.319518244016216
17,0.39759036144578314,5.869202668043084
17,0.4096385542168675,-7.1289811717104445
17,0.42168674698795183,-15.053245129334044
17,0.43373493975903615,-50.48241319234831
17,0.44578313253012053,-52.336696112948
17,0.45783132530120485,4.99242525450847
17,0.46987951807228917,12.491463508706229
17,0.4819277108433735,-12.89750182287104
17,0.49397590361445787,-79.8013144258731
18,0.0,-0.0
18,0.013888888888888888,-47.062428154925556
18,0.027777777777777776,-8.754816998565929
18,0.041666666666666664,-8.579275911616248
18,0.05555555555555555,-17.224568398082376
18,0.06944444444444445,31.033331540402493
18,0.08333333333333333,-9.97986443444117
18,0.09722222222222221,-22.711011888470818
18,0.1111111111111111,-5.170300948104785
18,0.125,26.827756368846078
18,0.1388888888888889,64.09595929551068
18,0.15277777777777776,4.152925742740852
18,0.16666666666666666,-14.894770919688561
18,0.18055555555555555,-16.76068637993147
18,0.19444444444444442,-33.18227235283283
18,0.20833333333333331,-28.63079276558055
18,0.2222222222222222,16.67056699289555
18,0.2361111111111111,-19.829820403309917
18,0.25,-19.34190000000001
18,0.2638888888888889,-10.80745944844198
18,0.2777777777777778,11.738999159872812
18,0.29166666666666663,19.73636452094877
18,0.3055555555555555,-45.39341468643537
18,0.3194444444444444,14.930853720594298
18,0.3333333333333333,49.8737101836228
18,0.3472222222222222,13.083675210017429
18,0.3611111111111111,-31.05579447607318
18,0.375,-51.46604363115392
18,0.38888888888888884,-11.266603344366356
18,0.40277777777777773,17.919865380660436
18,0.41666666666666663,-31.590835565558827
18,0.4305555555555555,-24.208373699023817
18,0.4444444444444444,-30.837725320399493
18,0.4583333333333333,-17.462633198145568
18,0.4722222222222222,-7.874734860139764
18,0.4861111111111111,-7.960597234485121
19,0.0,-0.0
19,0.01282051282051282,-28.216448979966287
19,0.02564102564102564,47.58258900695653
19,0.038461538461538464,-22.41044822372401
19,0.05128205128205128,50.23342363491167
19,0.0641025641025641,-12.83106651795714
19,0.07692307692307693,-8.17065193614172
19,0.08974358974358974,1.8553423058750447
19,0.10256410256410256,-17.79239570212546
19,0.11538461538461538,14.5889578607377
19,0.1282051282051282,14.846039546080911
19,0.14102564102564102,-26.330079469732937
19,0.15384615384615385,-19.776384859064493
19,0.16666666666666666,21.150851834086964
19,0.1794871794871795,5.1182863356596995
19,0.1923076923076923,25.043432858708826
19,0.20512820512820512,28.577036112467326
19,0.21794871794871795,-28.73369271198824
19,0.23076923076923075,-0.47287254726424255
19,0.24358974358974358,24.452159943130184
19,0.2564102564102564,1.7317295026935806
19,0.2692307692307692,-0.8507445165919689
19,0.28205128205128205,-16.777267973762882
19,0.2948717948717949,-0.32994591792408556
19,0.3076923076923077,-24.848754172284025
19,0.3205128205128205,8.366355093840642
19,0.3333333333333333,17.602918959862848
19,0.34615384615384615,9.974593743846263
19,0.358974358974359,-4.336948046886116
19,0.3717948717948718,-14.043104577988322
19,0.3846153846153846,-53.957457729443526
19,0.3974358974358974,0.3838737542480857
19,0.41025641025641024,-26.661099285367836
19,0.4230769230769231,2.5023460668860977
19,0.4358974358974359,-55.639490527222875
19,0.4487179487179487,-18.776147105306286
19,0.4615384615384615,-53.55640530668898
19,0.47435897435897434,-2.099622525432487
19,0.48717948717948717,-38.80817419971183
20,0.0,-0.0
20,0.01282051282051282,-57.25792190085855
20,0.02564102564102564,-28.217281179375775
20,0.038461538461538464,-57.26244842390849
20,0.05128205128205128,40.73340105000793
20,0.0641025641025641,30.806658937317582
20,0.07692307692307693,-8.926188043337003
20,0.08974358974358974,15.4975216816258
20,0.10256410256410256,-45.27053785978889
20,0.11538461538461538,1.781347859635515
20,0.1282051282051282,9.819026641286548
20,0.14102564102564102,-31.38742280247218
20,0.15384615384615385,-4.337267028142784
20,0.16666666666666666,57.66663977957711
20,0.1794871794871795,9.753253461061796
20,0.1923076923076923,-7.88772750556471
20,0.20512820512820512,35.60301913824549
20,0.21794871794871795,-16.33103508300436
20,0.23076923076923075,10.784946165355912
20,0.24358974358974358,-31.483919230384156
20,0.2564102564102564,-10.226147680746042
20,0.2692307692307692,25.60148831823078
20,0.28205128205128205,3.8716450462318015
20,0.2948717948717949,-23.66724174672769
20,0.3076923076923077,-0.39299490260998526
20,0.3205128205128205,-7.41055095371616
20,0.3333333333333333,24.825224417263602
20,0.34615384615384615,-9.410417115056045
20,0.358974358974359,-37.578262184727
20,0.3717948717948718,-60.37759083072252
20,0.3846153846153846,4.1428175263834905
20,0.3974358974358974,-26.854376779645662
20,0.41025641025641024,-35.28040197791473
20,0.4230769230769231,-8.174008364921413
20,0.4358974358974359,63.76443356798458
20,0.4487179487179487,19.7188826930745
20,0.4615384615384615,-24.642950673753752
20,0.47435897435897434,18.431976587766158
20,0.48717948717948717,-37.77499561243127
21,0.0,-0.0
21,0.013333333333333334,-6.48507150610634
21,0.02666666666666667,-21.402433731259393
21,0.04,11.230609650079545
21,0.05333333333333334,-30.671848425768232
21,0.06666666666666667,-18.878044914800224
21,0.08,-31.984877691595443
21,0.09333333333333334,-17.87847730692866
21,0.10666666666666667,19.56818262826561
21,0.12000000000000001,13.19182523653372
21,0.13333333333333333,-5.072953505299219
21,0.14666666666666667,0.005531368187036367
21,0.16,-22.620070110251646
21,0.17333333333333334,18.591192817005492
21,0.18666666666666668,-17.986460798354635
21,0.2,17.293478578849292
21,0.21333333333333335,22.311197095112604
21,0.22666666666666668,-6.740204804045023
21,0.24000000000000002,-21.00123362712477
21,0.25333333333333335,-6.789830935864471
21,0.26666666666666666,-13.40489085004037
21,0.28,-6.391355257039198
21,0.29333333333333333,9.449937939915701
21,0.3066666666666667,-15.342388716225003
21,0.32,-26.397866247769077
21,0.33333333333333337,8.476656652242095
21,0.3466666666666667,-14.900096929440824
21,0.36000000000000004,-18.873051417044067
21,0.37333333333333335,-16.97339747925884
21,0.3866666666666667,40.40447320706056
21,0.4,-19.367958701625742
21,0.4133333333333334,37.73976242738501
21,0.4266666666666667,17.174509135054755
21,0.44,32.99157441827288
21,0.45333333333333337,16.752065392690433
21,0.4666666666666667,-7.460911768266729
21,0.48000000000000004,-26.715024172927137
21,0.49333333333333335,-45.429820186060255
22,0.0,-0.0
22,0.010869565217391304,31.470796752021187
22,0.021739130434782608,-16.660179332095815
22,0.03260869565217391,0.10792136401851948
22,0.043478260869565216,-3.8491665290715567
22,0.05434782608695652,-31.0067479622018
22,0.06521739130434782,11.116181921770522
22,0.07608695652173914,-30.219719270971126
22,0.08695652173913043,42.35437859106574
22,0.09782608695652173,-32.13670030545629
22,0.10869565217391304,31.334419182454504
22,0.11956521739130435,-23.08189498141146
22,0.13043478260869565,-5.739456538310263
22,0.14130434782608695,-7.187903032354626
22,0.15217391304347827,6.452800118283598
22,0.16304347826086957,-0.3091332922058285
22,0.17391304347826086,-4.859444244392613
22,0.18478260869565216,5.475282040388727
22,0.19565217391304346,-10.707810853970095
22,0.20652173913043478,-78.63565530139665
22,0.21739130434782608,49.49586057287617
22,0.22826086956521738,5.0936711187936545
22,0.2391304347826087,2.0911703019829577
22,0.25,14.405299999999983
22,0.2608695652173913,-29.635786104288833
22,0.2717391304347826,17.116982159369233
22,0.2826086956521739,-58.117731479107846
22,0.2934782608695652,94.03105832105398
22,0.30434782608695654,-73.24743500823578
22,0.31521739130434784,-37.356638384651184
22,0.32608695652173914,-73.83512449364599
22,0.33695652173913043,-55.92759193544255
22,0.34782608695652173,29.829347023930005
22,0.358695652173913,-7.257656588717804
22,0.3695652173913043,4.8866466153192025
22,0.3804347826086956,66.28393681771846
22,0.3913043478260869,76.80248234881765
22,0.40217391304347827,-37.220663440281754
22,0.41304347826086957,-7.329483384991164
22,0.42391304347826086,-7.696523910158206
22,0.43478260869565216,-29.324069094824548
22,0.44565217391304346,-47.83166145987478
22,0.45652173913043476,17.867178968395162
22,0.46739130434782605,-19.953218949934
22,0.4782608695652174,-86.54730359278747
22,0.4891304347826087,79.14571796423651
23,0.0,-0.0
23,0.010638297872340425,13.637962160674213
23,0.02127659574468085,-15.52813326352808
23,0.031914893617021274,9.514079477126346
23,0.0425531914893617,-20.431958092144058
23,0.05319148936170213,44.44721570566859
23,0.06382978723404255,92.09848854298659
23,0.07446808510638298,-2.813504825032645
23,0.0851063829787234,-21.49962535369396
23,0.09574468085106383,-7.1352491215258365
23,0.10638297872340426,10.515257154924411
23,0.11702127659574468,3.1397238606281146
23,0.1276595744680851,-4.828331281260388
23,0.13829787234042554,17.171359575041524
23,0.14893617021276595,-55.15934307602112
23,0.1595744680851064,-13.686829824579839
23,0.1702127659574468,-30.90574692922415
23,0.18085106382978722,11.703587807511417
23,0.19148936170212766,-13.326085894099176
23,0.20212765957446807,12.521892138166276
23,0.2127659574468085,12.217013668955577
23,0.22340425531914893,39.81771619910927
23,0.23404255319148937,20.752438020386954
23,0.24468085106382978,-30.56635636512557
23,0.2553191489361702,9.029496932169833
23,0.26595744680851063,17.374202192034268
23,0.2765957446808511,34.71927687465811
23,0.28723404255319146,-72.00872859125525
23,0.2978723404255319,46.49796977940865
23,0.30851063829787234,9.768624442387772
23,0.3191489361702128,-16.08147567774366
23,0.32978723404255317,10.86779619807836
23,0.3404255319148936,-75.06046792551584
23,0.35106382978723405,-10.088220966959192
23,0.36170212765957444,9.62279005607815
23,0.3723404255319149,29.648671671750094
23,0.3829787234042553,-27.845871855453034
23,0.39361702127659576,6.7742722582776285
23,0.40425531914893614,17.63938615908549
23,0.4148936170212766,0.8523920268731864
23,0.425531914893617,-51.29912597981552
23,0.4361702127659574,-31.96162133653821
23,0.44680851063829785,-35.70584476567239
23,0.4574468085106383,32.26547975765349
23,0.46808510638297873,-17.27098418331125
23,0.4787234042553191,7.487470898497438
23,0.48936170212765956,-60.4127592602407
24,0.0,-0.0
24,0.018867924528301886,-22.13723677224698
24,0.03773584905660377,6.013970169936528
24,0.05660377358490566,-12.6940171201577
24,0.07547169811320754,-0.6269811777117513
24,0.09433962264150943,-2.2577534816759095
24,0.11320754716981132,1.5916948500380381
24,0.1320754716981132,0.8347354173329471
24,0.1509433962264151,-35.41556573555569
24,0.16981132075471697,-4.7288556939369215
24,0.18867924528301885,31.859176199878593
24,0.20754716981132074,-7.3295590782603695
24,0.22641509433962265,3.5107269260382936
24,0.24528301886792453,6.511005344920923
24,0.2641509433962264,-2.187448073349314
24,0.2830188679245283,8.215661765010037
24,0.3018867924528302,6.369034178856616
24,0.32075471698113206,-6.087306896587661
24,0.33962264150943394,-28.292234104615652
24,0.3584905660377358,16.93541240511986
24,0.3773584905660377,61.31137012521506
24,0.3962264150943396,-16.986526251588746
24,0.4150943396226415,-0.7061638701624497
24,0.43396226415094336,34.9337310921234
24,0.4528301886792453,25.905507766065305
24,0.4716981132075472,-6.297379735380943
24,0.49056603773584906,-2.2513467072310718
25,0.0,-0.0
25,0.011235955056179775,0.523139247860767
25,0.02247191011235955,-9.365551640344226
25,0.033707865168539325,-14.201896168873292
25,0.0449438202247191,9.89794488031637
25,0.056179775280898875,46.62821331367404
25,0.06741573033707865,1.3785462486426248
25,0.07865168539325842,-7.905282515306434
25,0.0898876404494382,19.31728975717772
25,0.10112359550561797,25.39518932518176
25,0.11235955056179775,25.749241943329285
25,0.12359550561797752,-62.27593304715695
25,0.1348314606741573,-8.323590273809346
25,0.14606741573033707,7.547533772223618
25,0.15730337078651685,36.62006318581713
25,0.16853932584269662,3.4220404862407925
25,0.1797752808988764,-0.8830538107420214
25,0.19101123595505617,17.190001892527313
25,0.20224719101123595,-15.863698092297895
25,0.21348314606741572,0.6785214087243112
25,0.2247191011235955,24.25624400465157
25,0.23595505617977527,-7.626163042268837
25,0.24719101123595505,-42.184077910187646
25,0.2584269662921348,-48.95415013875994
25,0.2696629213483146,45.106590432958605
25,0.2808988764044944,21.169826999639888
25,0.29213483146067415,-18.728198553498736
25,0.3033707865168539,-33.695302989448955
25,0.3146067415730337,12.871729010700776
25,0.3258426966292135,-79.11525128167297
25,0.33707865168539325,-18.107277529067684
25,0.348314606741573,-15.043685069373694
25,0.3595505617977528,-33.055331434539966
25,0.3707865168539326,-52.29461029258703
25,0.38202247191011235,5.9816459304156275
25,0.3932584269662921,31.443439603768148
25,0.4044943820224719,-48.07549812630059
25,0.4157303370786517,1.045272080982695
25,0.42696629213483145,7.757596898613745
25,0.4382022471910112,37.46808047838288
25,0.449438202247191,43.70875702813607
25,0.4606741573033708,-9.380227755226077
25,0.47191011235955055,-42.9909712643077
25,0.4831460674157303,70.84002319536384
25,0.4943820224719101,-80.84484721328008
26,0.0,-0.0
26,0.010638297872340425,18.966496129166234
26,0.02127659574468085,2.1381874643735475
26,0.031914893617021274,49.90045407112357
26,0.0425531914893617,37.97081747138739
26,0.05319148936170213,-18.835056998757356
26,0.06382978723404255,-11.356002093790785
26,0.07446808510638298,22.65844348541473
26,0.0851063829787234,0.689158804547823
26,0.09574468085106383,36.12424233119573
26,0.10638297872340426,26.050976495383296
26,0.11702127659574468,-10.772649160782084
26,0.1276595744680851,-31.75089088932892
26,0.13829787234042554,52.52399342741568
26,0.14893617021276595,0.8778523973487591
26,0.1595744680851064,-32.53877918394504
26,0.1702127659574468,-49.247599403676034
26,0.18085106382978722,6.962464396269352
26,0.19148936170212766,-16.586664388428083
26,0.20212765957446807,31.5176212186275
26,0.2127659574468085,-96.38661858700021
26,0.22340425531914893,-35.3487817166537
26,0.23404255319148937,-22.351963315546925
26,0.24468085106382978,-9.860397816750494
26,0.2553191489361702,-14.54489104696618
26,0.26595744680851063,-50.251641079885616
26,0.2765957446808511,12.636424242435845
26,0.28723404255319146,-42.80020858022666
26,0.2978723404255319,-9.407719330704037
26,0.30851063829787234,-1.0634553665734474
26,0.3191489361702128,28.31344355446773
26,0.32978723404255317,-0.6347199423117864
26,0.3404255319148936,9.807911865509858
26,0.35106382978723405,-2.1060904472363102
26,0.36170212765957444,62.760915217891956
26,0.3723404255319149,35.903191196356794
26,0.3829787234042553,3.1480344017493715
26,0.39361702127659576,-55.48854900057792
26,0.40425531914893614,-0.28651096494951034
26,0.4148936170212766,-68.40655846741294
26,0.425531914893617,108.51030340382343
26,0.4361702127659574,-3.518511506419733
26,0.44680851063829785,-17.91454604622717
26,0.4574468085106383,76.79422932861493
26,0.46808510638297873,-57.844458662976756
26,0.4787234042553191,-3.3225671575751616
26,0.48936170212765956,-17.14769689972722
27,0.0,-0.0
27,0.0196078431372549,25.599650566749418
27,0.0392156862745098,-11.24206938747874
27,0.058823529411764705,-1.8359135396834931
27,0.0784313725490196,-17.655942237927036
27,0.09803921568627451,-0.9897926238756831
27,0.11764705882352941,-30.86766403803933
27,0.13725490196078433,-10.63822109597684
27,0.1568627450980392,31.79404467254086
27,0.1764705882352941,2.5938089018756463
27,0.19607843137254902,-7.101020981899405
27,0.21568627450980393,3.8626808569917888
27,0.23529411764705882,7.443062591296767
27,0.2549019607843137,13.861332424072156
27,0.27450980392156865,-9.57339055756616
27,0.29411764705882354,-38.58707088221361
27,0.3137254901960784,27.986138181657203
27,0.3333333333333333,5.469903052842873
27,0.3529411764705882,7.388490409974503
27,0.37254901960784315,-3.5421647091157986
27,0.39215686274509803,7.770476320558217
27,0.4117647058823529,-0.22079604084726867
27,0.43137254901960786,-14.340324008118204
27,0.45098039215686275,-21.963041726142443
27,0.47058823529411764,-18.911474269162966
27,0.49019607843137253,-14.992916734321565
28,0.0,-0.0
28,0.011904761904761904,-27.054614420006008
28,0.023809523809523808,-19.300918754514502
28,0.03571428571428571,5.450043326203756
28,0.047619047619047616,-4.6084171229736
28,0.05952380952380952,-7.1553703954030174
28,0.07142857142857142,11.074367086032233
28,0.08333333333333333,0.5992594407986314
28,0.09523809523809523,17.13281128689608
28,0.10714285714285714,8.125362812815528
28,0.11904761904761904,-13.267992497862814
28,0.13095238095238093,6.352959433333805
28,0.14285714285714285,16.108444952792926
28,0.15476190476190477,16.941684099558984
28,0.16666666666666666,-6.607600625794505
28,0.17857142857142855,-34.136846530369326
28,0.19047619047619047,23.46848941983187
28,0.20238095238095238,-4.373164469908659
28,0.21428571428571427,-20.86146730789108
28,0.22619047619047616,1.038549670870598
28,0.23809523809523808,22.930016936191375
28,0.25,51.38980000000001
28,0.26190476190476186,17.216925176557194
28,0.2738095238095238,3.3736690881529263
28,0.2857142857142857,28.27874037075959
28,0.2976190476190476,-37.89383039241383
28,0.30952380952380953,1.1729623238417926
28,0.3214285714285714,-10.99340617101969
28,0.3333333333333333,-4.696975379965269
28,0.34523809523809523,-5.296093842702048
28,0.3571428571428571,16.805973234034905
28,0.369047619047619,-56.81827908275362
28,0.38095238095238093,6.410454367594183
28,0.39285714285714285,46.62754565339024
28,0.40476190476190477,23.719790176421647
28,0.41666666666666663,-10.503359440798617
28,0.42857142857142855,17.011993370663866
28,0.44047619047619047,-5.265833296658198
28,0.45238095238095233,12.643061765410957
28,0.46428571428571425,26.867017841391025
28,0.47619047619047616,53.90790661622836
28,0.4880952380952381,-14.196678172863525
29,0.0,-0.0
29,0.017241379310344827,-10.962921398866921
29,0.034482758620689655,2.0006288728732557
29,0.05172413793103448,19.793299579403204
29,0.06896551724137931,-42.32645307900982
29,0.08620689655172414,-28.287271750653183
29,0.10344827586206896,-18.452776747565547
29,0.12068965517241378,2.624541574531335
29,0.13793103448275862,11.324625155297719
29,0.15517241379310345,-44.9574750213833
29,0.1724137931034483,-19.009983929668625
29,0.1896551724137931,28.34525364868651
29,0.20689655172413793,22.089838356146092
29,0.22413793103448276,1.326961027610686
29,0.24137931034482757,-11.642775418735448
29,0.25862068965517243,-31.650326799225425
29,0.27586206896551724,-38.68124112589998
29,0.29310344827586204,31.178134226902525
29,0.3103448275862069,20.01775073485846
29,0.3275862068965517,-12.111619340119265
29,0.3448275862068966,21.377880535154944
29,0.3620689655172414,-3.7593605151393663
29,0.3793103448275862,51.90875192093924
29,0.39655172413793105,3.513700071688441
29,0.41379310344827586,13.586067004366996
29,0.43103448275862066,-30.45975990876762
29,0.4482758620689655,10.885350687667023
29,0.46551724137931033,-5.537975487733032
29,0.48275862068965514,-51.132709821950755
30,0.0,-0.0
30,0.010752688172043012,0.40889871013759205
30,0.021505376344086023,11.25911533504522
30,0.03225806451612903,-14.845317170396328
30,0.043010752688172046,-18.855671804157453
30,0.05376344086021506,37.75545111059188
30,0.06451612903225806,-14.579320438400835
30,0.07526881720430108,-29.422129820321125
30,0.08602150537634409,56.98794354349662
30,0.09677419354838711,-23.993857645588122
30,0.10752688172043012,68.70160608760466
30,0.11827956989247312,3.881964508746808
30,0.12903225806451613,39.72852520316833
30,0.13978494623655915,-21.64641661769341
30,0.15053763440860216,-18.73598891406982
30,0.16129032258064518,-4.885658525832254
30,0.17204301075268819,9.263097317515768
30,0.1827956989247312,-26.848869301660958
30,0.19354838709677422,-3.1605291866500633
30,0.20430107526881722,-7.000307046507885
30,0.21505376344086025,29.08246920818814
30,0.22580645161290325,7.919463489844312
30,0.23655913978494625,-64.28673707627387
30,0.24731182795698928,0.10078474853500197
30,0.25806451612903225,-15.820343310016204
30,0.2688172043010753,-33.37521463213519
30,0.2795698924731183,14.499139438421842
30,0.2903225806451613,-3.716998635708915
30,0.3010752688172043,-4.37643194840631
30,0.3118279569892473,-22.265978503740577
30,0.32258064516129037,-25.655704129532527
30,0.33333333333333337,-32.5440222386539
30,0.34408602150537637,73.04687516132834
30,0.3548387096774194,-2.5937009941370857
30,0.3655913978494624,24.56583008366967
30,0.37634408602150543,-36.81350088029174
30,0.38709677419354843,-25.091911193694827
30,0.39784946236559143,36.09485445501188
30,0.40860215053763443,-24.017013973455278
30,0.41935483870967744,9.336346492311659
30,0.4301075268817205,-34.016400444818785
30,0.4408602150537635,-11.569578899184172
30,0.4516129032258065,-41.845863835767055
30,0.4623655913978495,-9.451807910911828
30,0.4731182795698925,0.8910305869012318
30,0.4838709677419355,56.818577948695534
30,0.49462365591397855,19.347895136201842
31,0.0,-0.0
31,0.014084507042253521,21.248562304241826
31,0.028169014084507043,-27.392057743206678
31,0.04225352112676056,40.52637781209858
31,0.056338028169014086,13.646468614768498
31,0.07042253521126761,0.016034592438327833
31,0.08450704225352113,-18.604392097784707
31,0.09859154929577466,-2.3826009062480216
31,0.11267605633802817,-46.32335610790288
31,0.1267605633802817,5.410871419440626
31,0.14084507042253522,6.356326908616433
31,0.15492957746478875,-34.04336572784606
31,0.16901408450704225,-13.975452603444616
31,0.18309859154929578,-51.62218510060319
31,0.1971830985915493,50.33354037380305
31,0.2112676056338028,-15.520092142045
31,0.22535211267605634,28.43795538272612
31,0.23943661971830987,-3.032517492549644
31,0.2535211267605634,-1.558043554402504
31,0.26760563380281693,2.343084015127501
31,0.28169014084507044,-28.050278408281105
31,0.29577464788732394,-45.75015058615423
31,0.3098591549295775,30.7425057910628
31,0.323943661971831,-12.357418460302013
31,0.3380281690140845,20.221295875312265
31,0.35211267605633806,69.26070432775703
31,0.36619718309859156,14.020893227696078
31,0.38028169014084506,13.294853666112408
31,0.3943661971830986,8.454470176179408
31,0.4084507042253521,19.146688959730472
31,0.4225352112676056,-13.298890150514374
31,0.4366197183098592,-25.265031511243464
31,0.4507042253521127,-12.870535513094694
31,0.4647887323943662,-38.30224149589179
31,0.47887323943661975,-10.045539959809007
31,0.49295774647887325,-59.313418951170206
32,0.0,-0.0
32,0.014925373134328358,-16.742655101540226
32,0.029850746268656716,-7.0333338215830405
32,0.04477611940298507,-4.396985034203997
32,0.05970149253731343,2.926564242573663
32,0.07462686567164178,12.995190510068978
32,0.08955223880597014,-7.777727224553671
32,0.1044776119402985,-10.969482665641113
32,0.11940298507462686,-18.392382451754806
32,0.13432835820895522,21.126572043020943
32,0.14925373134328357,-32.3424983027298
32,0.16417910447761194,-35.24525892555396
32,0.1791044776119403,53.177582671168096
32,0.19402985074626866,-8.353005671769289
32,0.208955223880597,-25.56027968557233
32,0.22388059701492538,3.102578191839754
32,0.23880597014925373,10.873795488479638
32,0.2537313432835821,27.815271883057996
32,0.26865671641791045,-12.12030354534092
32,0.2835820895522388,-47.012503898434154
32,0.29850746268656714,-11.488773317936591
32,0.31343283582089554,40.9390071451747
32,0.3283582089552239,5.050971783981696
32,0.34328358208955223,-22.038963558521264
32,0.3582089552238806,-13.48595941728189
32,0.3731343283582089,-16.774926174341495
32,0.3880597014925373,15.025341457969423
32,0.40298507462686567,5.557019265901944
32,0.417910447761194,-51.346451666602846
32,0.43283582089552236,-6.122778679676671
32,0.44776119402985076,-73.29408602173488
32,0.4626865671641791,22.038291331406967
32,0.47761194029850745,-20.6719360731024
32,0.4925373134328358,2.563025969153065
33,0.0,-0.0
33,0.015151515151515152,-26.241076897843815
33,0.030303030303030304,-25.250721570287084
33,0.045454545454545456,-6.80678720623734
33,0.06060606060606061,-1.3835532229791747
33,0.07575757575757576,-30.613313921829494
33,0.09090909090909091,10.80271072208373
33,0.10606060606060606,29.24113753648545
33,0.12121212121212122,-15.758278832640043
33,0.13636363636363635,7.738841265230913
33,0.15151515151515152,24.358238177543637
33,0.16666666666666669,-7.534161205303487
33,0.18181818181818182,-10.843484685350194
33,0.19696969696969696,36.37343701824953
33,0.21212121212121213,-28.603315116844954
33,0.2272727272727273,6.778305101186682
33,0.24242424242424243,4.724654071584655
33,0.25757575757575757,12.923999015651294
33,0.2727272727272727,33.34416630599685
33,0.2878787878787879,23.268367257582106
33,0.30303030303030304,-26.422264285242047
33,0.3181818181818182,21.168765637314085
33,0.33333333333333337,28.622919017939065
33,0.3484848484848485,6.678330783059653
33,0.36363636363636365,3.353655368852535
33,0.3787878787878788,-4.738953915725743
33,0.3939393939393939,33.18547352160604
33,0.4090909090909091,8.197576234672088
33,0.42424242424242425,-16.481022411570272
33,0.4393939393939394,-10.73966172395646
33,0.4545454545454546,8.46574103215683
33,0.4696969696969697,-0.8262791450957518
33,0.48484848484848486,3.5408254874532155
34,0.0,-0.0
34,0.017857142857142856,-10.485889503331041
34,0.03571428571428571,10.912784054008185
34,0.05357142857142857,12.207703648928867
34,0.07142857142857142,-13.726955931549824
34,0.08928571428571427,-27.275298119268584
34,0.10714285714285714,11.046918780036492
34,0.125,-0.16747542321930098
34,0.14285714285714285,11.961414207337747
34,0.1607142857142857,5.332063294751858
34,0.17857142857142855,-13.59864788053559
34,0.19642857142857142,7.334334861126873
34,0.21428571428571427,33.20654329220926
34,0.23214285714285712,31.594000372880863
34,0.25,-24.897099999999995
34,0.26785714285714285,-29.85636321880461
34,0.2857142857142857,11.694544868670622
34,0.30357142857142855,-19.181179605443322
34,0.3214285714285714,-19.213707113595174
34,0.33928571428571425,15.653025986404092
34,0.3571428571428571,5.254606824817728
34,0.375,57.36152457678071
34,0.39285714285714285,-23.45187725697007
34,0.4107142857142857,48.23432634278369
34,0.42857142857142855,-113.8375190444374
34,0.4464285714285714,-1.4493127360132156
34,0.46428571428571425,70.24531246318902
34,0.4821428571428571,-25.31744391686239
35,0.0,-0.0
35,0.02631578947368421,-22.131331893168827
35,0.05263157894736842,18.16651983477854
35,0.07894736842105263,-2.0814458820370465
35,0.10526315789473684,-1.129284201904163
35,0.13157894736842105,3.651941903453686
35,0.15789473684210525,-5.0069254617081755
35,0.18421052631578946,-24.20856873840939
35,0.21052631578947367,-6.852665010242592
35,0.23684210526315788,-6.584318625979968
35,0.2631578947368421,-14.142286261338143
35,0.2894736842105263,14.191478083419799
35,0.3157894736842105,26.834132369793316
35,0.3421052631578947,3.4116607934143426
35,0.3684210526315789,-51.845888239667204
35,0.39473684210526316,-33.49956932386946
35,0.42105263157894735,14.060474921448046
35,0.4473684210526315,-2.2364147941289767
35,0.47368421052631576,5.1880841452570525
36,0.0,-0.0
36,0.010416666666666666,-38.260726756217174
36,0.020833333333333332,-27.315171613274615
36,0.03125,24.155475010724675
36,0.041666666666666664,-21.502905052462363
36,0.05208333333333333,7.297655319569892
36,0.0625,25.852293238988707
36,0.07291666666666666,-9.612175874151962
36,0.08333333333333333,-19.74551897191555
36,0.09375,6.219473524980026
36,0.10416666666666666,-7.048290284891925
36,0.11458333333333333,22.992105443857632
36,0.125,2.564935096275411
36,0.13541666666666666,-3.640522155549699
36,0.14583333333333331,-15.88016571906614
36,0.15625,-37.37494601482368
36,0.16666666666666666,57.34603717509608
36,0.17708333333333331,-19.232067091139925
36,0.1875,30.967206029272308
36,0.19791666666666666,-26.77109523327027
36,0.20833333333333331,17.630833382758148
36,0.21875,-9.093691800336824
36,0.22916666666666666,17.034887381184156
36,0.23958333333333331,-0.9063979267365383
36,0.25,-24.169299999999993
36,0.26041666666666663,-38.3416175076319
36,0.2708333333333333,-31.709109493161662
36,0.28125,32.487596145344654
36,0.29166666666666663,-54.405334513290846
36,0.3020833333333333,9.581566858938647
36,0.3125,23.25189798353289
36,0.32291666666666663,30.09999950536431
36,0.3333333333333333,3.4898225696301566
36,0.34375,23.429537954061868
36,0.35416666666666663,30.295102707374483
36,0.3645833333333333,11.978271641697713
36,0.375,-0.8326649037246001
36,0.38541666666666663,23.31167277826963
36,0.3958333333333333,-11.648214551420851
36,0.40625,4.394452842183194
36,0.41666666666666663,-27.683681028084465
36,0.4270833333333333,-22.349459145104905
36,0.4375,1.8501851932493185
36,0.44791666666666663,-22.664664422689636
36,0.4583333333333333,-18.274537156413377
36,0.46875,-18.847141695276225
36,0.47916666666666663,1.3928242053491076
36,0.4895833333333333,49.51845916706332
37,0.0,-0.0
37,0.02564102564102564,-29.12155215990768
37,0.05128205128205128,8.614689337573278
37,0.07692307692307693,-1.727180413208666
37,0.10256410256410256,-14.18181461904019
37,0.1282051282051282,-25.300437353219017
37,0.15384615384615385,20.151497801659332
37,0.1794871794871795,11.104019459706109
37,0.20512820512820512,-21.292753319934498
37,0.23076923076923075,-39.294816245225455
37,0.2564102564102564,-30.540651730715716
37,0.28205128205128205,24.517711769942785
37,0.3076923076923077,37.01834675986394
37,0.3333333333333333,-4.6737658991438575
37,0.358974358974359,-10.040878467523818
37,0.3846153846153846,8.168182022548685
37,0.41025641025641024,0.503493439635065
37,0.4358974358974359,-10.85566450247188
37,0.4615384615384615,-7.560813415029946
37,0.48717948717948717,-0.6974135841473563
38,0.0,-0.0
38,0.023809523809523808,-6.031706731288911
38,0.047619047619047616,-9.890435054518472
38,0.07142857142857142,2.2245070116273205
38,0.09523809523809523,-3.329496883966822
38,0.11904761904761904,-19.841310261480917
38,0.14285714285714285,-2.494867195968723
38,0.16666666666666666,-6.591059540582222
38,0.19047619047619047,-20.93433291454106
38,0.21428571428571427,2.942766698588927
38,0.23809523809523808,5.837230214675839
38,0.26190476190476186,-13.909402135597592
38,0.2857142857142857,-2.857397822668303
38,0.30952380952380953,-1.706518036089065
38,0.3333333333333333,-14.389271891499586
38,0.3571428571428571,4.504982551342117
38,0.38095238095238093,7.582617205315078
38,0.40476190476190477,-13.32845173224013
38,0.42857142857142855,13.246572972753732
38,0.45238095238095233,23.177347934717574
38,0.47619047619047616,20.352297920166297
39,0.0,-0.0
39,0.010101010101010102,-11.285845363839533
39,0.020202020202020204,3.0124912985675376
39,0.030303030303030304,37.20517531690685
39,0.04040404040404041,-5.964160160342959
39,0.05050505050505051,-32.22207588167513
39,0.06060606060606061,5.584988676756319
39,0.07070707070707072,23.608712687299587
39,0.08080808080808081,-0.7824521579983177
39,0.09090909090909091,1.9776153590310521
39,0.10101010101010102,38.913407227587136
39,0.11111111111111112,-21.324445861170272
39,0.12121212121212122,-6.5929583471123365
39,0.13131313131313133,-2.7804989205057016
39,0.14141414141414144,17.355160418871428
39,0.15151515151515152,-30.923105310922114
39,0.16161616161616163,3.52710000691293
39,0.17171717171717174,-3.178806309763176
39,0.18181818181818182,-14.777860609171237
39,0.19191919191919193,2.70358684990196
39,0.20202020202020204,-38.42815312276856
39,0.21212121212121213,22.065748718730795
39,0.22222222222222224,24.495809455228564
39,0.23232323232323235,26.217833481415212
39,0.24242424242424243,43.34960827111607
39,0.25252525252525254,-21.502349804297843
39,0.26262626262626265,-63.20802697239458
39,0.27272727272727276,-7.9638991325974535
39,0.2828282828282829,-26.68920357691046
39,0.29292929292929293,-21.384350740793145
39,0.30303030303030304,0.15022808619840244
39,0.31313131313131315,-17.2655638303398
39,0.32323232323232326,0.6329193455100643
39,0.33333333333333337,-48.52392298928436
39,0.3434343434343435,-27.306234583097375
39,0.3535353535353536,-19.004415080004854
39,0.36363636363636365,15.472350834656176
39,0.37373737373737376,-22.512569609681783
39,0.38383838383838387,21.085839851620843
39,0.393939393939394,19.3243267076081
39,0.4040404040404041,26.95275533905094
39,0.4141414141414142,-6.033539490927334
39,0.42424242424242425,-11.534043322036368
39,0.43434343434343436,-4.94160899739043
39,0.4444444444444445,-87.99495898745936
39,0.4545454545454546,97.69682326432246
39,0.4646464646464647,2.792856181566048
39,0.4747474747474748,8.412715068098715
39,0.48484848484848486,19.758593723538095
39,0.494949494949495,13.490502624508839
40,0.0,-0.0
40,0.017241379310344827,-20.327294173331005
40,0.034482758620689655,-24.898576867659067
40,0.05172413793103448,-4.853913758014343
40,0.06896551724137931,-9.27962672114818
40,0.08620689655172414,-16.4222511022796
40,0.10344827586206896,19.446871916086764
40,0.12068965517241378,6.086323142841515
40,0.13793103448275862,-24.421697275136122
40,0.15517241379310345,8.069898246045627
40,0.1724137931034483,17.435032290492348
40,0.1896551724137931,-12.513810994390257
40,0.20689655172413793,-6.445127907767603
40,0.22413793103448276,2.8548818796889552
40,0.24137931034482757,-2.2605584267320857
40,0.25862068965517243,23.681950873172187
40,0.27586206896551724,-6.349372380259323
40,0.29310344827586204,-2.1627820841707375
40,0.3103448275862069,24.456166324851353
40,0.3275862068965517,-13.213712507369127
40,0.3448275862068966,-17.858123978666256
40,0.3620689655172414,2.311922760293026
40,0.3793103448275862,-8.995146553762888
40,0.39655172413793105,-10.586240812440586
40,0.41379310344827586,4.044305306800374
40,0.43103448275862066,20.08348715647002
40,0.4482758620689655,-14.497722815644163
40,0.46551724137931033,-5.5289032020724544
40,0.48275862068965514,-9.491015937940595
41,0.0,-0.0
41,0.01694915254237288,-12.104425768157514
41,0.03389830508474576,-14.63441822432434
41,0.05084745762711865,-4.994604194878356
41,0.06779661016949153,-14.882958432358482
41,0.0847457627118644,-0.8561601530388372
41,0.1016949152542373,0.07393429544753172
41,0.11864406779661017,-0.35625789351504045
41,0.13559322033898305,26.496715437500182
41,0.15254237288135594,-1.2378138490090942
41,0.1694915254237288,36.54397279876739
41,0.1864406779661017,15.862632806934592
41,0.2033898305084746,-3.9040101298065055
41,0.22033898305084745,-9.600054812148812
41,0.23728813559322035,-8.070213229214112
41,0.2542372881355932,-3.7761335249887296
41,0.2711864406779661,-19.324257549912335
41,0.288135593220339,0.8360235227154975
41,0.3050847457627119,-0.5078869372916639
41,0.3220338983050847,-12.726036564779136
41,0.3389830508474576,-20.20744179823721
41,0.3559322033898305,-15.612373437326298
41,0.3728813559322034,4.851848006552615
41,0.3898305084745763,8.407471327273186
41,0.4067796610169492,25.422624110833866
41,0.423728813559322,-33.39645850919563
41,0.4406779661016949,4.876578723757828
41,0.4576271186440678,-54.42463844458036
41,0.4745762711864407,8.565585708810376
41,0.4915254237288136,18.469666950976173
42,0.0,-0.0
42,0.017543859649122806,-25.250609853281645
42,0.03508771929824561,-0.7456550942656968
42,0.05263157894736842,-30.30601911058966
42,0.07017543859649122,44.46119527054166
42,0.08771929824561403,-4.038540315990904
42,0.10526315789473684,-21.62719821122921
42,0.12280701754385964,-14.037821808366164
42,0.14035087719298245,9.647433640501903
42,0.15789473684210525,4.805803702696059
42,0.17543859649122806,-21.111365587699286
42,0.19298245614035087,-43.59746881207295
42,0.21052631578947367,22.398515141938194
42,0.22807017543859648,-3.309551414545335
42,0.24561403508771928,10.585107581982708
42,0.2631578947368421,14.862821881555444
42,0.2807017543859649,5.781763006104736
42,0.2982456140350877,62.68454196137229
42,0.3157894736842105,-3.486492784218737
42,0.3333333333333333,-24.37064768281714
42,0.3508771929824561,-7.183090073025544
42,0.3684210526315789,22.800432835353856
42,0.38596491228070173,3.139900359089367
42,0.40350877192982454,-17.677643890614345
42,0.42105263157894735,-0.3301500011757703
42,0.43859649122807015,9.988102422833823
42,0.45614035087719296,21.037352954188894
42,0.47368421052631576,-13.562998545335939
42,0.49122807017543857,22.229090794450943
43,0.0,-0.0
43,0.008849557522123894,26.25100821436745
43,0.017699115044247787,18.178372547520922
43,0.02654867256637168,3.06356862744212
43,0.035398230088495575,-36.83801684355501
43,0.04424778761061947,-22.782692346127522
43,0.05309734513274336,52.06560678034368
43,0.061946902654867256,-33.529728301841644
43,0.07079646017699115,7.123682793554425
43,0.07964601769911504,-18.205097553500657
43,0.08849557522123894,6.413396076904823
43,0.09734513274336283,-1.1226149379657726
43,0.10619469026548672,14.054193744874064
43,0.11504424778761062,5.605543471401395
43,0.12389380530973451,9.48852243849077
43,0.1327433628318584,-12.820922447363978
43,0.1415929203539823,0.7133693179475973
43,0.1504424778761062,-2.368804743061213
43,0.1592920353982301,-9.615833741108089
43,0.16814159292035397,-8.701452328287711
43,0.17699115044247787,-6.227936479842283
43,0.18584070796460178,6.395050673451193
43,0.19469026548672566,-9.222528615558257
43,0.20353982300884954,-34.851784562835384
43,0.21238938053097345,23.28204915944091
43,0.22123893805309736,-38.40379999785962
43,0.23008849557522124,-47.680090225419605
43,0.23893805309734512,-14.221524642814865
43,0.24778761061946902,-68.79617313098153
43,0.25663716814159293,80.76150593857132
43,0.2654867256637168,16.733760141739957
43,0.2743362831858407,-24.038082893837405
43,0.2831858407079646,-10.706425007034179
43,0.2920353982300885,-3.922729894459173
43,0.3008849557522124,20.011769706187685
43,0.30973451327433627,-0.21946445923585234
43,0.3185840707964602,24.84039003852098
43,0.3274336283185841,-25.65074849106292
43,0.33628318584070793,-45.0058764195731
43,0.34513274336283184,-55.20791013181643
43,0.35398230088495575,-35.66775752003854
43,0.36283185840707965,46.00355234338975
43,0.37168141592920356,41.89740555530151
43,0.3805309734513274,36.74726271608178
43,0.3893805309734513,-112.4137193069434
43,0.39823008849557523,48.707431770890494
43,0.4070796460176991,30.553882667341313
43,0.415929203539823,14.163232797723712
43,0.4247787610619469,-7.264185910413033
43,0.4336283185840708,-2.074741795339646
43,0.4424778761061947,-98.29552815477115
43,0.45132743362831856,5.883029762509672
43,0.46017699115044247,27.531146936091705
43,0.4690265486725664,-19.152367667517836
43,0.47787610619469023,-19.58925143680516
43,0.48672566371681414,19.34177480181673
43,0.49557522123893805,25.29067638130148
44,0.0,-0.0
44,0.013888888888888888,16.51950068810177
44,0.027777777777777776,-43.56643159493545
44,0.041666666666666664,-15.233196909857236
44,0.05555555555555555,26.593406437334906
44,0.06944444444444445,13.80006131991539
44,0.08333333333333333,4.620434521317735
44,0.09722222222222221,-26.939818675252702
44,0.1111111111111111,15.478663142812238
44,0.125,-6.452185588493727
44,0.1388888888888889,-48.08292659072677
44,0.15277777777777776,13.358511159288636
44,0.16666666666666666,8.580579700696203
44,0.18055555555555555,5.2761048703012285
44,0.19444444444444442,-13.865845518920972
44,0.20833333333333331,25.94994518355075
44,0.2222222222222222,-32.38373403600987
44,0.2361111111111111,-22.9183644543712
44,0.25,23.085799999999978
44,0.2638888888888889,-49.01246206300847
44,0.2777777777777778,46.27375187935992
44,0.29166666666666663,18.041096823219664
44,0.3055555555555555,-43.821301326874924
44,0.3194444444444444,7.817422445627077
44,0.3333333333333333,-9.630375695163716
44,0.3472222222222222,-9.218271153165926
44,0.3611111111111111,-7.555701165280009
44,0.375,12.719414411506314
44,0.38888888888888884,-17.558140702923183
44,0.40277777777777773,9.608386670693564
44,0.41666666666666663,-35.846334521317715
44,0.4305555555555555,39.748974851280906
44,0.4444444444444444,-17.47036146603216
44,0.4583333333333333,-8.363148549526136
44,0.4722222222222222,-4.608287494853631
44,0.4861111111111111,20.694990223539374
45,0.0,-0.0
45,0.012658227848101266,-32.43759415134257
45,0.02531645569620253,23.5789854359543
45,0.0379746835443038,-16.82424059647011
45,0.05063291139240506,21.514401461885736
45,0.06329113924050633,-21.534329053308095
45,0.0759493670886076,41.18445061911429
45,0.08860759493670886,-36.15995395029158
45,0.10126582278481013,-24.50524079478691
45,0.11392405063291139,12.429459491477292
45,0.12658227848101267,60.341778628552504
45,0.13924050632911392,4.598674041038564
45,0.1518987341772152,13.257220288834194
45,0.16455696202531644,-61.91589716024912
45,0.17721518987341772,16.31642730133199
45,0.18987341772151897,-33.377647624862405
45,0.20253164556962025,19.826963674861503
45,0.21518987341772153,3.7712541796630683
45,0.22784810126582278,1.6437687345108047
45,0.24050632911392406,-35.88678406294822
45,0.25316455696202533,5.2200743044281985
45,0.26582278481012656,-17.335956752340195
45,0.27848101265822783,0.40042285812686007
45,0.2911392405063291,-11.543870061838298
45,0.3037974683544304,-15.940487179384508
45,0.31645569620253167,-34.66027009502462
45,0.3291139240506329,-53.502145389551245
45,0.34177215189873417,27.951957533742938
45,0.35443037974683544,29.10952976142993
45,0.3670886075949367,-19.759975362115203
45,0.37974683544303794,25.294447029725088
45,0.3924050632911392,-20.117794787506288
45,0.4050632911392405,29.296802058506202
45,0.4177215189873418,-7.702847892634951
45,0.43037974683544306,-18.011310861269997
45,0.4430379746835443,27.86151039388356
45,0.45569620253164556,1.1666131213708866
45,0.46835443037974683,-4.9058816535819805
45,0.4810126582278481,-20.274569519579632
45,0.49367088607594933,0.17562310815680426
46,0.0,-0.0
46,0.012658227848101266,-2.3096259340893486
46,0.02531645569620253,1.0181894507725782
46,0.0379746835443038,-30.980685311094508
46,0.05063291139240506,9.422610775890062
46,0.06329113924050633,21.01482120970627
46,0.0759493670886076,-27.014960628446584
46,0.08860759493670886,5.017751324873826
46,0.10126582278481013,28.37123569134674
46,0.11392405063291139,27.268198667968353
46,0.12658227848101267,-10.79432822312964
46,0.13924050632911392,-17.16325286883367
46,0.1518987341772152,-38.87151269934769
46,0.16455696202531644,-10.183670117440892
46,0.17721518987341772,-0.02967164607781858
46,0.18987341772151897,-4.529930233435864
46,0.20253164556962025,-45.99699423717524
46,0.21518987341772153,61.80519645001579
46,0.22784810126582278,-41.86417311742268
46,0.24050632911392406,-8.325741924895176
46,0.25316455696202533,-6.804111136670441
46,0.26582278481012656,-20.184926723518426
46,0.27848101265822783,-45.93822020546393
46,0.2911392405063291,1.4290137512640846
46,0.3037974683544304,11.741352686320603
46,0.31645569620253167,-1.73008964865461
46,0.3291139240506329,28.285150452333106
46,0.34177215189873417,-19.280745109430203
46,0.35443037974683544,-35.66557267680771
46,0.3670886075949367,28.03396607432338
46,0.37974683544303794,6.999709584958754
46,0.3924050632911392,-63.828956561964844
46,0.4050632911392405,48.28193084757477
46,0.4177215189873418,-26.078432846657968
46,0.43037974683544306,91.52648553960489
46,0.4430379746835443,51.86927259621965
46,0.45569620253164556,40.98311434053758
46,0.46835443037974683,24.98844358682634
46,0.4810126582278481,38.14641963486305
46,0.49367088607594933,40.055717466333526
47,0.0,-0.0
47,0.0125,2.71794258681488
47,0.025,-8.374902134973688
47,0.037500000000000006,-28.701358040615563
47,0.05,4.156572891173216
47,0.0625,-19.267186192362374
47,0.07500000000000001,89.31372698686286
47,0.08750000000000001,36.764647377160095
47,0.1,-20.356437829410325
47,0.1125,44.436995433457156
47,0.125,13.347418880625181
47,0.1375,-14.13251740793298
47,0.15000000000000002,-29.977254546834587
47,0.1625,32.8585889845596
47,0.17500000000000002,-6.392319382070219
47,0.1875,-16.911178483269357
47,0.2,41.09168885549633
47,0.21250000000000002,-31.026260128947264
47,0.225,-41.234757159386874
47,0.23750000000000002,-0.03266051723928953
47,0.25,12.60159999999999
47,0.2625,49.36783247603232
47,0.275,36.82566222018396
47,0.28750000000000003,-53.73351777429142
47,0.30000000000000004,-22.90206804902895
47,0.3125,28.32484758120758
47,0.325,9.093120285563103
47,0.3375,9.636215469406554
47,0.35000000000000003,-42.103035287751936
47,0.36250000000000004,-61.73619434908157
47,0.375,-22.823781119374818
47,0.3875,10.972317735571878
47,0.4,-16.953289339478594
47,0.41250000000000003,-14.03971521606296
47,0.42500000000000004,65.45079868836527
47,0.4375,-26.099960127885403
47,0.45,-59.56346272575972
47,0.4625,-0.2494317908083623
47,0.47500000000000003,23.004389854591214
47,0.48750000000000004,-3.7805688460954574
48,0.0,-0.0
48,0.021739130434782608,6.634785092396289
48,0.043478260869565216,4.3793553516654224
48,0.06521739130434782,-11.619695056215871
48,0.08695652173913043,-14.661864248819764
48,0.10869565217391304,31.284985168810792
48,0.13043478260869565,-13.63016871378199
48,0.15217391304347827,-37.36325162144454
48,0.17391304347826086,17.818763093029393
48,0.19565217391304346,-12.3171482691841
48,0.21739130434782608,-16.615436579611703
48,0.2391304347826087,27.71911191156806
48,0.2608695652173913,-18.65014876562144
48,0.2826086956521739,-6.046318764838188
48,0.30434782608695654,-4.202618020414723
48,0.32608695652173914,-3.0687695185642063
48,0.34782608695652173,-29.502245404853408
48,0.3695652173913043,23.40118873537285
48,0.3913043478260869,20.75292232461372
48,0.41304347826086957,17.113217810932607
48,0.43478260869565216,-4.971603495959875
48,0.45652173913043476,-18.61049482281478
48,0.4782608695652174,-28.915691095393928
49,0.0,-0.0
49,0.013333333333333334,-28.865122670321266
49,0.02666666666666667,6.756701202696863
49,0.04,14.282588139163396
49,0.05333333333333334,-4.084954202433529
49,0.06666666666666667,4.378188651565312
49,0.08,-13.1409690665276
49,0.09333333333333334,-2.2427928192051887
49,0.10666666666666667,-19.690187177838848
49,0.12000000000000001,8.746114919602318
49,0.13333333333333333,11.20166952055079
49,0.14666666666666667,15.645869825666367
49,0.16,-14.3571136722824
49,0.17333333333333334,19.77619728371077
49,0.18666666666666668,1.2398535475092665
49,0.2,15.972263761263749
49,0.21333333333333335,20.232430736907556
49,0.22666666666666668,-12.01630421503166
49,0.24000000000000002,-5.81518747191781
49,0.25333333333333335,-16.772613478527944
49,0.26666666666666666,3.8993600466950458
49,0.28,17.536446529609954
49,0.29333333333333333,-36.8223349296909
49,0.3066666666666667,-31.211900804995494
49,0.32,-36.85044455268907
49,0.33333333333333337,27.326912001175653
49,0.3466666666666667,-12.657615120539134
49,0.36000000000000004,-3.968138341872139
49,0.37333333333333335,-4.17800711076201
49,0.3866666666666667,-24.62756154631198
49,0.4,-20.978368344633516
49,0.4133333333333334,22.79797856943739
49,0.4266666666666667,53.06552477603102
49,0.44,-9.406910462770004
49,0.45333333333333337,13.360572796379639
49,0.4666666666666667,11.65443631530101
49,0.48000000000000004,-26.634269369767363
49,0.49333333333333335,-23.254080370560917
50,0.0,-0.0
50,0.014925373134328358,-3.654204822052187
50,0.029850746268656716,-19.459444655797036
50,0.04477611940298507,11.385273682593235
50,0.05970149253731343,-12.823009300411433
50,0.07462686567164178,-31.892338926430853
50,0.08955223880597014,-10.642137987941602
50,0.1044776119402985,2.2072895325946367
50,0.11940298507462686,-23.436230125960673
50,0.13432835820895522,-8.365391608633054
50,0.14925373134328357,-9.056372915538708
50,0.16417910447761194,7.126592079105192
50,0.1791044776119403,-22.257352512140375
50,0.19402985074626866,32.11626095736086
50,0.208955223880597,40.00958604802622
50,0.22388059701492538,-5.144617208108411
50,0.23880597014925373,17.412361272198606
50,0.2537313432835821,-14.52526650627351
50,0.26865671641791045,0.3260926271340223
50,0.2835820895522388,9.129179360859405
50,0.29850746268656714,-0.7429492359504923
50,0.31343283582089554,-22.368405290939364
50,0.3283582089552239,19.410518331067518
50,0.34328358208955223,-28.276796289641943
50,0.3582089552238806,-22.766247529629567
50,0.3731343283582089,-9.35747507131526
50,0.3880597014925373,-0.8657024374322031
50,0.40298507462686567,-30.153498547586327
50,0.417910447761194,-23.92205943095337
50,0.43283582089552236,8.833465983421195
50,0.44776119402985076,-5.6852116942001665
50,0.4626865671641791,16.30176066231019
50,0.47761194029850745,-19.670105175903192
50,0.4925373134328358,17.801677864681903
51,0.0,-0.0
51,0.018867924528301886,-24.434327231224728
51,0.03773584905660377,-14.420971870808316
51,0.05660377358490566,9.761986895286457
51,0.07547169811320754,25.893686326650172
51,0.09433962264150943,25.130606227700234
51,0.11320754716981132,-3.560853924557809
51,0.1320754716981132,-2.3765231069144805
51,0.1509433962264151,8.527159211373693
51,0.16981132075471697,-17.767602689576222
51,0.18867924528301885,-3.5131224538862265
51,0.20754716981132074,15.775609211871824
51,0.22641509433962265,9.337469418475797
51,0.24528301886792453,1.5496003378415324
51,0.2641509433962264,-5.587011182354162
51,0.2830188679245283,12.775259268692606
51,0.3018867924528302,-0.34766032259490753
51,0.32075471698113206,0.6838121537639577
51,0.33962264150943394,35.872984657994806
51,0.3584905660377358,5.452771963412612
51,0.3773584905660377,7.600174161054868
51,0.3962264150943396,-28.831257042009536
51,0.4150943396226415,4.702213062076057
51,0.43396226415094336,-47.33390853935255
51,0.4528301886792453,19.744806915664576
51,0.4716981132075472,31.512991663200822
51,0.49056603773584906,2.9727674928041745
52,0.0,-0.0
52,0.016129032258064516,31.414812406726586
52,0.03225806451612903,-2.4980192717967347
52,0.04838709677419355,-30.562992974673406
52,0.06451612903225806,14.733377068391356
52,0.08064516129032258,14.172131210621652
52,0.0967741935483871,0.27772977001054233
52,0.11290322580645161,0.47156836297589066
52,0.12903225806451613,-4.923017157022064
52,0.14516129032258063,-5.966815204363684
52,0.16129032258064516,-30.376877662760204
52,0.1774193548387097,-21.05646811680772
52,0.1935483870967742,-15.97466753539245
52,0.2096774193548387,-38.34825713533682
52,0.22580645161290322,-11.924686750965076
52,0.24193548387096775,19.16878317935512
52,0.25806451612903225,0.3901988725126664
52,0.27419354838709675,-8.093069310778827
52,0.29032258064516125,10.735796060800293
52,0.3064516129032258,12.968182324948911
52,0.3225806451612903,-6.1917392858851645
52,0.3387096774193548,30.644297083258746
52,0.3548387096774194,5.350127462261341
52,0.3709677419354839,-23.662587013903533
52,0.3870967741935484,32.42651348992095
52,0.4032258064516129,-14.457081117319387
52,0.4193548387096774,3.716807441198041
52,0.43548387096774194,-44.76414550945866
52,0.45161290322580644,13.455704995521963
52,0.46774193548387094,17.309150423879686
52,0.4838709677419355,23.586131375388344
53,0.0,-0.0
53,0.012658227848101266,14.613820655809736
53,0.02531645569620253,-4.2715653037980506
53,0.0379746835443038,-9.11272669467095
53,0.05063291139240506,-42.46202690381441
53,0.06329113924050633,36.23197848527235
53,0.0759493670886076,-13.832079330915231
53,0.08860759493670886,-12.620865848981113
53,0.10126582278481013,-10.118412727068781
53,0.11392405063291139,19.31192027179524
53,0.12658227848101267,30.515643971982158
53,0.13924050632911392,32.37574696205619
53,0.1518987341772152,15.462956208729413
53,0.16455696202531644,-26.74586972679546
53,0.17721518987341772,41.945689334390046
53,0.18987341772151897,-6.349305610795733
53,0.20253164556962025,-27.11809828332374
53,0.21518987341772153,12.679840281684953
53,0.22784810126582278,0.17625641603465197
53,0.24050632911392406,-31.200729990181408
53,0.25316455696202533,-7.058719414425997
53,0.26582278481012656,-17.536334705236964
53,0.27848101265822783,-33.666845636827404
53,0.2911392405063291,-29.334647756108957
53,0.3037974683544304,13.159162763550873
53,0.31645569620253167,-5.439571357533799
53,0.3291139240506329,-37.163361117861896
53,0.34177215189873417,-9.676278595272045
53,0.35443037974683544,3.679057577582982
53,0.3670886075949367,8.464793608663143
53,0.37974683544303794,-25.488647126285468
53,0.3924050632911392,23.888967660309177
53,0.4050632911392405,0.7855383213878165
53,0.4177215189873418,-11.369821185040857
53,0.43037974683544306,1.8190134716830264
53,0.4430379746835443,24.909143579642514
53,0.45569620253164556,-15.737383971814893
53,0.46835443037974683,-34.479910019399135
53,0.4810126582278481,12.215466081307582
53,0.49367088607594933,-27.278366312591352
54,0.0,-0.0
54,0.01639344262295082,-5.15036032434991
54,0.03278688524590164,-21.491022211478217
54,0.04918032786885246,-11.883428986362144
54,0.06557377049180328,-10.585200112185149
54,0.0819672131147541,-32.87975986724506
54,0.09836065573770492,-5.958538057112616
54,0.11475409836065574,-16.351127539280935
54,0.13114754098360656,-3.043217641775433
54,0.14754098360655737,-30.72238850386981
54,0.1639344262295082,-2.0596590562831913
54,0.18032786885245902,-4.059337244811609
54,0.19672131147540983,28.510479408161185
54,0.21311475409836067,-20.612573910162922
54,0.22950819672131148,11.242648572802668
54,0.24590163934426232,13.967176671117198
54,0.26229508196721313,-25.10830544242792
54,0.27868852459016397,2.933415525111132
54,0.29508196721311475,10.752049002385428
54,0.3114754098360656,4.007566762406819
54,0.3278688524590164,15.493693292643995
54,0.3442622950819672,31.18151832519348
54,0.36065573770491804,-7.899739373496029
54,0.3770491803278689,3.417194036237401
54,0.39344262295081966,-19.678495391262093
54,0.4098360655737705,-21.224423950229607
54,0.42622950819672134,-25.43296233925723
54,0.4426229508196722,14.567928090184083
54,0.45901639344262296,-10.540881850115857
54,0.4754098360655738,-36.475904321052
54,0.49180327868852464,-52.27112506377363
55,0.0,-0.0
55,0.012987012987012988,1.6345610962971193
55,0.025974025974025976,-12.99801314421197
55,0.03896103896103896,26.50393952470464
55,0.05194805194805195,9.70237488138267
55,0.06493506493506494,16.98525829679093
55,0.07792207792207792,15.955509706999866
55,0.09090909090909091,-33.0680436207933
55,0.1038961038961039,23.98100622518864
55,0.1168831168831169,23.249092899317215
55,0.12987012987012989,-6.518155683870567
55,0.14285714285714288,-0.5227548316241544
55,0.15584415584415584,35.0222380352894
55,0.16883116883116883,-27.432786287441854
55,0.18181818181818182,6.05630540860118
55,0.19480519480519481,21.90410090980825
55,0.2077922077922078,4.800983200038963
55,0.2207792207792208,10.697780388719696
55,0.2337662337662338,-10.781140235057926
55,0.24675324675324678,-10.836149652960577
55,0.25974025974025977,-21.11724056823187
55,0.27272727272727276,25.015518551612093
55,0.28571428571428575,5.146937446608086
55,0.29870129870129875,-70.4346813453396
55,0.3116883116883117,-33.826978308231226
55,0.3246753246753247,-24.82825244577404
55,0.33766233766233766,-41.6051072309805
55,0.35064935064935066,23.926497259549517
55,0.36363636363636365,-45.52419008600378
55,0.37662337662337664,-53.057803491921575
55,0.38961038961038963,-27.992180516871812
55,0.4025974025974026,74.65642217077429
55,0.4155844155844156,49.94438780973013
55,0.4285714285714286,-17.668124206652983
55,0.4415584415584416,16.888397453597637
55,0.4545454545454546,-62.44231975730408
55,0.4675324675324676,6.899676072853254
55,0.48051948051948057,-23.735057242512784
55,0.49350649350649356,25.361575709794586
56,0.0,-0.0
56,0.016666666666666666,-12.910952292396157
56,0.03333333333333333,-18.73359221515247
56,0.05,23.757255912265077
56,0.06666666666666667,-12.00021718870127
56,0.08333333333333333,2.368759412993697
56,0.1,7.971175582526888
56,0.11666666666666667,-2.4689992707327537
56,0.13333333333333333,-34.44797327007135
56,0.15,21.509060037484545
56,0.16666666666666666,16.294441177284973
56,0.18333333333333332,-5.737034418654552
56,0.2,-26.83100946530844
56,0.21666666666666667,33.21237316832606
56,0.23333333333333334,18.83924233407498
56,0.25,-29.715199999999996
56,0.26666666666666666,-22.057385068590726
56,0.2833333333333333,8.812588793108722
56,0.3,24.84162102289276
56,0.31666666666666665,21.63597951814093
56,0.3333333333333333,-25.552772358982885
56,0.35,33.8843680308422
56,0.36666666666666664,-14.532151409054089
56,0.3833333333333333,-20.927807342397834
56,0.4,15.083623408684959
56,0.4166666666666667,-22.040859412993726
56,0.43333333333333335,-20.83230803616592
56,0.45,43.22037215606166
56,0.4666666666666667,-12.735389938645762
56,0.48333333333333334,16.66872881731717
57,0.0,-0.0
57,0.012658227848101266,-19.842706089624365
57,0.02531645569620253,-35.31916013513858
57,0.0379746835443038,31.180445565457255
57,0.05063291139240506,4.214405974016768
57,0.06329113924050633,10.41239322598649
57,0.0759493670886076,10.61353555879
57,0.08860759493670886,17.036400775955684
57,0.10126582278481013,8.590011943037057
57,0.11392405063291139,-10.490882561297463
57,0.12658227848101267,10.299946818717679
57,0.13924050632911392,20.163104070616182
57,0.1518987341772152,-24.49564176506338
57,0.16455696202531644,27.345283671219864
57,0.17721518987341772,10.347235254796392
57,0.18987341772151897,-62.77466212011844
57,0.20253164556962025,35.89820011934946
57,0.21518987341772153,-10.687764541793912
57,0.22784810126582278,-18.549866795096154
57,0.24050632911392406,-27.661788591884946
57,0.25316455696202533,-14.885466430841317
57,0.26582278481012656,-13.375923976611857
57,0.27848101265822783,33.18217392172728
57,0.2911392405063291,-42.23540789397636
57,0.3037974683544304,0.3082154887545756
57,0.31645569620253167,-41.68588048936552
57,0.3291139240506329,-19.53688260415013
57,0.34177215189873417,-26.229543972058007
57,0.35443037974683544,-16.31976881641536
57,0.3670886075949367,42.543502773197694
57,0.37974683544303794,15.207353791870151
57,0.3924050632911392,19.054634700763735
57,0.4050632911392405,-10.476349862591933
57,0.4177215189873418,-16.676622778752012
57,0.43037974683544306,-34.967155053155786
57,0.4430379746835443,96.27545269226431
57,0.45569620253164556,19.138476469093458
57,0.46835443037974683,-2.225291868836443
57,0.4810126582278481,1.2981013261002143
57,0.49367088607594933,65.2380929792369
58,0.0,-0.0
58,0.01020408163265306,1.905200362369433
58,0.02040816326530612,-5.574199253849842
58,0.030612244897959183,28.53329326930954
58,0.04081632653061224,-28.769377729448756
58,0.0510204081632653,17.47655498040911
58,0.061224489795918366,-12.34088494992844
58,0.07142857142857142,43.39841357836397
58,0.08163265306122448,25.128356904890953
58,0.09183673469387754,-6.7146221278072815
58,0.1020408163265306,31.65854999256986
58,0.11224489795918366,5.761363497970194
58,0.12244897959183673,-14.505514287369607
58,0.13265306122448978,16.49016506357772
58,0.14285714285714285,15.001241054057559
58,0.1530612244897959,-15.994611970994994
58,0.16326530612244897,-3.4870089579118755
58,0.17346938775510204,-1.8122549932754843
58,0.18367346938775508,-25.92342030349964
58,0.19387755102040816,72.75793431047514
58,0.2040816326530612,7.7441434965716525
58,0.21428571428571427,11.538438575429218
58,0.22448979591836732,-16.544301621385895
58,0.2346938775510204,-51.132610820431395
58,0.24489795918367346,33.50385138623767
58,0.25510204081632654,60.087962147052636
58,0.26530612244897955,-18.697484326444993
58,0.2755102040816326,7.913026328028149
58,0.2857142857142857,-81.8408222966348
58,0.29591836734693877,19.578120486162312
58,0.3061224489795918,-15.967977327053891
58,0.31632653061224486,-45.975996915425696
58,0.32653061224489793,-30.14719968349308
58,0.336734693877551,-76.16322610271163
58,0.3469387755102041,-26.64091555047561
58,0.3571428571428571,-15.311786559863577
58,0.36734693877551017,77.97196399363195
58,0.37755102040816324,-67.80934862461679
58,0.3877551020408163,-57.41572612012014
58,0.39795918367346933,12.90439713331253
58,0.4081632653061224,-8.23605736793472
58,0.4183673469387755,-10.616569581129458
58,0.42857142857142855,0.6227116999065458
58,0.4387755102040816,3.6025904526242707
58,0.44897959183673464,-48.58405657596009
58,0.4591836734693877,8.843705305122135
58,0.4693877551020408,87.05007256138114
58,0.47959183673469385,8.455204493532268
58,0.4897959183673469,11.280126889960597
59,0.0,-0.0
59,0.017543859649122806,-5.620143410645701
59,0.03508771929824561,-19.45346868325052
59,0.05263157894736842,-15.237486063912442
59,0.07017543859649122,-4.960798978424711
59,0.08771929824561403,-33.31987286162333
59,0.10526315789473684,-17.803226944237284
59,0.12280701754385964,21.773591460698842
59,0.14035087719298245,15.064645837754753
59,0.15789473684210525,17.176457336596172
59,0.17543859649122806,-2.8910234787327074
59,0.19298245614035087,-12.967902120356335
59,0.21052631578947367,29.98833465116287
59,0.22807017543859648,-22.6639087117862
59,0.24561403508771928,16.624051954926493
59,0.2631578947368421,7.577950137012009
59,0.2807017543859649,-33.722668193921514
59,0.2982456140350877,6.183536945556014
59,0.3157894736842105,-18.892441891217985
59,0.3333333333333333,-8.973755234014373
59,0.3508771929824561,-11.671156813940105
59,0.3684210526315789,-62.504854526491926
59,0.38596491228070173,-12.3065503001871
59,0.40350877192982454,1.8192624782217406
59,0.42105263157894735,4.313876437866671
59,0.43859649122807015,39.58334239173301
59,0.45614035087719296,-1.3943562420504314
59,0.47368421052631576,-3.3416493314418565
59,0.49122807017543857,-27.18974964503186
60,0.0,-0.0
60,0.014705882352941176,-5.21761600638267
60,0.029411764705882353,-23.30274891134509
60,0.044117647058823525,-60.23354745954735
60,0.058823529411764705,8.515244070726716
60,0.07352941176470588,-23.529709548510844
60,0.08823529411764705,0.9335885425623083
60,0.10294117647058823,-9.854954762983109
60,0.11764705882352941,-10.925211496142694
60,0.1323529411764706,2.4639538950284745
60,0.14705882352941177,-16.385781525802386
60,0.16176470588235295,-5.000705549814653
60,0.1764705882352941,-21.17111163750753
60,0.19117647058823528,19.660408034325275
60,0.20588235294117646,11.196870982691502
60,0.22058823529411764,-27.62430942951501
60,0.23529411764705882,-7.1263790292113365
60,0.25,-26.59410000000001
60,0.2647058823529412,-11.904190413578092
60,0.27941176470588236,9.150888879519869
60,0.29411764705882354,-7.554252078238674
60,0.3088235294117647,-1.2289110753372832
60,0.3235294117647059,-12.479438214637193
60,0.3382352941176471,-2.936694171931186
60,0.3529411764705882,-20.118213846543767
60,0.3676470588235294,31.860747445293534
60,0.38235294117647056,-18.69911992713562
60,0.39705882352941174,19.139564270120115
60,0.4117647058823529,-19.68473928459402
60,0.4264705882352941,-35.405671002899716
60,0.4411764705882353,47.678417568157236
60,0.45588235294117646,48.27859078423397
60,0.47058823529411764,33.02537665039473
60,0.4852941176470588,-34.3909691814341
61,0.0,-0.0
61,0.02127659574468085,-57.77563805763895
61,0.0425531914893617,38.55253187936915
61,0.06382978723404255,5.716553653596932
61,0.0851063829787234,-7.557766519723243
61,0.10638297872340426,-8.831108206160136
61,0.1276595744680851,-8.482398921882613
61,0.14893617021276595,2.8426165841554685
61,0.1702127659574468,-8.691108416685239
61,0.19148936170212766,-27.532580076223876
61,0.2127659574468085,-14.02815436425488
61,0.23404255319148937,10.29889410070621
61,0.2553191489361702,-15.391646810802404
61,0.2765957446808511,-20.034258363364795
61,0.2978723404255319,-15.788001831650773
61,0.3191489361702128,15.581751900039727
61,0.3404255319148936,-8.142811566145877
61,0.36170212765957444,34.86531310183427
61,0.3829787234042553,9.176869490279401
61,0.40425531914893614,28.91506650038756
61,0.425531914893617,-36.973880397597945
61,0.44680851063829785,15.12852007730476
61,0.46808510638297873,8.369039002848012
61,0.48936170212765956,-31.969397827093882
62,0.0,-0.0
62,0.012048192771084338,-6.164274644818674
62,0.024096385542168676,-25.435590386369366
62,0.03614457831325302,66.18125141681759
62,0.04819277108433735,-16.772176827786215
62,0.060240963855421686,13.826952255350792
62,0.07228915662650603,25.988670609427956
62,0.08433734939759037,-24.161062994001743
62,0.0963855421686747,-19.490222565339774
62,0.10843373493975904,-0.8407100983197426
62,0.12048192771084337,26.861331462481523
62,0.13253012048192772,15.94103848557959
62,0.14457831325301207,-38.28233114655484
62,0.1566265060240964,9.25081989126619
62,0.16867469879518074,-28.023239906852186
62,0.18072289156626506,-25.253490642693343
62,0.1927710843373494,35.89721552324463
62,0.20481927710843376,-14.870927430884343
62,0.21686746987951808,-7.57469754862254
62,0.22891566265060243,-14.781530834240789
62,0.24096385542168675,18.716427692699668
62,0.2530120481927711,-33.03492050661529
62,0.26506024096385544,0.5778044866605327
62,0.27710843373493976,-3.7999124981806087
62,0.28915662650602414,54.593123037570486
62,0.30120481927710846,-25.793148064374567
62,0.3132530120481928,-48.139704946240826
62,0.3253012048192771,-55.923134856566705
62,0.3373493975903615,8.82649926004385
62,0.3493975903614458,-11.324774043416415
62,0.3614457831325301,17.74277297970635
62,0.3734939759036145,-28.89489881441437
62,0.3855421686746988,1.9347502468059155
62,0.39759036144578314,5.307236536301728
62,0.4096385542168675,-6.5744181984680985
62,0.42168674698795183,-25.121389788247917
62,0.43373493975903615,11.196974459496026
62,0.44578313253012053,-2.1821234436293313
62,0.45783132530120485,4.287416339915297
62,0.46987951807228917,-13.419568747667073
62,0.4819277108433735,1.8030570435314228
62,0.49397590361445787,-0.3394199389964143
63,0.0,-0.0
63,0.013157894736842105,23.16035868164516
63,0.02631578947368421,-20.119330960837715
63,0.039473684210526314,-17.868408570644014
63,0.05263157894736842,-21.067574520918217
63,0.06578947368421052,-25.32876501500749
63,0.07894736842105263,19.884388217911557
63,0.09210526315789473,-1.229947430599326
63,0.10526315789473684,27.57322613112792
63,0.11842105263157894,9.734486024077356
63,0.13157894736842105,-24.70575387919981
63,0.14473684210526316,-19.689692107335297
63,0.15789473684210525,-4.668547579209612
63,0.17105263157894735,30.29109716863711
63,0.18421052631578946,12.053784987960544
63,0.19736842105263158,-7.8225114632639965
63,0.21052631578947367,-1.0112653055546161
63,0.22368421052631576,17.808522973209776
63,0.23684210526315788,-11.110663719250532
63,0.25,-32.48529999999997
63,0.2631578947368421,-26.791866593727974
63,0.2763157894736842,41.63465666733707
63,0.2894736842105263,22.94691170137449
63,0.3026315789473684,-50.84097808776093
63,0.3157894736842105,-22.382551707136425
63,0.3289473684210526,-4.2830528360591575
63,0.3421052631578947,-42.95133939592317
63,0.35526315789473684,1.55881311963922
63,0.3684210526315789,25.422288559090397
63,0.381578947368421,-14.667052289071993
63,0.39473684210526316,-31.4169743894378
63,0.40789473684210525,-1.2149015150460034
63,0.42105263157894735,33.516754141359606
63,0.43421052631578944,5.192704628090965
63,0.4473684210526315,-18.51939014016813
63,0.4605263157894737,4.21363311585772
63,0.47368421052631576,12.806052380492694
63,0.48684210526315785,7.3528510579885795
64,0.0,-0.0
64,0.010309278350515464,-10.43778923886207
64,0.020618556701030927,1.1340780924795542
64,0.030927835051546393,-0.5887962417607215
64,0.041237113402061855,-13.968190398337285
64,0.05154639175257732,-11.999502912812375
64,0.061855670103092786,9.230269104559946
64,0.07216494845360824,2.364675271242743
64,0.08247422680412371,9.154263168381013
64,0.09278350515463918,0.840292861769182
64,0.10309278350515463,-27.02109582328699
64,0.1134020618556701,-11.97700097078939
64,0.12371134020618557,24.787048793997908
64,0.13402061855670103,11.612870402151806
64,0.14432989690721648,23.48542302633274
64,0.15463917525773196,-9.528627684545798
64,0.16494845360824742,-7.228482297726912
64,0.17525773195876287,77.96333194296862
64,0.18556701030927836,24.07524993321771
64,0.1958762886597938,16.047831725363906
64,0.20618556701030927,-27.69001624009187
64,0.21649484536082475,4.681805714392548
64,0.2268041237113402,-4.434800106276935
64,0.23711340206185566,-0.2782000591749423
64,0.24742268041237114,-79.83854901579161
64,0.25773195876288657,29.873326849770663
64,0.26804123711340205,-7.955487252983531
64,0.27835051546391754,-2.131142587657463
64,0.28865979381443296,-32.41721035306188
64,0.29896907216494845,8.63008969304331
64,0.30927835051546393,-59.021375278469165
64,0.31958762886597936,27.92410369710028
64,0.32989690721649484,0.29128075771189366
64,0.3402061855670103,-72.28002153709443
64,0.35051546391752575,50.231068865879564
64,0.36082474226804123,3.5944707110631464
64,0.3711340206185567,-5.288920166423469
64,0.38144329896907214,3.965685215448824
64,0.3917525773195876,28.862721344993812
64,0.4020618556701031,17.78748353342454
64,0.41237113402061853,-71.99999637873864
64,0.422680412371134,-40.73726197542006
64,0.4329896907216495,13.337190199656089
64,0.44329896907216493,-10.396020304009495
64,0.4536082474226804,-46.52425126915439
64,0.4639175257731959,9.1073043476548
64,0.4742268041237113,38.05900647814077
64,0.4845360824742268,20.456672025769684
64,0.4948453608247423,12.071160462547144
65,0.0,-0.0
65,0.018867924528301886,27.34151290509692
65,0.03773584905660377,-29.30021771849036
65,0.05660377358490566,21.48257663911999
65,0.07547169811320754,24.07987116337013
65,0.09433962264150943,-3.0023963686932316
65,0.11320754716981132,5.851438832117398
65,0.1320754716981132,-16.528262591741345
65,0.1509433962264151,11.97296103722704
65,0.16981132075471697,-10.692581242264819
65,0.18867924528301885,8.416143418223044
65,0.20754716981132074,-28.91992927194407
65,0.22641509433962265,-14.53259188390746
65,0.24528301886792453,2.1195821721994568
65,0.2641509433962264,-18.732619566291604
65,0.2830188679245283,10.008640757813632
65,0.3018867924528302,-17.437266802354998
65,0.32075471698113206,27.75108528424026
65,0.33962264150943394,-40.103973548166714
65,0.3584905660377358,13.90202700622877
65,0.3773584905660377,-17.99983329224999
65,0.3962264150943396,28.05197973863634
65,0.4150943396226415,36.69677051900736
65,0.43396226415094336,-10.429700874687843
65,0.4528301886792453,-23.14553832054209
65,0.4716981132075472,91.76320429776221
65,0.49056603773584906,6.753158244072001
66,0.0,-0.0
66,0.01098901098901099,-40.06764994415519
66,0.02197802197802198,-12.685942533560455
66,0.03296703296703297,-19.47880428423811
66,0.04395604395604396,-3.0461908126865476
66,0.05494505494505495,31.411363342671752
66,0.06593406593406594,-20.810503932184584
66,0.07692307692307693,-2.963209676379483
66,0.08791208791208792,26.9310200657941
66,0.09890109890109891,-18.86444275444972
66,0.1098901098901099,-3.6458462091069244
66,0.1208791208791209,-20.819474015080036
66,0.13186813186813187,-18.936935831477783
66,0.14285714285714288,43.646193044388134
66,0.15384615384615385,39.0951064562055
66,0.16483516483516486,-11.715108348131682
66,0.17582417582417584,2.6478454909877662
66,0.18681318681318682,34.30826375961802
66,0.19780219780219782,-8.108194690472144
66,0.2087912087912088,-19.342845533794062
66,0.2197802197802198,0.7188019001832551
66,0.23076923076923078,54.171665369446856
66,0.2417582417582418,-65.80834689124444
66,0.2527472527472528,18.11448052575104
66,0.26373626373626374,44.28767332723102
66,0.27472527472527475,18.006307157366795
66,0.28571428571428575,45.98816753247034
66,0.2967032967032967,3.2208073529136456
66,0.3076923076923077,-13.76167115990397
66,0.3186813186813187,-29.575268714866027
66,0.3296703296703297,-10.725057548868676
66,0.34065934065934067,0.22617156667252303
66,0.3516483516483517,-6.894851224676113
66,0.3626373626373627,-63.85846190272662
66,0.37362637362637363,19.455711983446033
66,0.38461538461538464,6.716471852794724
66,0.39560439560439564,-53.182974784280894
66,0.40659340659340665,-18.627317659455695
66,0.4175824175824176,43.85773480782845
66,0.4285714285714286,20.538183912226685
66,0.4395604395604396,-10.81690101601815
66,0.45054945054945056,40.41388319028344
66,0.46153846153846156,16.694806912621807
66,0.47252747252747257,1.5742246108464157
66,0.4835164835164836,-2.5629347538017164
66,0.4945054945054945,-74.95261350126356
67,0.0,-0.0
67,0.013513513513513514,-8.53119783989876
67,0.02702702702702703,-13.808711517656313
67,0.04054054054054054,3.646356060752945
67,0.05405405405405406,-14.18281000988825
67,0.06756756756756757,-13.122240244455728
67,0.08108108108108109,-15.533720747449756
67,0.0945945945945946,-24.78483689031719
67,0.10810810810810811,-25.942548433303074
67,0.12162162162162163,-1.1412731297865601
67,0.13513513513513514,20.203042802619215
67,0.14864864864864866,-1.2023999841281103
67,0.16216216216216217,-24.65446156050879
67,0.17567567567567569,-9.555607000716575
67,0.1891891891891892,-43.13457268851069
67,0.20270270270270271,-18.973393583521073
67,0.21621621621621623,-7.144752501717802
67,0.22972972972972974,15.577753390988525
67,0.24324324324324326,7.8939576587299864
67,0.2567567567567568,19.23665637751035
67,0.2702702702702703,-15.296779270286853
67,0.28378378378378377,1.7097776384153907
67,0.2972972972972973,20.51444685273468
67,0.31081081081081086,26.14652281478655
67,0.32432432432432434,37.29781636992107
67,0.33783783783783783,17.64452821369348
67,0.35135135135135137,-3.930608834495537
67,0.3648648648648649,-3.1337644373536655
67,0.3783783783783784,-29.895068830161435
67,0.3918918918918919,18.231764901897947
67,0.40540540540540543,9.425116895803324
67,0.41891891891891897,12.418737258658613
67,0.43243243243243246,-12.771263145278748
67,0.44594594594594594,-10.16183689636922
67,0.4594594594594595,11.962282778265246
67,0.472972972972973,-76.29824326305524
67,0.4864864864864865,-12.67430281198622
68,0.0,-0.0
68,0.018867924528301886,-5.525410589820972
68,0.03773584905660377,-9.66305389907521
68,0.05660377358490566,29.555639659444243
68,0.07547169811320754,3.955438925058557
68,0.09433962264150943,13.767994450088107
68,0.11320754716981132,19.461516288714893
68,0.1320754716981132,-28.893680411475057
68,0.1509433962264151,2.0176945924068455
68,0.16981132075471697,5.755883995322458
68,0.18867924528301885,10.056541843871143
68,0.20754716981132074,15.843546073804001
68,0.22641509433962265,-26.11400487802186
68,0.24528301886792453,-18.189960031781577
68,0.2641509433962264,-2.3703352826720208
68,0.2830188679245283,-18.37445109685824
68,0.3018867924528302,-4.357201400942668
68,0.32075471698113206,-31.207204941996377
68,0.33962264150943394,-9.641909192222027
68,0.3584905660377358,3.2090863440771997
68,0.3773584905660377,-3.3318404500650587
68,0.3962264150943396,34.78005748629764
68,0.4150943396226415,-5.965441174281984
68,0.43396226415094336,-1.7442308188981404
68,0.4528301886792453,43.050111842489834
68,0.4716981132075472,-0.7858894356303465
68,0.49056603773584906,-20.458135535811415
69,0.0,-0.0
69,0.014492753623188406,-0.33732953688693
69,0.028985507246376812,-20.80558917995831
69,0.043478260869565216,-6.1959829377782665
69,0.057971014492753624,-4.064323685044062
69,0.07246376811594203,-22.70900833724606
69,0.08695652173913043,-23.038066477524964
69,0.10144927536231885,35.23632243788478
69,0.11594202898550725,22.30225299588321
69,0.13043478260869565,-23.298217337572854
69,0.14492753623188406,-29.550704428328594
69,0.15942028985507248,19.847963430329123
69,0.17391304347826086,-17.67046706806094
69,0.18840579710144928,34.77240147048444
69,0.2028985507246377,27.350736323982794
69,0.21739130434782608,5.232365555923378
69,0.2318840579710145,-31.679768122389692
69,0.2463768115942029,1.604244729953484
69,0.2608695652173913,-14.322058827935203
69,0.2753623188405797,9.756097208517645
69,0.2898550724637681,-46.237081395859555
69,0.30434782608695654,0.11136148890455466
69,0.31884057971014496,11.510423918210517
69,0.3333333333333333,31.18834607156973
69,0.34782608695652173,-0.4062288791218922
69,0.36231884057971014,30.445967063411388
69,0.37681159420289856,-44.98923898099701
69,0.391304347826087,-8.005758173667957
69,0.4057971014492754,18.892904680138177
69,0.42028985507246375,1.3631851575622138
69,0.43478260869565216,-31.162722411730815
69,0.4492753623188406,-13.674733316073526
69,0.463768115942029,-6.011759141441502
69,0.4782608695652174,-14.358122372067418
69,0.4927536231884058,8.177154786958805
70,0.0,-0.0
70,0.011627906976744186,-40.37645741891927
70,0.023255813953488372,16.93801784987224
70,0.03488372093023256,-5.726492771827232
70,0.046511627906976744,44.48358890352117
70,0.05813953488372093,-56.11686209087756
70,0.06976744186046512,-17.044385278723002
70,0.08139534883720931,-5.16944943842673
70,0.09302325581395349,15.657125091152428
70,0.10465116279069767,-5.689549134816708
70,0.11627906976744186,17.56573086544897
70,0.12790697674418605,23.653417491408895
70,0.13953488372093023,14.713767579198027
70,0.1511627906976744,-14.76302771344433
70,0.16279069767441862,-28.82832337201922
70,0.1744186046511628,40.05866985006937
70,0.18604651162790697,4.2820038817931945
70,0.19767441860465115,-27.66094965653384
70,0.20930232558139533,-50.18442109163104
70,0.22093023255813954,53.44550620692603
70,0.23255813953488372,-21.551493096247636
70,0.2441860465116279,-37.58715082552182
70,0.2558139534883721,-11.460855993708076
70,0.26744186046511625,17.35396478021701
70,0.27906976744186046,41.41778824863407
70,0.29069767441860467,23.847308378491633
70,0.3023255813953488,-42.82276381478003
70,0.313953488372093,-40.624149255437416
70,0.32558139534883723,-36.778328808709496
70,0.3372093023255814,10.550193760648462
70,0.3488372093023256,-23.634877148100713
70,0.36046511627906974,-34.781348714266386
70,0.37209302325581395,-0.5486880083388073
70,0.38372093023255816,-48.093341714247316
70,0.3953488372093023,25.92911441040603
70,0.4069767441860465,13.76965336557795
70,0.41860465116279066,-21.896192188749076
70,0.43023255813953487,-15.34961848026315
70,0.4418604651162791,-37.42557436161525
70,0.45348837209302323,3.6969263625956295
70,0.46511627906976744,-53.32062432082892
70,0.47674418604651164,58.46340247689693
70,0.4883720930232558,29.832186643412086
71,0.0,-0.0
71,0.013513513513513514,-42.827305879814816
71,0.02702702702702703,17.92482017621335
71,0.04054054054054054,-30.745377907023766
71,0.05405405405405406,-22.574697034701348
71,0.06756756756756757,19.962945701699095
71,0.08108108108108109,31.42745502010531
71,0.0945945945945946,16.9709188915068
71,0.10810810810810811,10.319115254503249
71,0.12162162162162163,12.062631250210302
71,0.13513513513513514,-28.35763788085991
71,0.14864864864864866,15.454299037485065
71,0.16216216216216217,7.436818589544254
71,0.17567567567567569,11.393013711218675
71,0.1891891891891892,-21.302648185596293
71,0.20270270270270271,-16.249852737127192
71,0.21621621621621623,25.28061426192056
71,0.22972972972972974,7.460960411186292
71,0.24324324324324326,46.36393548544349
71,0.2567567567567568,-88.77742463934113
71,0.2702702702702703,-25.600846055875785
71,0.28378378378378377,-41.571215791515016
71,0.2972972972972973,-54.62103891657255
71,0.31081081081081086,24.361298303990832
71,0.32432432432432434,-35.78655796769762
71,0.33783783783783783,28.370016189435383
71,0.35135135135135137,3.299605648355122
71,0.3648648648648649,5.041744051541121
71,0.3783783783783784,-13.765810975407454
71,0.3918918918918919,41.295853480527796
71,0.40540540540540543,24.089522698417483
71,0.41891891891891897,-14.03104120944391
71,0.43243243243243246,15.280143184812875
71,0.44594594594594594,11.302286254487054
71,0.4594594594594595,-14.364717031910168
71,0.472972972972973,-8.802224373554278
71,0.4864864864864865,-6.04013757095586
72,0.0,-0.0
72,0.012658227848101266,1.2762095224395933
72,0.02531645569620253,-24.813863266192126
72,0.0379746835443038,31.518661247847795
72,0.05063291139240506,71.85736043020518
72,0.06329113924050633,15.095325824215385
72,0.0759493670886076,-3.2263807237711966
72,0.08860759493670886,-10.028539278418503
72,0.10126582278481013,1.2019130102686668
72,0.11392405063291139,-32.88033926091454
72,0.12658227848101267,-16.35276646574895
72,0.13924050632911392,-34.39720704218992
72,0.1518987341772152,-18.372765742437885
72,0.16455696202531644,30.08030930120726
72,0.17721518987341772,9.270390094100037
72,0.18987341772151897,34.553155100189564
72,0.20253164556962025,-23.564991469882283
72,0.21518987341772153,-34.880741680794294
72,0.22784810126582278,18.436036436414263
72,0.24050632911392406,-7.329417745455063
72,0.25316455696202533,27.879727664086396
72,0.26582278481012656,13.423934812711305
72,0.27848101265822783,26.77419626876307
72,0.2911392405063291,-4.512482482416535
72,0.3037974683544304,17.32335148031525
72,0.31645569620253167,-6.226493232340021
72,0.3291139240506329,-11.889619399742813
72,0.34177215189873417,28.326998681231586
72,0.35443037974683544,-24.30083355227069
72,0.3670886075949367,-29.79542183488241
72,0.37974683544303794,39.66283024840675
72,0.3924050632911392,-9.410927533650934
72,0.4050632911392405,4.85136834721661
72,0.4177215189873418,-68.85465112825044
72,0.43037974683544306,35.86446294496695
72,0.4430379746835443,8.23601952878953
72,0.45569620253164556,-60.00345156484357
72,0.46835443037974683,12.865281494419598
72,0.4810126582278481,-9.35252046916957
72,0.49367088607594933,1.4665035823078183
73,0.0,-0.0
73,0.013157894736842105,-9.605159142659595
73,0.02631578947368421,-21.897897257117084
73,0.039473684210526314,-27.185056961636292
73,0.05263157894736842,13.427809011618347
73,0.06578947368421052,6.6445973063817085
73,0.07894736842105263,-16.5206237577274
73,0.09210526315789473,-14.084736437853369
73,0.10526315789473684,-52.77587048264573
73,0.11842105263157894,9.032293376033039
73,0.13157894736842105,2.8318585944080805
73,0.14473684210526316,-10.512990475334915
73,0.15789473684210525,-33.973601033444524
73,0.17105263157894735,10.68576269457728
73,0.18421052631578946,-46.23256751550899
73,0.19736842105263158,-11.030828882329889
73,0.21052631578947367,43.210822893972306
73,0.22368421052631576,10.653814653865712
73,0.23684210526315788,-5.358237492429911
73,0.25,-43.84249999999997
73,0.2631578947368421,-2.333444124229235
73,0.2763157894736842,11.578834711785333
73,0.2894736842105263,19.76914094214431
73,0.3026315789473684,-21.797014060797228
73,0.3157894736842105,11.730759703296552
73,0.3289473684210526,21.045591692218913
73,0.3421052631578947,3.9107909216886476
73,0.35526315789473684,30.85751051275475
73,0.3684210526315789,-17.732439994736083
73,0.381578947368421,-45.067204091845404
73,0.39473684210526316,4.388358286318276
73,0.40789473684210525,-16.596213413003387
73,0.42105263157894735,3.9865333336696143
73,0.43421052631578944,-37.65276145978149
73,0.4473684210526315,46.305254961798084
73,0.4605263157894737,66.09246280039383
73,0.47368421052631576,-3.640355461399057
73,0.48684210526315785,5.351563341618018
74,0.0,-0.0
74,0.014084507042253521,-26.695474613122087
74,0.028169014084507043,22.197453540458714
74,0.04225352112676056,-33.995471906005655
74,0.056338028169014086,-7.619781390911891
74,0.07042253521126761,21.497400079882944
74,0.08450704225352113,-10.99719202002408
74,0.09859154929577466,-20.12486342071278
74,0.11267605633802817,-20.140457617651037
74,0.1267605633802817,68.79483373376183
74,0.14084507042253522,-8.566530152632586
74,0.15492957746478875,-22.840057595115308
74,0.16901408450704225,21.031151031862915
74,0.18309859154929578,-6.329023294310486
74,0.1971830985915493,4.882086682522516
74,0.2112676056338028,-14.990773999837883
74,0.22535211267605634,-1.8276910537707405
74,0.23943661971830987,-16.286183080301626
74,0.2535211267605634,18.86622802570291
74,0.26760563380281693,-23.73546600952232
74,0.28169014084507044,-13.330991630541815
74,0.29577464788732394,27.591680710320897
74,0.3098591549295775,20.58902810006798
74,0.323943661971831,-63.12659633667952
74,0.3380281690140845,-5.306279096792586
74,0.35211267605633806,24.95293166051147
74,0.36619718309859156,-6.37309863777147
74,0.38028169014084506,-8.705385852802443
74,0.3943661971830986,-27.331264542778353
74,0.4084507042253521,-35.10213711501732
74,0.4225352112676056,-31.286596240491033
74,0.4366197183098592,-27.66362787339667
74,0.4507042253521127,-32.72998584170347
74,0.4647887323943662,-22.63720617856188
74,0.47887323943661975,-42.37428545406127
74,0.49295774647887325,2.718041262511505
75,0.0,-0.0
75,0.012987012987012988,3.8270110974329885
75,0.025974025974025976,-22.97065768876726
75,0.03896103896103896,35.97052398689822
75,0.05194805194805195,-3.7035328098241393
75,0.06493506493506494,6.859504855734578
75,0.07792207792207792,9.941065251681348
75,0.09090909090909091,16.425343762185648
75,0.1038961038961039,-31.595180292215893
75,0.1168831168831169,14.334995784288214
75,0.12987012987012989,11.634103230816331
75,0.14285714285714288,22.646013811808693
75,0.15584415584415584,-22.938948358067186
75,0.16883116883116883,-15.811098251293235
75,0.18181818181818182,0.9706267592870343
75,0.19480519480519481,-17.531481292645623
75,0.2077922077922078,-15.481826392068413
75,0.2207792207792208,15.734255805853046
75,0.2337662337662338,-0.5361206928515707
75,0.24675324675324678,3.790304919060702
75,0.25974025974025977,-46.14605108191757
75,0.27272727272727276,8.232771277304133
75,0.28571428571428575,13.892716416342815
75,0.29870129870129875,-21.0552286721621
75,0.3116883116883117,5.327107373416432
75,0.3246753246753247,-2.776577376739251
75,0.33766233766233766,7.405516855746775
75,0.35064935064935066,-51.03391569755967
75,0.36363636363636365,-12.598056699395368
75,0.37662337662337664,18.245484638543545
75,0.38961038961038963,51.042622504779516
75,0.4025974025974026,-8.999726202757241
75,0.4155844155844156,22.066236888141944
75,0.4285714285714286,-41.47283462937452
75,0.4415584415584416,-63.05868526139909
75,0.4545454545454546,24.623984161739546
75,0.4675324675324676,20.34040117881618
75,0.48051948051948057,4.529104955961752
75,0.49350649350649356,-7.068657485829026
76,0.0,-0.0
76,0.010526315789473684,-25.676002300655554
76,0.021052631578947368,25.86348328108646
76,0.031578947368421054,-21.278196420706134
76,0.042105263157894736,25.63527375265057
76,0.05263157894736842,-28.896832154517504
76,0.06315789473684211,17.752843393165335
76,0.07368421052631578,67.77222626886307
76,0.08421052631578947,38.36504049103057
76,0.09473684210526316,-11.89285907986427
76,0.10526315789473684,-7.238244118778933
76,0.11578947368421053,-9.763895485998077
76,0.12631578947368421,-26.730981415175798
76,0.1368421052631579,-12.82479931575728
76,0.14736842105263157,25.285425578539737
76,0.15789473684210525,10.932660298045942
76,0.16842105263157894,11.157594088382641
76,0.17894736842105263,-7.403838478984215
76,0.18947368421052632,-38.71162965714286
76,0.19999999999999998,9.463605140441091
76,0.21052631578947367,9.633785305212028
76,0.22105263157894736,-4.7835140899793975
76,0.23157894736842105,-29.908965335806176
76,0.24210526315789474,-56.33516917900178
76,0.25263157894736843,-1.5528804006790953
76,0.2631578947368421,2.484284322242866
76,0.2736842105263158,18.27775779439174
76,0.28421052631578947,12.408814436103903
76,0.29473684210526313,16.133607139069237
76,0.30526315789473685,-12.585715753921109
76,0.3157894736842105,-1.7074451765378242
76,0.3263157894736842,-6.359558032443946
76,0.3368421052631579,-56.203920291531524
76,0.34736842105263155,-11.159280765153703
76,0.35789473684210527,-10.279694947403666
76,0.3684210526315789,-22.18178723841031
76,0.37894736842105264,-11.56651207572967
76,0.3894736842105263,2.9718768073486466
76,0.39999999999999997,-28.06858163268707
76,0.4105263157894737,17.977614567298964
76,0.42105263157894735,8.473440348071017
76,0.43157894736842106,-38.436646978801434
76,0.4421052631578947,24.430920631497347
76,0.4526315789473684,-59.499981308696654
76,0.4631578947368421,94.93160519291825
76,0.47368421052631576,-29.759181052226065
76,0.4842105263157895,-39.98393441164762
76,0.49473684210526314,28.875399920801165
77,0.0,-0.0
77,0.013888888888888888,-32.339814579135975
77,0.027777777777777776,55.00176472516722
77,0.041666666666666664,-27.134446529700668
77,0.05555555555555555,-4.0952109673313135
77,0.06944444444444445,-27.43585607772907
77,0.08333333333333333,12.420453387518734
77,0.09722222222222221,-3.319600408982555
77,0.1111111111111111,-6.467521449694879
77,0.125,7.287747298293507
77,0.1388888888888889,-7.112610187478037
77,0.15277777777777776,11.092935268854708
77,0.16666666666666666,-62.630524188988716
77,0.18055555555555555,-4.086421945521811
77,0.19444444444444442,-10.9766921454124
77,0.20833333333333331,-5.114196161408
77,0.2222222222222222,51.657517226169986
77,0.2361111111111111,-11.618265762437213
77,0.25,-40.665700000000015
77,0.2638888888888889,-13.032697799279449
77,0.2777777777777778,-31.212859710705374
77,0.29166666666666663,36.56614758016994
77,0.3055555555555555,47.680412327339965
77,0.3194444444444444,-3.8403399905944235
77,0.3333333333333333,32.25468315124954
77,0.3472222222222222,-4.493808813376194
77,0.3611111111111111,33.253436388967586
77,0.375,-7.769852701706501
77,0.38888888888888884,6.407926687929133
77,0.40277777777777773,-12.837308725744883
77,0.41666666666666663,-13.391953387518733
77,0.4305555555555555,-1.6554941460671841
77,0.4444444444444444,21.815364776475477
77,0.4583333333333333,15.654409728721356
77,0.4722222222222222,-31.1146707447292
77,0.4861111111111111,28.814121172123766
78,0.0,-0.0
78,0.013888888888888888,0.5526069168614862
78,0.027777777777777776,35.73153486027836
78,0.041666666666666664,-16.934818984188638
78,0.05555555555555555,6.837094474904646
78,0.06944444444444445,81.59874373273708
78,0.08333333333333333,30.848915900472445
78,0.09722222222222221,19.476605713738792
78,0.1111111111111111,8.566605604229672
78,0.125,23.30329655226805
78,0.1388888888888889,3.1062326985778252
78,0.15277777777777776,-14.495292556650535
78,0.16666666666666666,0.9550528152934774
78,0.18055555555555555,-2.298225291028732
78,0.19444444444444442,-9.675336058994542
78,0.20833333333333331,43.4487389430248
78,0.2222222222222222,-20.592442006458366
78,0.2361111111111111,-7.73193714800774
78,0.25,-27.457400000000007
78,0.2638888888888889,-22.649963982134445
78,0.2777777777777778,-9.199814522122157
78,0.29166666666666663,-9.864284204926768
78,0.3055555555555555,-47.03854098791493
78,0.3194444444444444,-42.787610091153766
78,0.3333333333333333,41.08355233521073
78,0.3472222222222222,-22.015309220404077
78,0.3611111111111111,-9.520049031234882
78,0.375,-13.815903447731925
78,0.38888888888888884,25.270943917764107
78,0.40277777777777773,14.140366375652247
78,0.41666666666666663,23.38308409952756
78,0.4305555555555555,-0.27824733240125
78,0.4444444444444444,34.45225034808654
78,0.4583333333333333,10.665604163762932
78,0.4722222222222222,33.01770442546919
78,0.4861111111111111,8.727753614411473
79,0.0,-0.0
79,0.012345679012345678,3.5966732480180177
79,0.024691358024691357,-23.34225494830664
79,0.037037037037037035,-0.3070898168035301
79,0.04938271604938271,-3.380708209159298
79,0.06172839506172839,1.07634766203895
79,0.07407407407407407,6.1427434120235915
79,0.08641975308641975,-6.61497174243108
79,0.09876543209876543,10.913250683111192
79,0.1111111111111111,9.261079853003876
79,0.12345679012345678,3.5425174718059615
79,0.13580246913580246,-17.81223355029514
79,0.14814814814814814,14.723475118645187
79,0.16049382716049382,7.559544199889044
79,0.1728395061728395,-8.037819258750313
79,0.18518518518518517,-26.798619545828608
79,0.19753086419753085,-9.067006801543492
79,0.20987654320987653,1.4297400037673214
79,0.2222222222222222,9.93498381556103
79,0.2345679012345679,-32.548238303098465
79,0.24691358024691357,7.1386433267063625
79,0.25925925925925924,4.204625252259532
79,0.2716049382716049,-5.874614474173006
79,0.2839506172839506,-48.102754854715556
79,0.2962962962962963,17.695943056676438
79,0.30864197530864196,-12.381397703506849
79,0.32098765432098764,-16.155199372272406
79,0.3333333333333333,-26.097935350665193
79,0.345679012345679,-2.535048392207065
79,0.35802469135802467,24.677394213042703
79,0.37037037037037035,-5.338138928008116
79,0.38271604938271603,-5.206158456969906
79,0.3950617283950617,29.106783235225173
79,0.4074074074074074,-37.55333584097703
79,0.41975308641975306,20.756814286813583
79,0.43209876543209874,-22.38322573524995
79,0.4444444444444444,-13.77815477071681
79,0.4567901234567901,58.10427673111002
79,0.4691358024691358,-22.38457836854902
79,0.48148148148148145,34.09314037918809
79,0.49382716049382713,-26.28904165643919
80,0.0,-0.0
80,0.014084507042253521,-20.48609942883494
80,0.028169014084507043,-17.623187995325896
80,0.04225352112676056,-11.902199176295847
80,0.056338028169014086,0.12211910091043932
80,0.07042253521126761,-36.71368970153828
80,0.08450704225352113,-11.104043622453949
80,0.09859154929577466,22.425119760201458
80,0.11267605633802817,-18.396119101607994
80,0.1267605633802817,17.158930226522646
80,0.14084507042253522,26.67423590038851
80,0.15492957746478875,14.186848364566155
80,0.16901408450704225,1.3441284117334205
80,0.18309859154929578,20.30805550412731
80,0.1971830985915493,-32.83173223243286
80,0.2112676056338028,-14.251707491770476
80,0.22535211267605634,-0.5243949332453024
80,0.23943661971830987,-9.582977986278978
80,0.2535211267605634,-15.325244104961678
80,0.26760563380281693,-22.414905292178748
80,0.28169014084507044,-9.660264392182958
80,0.29577464788732394,-1.8850717333562566
80,0.3098591549295775,17.666717192710962
80,0.323943661971831,5.385030562650088
80,0.3380281690140845,37.724269598850164
80,0.35211267605633806,-28.537688284814646
80,0.36619718309859156,19.37100077556338
80,0.38028169014084506,-3.1018901696761594
80,0.3943661971830986,-43.019476411385824
80,0.4084507042253521,-16.28480396923177
80,0.4225352112676056,18.408733621961712
80,0.4366197183098592,3.9992332648385696
80,0.4507042253521127,7.907150865577308
80,0.4647887323943662,21.361369424318312
80,0.47887323943661975,21.31304172655382
80,0.49295774647887325,7.818333765052188
81,0.0,-0.0
81,0.022727272727272728,-22.451013079008106
81,0.045454545454545456,34.550779488930935
81,0.06818181818181818,-8.82472438020616
81,0.09090909090909091,-12.30748853800226
81,0.11363636363636365,-22.981102051811348
81,0.13636363636363635,38.475736514575814
81,0.1590909090909091,1.5743174590118167
81,0.18181818181818182,-11.158495154098583
81,0.20454545454545456,8.703092423193151
81,0.2272727272727273,8.249226183436063
81,0.25,-40.01090000000002
81,0.2727272727272727,-1.9980697956954985
81,0.29545454545454547,-1.6610493857934552
81,0.3181818181818182,-19.319419618690667
81,0.34090909090909094,11.857764869151296
81,0.36363636363636365,-14.517995846009358
81,0.38636363636363635,9.709064087260531
81,0.4090909090909091,0.15925605065707682
81,0.4318181818181818,8.039458459834641
81,0.4545454545454546,4.136214843269835
81,0.4772727272727273,1.0001244139508128
82,0.0,-0.0
82,0.011494252873563218,-22.755968465591316
82,0.022988505747126436,-8.918150287483222
82,0.034482758620689655,-27.385433241582177
82,0.04597701149425287,29.00516783573699
82,0.05747126436781609,-35.7775868952959
82,0.06896551724137931,-11.4625126589273
82,0.08045977011494253,-9.152245368277171
82,0.09195402298850575,3.188785664632234
82,0.10344827586206896,-45.32334186385865
82,0.11494252873563218,-0.8361626995189635
82,0.12643678160919541,2.72604921927208
82,0.13793103448275862,26.075320587545168
82,0.14942528735632182,7.569070675046021
82,0.16091954022988506,-1.7360152508462576
82,0.1724137931034483,-3.215649079567182
82,0.1839080459770115,28.690547783983174
82,0.1954022988505747,-17.07093849451285
82,0.20689655172413793,-13.446621082213483
82,0.21839080459770116,-3.7024844645451953
82,0.22988505747126436,-7.806476008834842
82,0.24137931034482757,-49.07590335732621
82,0.25287356321839083,46.431270411947985
82,0.26436781609195403,-17.506032675971415
82,0.27586206896551724,-24.09365317826171
82,0.28735632183908044,-2.745554263134231
82,0.29885057471264365,-44.759311429841134
82,0.3103448275862069,-21.102351308144833
82,0.3218390804597701,3.0900358824827046
82,0.3333333333333333,-4.5154564553320125
82,0.3448275862068966,-2.819084916225577
82,0.3563218390804598,48.26939124465913
82,0.367816091954023,-13.80321186985
82,0.3793103448275862,44.86434169634595
82,0.3908045977011494,15.587251988743807
82,0.40229885057471265,18.009156879013805
82,0.41379310344827586,-31.267426018480798
82,0.42528735632183906,-43.4238632494058
82,0.4367816091954023,34.29434970345733
82,0.4482758620689655,1.5219873748788386
82,0.45977011494252873,-6.460798138437132
82,0.47126436781609193,-49.01269178742314
82,0.48275862068965514,-19.477270026060797
82,0.4942528735632184,42.80591905613363
83,0.0,-0.0
83,0.0196078431372549,-18.407969917290934
83,0.0392156862745098,11.567470296405537
83,0.058823529411764705,27.770850461956393
83,0.0784313725490196,-11.705339237219759
83,0.09803921568627451,-25.833772874379385
83,0.11764705882352941,13.387239816998665
83,0.13725490196078433,4.052807479792884
83,0.1568627450980392,-10.147518662037513
83,0.1764705882352941,22.95131436239009
83,0.19607843137254902,-12.402168671726518
83,0.21568627450980393,19.235867421945464
83,0.23529411764705882,-29.791807929447597
83,0.2549019607843137,13.48822122779601
83,0.27450980392156865,-11.683565401313592
83,0.29411764705882354,-21.567982247839147
83,0.3137254901960784,49.097961819643245
83,0.3333333333333333,-8.540742532122154
83,0.3529411764705882,-1.3877101096597606
83,0.37254901960784315,-27.92441562320456
83,0.39215686274509803,-8.904230483002037
83,0.4117647058823529,-0.03399296937391849
83,0.43137254901960786,-2.4692285217516137
83,0.45098039215686275,10.361568457636743
83,0.47058823529411764,20.62391126137204
83,0.49019607843137253,-7.286644409430596
84,0.0,-0.0
84,0.012987012987012988,-11.350081510130645
84,0.025974025974025976,-35.60042038197682
84,0.03896103896103896,29.211037931486793
84,0.05194805194805195,23.22161316645004
84,0.06493506493506494,-36.70608054531163
84,0.07792207792207792,8.210496957988912
84,0.09090909090909091,9.66721681460044
84,0.1038961038961039,-33.556436703705096
84,0.1168831168831169,26.35567116917518
84,0.12987012987012989,5.750014241956251
84,0.14285714285714288,-1.0705539076073123
84,0.15584415584415584,15.02898333431052
84,0.16883116883116883,10.833659172035672
84,0.18181818181818182,15.693651953592443
84,0.19480519480519481,4.326158470855464
84,0.2077922077922078,-2.4792957130264495
84,0.2207792207792208,53.08827506975807
84,0.2337662337662338,-34.06022823067022
84,0.24675324675324678,2.507188136375187
84,0.25974025974025977,35.165186202145804
84,0.27272727272727276,-46.70157043730336
84,0.28571428571428575,-28.793356545621315
84,0.29870129870129875,10.340767096341391
84,0.3116883116883117,-5.477084662669412
84,0.3246753246753247,9.121055182353732
84,0.33766233766233766,-10.645002095072726
84,0.35064935064935066,13.181467456244395
84,0.36363636363636365,9.755798728708735
84,0.37662337662337664,-9.286254047551788
84,0.38961038961038963,5.697742819320081
84,0.4025974025974026,-38.108045142624846
84,0.4155844155844156,-30.682679677205805
84,0.4285714285714286,-53.999512213284234
84,0.4415584415584416,-15.968376027057795
84,0.4545454545454546,-11.110501127583225
84,0.4675324675324676,5.095078711256558
84,0.48051948051948057,3.6527598207987584
84,0.49350649350649356,20.518134656929817
85,0.0,-0.0
85,0.014705882352941176,6.96927574567
85,0.029411764705882353,-34.887414433036014
85,0.044117647058823525,-12.488501097685434
85,0.058823529411764705,-14.430425851084834
85,0.07352941176470588,16.705537427078802
85,0.08823529411764705,-32.501030376013965
85,0.10294117647058823,7.289925758163445
85,0.11764705882352941,-29.982472841124565
85,0.1323529411764706,25.64152514125818
85,0.14705882352941177,-5.827756301264269
85,0.16176470588235295,-28.773442082783816
85,0.1764705882352941,20.644321070447297
85,0.19117647058823528,-11.984253679732937
85,0.20588235294117646,-31.224859255053893
85,0.22058823529411764,-38.15473944675858
85,0.23529411764705882,20.702317884764796
85,0.25,-10.219899999999996
85,0.2647058823529412,-35.623389470597225
85,0.27941176470588236,5.266448760994191
85,0.29411764705882354,-4.983424218292834
85,0.3088235294117647,49.24922471040259
85,0.3235294117647059,-11.962539208712933
85,0.3382352941176471,14.056021013138675
85,0.3529411764705882,4.149229862294521
85,0.3676470588235294,-22.142219806528647
85,0.38235294117647056,7.589173927860099
85,0.39705882352941174,4.965343003997992
85,0.4117647058823529,-32.93800506018257
85,0.4264705882352941,-6.780738980111314
85,0.4411764705882353,13.273420356543156
85,0.45588235294117646,9.871917944748892
85,0.47058823529411764,10.641889760012884
85,0.4852941176470588,13.481823295778678
86,0.0,-0.0
86,0.017241379310344827,-28.836790647621104
86,0.034482758620689655,28.569874325284168
86,0.05172413793103448,-29.961509316302028
86,0.06896551724137931,-17.414272520183765
86,0.08620689655172414,5.992997706712783
86,0.10344827586206896,-19.08115583759737
86,0.12068965517241378,-3.5155746902942333
86,0.13793103448275862,-28.216485192127323
86,0.15517241379310345,-17.963772844419015
86,0.1724137931034483,6.8137020169490405
86,0.1896551724137931,-9.012738038914254
86,0.20689655172413793,-0.3381041491661483
86,0.22413793103448276,-1.7505836851605547
86,0.24137931034482757,-16.905608223678076
86,0.25862068965517243,-21.463630926059803
86,0.27586206896551724,-23.56988804155406
86,0.29310344827586204,-12.39779760817471
86,0.3103448275862069,-4.124723201346276
86,0.3275862068965517,27.66935071871816
86,0.3448275862068966,-5.5983015257832385
86,0.3620689655172414,2.9975194061476227
86,0.3793103448275862,20.869017592688802
86,0.39655172413793105,-6.757625862179971
86,0.41379310344827586,-13.972342172094562
86,0.43103448275862066,38.290031692058506
86,0.4482758620689655,-30.963026203973712
86,0.46551724137931033,37.657245212440934
86,0.48275862068965514,31.783855713496433
87,0.0,-0.0
87,0.011904761904761904,-12.224398765987154
87,0.023809523809523808,16.007630903554528
87,0.03571428571428571,-5.61921663025751
87,0.047619047619047616,11.888376195147814
87,0.05952380952380952,9.969451551348177
87,0.07142857142857142,23.86921237358141
87,0.08333333333333333,-8.62266920849235
87,0.09523809523809523,50.782947328844365
87,0.10714285714285714,-5.072959080959539
87,0.11904761904761904,-11.915078486239123
87,0.13095238095238093,30.381584605518682
87,0.14285714285714285,-17.58037864214917
87,0.15476190476190477,11.868161488037664
87,0.16666666666666666,3.7434814103985943
87,0.17857142857142855,-39.422043463507336
87,0.19047619047619047,-5.3114921032141424
87,0.20238095238095238,-15.042167632848102
87,0.21428571428571427,-8.205078960475689
87,0.22619047619047616,15.188250224432482
87,0.23809523809523808,-21.871367987850974
87,0.25,2.728400000000022
87,0.26190476190476186,31.518721908489063
87,0.2738095238095238,16.390186397079212
87,0.2857142857142857,-10.408849861327447
87,0.2976190476190476,-2.484045131398993
87,0.30952380952380953,-17.74307031178375
87,0.3214285714285714,11.01718218938471
87,0.3333333333333333,-13.980421298372967
87,0.34523809523809523,-4.582983189754508
87,0.3571428571428571,-47.91761837980083
87,0.369047619047619,-44.49921431995203
87,0.38095238095238093,-12.147366480211863
87,0.39285714285714285,-4.548329059127546
87,0.40476190476190477,-6.535140524801385
87,0.41666666666666663,-12.672030791507638
87,0.42857142857142855,-6.571871640408766
87,0.44047619047619047,2.1895508594454554
87,0.45238095238095233,-29.039632991393958
87,0.46428571428571425,-1.786510235706961
87,0.47619047619047616,34.76201203679658
87,0.4880952380952381,-38.44506227176416
88,0.0,-0.0
88,0.018518518518518517,-2.981170641873301
88,0.037037037037037035,-15.394981239228507
88,0.05555555555555555,22.39541187378468
88,0.07407407407407407,-3.248912072637503
88,0.09259259259259259,-37.01109811948079
88,0.1111111111111111,3.4833009939142583
88,0.12962962962962962,30.216740718370527
88,0.14814814814814814,-7.37937666263708
88,0.16666666666666666,-41.73315799058945
88,0.18518518518518517,-23.93612605650536
88,0.2037037037037037,-5.047559211712214
88,0.2222222222222222,-6.340409309209779
88,0.24074074074074073,11.572064344847828
88,0.25925925925925924,-13.936750906074039
88,0.2777777777777778,-14.860353668394573
88,0.2962962962962963,-7.949532456372198
88,0.31481481481481477,-14.565171814812238
88,0.3333333333333333,4.204813142994592
88,0.35185185185185186,4.396413288105947
88,0.37037037037037035,-18.959575769770392
88,0.38888888888888884,-6.85983271507227
88,0.4074074074074074,37.66039901407622
88,0.42592592592592593,-4.012451117835355
88,0.4444444444444444,3.0274138687140084
88,0.4629629629629629,9.508800783252
88,0.48148148148148145,4.248759515625264
89,0.0,-0.0
89,0.015151515151515152,14.588617386068771
89,0.030303030303030304,-28.270287855677818
89,0.045454545454545456,0.5635141932379151
89,0.06060606060606061,-3.3237258347743
89,0.07575757575757576,3.6722166101308567
89,0.09090909090909091,0.07496707251663537
89,0.10606060606060606,15.69036175345742
89,0.12121212121212122,27.692764884521857
89,0.13636363636363635,5.359820471438626
89,0.15151515151515152,-36.20501078926282
89,0.16666666666666669,-7.066420884719497
89,0.18181818181818182,-2.886786490553603
89,0.19696969696969696,-15.260562198363921
89,0.21212121212121213,-10.188998056486518
89,0.2272727272727273,-26.827245649042368
89,0.24242424242424243,37.20670767197952
89,0.25757575757575757,19.041755265978978
89,0.2727272727272727,5.579287437331351
89,0.2878787878787879,-57.18475120038904
89,0.30303030303030304,21.79360451732395
89,0.3181818181818182,-0.23863414910824599
89,0.33333333333333337,-30.329075665934816
89,0.3484848484848485,10.918032702850603
89,0.36363636363636365,-33.69480606034695
89,0.3787878787878788,18.06409960554688
89,0.3939393939393939,-15.233417494541815
89,0.4090909090909091,38.49909999547761
89,0.42424242424242425,-8.557688392669426
89,0.4393939393939394,10.01180525115267
89,0.4545454545454546,-13.688886172301928
89,0.4696969696969697,-18.926730554897805
89,0.48484848484848486,1.4865678222113967
90,0.0,-0.0
90,0.018867924528301886,-21.68138824491634
90,0.03773584905660377,-11.4765796747743
90,0.05660377358490566,-22.80542490746729
90,0.07547169811320754,11.536240610503134
90,0.09433962264150943,-27.134863990175376
90,0.11320754716981132,21.36430517177008
90,0.1320754716981132,-17.456566738956703
90,0.1509433962264151,-0.10423615207715109
90,0.16981132075471697,-0.476722341946072
90,0.18867924528301885,-1.4768191028245106
90,0.20754716981132074,-6.104900634541298
90,0.22641509433962265,12.014973565277081
90,0.24528301886792453,17.200538896117195
90,0.2641509433962264,-1.4440394806580512
90,0.2830188679245283,9.741104821815217
90,0.3018867924528302,5.258986519707419
90,0.32075471698113206,-5.792494861812546
90,0.33962264150943394,-3.446889948575783
90,0.3584905660377358,-6.117633365431836
90,0.3773584905660377,9.13052455465665
90,0.3962264150943396,22.117625894590383
90,0.4150943396226415,25.345472981311698
90,0.43396226415094336,-32.30159236378803
90,0.4528301886792453,18.294656866875712
90,0.4716981132075472,-8.874968485957737
90,0.49056603773584906,-1.4044082559988365
91,0.0,-0.0
91,0.021739130434782608,-18.160945045002904
91,0.043478260869565216,22.320377749816235
91,0.06521739130434782,-16.979086868871335
91,0.08695652173913043,6.144952685890448
91,0.10869565217391304,4.21440931020308
91,0.13043478260869565,10.213739982759936
91,0.15217391304347827,-12.146412011716762
91,0.17391304347826086,-8.63846015843001
91,0.19565217391304346,-13.423117263560105
91,0.21739130434782608,-39.697891282898595
91,0.2391304347826087,-9.189992197258197
91,0.2608695652173913,25.567974456596737
91,0.2826086956521739,1.0199593091400097
91,0.30434782608695654,-19.219775849992953
91,0.32608695652173914,-32.47011347906184
91,0.34782608695652173,16.560314610994403
91,0.3695652173913043,-22.99853317339112
91,0.3913043478260869,-14.468255339922791
91,0.41304347826086957,-19.845957167737293
91,0.43478260869565216,3.4274054289922855
91,0.45652173913043476,-20.98165337040339
91,0.4782608695652174,11.195558769550951
92,0.0,-0.0
92,0.015873015873015872,-30.644815851489685
92,0.031746031746031744,-40.54613416168505
92,0.047619047619047616,60.565952870955094
92,0.06349206349206349,1.1900197871637488
92,0.07936507936507936,21.342227695856025
92,0.09523809523809523,-3.8758940139903473
92,0.1111111111111111,-9.648390548145718
92,0.12698412698412698,8.951872847338139
92,0.14285714285714285,-16.109348211297227
92,0.15873015873015872,24.617644880550124
92,0.1746031746031746,-1.3137305373233445
92,0.19047619047619047,-4.216111549434753
92,0.20634920634920634,-5.562307594251701
92,0.2222222222222222,-9.535581186445388
92,0.23809523809523808,-2.072007645090153
92,0.25396825396825395,3.191048389580729
92,0.2698412698412698,13.103492317359157
92,0.2857142857142857,-26.503935343632264
92,0.30158730158730157,2.797186071291025
92,0.31746031746031744,-25.47396205929042
92,0.3333333333333333,20.69982580379602
92,0.3492063492063492,34.071118780136615
92,0.36507936507936506,-1.3893778259680238
92,0.38095238095238093,-25.721767035342175
92,0.3968253968253968,-20.624567202052205
92,0.4126984126984127,-38.89576739279244
92,0.42857142857142855,71.91044312068126
92,0.4444444444444444,-4.787422180533155
92,0.4603174603174603,21.407666371945574
92,0.47619047619047616,-44.7554789190838
92,0.49206349206349204,38.11506458028449
93,0.0,-0.0
93,0.013888888888888888,18.92581450579761
93,0.027777777777777776,-17.525775345722927
93,0.041666666666666664,-9.175765050003157
93,0.05555555555555555,-6.557996546151822
93,0.06944444444444445,-5.7373986586037145
93,0.08333333333333333,-19.83394349100329
93,0.09722222222222221,-19.949151740226462
93,0.1111111111111111,-6.415717083111377
93,0.125,2.4999017240847916
93,0.1388888888888889,-5.630400379325062
93,0.15277777777777776,-22.12517476254682
93,0.16666666666666666,-35.17154331373588
93,0.18055555555555555,6.998433373598175
93,0.19444444444444442,3.859714070684217
93,0.20833333333333331,-10.41990570133374
93,0.2222222222222222,-7.881558661973255
93,0.2361111111111111,17.169028801148865
93,0.25,51.255499999999984
93,0.2638888888888889,-42.06475714303849
93,0.2777777777777778,-20.880361775574578
93,0.29166666666666663,19.191104590330347
93,0.3055555555555555,-9.032716903660482
93,0.3194444444444444,-0.3354393299423286
93,0.3333333333333333,-9.601623651758059
93,0.3472222222222222,7.543932336439042
93,0.3611111111111111,20.524790136320206
93,0.375,-18.667898275915206
93,0.38888888888888884,14.910149070240209
93,0.40277777777777773,3.357111104832086
93,0.41666666666666663,8.030943491003296
93,0.4305555555555555,23.665155325085145
93,0.4444444444444444,16.180811663892122
93,0.4583333333333333,8.524624658332762
93,0.4722222222222222,18.447282755751523
93,0.4861111111111111,7.01888911388105
94,0.0,-0.0
94,0.010416666666666666,-12.37481477335698
94,0.020833333333333332,0.6233568009146531
94,0.03125,-17.747922747828653
94,0.041666666666666664,-26.0919480140855
94,0.05208333333333333,9.183570614788751
94,0.0625,28.43228211311905
94,0.07291666666666666,-14.14256569823939
94,0.08333333333333333,8.99996818868704
94,0.09375,-8.368530189810777
94,0.10416666666666666,9.720519164675206
94,0.11458333333333333,-19.62146192998631
94,0.125,2.035181619155143
94,0.13541666666666666,66.07954228079544
94,0.14583333333333331,-21.324577058160514
94,0.15625,28.61210102569327
94,0.16666666666666666,16.778722583081233
94,0.17708333333333331,1.0448868759336598
94,0.1875,-22.159722124639423
94,0.19791666666666666,-1.372512635021561
94,0.20833333333333331,14.70829668247783
94,0.21875,-1.9289617635883207
94,0.22916666666666666,7.345668857255589
94,0.23958333333333331,14.110345947554954
94,0.25,-33.09579999999997
94,0.26041666666666663,6.750339264495023
94,0.2708333333333333,45.3734608224577
94,0.28125,-11.846179166547445
94,0.29166666666666663,-3.4772140683420423
94,0.3020833333333333,46.64493537930113
94,0.3125,6.415498510734345
94,0.32291666666666663,8.595654198962446
94,0.3333333333333333,19.416462757927867
94,0.34375,-71.36286315320203
94,0.35416666666666663,11.411855553718452
94,0.3645833333333333,-42.90719166931366
94,0.375,-39.899618380844856
94,0.38541666666666663,6.4858087194274825
94,0.3958333333333333,7.30252036696292
94,0.40625,0.6325876099304244
94,0.41666666666666663,-10.308068188687026
94,0.4270833333333333,-8.000574617035925
94,0.4375,21.336702748492804
94,0.44791666666666663,-20.034558916022384
94,0.4583333333333333,8.272962736734367
94,0.46875,-6.23545817215124
94,0.47916666666666663,51.237580175708004
94,0.4895833333333333,18.785184446414483
95,0.0,-0.0
95,0.015625,-13.081842665397335
95,0.03125,-7.23408450766712
95,0.046875,12.423493047853281
95,0.0625,-18.926686204648657
95,0.078125,-10.253107793438936
95,0.09375,14.494504201303096
95,0.109375,-10.777852657702603
95,0.125,12.697984599702465
95,0.140625,39.18928490498983
95,0.15625,-0.34694817237805875
95,0.171875,-10.229029101024198
95,0.1875,28.30024340115053
95,0.203125,13.375731502278775
95,0.21875,24.141569425769177
95,0.234375,-39.35144861649739
95,0.25,-34.13550000000001
95,0.265625,-59.518927203262024
95,0.28125,20.709801484022975
95,0.296875,18.09496714117996
95,0.3125,11.868761694721263
95,0.328125,-19.759290496831802
95,0.34375,16.075832365689433
95,0.359375,12.917828514799368
95,0.375,-1.8180154002975533
95,0.390625,-9.184043252834904
95,0.40625,-36.61769878893065
95,0.421875,-63.43537807253731
95,0.4375,3.1718320889220744
95,0.453125,-35.16745526535402
95,0.46875,46.031164022285466
95,0.484375,9.240969474078476
96,0.0,-0.0
96,0.014492753623188406,20.292599015029882
96,0.028985507246376812,-17.286135501327664
96,0.043478260869565216,61.585897302706215
96,0.057971014492753624,-14.319751756675057
96,0.07246376811594203,-16.87174642201028
96,0.08695652173913043,-5.153869575751615
96,0.10144927536231885,-25.31186844684359
96,0.11594202898550725,29.5631734798602
96,0.13043478260869565,-23.76778370238011
96,0.14492753623188406,-19.832644612749846
96,0.15942028985507248,22.40240166322545
96,0.17391304347826086,-6.090524643939733
96,0.18840579710144928,21.51728419479688
96,0.2028985507246377,14.78777081590787
96,0.21739130434782608,8.643391583380781
96,0.2318840579710145,17.140417162338984
96,0.2463768115942029,-29.38395154961204
96,0.2608695652173913,69.53552352437225
96,0.2753623188405797,-25.92793605523854
96,0.2898550724637681,-14.395790616099163
96,0.30434782608695654,-31.87617417079587
96,0.31884057971014496,-2.0560548949714286
96,0.3333333333333333,-31.630711847822884
96,0.34782608695652173,-2.1664186854803735
96,0.36231884057971014,11.612370613941808
96,0.37681159420289856,-60.04667108731822
96,0.391304347826087,17.392174218275677
96,0.4057971014492754,47.15734689131961
96,0.42028985507246375,-40.50362354243025
96,0.43478260869565216,-21.34330937538116
96,0.4492753623188406,14.200854611117835
96,0.463768115942029,-3.5337579339607137
96,0.4782608695652174,-33.73215406678942
96,0.4927536231884058,-17.29717560390725
97,0.0,-0.0
97,0.016666666666666666,-7.89344670318285
97,0.03333333333333333,16.730804778316553
97,0.05,-9.95614662236888
97,0.06666666666666667,-8.522031030044323
97,0.08333333333333333,44.51592841624854
97,0.1,4.482272197767276
97,0.11666666666666667,2.694184793014538
97,0.13333333333333333,-13.403431671059456
97,0.15,-11.336635885109192
97,0.16666666666666666,-29.658165785623023
97,0.18333333333333332,-12.448765096965825
97,0.2,2.942197474443578
97,0.21666666666666667,11.258728773788782
97,0.23333333333333334,20.946178318898568
97,0.25,15.732799999999997
97,0.26666666666666666,-26.627390619830685
97,0.2833333333333333,28.082776817455006
97,0.3,19.344682666242488
97,0.31666666666666665,-13.753950739586333
97,0.3333333333333333,10.495102060842495
97,0.35,22.76336801636096
97,0.36666666666666664,19.934446353663304
97,0.3833333333333333,-7.178919196233025
97,0.4,5.232870181255965
97,0.4166666666666667,13.765271583751453
97,0.43333333333333335,25.660231622993656
97,0.45,53.73457875362067
97,0.4666666666666667,-43.73834772326401
97,0.48333333333333334,-6.19270912783157
98,0.0,-0.0
98,0.016129032258064516,-12.560618691176877
98,0.03225806451612903,-4.677360811976151
98,0.04838709677419355,-7.552540700315541
98,0.06451612903225806,-36.8468126466892
98,0.08064516129032258,-5.09540387851123
98,0.0967741935483871,50.137748959992834
98,0.11290322580645161,-9.537455452148976
98,0.12903225806451613,5.20685885147796
98,0.14516129032258063,0.16229709571391737
98,0.16129032258064516,-6.14442439679859
98,0.1774193548387097,21.88100541156527
98,0.1935483870967742,3.804997378547707
98,0.2096774193548387,15.959629714052467
98,0.22580645161290322,-11.444299337010085
98,0.24193548387096775,4.361327246136575
98,0.25806451612903225,-27.394159275335497
98,0.27419354838709675,38.93139006882524
98,0.29032258064516125,-9.949010395662258
98,0.3064516129032258,-23.47804857273205
98,0.3225806451612903,-13.240793347538457
98,0.3387096774193548,-14.210535034421643
98,0.3548387096774194,-32.93362079975625
98,0.3709677419354839,-7.90540255777034
98,0.3870967741935484,16.00628374448302
98,0.4032258064516129,26.23309047882419
98,0.4193548387096774,9.733597156329232
98,0.43548387096774194,3.7301237477173785
98,0.45161290322580644,-14.604175114512556
98,0.46774193548387094,9.062440993976029
98,0.4838709677419355,13.164895562834044
99,0.0,-0.0
99,0.02127659574468085,-7.45077133360824
99,0.0425531914893617,-21.022955418857663
99,0.06382978723404255,-1.9578175794241837
99,0.0851063829787234,-0.5881584954860841
99,0.10638297872340426,-28.274953733310515
99,0.1276595744680851,10.091614867610481
99,0.14893617021276595,7.634338535486814
99,0.1702127659574468,16.632349170151222
99,0.19148936170212766,-30.150089930133852
99,0.2127659574468085,-10.218152283406035
99,0.23404255319148937,-16.821407855452637
99,0.2553191489361702,14.671444116268828
99,0.2765957446808511,-12.563414152380542
99,0.2978723404255319,-4.533283574682483
99,0.3191489361702128,7.24815613941688
99,0.3404255319148936,-0.40269533129574686
99,0.36170212765957444,-9.03325299602706
99,0.3829787234042553,-0.26405229308605094
99,0.40425531914893614,6.504542289947606
99,0.425531914893617,-6.227113579327188
99,0.44680851063829785,-21.17807076637505
99,0.46808510638297873,2.4107823086338804
99,0.48936170212765956,-10.61282359736915
100,0.0,-0.0
100,0.014705882352941176,39.77909302214559
100,0.029411764705882353,-36.38756830218049
100,0.044117647058823525,24.251727013378034
100,0.058823529411764705,-3.814356158765065
100,0.07352941176470588,24.85534902413678
100,0.08823529411764705,-28.93006729119901
100,0.10294117647058823,-24.115226597297614
100,0.11764705882352941,47.450490197653444
100,0.1323529411764706,3.6372574444292134
100,0.14705882352941177,16.25754340089251
100,0.16176470588235295,-13.597106672607715
100,0.1764705882352941,12.21509409052779
100,0.19117647058823528,2.933836908999554
100,0.20588235294117646,-12.265584077630818
100,0.22058823529411764,-1.2622686610330192
100,0.23529411764705882,-20.956335433126483
100,0.25,-16.320399999999964
100,0.2647058823529412,-21.996810363741083
100,0.27941176470588236,-12.465859377139054
100,0.29411764705882354,-22.331453175111896
100,0.3088235294117647,-28.634507310101867
100,0.3235294117647059,-25.834967776513757
100,0.3382352941176471,15.67665092820667
100,0.3529411764705882,18.594534223088687
100,0.3676470588235294,28.936757854303007
100,0.38235294117647056,-6.838100178630967
100,0.39705882352941174,-2.0867575162217857
100,0.4117647058823529,55.316658603454215
100,0.4264705882352941,24.82624390492675
100,0.4411764705882353,10.017901834023387
100,0.45588235294117646,-20.56385718711203
100,0.47058823529411764,20.02053606102715
100,0.4852941176470588,13.083971081334479
101,0.0,-0.0
101,0.014925373134328358,-27.663444079908682
101,0.029850746268656716,1.29765088279613
101,0.04477611940298507,-30.15987194794128
101,0.05970149253731343,-5.214111182328801
101,0.07462686567164178,15.919902894897241
101,0.08955223880597014,41.71818553106645
101,0.1044776119402985,-13.452870824675484
101,0.11940298507462686,11.601018532937694
101,0.13432835820895522,-10.78381863263878
101,0.14925373134328357,-24.635941308804913
101,0.16417910447761194,9.358904801288556
101,0.1791044776119403,-19.718849544286293
101,0.19402985074626866,-33.453358471310864
101,0.208955223880597,-11.3269277626348
101,0.22388059701492538,0.09568358449656422
101,0.23880597014925373,4.5273765134667014
101,0.2537313432835821,0.6966452821031366
101,0.26865671641791045,-25.352872721782692
101,0.2835820895522388,26.775112100503314
101,0.29850746268656714,12.128466796720758
101,0.31343283582089554,14.601621921568698
101,0.3283582089552239,3.110709090134729
101,0.34328358208955223,-15.693642880974764
101,0.3582089552238806,20.491529252715306
101,0.3731343283582089,18.287497096267217
101,0.3880597014925373,-21.310221391699994
101,0.40298507462686567,-4.6740952554616
101,0.417910447761194,-42.574385150498024
101,0.43283582089552236,10.423077120522656
101,0.44776119402985076,11.989715579170259
101,0.4626865671641791,7.2074376788731165
101,0.47761194029850745,-21.54118160579001
101,0.4925373134328358,27.384082611755684
102,0.0,-0.0
102,0.013513513513513514,-12.363317171091955
102,0.02702702702702703,34.81662524608858
102,0.04054054054054054,0.7629491383465172
102,0.05405405405405406,-17.48256217029367
102,0.06756756756756757,-20.974732897290224
102,0.08108108108108109,12.80049456187928
102,0.0945945945945946,6.116243951362154
102,0.10810810810810811,4.213974905869998
102,0.12162162162162163,-7.417530768146118
102,0.13513513513513514,-21.664394557925913
102,0.14864864864864866,-29.517930073881423
102,0.16216216216216217,-10.215556304786094
102,0.17567567567567569,35.979390192052186
102,0.1891891891891892,-1.7185964636202407
102,0.20270270270270271,-8.361673597836308
102,0.21621621621621623,21.2938246742923
102,0.22972972972972974,9.830599538780547
102,0.24324324324324326,3.4716706320010027
102,0.2567567567567568,-1.4481546528727622
102,0.2702702702702703,-38.72858833802797
102,0.28378378378378377,-35.863495191347496
102,0.2972972972972973,9.564038124438156
102,0.31081081081081086,32.070641038417534
102,0.32432432432432434,-27.880259769429806
102,0.33783783783783783,-13.205906649142896
102,0.35135135135135137,5.67457163571671
102,0.3648648648648649,13.717668854820527
102,0.3783783783783784,-2.9378075620490973
102,0.3918918918918919,1.4276792830094158
102,0.40540540540540543,-8.221735821680312
102,0.41891891891891897,7.484505364232174
102,0.43243243243243246,-42.844403539445075
102,0.44594594594594594,41.38811483636864
102,0.4594594594594595,15.530492410348785
102,0.472972972972973,14.036962230567097
102,0.4864864864864865,-0.0991034755827993
103,0.0,-0.0
103,0.016666666666666666,-6.429883814048738
103,0.03333333333333333,18.6878047186747
103,0.05,0.4038916996458708
103,0.06666666666666667,1.2465856162220401
103,0.08333333333333333,-4.093753681650566
103,0.1,2.223881537083656
103,0.11666666666666667,-42.844974742400744
103,0.13333333333333333,8.95198702291677
103,0.15,-1.1152989597342682
103,0.16666666666666666,16.925167478861162
103,0.18333333333333332,53.322831054491196
103,0.2,-5.847706348326994
103,0.21666666666666667,12.19860990987621
103,0.23333333333333334,1.1701899896691108
103,0.25,-15.455499999999972
103,0.26666666666666666,-1.8463723440107822
103,0.2833333333333333,18.083702089729265
103,0.3,-36.09858003400574
103,0.31666666666666665,23.22040877092038
103,0.3333333333333333,-28.575114415650212
103,0.35,-54.37103921882302
103,0.36666666666666664,-18.312187089167864
103,0.3833333333333333,-8.423979971571448
103,0.4,-39.796210743313694
103,0.4166666666666667,9.275253681650572
103,0.43333333333333335,2.598830111044558
103,0.45,0.21627012179684346
103,0.4666666666666667,28.889081786727495
103,0.48333333333333334,19.663856925882627
104,0.0,-0.0
104,0.014925373134328358,-36.08804113771169
104,0.029850746268656716,-2.470564765626288
104,0.04477611940298507,12.485740061124906
104,0.05970149253731343,-14.913790405922573
104,0.07462686567164178,7.70722796502039
104,0.08955223880597014,-6.489822955501127
104,0.1044776119402985,-8.424415817019474
104,0.11940298507462686,0.6869242367874157
104,0.13432835820895522,9.2162809008278
104,0.14925373134328357,-29.846413143701376
104,0.16417910447761194,-24.509340607351533
104,0.1791044776119403,50.77742070131734
104,0.19402985074626866,2.2069946821600834
104,0.208955223880597,9.583355296832453
104,0.22388059701492538,-5.002582323542562
104,0.23880597014925373,-23.03927582801271
104,0.2537313432835821,19.25335611631463
104,0.26865671641791045,-45.40236450086767
104,0.2835820895522388,29.18909235701161
104,0.29850746268656714,31.265820625155186
104,0.31343283582089554,0.6361812140103706
104,0.3283582089552239,-1.9960399019772295
104,0.34328358208955223,6.5279279023177565
104,0.3582089552238806,-26.60246459474744
104,0.3731343283582089,7.073103883579804
104,0.3880597014925373,-19.18363064845918
104,0.40298507462686567,-31.942295772948
104,0.417910447761194,19.970676428664472
104,0.43283582089552236,-4.611409422009378
104,0.44776119402985076,16.93289227024224
104,0.4626865671641791,3.5145018275632256
104,0.47761194029850745,-0.08488855781430882
104,0.4925373134328358,-3.6940292596551467
105,0.0,-0.0
105,0.01098901098901099,-24.995098604303898
105,0.02197802197802198,-8.736212890835962
105,0.03296703296703297,-2.7815126256950897
105,0.04395604395604396,21.662649103122718
105,0.05494505494505495,-13.308664346047806
105,0.06593406593406594,-43.04690774454861
105,0.07692307692307693,-30.524065485002353
105,0.08791208791208792,-21.475572590663152
105,0.09890109890109891,7.470634836569751
105,0.1098901098901099,0.5098795731153523
105,0.1208791208791209,5.095535593579907
105,0.13186813186813187,-8.253119162157148
105,0.14285714285714288,-42.81281675812452
105,0.15384615384615385,-2.008579876220771
105,0.16483516483516486,-44.46180140595071
105,0.17582417582417584,57.02035708002937
105,0.18681318681318682,-12.98011698042939
105,0.19780219780219782,18.269363528986826
105,0.2087912087912088,44.24988736463095
105,0.2197802197802198,-24.156728199688942
105,0.23076923076923078,-8.763090758109964
105,0.2417582417582418,38.44136711590361
105,0.2527472527472528,-4.047563503676621
105,0.26373626373626374,-3.5945230691499948
105,0.27472527472527475,-12.334169117925006
105,0.28571428571428575,-10.84554897990217
105,0.2967032967032967,16.102830397079593
105,0.3076923076923077,-11.422386598033468
105,0.3186813186813187,-42.27820212603019
105,0.3296703296703297,-12.484793272105954
105,0.34065934065934067,-16.211999839455498
105,0.3516483516483517,6.466244762877141
105,0.3626373626373627,-3.260876387506599
105,0.37362637362637363,-20.594226211717984
105,0.38461538461538464,2.6197047112802405
105,0.39560439560439564,18.146996749801584
105,0.40659340659340665,-36.05243831146662
105,0.4175824175824176,35.980975061938196
105,0.4285714285714286,28.577670237876276
105,0.4395604395604396,52.48772444313768
105,0.45054945054945056,-51.120505271010174
105,0.46153846153846156,-35.06780991577628
105,0.47252747252747257,-3.039179021002889
105,0.4835164835164836,46.82691191134644
105,0.4945054945054945,-21.024732241206088
106,0.0,-0.0
106,0.015384615384615385,36.448965491011734
106,0.03076923076923077,-12.659132505901997
106,0.046153846153846156,-30.05891998253736
106,0.06153846153846154,-17.20796376947741
106,0.07692307692307693,-1.0711815940008909
106,0.09230769230769231,-36.207275426362536
106,0.1076923076923077,42.573465068335295
106,0.12307692307692308,8.211946225107129
106,0.13846153846153847,-16.990086307047164
106,0.15384615384615385,-11.464467170090927
106,0.16923076923076924,-13.331199842019984
106,0.18461538461538463,22.60793565181848
106,0.2,-38.41346073739904
106,0.2153846153846154,33.60452707935495
106,0.23076923076923078,-31.649277189664552
106,0.24615384615384617,-28.90923289390483
106,0.26153846153846155,-14.669871019849856
106,0.27692307692307694,0.08857940007500709
106,0.2923076923076923,-23.03355976974635
106,0.3076923076923077,30.880131640948093
106,0.3230769230769231,20.433244168529917
106,0.3384615384615385,-2.7599597183450655
106,0.35384615384615387,-3.832364204650993
106,0.36923076923076925,44.34037974352041
106,0.38461538461538464,-9.374240627011002
106,0.4,8.079051199788365
106,0.4153846153846154,-33.82184649455219
106,0.4307692307692308,19.54110247163439
106,0.4461538461538462,-21.935305882215513
106,0.46153846153846156,-19.986617115084087
106,0.47692307692307695,31.076971871915617
106,0.49230769230769234,7.381936602053102
107,0.0,-0.0
107,0.013157894736842105,8.231528113334925
107,0.02631578947368421,16.596183495270836
107,0.039473684210526314,-2.617707899381287
107,0.05263157894736842,-14.556963270320061
107,0.06578947368421052,18.350102970972657
107,0.07894736842105263,15.578019794973525
107,0.09210526315789473,41.57408021724254
107,0.10526315789473684,2.117230508349423
107,0.11842105263157894,-33.46341790199008
107,0.13157894736842105,37.916616410160856
107,0.14473684210526316,12.864621210817127
107,0.15789473684210525,-28.1974713590159
107,0.17105263157894735,-25.571119406098596
107,0.18421052631578946,-20.306046348453897
107,0.19736842105263158,-22.527452746559593
107,0.21052631578947367,-30.335517676216064
107,0.22368421052631576,8.52043859821996
107,0.23684210526315788,36.195748925801084
107,0.25,-2.287099999999981
107,0.2631578947368421,-38.24137555534439
107,0.2763157894736842,10.908350163032926
107,0.2894736842105263,-27.57323404643497
107,0.3026315789473684,-9.453565250818276
107,0.3157894736842105,-17.951944424024852
107,0.3289473684210526,2.252451681805697
107,0.3421052631578947,2.5031205571855786
107,0.35526315789473684,-18.45864761807493
107,0.3684210526315789,-19.784728909148075
107,0.381578947368421,-11.970060615596859
107,0.39473684210526316,7.203252290248739
107,0.40789473684210525,-12.038889037155723
107,0.42105263157894735,10.620579557169894
107,0.43421052631578944,-44.06584336668132
107,0.4473684210526315,-3.053716256135103
107,0.4605263157894737,-48.05463632729199
107,0.47368421052631576,-50.74799378047081
107,0.48684210526315785,50.77937231177862
108,0.0,-0.0
108,0.018518518518518517,2.510916253090608
108,0.037037037037037035,19.093396420310413
108,0.05555555555555555,52.09934423946626
108,0.07407407407407407,7.15302772794039
108,0.09259259259259259,-1.7804805007490625
108,0.1111111111111111,32.98164736487037
108,0.12962962962962962,4.291619258346272
108,0.14814814814814814,-35.383164081601635
108,0.16666666666666666,7.063649603427406
108,0.18518518518518517,-8.908792316978248
108,0.2037037037037037,-0.41687705787284024
108,0.2222222222222222,-30.099979740161757
108,0.24074074074074073,-0.7967583382642296
108,0.25925925925925924,8.896885355553664
108,0.2777777777777778,-42.82784970337187
108,0.2962962962962963,-15.331339591087833
108,0.31481481481481477,3.6525416270415065
108,0.3333333333333333,0.16852854357642855
108,0.35185185185185186,23.74808036080526
108,0.37037037037037035,6.458013369144504
108,0.38888888888888884,-9.233807033287174
108,0.4074074074074074,-24.565777959318474
108,0.42592592592592593,-27.814579582334034
108,0.4444444444444444,-44.531882571211725
108,0.4629629629629629,9.91087828836607
108,0.48148148148148145,-24.53641513567925
109,0.0,-0.0
109,0.011904761904761904,-0.9794639345927365
109,0.023809523809523808,19.775665769699586
109,0.03571428571428571,9.610928539303732
109,0.047619047619047616,-2.313096461696123
109,0.05952380952380952,65.15886838839751
109,0.07142857142857142,-12.513558978803543
109,0.08333333333333333,1.4485666189562494
109,0.09523809523809523,-11.12705957509613
109,0.10714285714285714,8.452700473412623
109,0.11904761904761904,-5.821183741411466
109,0.13095238095238093,20.138208254509426
109,0.14285714285714285,57.77374160758928
109,0.15476190476190477,22.39359742916571
109,0.16666666666666666,22.508086846897918
109,0.17857142857142855,-53.51323282130639
109,0.19047619047619047,-47.97145466564635
109,0.20238095238095238,11.338916439825837
109,0.21428571428571427,-4.526942756694234
109,0.22619047619047616,11.75922499046003
109,0.23809523809523808,-20.950468809263874
109,0.25,-18.470700000000022
109,0.26190476190476186,-22.259377819927856
109,0.2738095238095238,-23.228479556146784
109,0.2857142857142857,-24.162925131518165
109,0.2976190476190476,11.75979704850604
109,0.30952380952380953,44.315983149123525
109,0.3214285714285714,25.024025302850053
109,0.3333333333333333,-3.0672021725833467
109,0.34523809523809523,-70.97205456215735
109,0.3571428571428571,-40.87198214298663
109,0.369047619047619,49.73799028630147
109,0.38095238095238093,8.754695855461584
109,0.39285714285714285,27.296713108635732
109,0.40476190476190477,-22.03405363982483
109,0.41666666666666663,-63.95176661895623
109,0.42857142857142855,8.658206711158753
109,0.44047619047619047,32.09244293644915
109,0.45238095238095233,18.410111217412133
109,0.46428571428571425,-56.29060743879904
109,0.47619047619047616,-20.7072641122243
109,0.4880952380952381,-44.81355977047007
110,0.0,-0.0
110,0.017857142857142856,-0.6478166087568242
110,0.03571428571428571,33.45381630867335
110,0.05357142857142857,-11.672552179517647
110,0.07142857142857142,-20.2078760118771
110,0.08928571428571427,-14.573459043561414
110,0.10714285714285714,-18.825157829883977
110,0.125,31.45966960294544
110,0.14285714285714285,-42.33677349188248
110,0.1607142857142857,-12.488748445302903
110,0.17857142857142855,21.999289639159592
110,0.19642857142857142,-41.60693039392258
110,0.21428571428571427,-21.210446529895187
110,0.23214285714285712,19.724231469216825
110,0.25,18.011799999999994
110,0.26785714285714285,9.120304573994277
110,0.2857142857142857,6.3226719299660985
110,0.30357142857142855,-7.600980051271613
110,0.3214285714285714,-2.4114404118078507
110,0.33928571428571425,5.033971591274813
110,0.3571428571428571,1.5945573738687848
110,0.375,-8.93153039705453
110,0.39285714285714285,-4.893347328399592
110,0.4107142857142857,25.793909935767722
110,0.42857142857142855,-11.999013774079753
110,0.4464285714285714,-41.68382250338247
110,0.46428571428571425,-12.34747069430863
110,0.4821428571428571,-14.249298710654983
111,0.0,-0.0
111,0.014084507042253521,33.46443999222124
111,0.028169014084507043,-3.7366603670348137
111,0.04225352112676056,-34.3800970995662
111,0.056338028169014086,8.337406143407923
111,0.07042253521126761,40.42278312887595
111,0.08450704225352113,-16.11025425428181
111,0.09859154929577466,-9.140496058366802
111,0.11267605633802817,19.28456097905467
111,0.1267605633802817,27.994684667285
111,0.14084507042253522,-12.49755724995444
111,0.15492957746478875,7.745601788815474
111,0.16901408450704225,-10.521082748462364
111,0.18309859154929578,7.651822686831815
111,0.1971830985915493,9.078425780942169
111,0.2112676056338028,-53.64241484170691
111,0.22535211267605634,-35.17303964306604
111,0.23943661971830987,7.906506985815333
111,0.2535211267605634,-7.701427944997997
111,0.26760563380281693,-11.22017533825155
111,0.28169014084507044,21.2419313163959
111,0.29577464788732394,21.15455193910826
111,0.3098591549295775,2.6746615778609915
111,0.323943661971831,-11.879711488483004
111,0.3380281690140845,-31.811066503762678
111,0.35211267605633806,-20.08754842266788
111,0.36619718309859156,-3.3892200153488012
111,0.38028169014084506,-23.167935571713258
111,0.3943661971830986,3.7891261310055966
111,0.4084507042253521,25.29097353163624
111,0.4225352112676056,21.14058850381526
111,0.4366197183098592,5.5916531930922915
111,0.4507042253521127,-34.561461657161885
111,0.4647887323943662,8.808398707324807
111,0.47887323943661975,39.953449046616605
111,0.49295774647887325,-76.11207982282254
112,0.0,-0.0
112,0.017857142857142856,-19.371819530736943
112,0.03571428571428571,-2.385219083591509
112,0.05357142857142857,-22.02082991421135
112,0.07142857142857142,-35.802606163154536
112,0.08928571428571427,7.649923383492321
112,0.10714285714285714,-39.238000593200155
112,0.125,14.043767630592978
112,0.14285714285714285,-26.60640783384954
112,0.1607142857142857,-19.34432090520082
112,0.17857142857142855,-9.645935112231777
112,0.19642857142857142,0.9960173032497917
112,0.21428571428571427,16.559942652089802
112,0.23214285714285712,16.188002842780378
112,0.25,26.66749999999999
112,0.26785714285714285,-3.0652452256017115
112,0.2857142857142857,6.767557213478588
112,0.30357142857142855,-23.75284459130929
112,0.3214285714285714,9.967666857631395
112,0.33928571428571425,-12.800277508087671
112,0.3571428571428571,5.1002593346363945
112,0.375,-4.066632369407035
112,0.39285714285714285,-24.81849638723031
112,0.4107142857142857,16.203557208701277
112,0.42857142857142855,8.76357307815502
112,0.4464285714285714,-11.871250830195027
112,0.46428571428571425,-4.74600964223857
112,0.4821428571428571,-13.427131495219683
113,0.0,-0.0
113,0.02631578947368421,-16.064228394351687
113,0.05263157894736842,-2.169392349117075
113,0.07894736842105263,-2.2117493445467957
113,0.10526315789473684,-24.90758020602224
113,0.13157894736842105,-9.807579657002599
113,0.15789473684210525,-6.392641785693696
113,0.18421052631578946,-4.817262455206257
113,0.21052631578947367,7.384215514776617
113,0.23684210526315788,2.8184662030796233
113,0.2631578947368421,-22.383173389903508
113,0.2894736842105263,-9.560386615959995
113,0.3157894736842105,2.0537159003386423
113,0.3421052631578947,10.33632520096974
113,0.3684210526315789,-4.336603736328959
113,0.39473684210526316,-7.6816813597436635
113,0.42105263157894735,-8.176336019132773
113,0.4473684210526315,-16.557647196396786
113,0.47368421052631576,-7.5211644962264765
114,0.0,-0.0
114,0.01639344262295082,-28.53289870694771
114,0.03278688524590164,-25.455816110734695
114,0.04918032786885246,-8.43141695034332
114,0.06557377049180328,-7.848407230555614
114,0.0819672131147541,-33.316223290974825
114,0.09836065573770492,0.20851600879979681
114,0.11475409836065574,-1.635678129530393
114,0.13114754098360656,-13.196166481770364
114,0.14754098360655737,-18.309511472455917
114,0.1639344262295082,23.863451609655705
114,0.18032786885245902,-5.437468999203501
114,0.19672131147540983,-4.244209064914024
114,0.21311475409836067,4.3448793309961635
114,0.22950819672131148,20.376051416452327
114,0.24590163934426232,22.27448694842691
114,0.26229508196721313,0.5470528468180293
114,0.27868852459016397,-5.074669392343489
114,0.29508196721311475,-25.919779281584564
114,0.3114754098360656,-7.799472488688695
114,0.3278688524590164,-4.450819726003315
114,0.3442622950819672,-18.092840281643912
114,0.36065573770491804,0.027139941588170124
114,0.3770491803278689,11.802119642873077
114,0.39344262295081966,2.340409432443414
114,0.4098360655737705,-21.977368678247856
114,0.42622950819672134,32.02521449585946
114,0.4426229508196722,23.619536908649888
114,0.45901639344262296,-18.741247996679725
114,0.4754098360655738,-7.679659260984658
114,0.49180327868852464,14.593537051906134
115,0.0,-0.0
115,0.011904761904761904,-16.806510098098265
115,0.023809523809523808,-35.95732069057887
115,0.03571428571428571,10.289518778130855
115,0.047619047619047616,-32.23813150613877
115,0.05952380952380952,12.309539992025496
115,0.07142857142857142,17.614766250569865
115,0.08333333333333333,24.02220804363749
115,0.09523809523809523,-13.66521870715858
115,0.10714285714285714,24.670649276737457
115,0.11904761904761904,8.720521032848376
115,0.13095238095238093,-14.642428129746058
115,0.14285714285714285,24.040338323525894
115,0.15476190476190477,13.3226977799521
115,0.16666666666666666,-12.217280178808199
115,0.17857142857142855,-18.727756658287774
115,0.19047619047619047,-9.220593432095736
115,0.20238095238095238,19.19318602213407
115,0.21428571428571427,-27.026090299829665
115,0.22619047619047616,40.10605603339991
115,0.23809523809523808,48.1086734921528
115,0.25,-21.391199999999998
115,0.26190476190476186,-2.0422701223868955
115,0.2738095238095238,-0.9517617374898926
115,0.2857142857142857,-10.783796510722691
115,0.2976190476190476,1.2037445562951472
115,0.30952380952380953,-47.927091883964664
115,0.3214285714285714,-8.902525536940685
115,0.3333333333333333,-1.1669692315995341
115,0.34523809523809523,13.868669985656426
115,0.3571428571428571,-45.09641354263372
115,0.369047619047619,21.42142021287367
115,0.38095238095238093,-19.17451617651244
115,0.39285714285714285,36.947495280190374
115,0.40476190476190477,-0.8295029471186455
115,0.41666666666666663,-10.384808043637484
115,0.42857142857142855,23.015395523664964
115,0.44047619047619047,42.06224323761636
115,0.45238095238095233,-26.850226691630667
115,0.46428571428571425,37.378307974025425
115,0.47619047619047616,35.14934157332134
115,0.4880952380952381,-34.53938509654375
116,0.0,-0.0
116,0.023809523809523808,-4.6026481471237375
116,0.047619047619047616,-11.131113426640297
116,0.07142857142857142,7.315699037106465
116,0.09523809523809523,-24.303696167958222
116,0.11904761904761904,26.712595368034904
116,0.14285714285714285,5.30731629231207
116,0.16666666666666666,1.503160293348654
116,0.19047619047619047,-10.797786011525604
116,0.21428571428571427,-29.098047005076488
116,0.23809523809523808,-8.532364736135202
116,0.26190476190476186,6.58909597885903
116,0.2857142857142857,3.6181687292913782
116,0.30952380952380953,17.991854834601583
116,0.3333333333333333,-5.628558906816185
116,0.3571428571428571,-17.308895766811315
116,0.38095238095238093,4.687883965532031
116,0.40476190476190477,-34.04975814198559
116,0.42857142857142855,-8.805943402454776
116,0.45238095238095233,1.7901461285916183
116,0.47619047619047616,-32.95123004917127
117,0.0,-0.0
117,0.022222222222222223,0.8489760156477981
117,0.044444444444444446,-32.498728638998536
117,0.06666666666666667,47.007870312503655
117,0.08888888888888889,0.030399485510408386
117,0.11111111111111112,-3.555656701270734
117,0.13333333333333333,-8.102306746998169
117,0.15555555555555556,-5.914482094479368
117,0.17777777777777778,-1.6409814486856575
117,0.2,5.149006858601492
117,0.22222222222222224,-8.219189100671336
117,0.24444444444444446,-11.860621953115237
117,0.26666666666666666,3.3414551614564836
117,0.2888888888888889,-7.713846740989435
117,0.3111111111111111,1.4405019223361144
117,0.33333333333333337,3.9304562950756736
117,0.35555555555555557,-44.04995308113463
117,0.37777777777777777,14.464223135864923
117,0.4,32.43170596800414
117,0.4222222222222222,-10.80895975703932
117,0.4444444444444445,-7.140798066926002
117,0.4666666666666667,36.775655153774764
117,0.48888888888888893,12.188810357825375
118,0.0,-0.0
118,0.02127659574468085,-18.586869379196674
118,0.0425531914893617,-36.02908998968415
118,0.06382978723404255,-5.008379461208294
118,0.0851063829787234,24.220492123947285
118,0.10638297872340426,14.261872675755452
118,0.1276595744680851,3.784362041995932
118,0.14893617021276595,-5.816583518679635
118,0.1702127659574468,-32.14639986624565
118,0.19148936170212766,-9.735762408034885
118,0.2127659574468085,-4.53820453928086
118,0.23404255319148937,22.946189778911204
118,0.2553191489361702,-3.758697505063907
118,0.2765957446808511,-11.170417924924594
118,0.2978723404255319,21.389098822758527
118,0.3191489361702128,-14.248444715796271
118,0.3404255319148936,-22.64267388941745
118,0.36170212765957444,-16.924309398667827
118,0.3829787234042553,-7.624882916372046
118,0.40425531914893614,-0.3346938380699589
118,0.425531914893617,19.734538636741025
118,0.44680851063829785,-7.647650503475129
118,0.46808510638297873,-3.0446479365453953
118,0.48936170212765956,0.4169792405274724
119,0.0,-0.0
119,0.023809523809523808,-39.273381671067085
119,0.047619047619047616,-1.0224849793641377
119,0.07142857142857142,13.488653537262547
119,0.09523809523809523,10.177975133644047
119,0.11904761904761904,-5.091848026361541
119,0.14285714285714285,4.9464010271733265
119,0.16666666666666666,1.0697145787545255
119,0.19047619047619047,21.661954238102584
119,0.21428571428571427,12.389121847102718
119,0.23809523809523808,22.85907562111244
119,0.26190476190476186,0.2738914081493036
119,0.2857142857142857,15.414724873532759
119,0.30952380952380953,-10.566802620076633
119,0.3333333333333333,5.671946779545813
119,0.3571428571428571,40.022105240189916
119,0.38095238095238093,-5.957589694029338
119,0.40476190476190477,-19.676447722665515
119,0.42857142857142855,-17.79761924581963
119,0.45238095238095233,-9.193218408545764
119,0.47619047619047616,4.560543470695709
120,0.0,-0.0
120,0.014492753623188406,-45.087835095814896
120,0.028985507246376812,-20.812249169285085
120,0.043478260869565216,20.114549577367942
120,0.057971014492753624,-14.015009264476323
120,0.07246376811594203,26.00016839115021
120,0.08695652173913043,-9.681475137339568
120,0.10144927536231885,-0.5764733330719167
120,0.11594202898550725,14.469654865834006
120,0.13043478260869565,28.176502707280477
120,0.14492753623188406,-59.66134432940244
120,0.15942028985507248,-16.17346098658357
120,0.17391304347826086,7.572870064534683
120,0.18840579710144928,-14.329037003924856
120,0.2028985507246377,30.52112907303961
120,0.21739130434782608,-1.6517297550152055
120,0.2318840579710145,12.089620876975985
120,0.2463768115942029,-38.060477240175885
120,0.2608695652173913,-3.1322786910992337
120,0.2753623188405797,-33.58299023125337
120,0.2898550724637681,-50.81233132986038
120,0.30434782608695654,-21.772141188682888
120,0.31884057971014496,-0.6182518866329172
120,0.3333333333333333,45.91337601211655
120,0.34782608695652173,17.52811204994756
120,0.36231884057971014,-36.05299873096676
120,0.37681159420289856,1.0961426174890931
120,0.391304347826087,43.73504125223278
120,0.4057971014492754,2.7277925020788563
120,0.42028985507246375,-6.537711198660556
120,0.43478260869565216,-23.836027751902847
120,0.4492753623188406,15.381839062186083
120,0.463768115942029,-28.26361478811851
120,0.4782608695652174,-37.4542391812691
120,0.4927536231884058,47.564616491538864
121,0.0,-0.0
121,0.0136986301369863,49.55281534599052
121,0.0273972602739726,-20.701689869940168
121,0.0410958904109589,36.569379220855666
121,0.0547945205479452,19.475426161376998
121,0.0684931506849315,19.237893576454578
121,0.0821917808219178,-55.69943786857556
121,0.0958904109589041,-19.230703946178934
121,0.1095890410958904,-30.836559779043668
121,0.1232876712328767,13.364564589613769
121,0.136986301369863,21.617637336425332
121,0.1506849315068493,4.245624689040156
121,0.1643835616438356,-10.005368653918406
121,0.1780821917808219,19.006141490851217
121,0.1917808219178082,-2.490657656944631
121,0.2054794520547945,22.32226994986429
121,0.2191780821917808,-15.365430448346746
121,0.2328767123287671,-8.658103496877189
121,0.2465753424657534,-12.873408055118698
121,0.2602739726027397,64.73802630927645
121,0.273972602739726,-35.12497835105778
121,0.2876712328767123,-33.030217646546866
121,0.3013698630136986,21.904307938035426
121,0.3150684931506849,-7.12350705056147
121,0.3287671232876712,-6.380801074774509
121,0.3424657534246575,11.888112606759602
121,0.3561643835616438,-10.609319794793883
121,0.3698630136986301,-33.95146067553155
121,0.3835616438356164,12.113384404185005
121,0.3972602739726027,10.233139090244451
121,0.410958904109589,27.671783132809
121,0.4246575342465753,-20.779077180144718
121,0.4383561643835616,16.6345039911411
121,0.4520547945205479,44.02722934203038
121,0.4657534246575342,4.7798500065906575
121,0.4794520547945205,-11.471085267168814
121,0.4931506849315068,-74.86399883965635
122,0.0,-0.0
122,0.011904761904761904,-13.187600542863663
122,0.023809523809523808,38.24912441152992
122,0.03571428571428571,-20.87090044637246
122,0.047619047619047616,1.8853268251663575
122,0.05952380952380952,-18.111809699387276
122,0.07142857142857142,65.23953479336315
122,0.08333333333333333,-1.969464515885182
122,0.09523809523809523,55.06253454773395
122,0.10714285714285714,11.760277742629597
122,0.11904761904761904,-20.302733438855356
122,0.13095238095238093,-7.429997879702294
122,0.14285714285714285,-79.1410708840587
122,0.15476190476190477,-9.31741792062529
122,0.16666666666666666,50.858294465185324
122,0.17857142857142855,-13.355339635259636
122,0.19047619047619047,-6.500799650275116
122,0.20238095238095238,1.2357776033208916
122,0.21428571428571427,-32.65907043905457
122,0.22619047619047616,1.7201314585919523
122,0.23809523809523808,8.12517335751945
122,0.25,1.4683999999999742
122,0.26190476190476186,-53.754906245290286
122,0.2738095238095238,-13.758104881272308
122,0.2857142857142857,-29.638480148579806
122,0.2976190476190476,-13.609882547015829
122,0.30952380952380953,46.35142362437935
122,0.3214285714285714,-24.23402492387228
122,0.3333333333333333,-4.017232040534875
122,0.34523809523809523,-6.566279135022194
122,0.3571428571428571,57.85926005398729
122,0.369047619047619,-0.363263255985669
122,0.38095238095238093,-53.25763437563805
122,0.39285714285714285,30.360006993251716
122,0.40476190476190477,-11.400997302359766
122,0.41666666666666663,24.028964515885153
122,0.42857142857142855,-28.16125969588602
122,0.44047619047619047,-11.740366790516106
122,0.45238095238095233,-33.5488996619793
122,0.46428571428571425,-30.957350258614284
122,0.47619047619047616,-56.87617491316118
122,0.4880952380952381,-1.2243555262588544
123,0.0,-0.0
123,0.017857142857142856,27.886001635310492
123,0.03571428571428571,5.182443331414882
123,0.05357142857142857,-6.53102592281586
123,0.07142857142857142,-15.44695808817831
123,0.08928571428571427,4.259363710826632
123,0.10714285714285714,-16.688860807979403
123,0.125,-12.2994545084013
123,0.14285714285714285,12.583290800674378
123,0.1607142857142857,-23.003108783566564
123,0.17857142857142855,-8.919282716335381
123,0.19642857142857142,8.553757959705973
123,0.21428571428571427,12.31152752453061
123,0.23214285714285712,-9.952543370233094
123,0.25,-12.493799999999993
123,0.26785714285714285,16.083988751815994
123,0.2857142857142857,-8.022371234929892
123,0.30357142857142855,-15.595873753117584
123,0.3214285714285714,-32.950432946632205
123,0.33928571428571425,8.08117436418707
123,0.3571428571428571,41.139788853855194
123,0.375,10.796145491598704
123,0.39285714285714285,-25.36705301021282
123,0.4107142857142857,-0.46670942278813277
123,0.42857142857142855,-47.27252351958411
123,0.4464285714285714,-7.697638170175824
123,0.46428571428571425,-16.549941486639504
123,0.4821428571428571,-17.028784461061015
124,0.0,-0.0
124,0.015384615384615385,-39.23244906353418
124,0.03076923076923077,-0.8744796406939552
124,0.046153846153846156,19.195580652361592
124,0.06153846153846154,-20.025328771758826
124,0.07692307692307693,-30.97048713036482
124,0.09230769230769231,-25.640710629783012
124,0.1076923076923077,-1.3027620253916012
124,0.12307692307692308,-25.526957162862956
124,0.13846153846153847,15.477431115753873
124,0.15384615384615385,-5.264958973806964
124,0.16923076923076924,11.172616502200071
124,0.18461538461538463,6.136506785951653
124,0.2,-0.6812478209753268
124,0.2153846153846154,13.932694513773178
124,0.23076923076923078,17.465872582146794
124,0.24615384615384617,16.906408597552605
124,0.26153846153846155,-2.695788615006406
124,0.27692307692307694,17.73395512902639
124,0.2923076923076923,-34.04860349420289
124,0.3076923076923077,-5.68034848010678
124,0.3230769230769231,-24.112025531545076
124,0.3384615384615385,4.017992889364763
124,0.35384615384615387,17.187354925152025
124,0.36923076923076925,4.905007512911834
124,0.38461538461538464,3.9852537817448166
124,0.4,-13.377283267966487
124,0.4153846153846154,-51.90439392025403
124,0.4307692307692308,17.228568767016053
124,0.4461538461538462,2.7481102044237637
124,0.46153846153846156,27.76232234573302
124,0.47692307692307695,15.024077428471937
124,0.49230769230769234,0.10958012624413982
125,0.0,-0.0
125,0.016666666666666666,-8.817529421379268
125,0.03333333333333333,-18.656526227385545
125,0.05,8.772882147972174
125,0.06666666666666667,-9.35069690586612
125,0.08333333333333333,-10.3002772556898
125,0.1,-10.530474011726955
125,0.11666666666666667,33.453222525456425
125,0.13333333333333333,17.79535749914566
125,0.15,-14.099583475774162
125,0.16666666666666666,-23.955042091540967
125,0.18333333333333332,-27.201761796100097
125,0.2,-3.6973494848954473
125,0.21666666666666667,-15.61938087918106
125,0.23333333333333334,-7.913967165948836
125,0.25,23.672699999999992
125,0.26666666666666666,0.729279894971949
125,0.2833333333333333,-7.9460192559074425
125,0.3,8.780926454585732
125,0.31666666666666665,24.78669196106706
125,0.3333333333333333,-2.6636343344197986
125,0.35,11.658545069559741
125,0.36666666666666664,14.66387595478151
125,0.3833333333333333,6.635830551415456
125,0.4,13.349498460580588
125,0.4166666666666667,-50.16862274431019
125,0.43333333333333335,-36.58831888422095
125,0.45,21.338379445813395
125,0.4666666666666667,1.6911430142114554
125,0.48333333333333334,28.02381279830658
126,0.0,-0.0
126,0.018518518518518517,-28.388653815733477
126,0.037037037037037035,26.75751156974092
126,0.05555555555555555,-20.117005436021255
126,0.07407407407407407,17.85708198184981
126,0.09259259259259259,-19.886107508362016
126,0.1111111111111111,-18.71982564237555
126,0.12962962962962962,-6.932637224097178
126,0.14814814814814814,-15.480550365658626
126,0.16666666666666666,4.033946330827915
126,0.18518518518518517,-47.08581405054371
126,0.2037037037037037,36.55153533848583
126,0.2222222222222222,-10.344177048940644
126,0.24074074074074073,0.27631902606695125
126,0.25925925925925924,10.788498719441762
126,0.2777777777777778,23.208600692827105
126,0.2962962962962963,-5.119402921158084
126,0.31481481481481477,20.506045871852173
126,0.3333333333333333,11.897110587029102
126,0.35185185185185186,0.2779981232153288
126,0.37037037037037035,5.621486836199985
126,0.38888888888888884,-22.711255780845693
126,0.4074074074074074,13.016308415607012
126,0.42592592592592593,9.672337826560433
126,0.4444444444444444,-9.601999558645517
126,0.4629629629629629,7.2678738616942
126,0.48148148148148145,11.799592697600763
127,0.0,-0.0
127,0.014492753623188406,-23.977571209693437
127,0.028985507246376812,1.4535513936713294
127,0.043478260869565216,2.8852588419853227
127,0.057971014492753624,-21.590124752060696
127,0.07246376811594203,-5.975032678514947
127,0.08695652173913043,3.772814886773947
127,0.10144927536231885,14.15038186243501
127,0.11594202898550725,-18.962805949952482
127,0.13043478260869565,-41.31626109397689
127,0.14492753623188406,6.590606548660142
127,0.15942028985507248,13.72447915324183
127,0.17391304347826086,11.457024611562467
127,0.18840579710144928,-11.237038936996138
127,0.2028985507246377,-18.222219096478405
127,0.21739130434782608,29.40716497119228
127,0.2318840579710145,11.137707002472856
127,0.2463768115942029,40.19052619472728
127,0.2608695652173913,-23.935506643881816
127,0.2753623188405797,-7.244291106570819
127,0.2898550724637681,17.849522907938223
127,0.30434782608695654,-24.298240045298044
127,0.31884057971014496,14.045359883160376
127,0.3333333333333333,-6.566204611493657
127,0.34782608695652173,9.118575679066048
127,0.36231884057971014,-48.13079683241702
127,0.37681159420289856,-41.97583595566024
127,0.391304347826087,8.05493589789404
127,0.4057971014492754,-8.093797325106456
127,0.42028985507246375,2.683751003485039
127,0.43478260869565216,-6.88846979898994
127,0.4492753623188406,-5.618597960906449
127,0.463768115942029,-37.6866687990461
127,0.4782608695652174,14.789675208738648
127,0.4927536231884058,-2.5162486161353073
128,0.0,-0.0
128,0.011627906976744186,26.716627058668294
128,0.023255813953488372,-65.61357183343249
128,0.03488372093023256,64.21273110244505
128,0.046511627906976744,-5.616066466125272
128,0.05813953488372093,-0.6881113322211032
128,0.06976744186046512,1.0276953750184212
128,0.08139534883720931,33.949586075449936
128,0.09302325581395349,-14.152058066168077
128,0.10465116279069767,13.161680480329
128,0.11627906976744186,1.5817442875651242
128,0.12790697674418605,1.5515787190438104
128,0.13953488372093023,-2.5069560747555926
128,0.1511627906976744,14.942807941149516
128,0.16279069767441862,21.470915875403396
128,0.1744186046511628,29.72827623032041
128,0.18604651162790697,-15.339321495354518
128,0.19767441860465115,-35.43696166596694
128,0.20930232558139533,8.101053669898707
128,0.22093023255813954,-5.6478605147714
128,0.23255813953488372,-19.781580919975884
128,0.2441860465116279,19.19160242738819
128,0.2558139534883721,-30.566150180906625
128,0.26744186046511625,-28.605157952126806
128,0.27906976744186046,0.6963604856266539
128,0.29069767441860467,11.930305493286284
128,0.3023255813953488,-21.797090276867472
128,0.313953488372093,-6.4081661554532205
128,0.32558139534883723,-70.10775420313337
128,0.3372093023255814,-17.80218871253747
128,0.3488372093023256,-43.10773316175972
128,0.36046511627906974,35.45291247945795
128,0.37209302325581395,31.0018824302446
128,0.38372093023255816,21.726315332571588
128,0.3953488372093023,-12.549752800212683
128,0.4069767441860465,-15.84243905603271
128,0.41860465116279066,0.41940827543917436
128,0.43023255813953487,-48.58917389273063
128,0.4418604651162791,31.87078384852336
128,0.45348837209302323,6.791493763013214
128,0.46511627906976744,-21.06017280896952
128,0.47674418604651164,19.033808633303092
128,0.4883720930232558,4.508371995826616
129,0.0,-0.0
129,0.01282051282051282,0.016781825063536537
129,0.02564102564102564,-25.704969301030715
129,0.038461538461538464,38.15860499404399
129,0.05128205128205128,-28.691798495939832
129,0.0641025641025641,-13.03066506924569
129,0.07692307692307693,23.41947353093093
129,0.08974358974358974,21.60331704289394
129,0.10256410256410256,-66.19530162208392
129,0.11538461538461538,20.010356731822554
129,0.1282051282051282,-6.4889380994186725
129,0.14102564102564102,7.899339744415956
129,0.15384615384615385,10.543957095845558
129,0.16666666666666666,1.6283875667358716
129,0.1794871794871795,19.694173076622732
129,0.1923076923076923,-41.853261756116076
129,0.20512820512820512,-46.92730298579333
129,0.21794871794871795,0.8616108976325441
129,0.23076923076923075,-5.591433663266756
129,0.24358974358974358,-3.078688266997519
129,0.2564102564102564,-20.20442415477367
129,0.2692307692307692,13.661184526180243
129,0.28205128205128205,2.2305021074321116
129,0.2948717948717949,37.383431806472416
129,0.3076923076923077,-18.38065735107739
129,0.3205128205128205,-31.135747071910764
129,0.3333333333333333,-14.620847084471531
129,0.34615384615384615,9.54238564838152
129,0.358974358974359,-37.732329540665106
129,0.3717948717948718,21.755287519617262
129,0.3846153846153846,63.93821697091367
129,0.3974358974358974,-30.12868713410278
129,0.41025641025641024,-40.210767770942
129,0.4230769230769231,41.54155488967608
129,0.4358974358974359,25.428733498546496
129,0.4487179487179487,-53.93089170797694
129,0.4615384615384615,-17.18109435780879
129,0.47435897435897434,-30.085862681077373
129,0.48717948717948717,11.000402077580677
130,0.0,-0.0
130,0.0136986301369863,-1.070721477440308
130,0.0273972602739726,8.966290657935641
130,0.0410958904109589,43.496847667399045
130,0.0547945205479452,-16.124808417525294
130,0.0684931506849315,12.534988897834829
130,0.0821917808219178,-15.562526223378448
130,0.0958904109589041,7.8056043117111935
130,0.1095890410958904,-34.00034168865658
130,0.1232876712328767,29.64054912458972
130,0.136986301369863,-3.8927101690117487
130,0.1506849315068493,-21.917728026588918
130,0.1643835616438356,-40.17850569294133
130,0.1780821917808219,-19.873171260241428
130,0.1917808219178082,17.964910842466175
130,0.2054794520547945,5.028615641986904
130,0.2191780821917808,-16.01078878914861
130,0.2328767123287671,5.70606197634217
130,0.2465753424657534,0.7529092063622356
130,0.2602739726027397,3.773991671694702
130,0.273972602739726,6.497430901922636
130,0.2876712328767123,0.26578941237471376
130,0.3013698630136986,-25.03807284057121
130,0.3150684931506849,-30.33349586388011
130,0.3287671232876712,27.227522251087883
130,0.3424657534246575,55.89459133641159
130,0.3561643835616438,60.599056539764334
130,0.3698630136986301,-32.418340475821815
130,0.3835616438356164,29.026215836348452
130,0.3972602739726027,19.045702258711827
130,0.410958904109589,-26.638741031775538
130,0.4246575342465753,-35.41080576489119
130,0.4383561643835616,-47.50436621973728
130,0.4520547945205479,23.466402668563052
130,0.4657534246575342,-43.63886988989142
130,0.4794520547945205,-2.2213225041868605
130,0.4931506849315068,-3.9474305597463317
131,0.0,-0.0
131,0.015625,-3.77953396773996
131,0.03125,14.441203753475357
131,0.046875,4.840579423526364
131,0.0625,-32.02323625029742
131,0.078125,7.034664141509468
131,0.09375,19.104111058533267
131,0.109375,-25.42824641514168
131,0.125,18.663723986375146
131,0.140625,2.2102425939906496
131,0.15625,-17.728756231141826
131,0.171875,5.24374239933271
131,0.1875,-13.267012753412368
131,0.203125,-2.0322958832628935
131,0.21875,-2.6474469377760705
131,0.234375,8.000798844619242
131,0.25,28.863100000000003
131,0.265625,27.121422827833797
131,0.28125,-0.3772592641462147
131,0.296875,51.044617322946166
131,0.3125,21.719132168731747
131,0.328125,37.81963928405362
131,0.34375,-5.404949262005449
131,0.359375,-26.06713881398629
131,0.375,-29.880276013624865
131,0.390625,4.06217724072242
131,0.40625,-17.89435163747871
131,0.421875,7.805974130709716
131,0.4375,-2.800691328153306
131,0.453125,-6.75614456222592
131,0.46875,-5.045278238043139
131,0.484375,7.147044782874945
132,0.0,-0.0
132,0.015625,1.2770091656628644
132,0.03125,25.524741282897025
132,0.046875,3.118580346216514
132,0.0625,-38.216136122490255
132,0.078125,-30.73019229066851
132,0.09375,12.539501421319487
132,0.109375,15.616219282912732
132,0.125,-15.90897639209417
132,0.140625,19.84023559494879
132,0.15625,-4.225632582383386
132,0.171875,-23.86713429859492
132,0.1875,26.736527099614428
132,0.203125,7.840532257864226
132,0.21875,18.016180334411878
132,0.234375,-8.93971365422666
132,0.25,-10.692499999999995
132,0.265625,-8.609561081312249
132,0.28125,60.522989829559144
132,0.296875,26.6290025102754
132,0.3125,-14.857315143690549
132,0.328125,18.662169135876695
132,0.34375,-2.2923290099470055
132,0.359375,-54.983388102369844
132,0.375,-12.429176392094158
132,0.390625,-0.8904608650605521
132,0.40625,0.09158999527016398
132,0.421875,42.91081215947379
132,0.4375,2.513621634204771
132,0.453125,-4.913964958848143
132,0.46875,-41.88246422044136
132,0.484375,-3.6886112852238924
133,0.0,-0.0
133,0.010416666666666666,-45.002047987300344
133,0.020833333333333332,36.5905663580857
133,0.03125,8.727924874906677
133,0.041666666666666664,15.310246861842455
133,0.05208333333333333,-16.25248509373881
133,0.0625,-14.918233896048791
133,0.07291666666666666,-3.9723635802023693
133,0.08333333333333333,25.07968645068132
133,0.09375,18.76804807917231
133,0.10416666666666666,-7.321037514569863
133,0.11458333333333333,-1.504072866224468
133,0.125,21.264838953887534
133,0.13541666666666666,-11.313121690446952
133,0.14583333333333331,-17.35637713702237
133,0.15625,3.932679239288838
133,0.16666666666666666,-19.560136372415702
133,0.17708333333333331,-49.62038652319607
133,0.1875,-25.334991256612266
133,0.19791666666666666,-0.6175406460617356
133,0.20833333333333331,31.96544283951919
133,0.21875,-18.634325104925974
133,0.22916666666666666,-7.931407232312349
133,0.23958333333333331,2.6558030766343794
133,0.25,64.66129999999998
133,0.26041666666666663,27.735468666536505
133,0.2708333333333333,16.98315573479623
133,0.28125,-31.473973406200717
133,0.29166666666666663,-33.466574888041315
133,0.3020833333333333,19.42948185127353
133,0.3125,24.502900229716577
133,0.32291666666666663,-1.0712115590925393
133,0.3333333333333333,-31.957809642832206
133,0.34375,-38.30227227548789
133,0.35416666666666663,-40.70080843004835
133,0.3645833333333333,15.122994178370167
133,0.375,28.533438953887526
133,0.38541666666666663,0.5976920772874896
133,0.3958333333333333,-41.85333766912467
133,0.40625,42.54386839082159
133,0.41666666666666663,-27.041186450681327
133,0.4270833333333333,-28.732268293601763
133,0.4375,-31.549542409719947
133,0.44791666666666663,-25.514514443429643
133,0.4583333333333333,16.076864589402927
133,0.46875,5.911848400057935
133,0.47916666666666663,-42.459001813276906
133,0.4895833333333333,-6.735961153180185
134,0.0,-0.0
134,0.014925373134328358,-32.41333599451144
134,0.029850746268656716,-18.507597160119307
134,0.04477611940298507,27.601931223833695
134,0.05970149253731343,-54.530267882151236
134,0.07462686567164178,6.718021776789757
134,0.08955223880597014,44.544394681953534
134,0.1044776119402985,-12.221636099660243
134,0.11940298507462686,1.4429752622442913
134,0.13432835820895522,-7.47711836742855
134,0.14925373134328357,6.065011949540551
134,0.16417910447761194,-15.825474021682284
134,0.1791044776119403,35.787719630934106
134,0.19402985074626866,5.651484369191239
134,0.208955223880597,-14.555977323151376
134,0.22388059701492538,10.959981050004803
134,0.23880597014925373,-17.78912361084313
134,0.2537313432835821,-36.102545738465075
134,0.26865671641791045,-2.6231790293861064
134,0.2835820895522388,20.24823231950867
134,0.29850746268656714,10.998058855104937
134,0.31343283582089554,9.397209892367313
134,0.3283582089552239,8.503741061241444
134,0.34328358208955223,-42.78402549591962
134,0.3582089552238806,-35.97107636981165
134,0.3731343283582089,-4.913251917688954
134,0.3880597014925373,18.208413030202262
134,0.40298507462686567,6.489217383238972
134,0.417910447761194,-18.73227475722989
134,0.43283582089552236,-1.9030987188678643
134,0.44776119402985076,-12.7913225628321
134,0.4626865671641791,-29.653619314517883
134,0.47761194029850745,-15.84621328202969
134,0.4925373134328358,1.4593548666045881
135,0.0,-0.0
135,0.015384615384615385,-16.504013441575587
135,0.03076923076923077,-7.821046983052327
135,0.046153846153846156,2.9928770924521313
135,0.06153846153846154,-10.024084010504172
135,0.07692307692307693,-23.146425309047828
135,0.09230769230769231,-3.5946573416305716
135,0.1076923076923077,-3.0273082730355596
135,0.12307692307692308,-10.083749642157631
135,0.13846153846153847,16.675725324454945
135,0.15384615384615385,21.553730308208653
135,0.16923076923076924,-7.574016796504946
135,0.18461538461538463,10.796429464167424
135,0.2,-22.143670539334593
135,0.2153846153846154,-30.48950437825858
135,0.23076923076923078,-27.379616138607002
135,0.24615384615384617,-2.4969823608899056
135,0.26153846153846155,-6.810370087866214
135,0.27692307692307694,12.490332789302382
135,0.2923076923076923,8.611983244692352
135,0.3076923076923077,8.31225566364822
135,0.3230769230769231,63.8811731356587
135,0.3384615384615385,-10.74626467966029
135,0.35384615384615387,-12.046133658707904
135,0.36923076923076925,-16.160501004039325
135,0.38461538461538464,-6.625899002993497
135,0.4,4.7396258246727445
135,0.4153846153846154,-28.865848303159616
135,0.4307692307692308,-0.7924387565984086
135,0.4461538461538462,13.893382443377808
135,0.46153846153846156,-19.596771924298842
135,0.47692307692307695,24.72218656569588
135,0.49230769230769234,-1.3084282105040321
136,0.0,-0.0
136,0.01282051282051282,20.79597238730426
136,0.02564102564102564,3.0223271432558763
136,0.038461538461538464,15.104571154290351
136,0.05128205128205128,-23.414422875325712
136,0.0641025641025641,-33.43820600507092
136,0.07692307692307693,40.178466325120624
136,0.08974358974358974,-11.375436047057363
136,0.10256410256410256,-22.831315778954387
136,0.11538461538461538,12.46659096767547
136,0.1282051282051282,17.80165805988605
136,0.14102564102564102,27.404458008599317
136,0.15384615384615385,-16.446128607370888
136,0.16666666666666666,-15.7221715904642
136,0.1794871794871795,-8.008471484818951
136,0.1923076923076923,5.55778199915902
136,0.20512820512820512,11.195779883051397
136,0.21794871794871795,5.971075301235583
136,0.23076923076923075,33.42300049470102
136,0.24358974358974358,-27.27058020757395
136,0.2564102564102564,33.23611628139085
136,0.2692307692307692,18.167599738418314
136,0.28205128205128205,-6.837788675122287
136,0.2948717948717949,0.18200512454255602
136,0.3076923076923077,-3.810444720032627
136,0.3205128205128205,-9.397369185117952
136,0.3333333333333333,40.03150467469338
136,0.34615384615384615,-28.018356541802255
136,0.358974358974359,3.4119957108779992
136,0.3717948717948718,36.749947499974134
136,0.3846153846153846,-7.073659115241918
136,0.3974358974358974,15.770430549369546
136,0.41025641025641024,43.24374528763658
136,0.4230769230769231,24.184961529182655
136,0.4358974358974359,32.301650380516556
136,0.4487179487179487,-48.90829408627967
136,0.4615384615384615,-53.74676875195949
136,0.47435897435897434,8.048252718122523
136,0.48717948717948717,28.93588107662864
137,0.0,-0.0
137,0.01639344262295082,-16.034556158422184
137,0.03278688524590164,-7.701686597144059
137,0.04918032786885246,-15.732211747130204
137,0.06557377049180328,-6.244871018711965
137,0.0819672131147541,38.07926604115478
137,0.09836065573770492,5.560074642870148
137,0.11475409836065574,5.19044067255975
137,0.13114754098360656,-14.189601060785606
137,0.14754098360655737,-10.513758955018698
137,0.1639344262295082,-3.5076256528517633
137,0.18032786885245902,-2.9176570984452628
137,0.19672131147540983,3.0497412506513153
137,0.21311475409836067,-11.735138644864726
137,0.22950819672131148,0.8838303493867263
137,0.24590163934426232,26.09714160048572
137,0.26229508196721313,24.562922751003043
137,0.27868852459016397,20.627997414991235
137,0.29508196721311475,-51.056952064386
137,0.3114754098360656,-12.931477285927073
137,0.3278688524590164,-49.489989695826274
137,0.3442622950819672,23.447379637785104
137,0.36065573770491804,-12.452821954511919
137,0.3770491803278689,19.199572410714254
137,0.39344262295081966,23.466100806792205
137,0.4098360655737705,-22.80688614825948
137,0.42622950819672134,24.30946690880099
137,0.4426229508196722,19.045292580916605
137,0.45901639344262296,-2.9142129018432765
137,0.4754098360655738,-44.41017653330023
137,0.49180327868852464,-4.440335104295059
138,0.0,-0.0
138,0.015384615384615385,-54.22042066340328
138,0.03076923076923077,-17.866343840113473
138,0.046153846153846156,11.424717046781328
138,0.06153846153846154,-1.1986764654219755
138,0.07692307692307693,9.502048906470304
138,0.09230769230769231,14.549470759273813
138,0.1076923076923077,-0.09200660702132524
138,0.12307692307692308,6.954320573146082
138,0.13846153846153847,-18.122404041782158
138,0.15384615384615385,-6.069605662600774
138,0.16923076923076924,24.351603278659397
138,0.18461538461538463,-4.400016318238791
138,0.2,8.317317026017685
138,0.2153846153846154,-8.149956651979238
138,0.23076923076923078,-20.088289342397346
138,0.24615384615384617,-18.67455963158511
138,0.26153846153846155,9.562657481844436
138,0.27692307692307694,-4.751656082416027
138,0.2923076923076923,19.648892856675012
138,0.3076923076923077,-47.42889954832235
138,0.3230769230769231,32.0572055122982
138,0.3384615384615385,4.1848385684993925
138,0.35384615384615387,-40.227651366606594
138,0.36923076923076925,-19.68187921892318
138,0.38461538461538464,-7.554180499240502
138,0.4,3.6299591321688807
138,0.4153846153846154,-47.52037663588155
138,0.4307692307692308,-3.37417663277499
138,0.4461538461538462,-21.6669957670657
138,0.46153846153846156,-19.77146790891456
138,0.47692307692307695,5.204067252733413
138,0.49230769230769234,-12.206050897031606
139,0.0,-0.0
139,0.015625,-2.6551655810181174
139,0.03125,-9.387310479550877
139,0.046875,29.091432600597003
139,0.0625,5.038814292504803
139,0.078125,2.7949544424855874
139,0.09375,19.07748384884703
139,0.109375,-32.18165314214467
139,0.125,-6.816990737352403
139,0.140625,-6.7665174527361405
139,0.15625,-34.50415518146561
139,0.171875,2.3766451969227056
139,0.1875,-9.912361317770234
139,0.203125,15.99643305224016
139,0.21875,-6.435689601292508
139,0.234375,13.695042969561065
139,0.25,22.734500000000025
139,0.265625,-19.502640791500433
139,0.28125,-1.952095981632362
139,0.296875,-26.136377737099
139,0.3125,21.29760971054037
139,0.328125,27.42278962665754
139,0.34375,22.00148101219822
139,0.359375,-4.293011120662639
139,0.375,3.4578092626475962
139,0.390625,-19.087204877962986
139,0.40625,-30.047467346134674
139,0.421875,-2.3967528396708877
139,0.4375,-31.979614679184586
139,0.453125,-28.926041948254067
139,0.46875,-9.41830424853628
139,0.484375,-19.624319457592033
140,0.0,-0.0
140,0.010869565217391304,-16.366694726535883
140,0.021739130434782608,-15.859746939747009
140,0.03260869565217391,39.97954481649765
140,0.043478260869565216,-24.97664508502212
140,0.05434782608695652,15.401837249668958
140,0.06521739130434782,-64.09680578071337
140,0.07608695652173914,-2.7761693407059695
140,0.08695652173913043,14.767824828065013
140,0.09782608695652173,-7.668475455976784
140,0.10869565217391304,0.656826872344455
140,0.11956521739130435,-28.43972008020452
140,0.13043478260869565,-0.4591009234452237
140,0.14130434782608695,-38.18885193014357
140,0.15217391304347827,8.783729066993791
140,0.16304347826086957,18.019795207185485
140,0.17391304347826086,1.3000366470915719
140,0.18478260869565216,44.12452642650746
140,0.19565217391304346,-29.27301545698937
140,0.20652173913043478,36.526047198929774
140,0.21739130434782608,1.9123720208762087
140,0.22826086956521738,2.645106361164663
140,0.2391304347826087,-4.989037832156676
140,0.25,16.691399999999987
140,0.2608695652173913,-70.26015537239033
140,0.2717391304347826,12.316549521007849
140,0.2826086956521739,37.41669488334507
140,0.2934782608695652,5.299592018502512
140,0.30434782608695654,-11.981947211734386
140,0.31521739130434784,-30.9491168779646
140,0.32608695652173914,-9.121241198200503
140,0.33695652173913043,-16.271060394923776
140,0.34782608695652173,-40.38619950196958
140,0.358695652173913,8.431494886734539
140,0.3695652173913043,-62.700006808470704
140,0.3804347826086956,-13.479528279509278
140,0.3913043478260869,17.912671180887045
140,0.40217391304347827,-10.866265357757056
140,0.41304347826086957,-59.23856417867462
140,0.42391304347826086,-86.60737481418658
140,0.43478260869565216,84.0137020691374
140,0.44565217391304346,34.58530694554291
140,0.45652173913043476,3.8011044050993075
140,0.46739130434782605,72.99739874987416
140,0.4782608695652174,48.64212905262825
140,0.4891304347826087,-2.3201919607890087
141,0.0,-0.0
141,0.0125,-5.32529088369448
141,0.025,-18.755013702956006
141,0.037500000000000006,34.70649740039126
141,0.05,0.12609113333239907
141,0.0625,10.341178452670697
141,0.07500000000000001,8.021279368381792
141,0.08750000000000001,-8.553245638704333
141,0.1,-31.06736743496511
141,0.1125,-8.144015924950784
141,0.125,-29.532657852859714
141,0.1375,11.746758534056
141,0.15000000000000002,-43.84381676424984
141,0.1625,18.321723547176575
141,0.17500000000000002,-0.8655728684403341
141,0.1875,-23.685417987240946
141,0.2,25.01088850918037
141,0.21250000000000002,58.95592351789035
141,0.225,-42.80101806649867
141,0.23750000000000002,-16.91974109933105
141,0.25,-33.460999999999956
141,0.2625,25.898979340447212
141,0.275,-22.15138846221292
141,0.28750000000000003,-46.81479703756627
141,0.30000000000000004,38.75722922273171
141,0.3125,4.600239591479603
141,0.325,-3.1196049133512327
141,0.3375,19.404528914417305
141,0.35000000000000003,-15.00198543791521
141,0.36250000000000004,-23.200726573941225
141,0.375,-54.665657852859724
141,0.3875,-11.019478173559827
141,0.4,1.255741790277451
141,0.41250000000000003,25.74104366527005
141,0.42500000000000004,-25.82905827374484
141,0.4375,-33.58596396860877
141,0.45,14.66760666450255
141,0.4625,7.968076653661154
141,0.47500000000000003,7.956987005720707
141,0.48750000000000004,6.8959904421557585
142,0.0,-0.0
142,0.014925373134328358,-22.161175889919924
142,0.029850746268656716,-18.59229253355409
142,0.04477611940298507,-6.2285823799237665
142,0.05970149253731343,-8.718146815424713
142,0.07462686567164178,-18.497118875567057
142,0.08955223880597014,-3.063006791632577
142,0.1044776119402985,-3.797433500662353
142,0.11940298507462686,24.793811905662285
142,0.13432835820895522,-9.839937152987142
142,0.14925373134328357,-29.67350667610121
142,0.16417910447761194,19.073419284014623
142,0.1791044776119403,-12.402307498242795
142,0.19402985074626866,-4.838371935896967
142,0.208955223880597,-17.288305320760074
142,0.22388059701492538,11.713113871654986
142,0.23880597014925373,5.798941059217325
142,0.2537313432835821,-19.921160814122448
142,0.26865671641791045,11.668715510554847
142,0.2835820895522388,10.992561957418118
142,0.29850746268656714,3.0624604551972414
142,0.31343283582089554,-13.301214311857962
142,0.3283582089552239,-7.340913666807594
142,0.34328358208955223,-12.543001371070108
142,0.3582089552238806,-38.688980641319645
142,0.3731343283582089,-17.448166568653793
142,0.3880597014925373,20.9122597905237
142,0.40298507462686567,46.86090565346999
142,0.417910447761194,38.68634510265744
142,0.43283582089552236,-14.14107602028767
142,0.44776119402985076,-2.565643123789449
142,0.4626865671641791,15.193761532526928
142,0.47761194029850745,-23.326327170571773
142,0.4925373134328358,21.796691249569083
143,0.0,-0.0
143,0.013157894736842105,2.988864832915872
143,0.02631578947368421,-10.99449056581503
143,0.039473684210526314,17.332911770698168
143,0.05263157894736842,-11.485135562748543
143,0.06578947368421052,35.191005927631444
143,0.07894736842105263,0.9217720746152427
143,0.09210526315789473,-5.418943442095197
143,0.10526315789473684,-2.4211710472942265
143,0.11842105263157894,14.973079025136535
143,0.13157894736842105,15.41074868071436
143,0.14473684210526316,-1.4216411586411208
143,0.15789473684210525,-14.009991111676959
143,0.17105263157894735,8.060713725688355
143,0.18421052631578946,12.649798668345358
143,0.19736842105263158,-13.022237512191914
143,0.21052631578947367,12.49841340969073
143,0.22368421052631576,-16.894273007090906
143,0.23684210526315788,2.779905317884606
143,0.25,18.63450000000003
143,0.2631578947368421,-5.679002028240023
143,0.2763157894736842,-18.87125208800528
143,0.2894736842105263,10.405707815119477
143,0.3026315789473684,1.8088374880040545
143,0.3157894736842105,-13.729816212089592
143,0.3289473684210526,-1.5026346752045536
143,0.3421052631578947,20.939651109689194
143,0.35526315789473684,-30.05283446263462
143,0.3684210526315789,-0.8433898151381749
143,0.381578947368421,-12.449840562418462
143,0.39473684210526316,3.654938058519784
143,0.40789473684210525,-12.628437447318682
143,0.42105263157894735,32.13180871663969
143,0.43421052631578944,21.198757504520138
143,0.4473684210526315,9.33216588706427
143,0.4605263157894737,28.202188883515156
143,0.47368421052631576,18.236276014546245
143,0.48684210526315785,-3.3060765638373137
144,0.0,-0.0
144,0.015151515151515152,-14.325576828094224
144,0.030303030303030304,-11.01721542032401
144,0.045454545454545456,21.19653318522832
144,0.06060606060606061,11.669327017231009
144,0.07575757575757576,-33.344921031771904
144,0.09090909090909091,1.7754101123415715
144,0.10606060606060606,-34.157840675992055
144,0.12121212121212122,19.631911603509153
144,0.13636363636363635,-0.017072466814941123
144,0.15151515151515152,-38.504510851056416
144,0.16666666666666669,-15.47639358087022
144,0.18181818181818182,-23.31530000036586
144,0.19696969696969696,-5.947994089021512
144,0.21212121212121213,2.9951735171618807
144,0.2272727272727273,-4.139394507039903
144,0.24242424242424243,4.876084993995251
144,0.25757575757575757,0.057906224694497244
144,0.2727272727272727,16.18481358981026
144,0.2878787878787879,23.78643274696771
144,0.30303030303030304,0.6897979662082045
144,0.3181818181818182,40.593903772112576
144,0.33333333333333337,26.44166083342724
144,0.3484848484848485,4.94355444148551
144,0.36363636363636365,-16.671917730816716
144,0.3787878787878788,3.373963978804861
144,0.3939393939393939,11.545188464343994
144,0.4090909090909091,-55.74052542079633
144,0.42424242424242425,10.139417351934668
144,0.4393939393939394,40.07025950264901
144,0.4545454545454546,14.529747423420936
144,0.4696969696969697,9.875025123388834
144,0.48484848484848486,17.30685883162465
145,0.0,-0.0
145,0.014492753623188406,16.312729033396316
145,0.028985507246376812,-10.636267035353537
145,0.043478260869565216,-9.427806114265838
145,0.057971014492753624,20.04084308740214
145,0.07246376811594203,20.762266172467047
145,0.08695652173913043,-22.441457876731043
145,0.10144927536231885,2.247118515391808
145,0.11594202898550725,40.365153575815725
145,0.13043478260869565,-20.47768894831396
145,0.14492753623188406,-19.951537581588376
145,0.15942028985507248,-0.336663598487406
145,0.17391304347826086,-16.99305925764654
145,0.18840579710144928,13.960090487228381
145,0.2028985507246377,10.75968364789258
145,0.21739130434782608,22.94071738672448
145,0.2318840579710145,-27.467489047745588
145,0.2463768115942029,6.55328384857831
145,0.2608695652173913,21.347938113042755
145,0.2753623188405797,42.15013287561839
145,0.2898550724637681,-8.916561849183953
145,0.30434782608695654,-60.09352533662856
145,0.31884057971014496,-29.142367001874767
145,0.3333333333333333,-40.6992968635516
145,0.34782608695652173,-93.2292147549663
145,0.36231884057971014,26.374187414203202
145,0.37681159420289856,0.8705043378432613
145,0.391304347826087,-20.455776254409145
145,0.4057971014492754,42.07172195960116
145,0.42028985507246375,29.43705642655221
145,0.43478260869565216,3.0177113211229685
145,0.4492753623188406,-41.687239690919675
145,0.463768115942029,1.9459076846516243
145,0.4782608695652174,-72.79227621121859
145,0.4927536231884058,7.244506761219188
146,0.0,-0.0
146,0.017857142857142856,-29.998038824027677
146,0.03571428571428571,-30.766969639474198
146,0.05357142857142857,45.895356183583424
146,0.07142857142857142,-17.199208347039853
146,0.08928571428571427,-4.319730601233698
146,0.10714285714285714,39.680776233499465
146,0.125,1.27839555744663
146,0.14285714285714285,19.562339010176586
146,0.1607142857142857,-5.3405458516874456
146,0.17857142857142855,-42.78215979081436
146,0.19642857142857142,30.059867306217182
146,0.21428571428571427,12.236959185005533
146,0.23214285714285712,17.484332007440692
146,0.25,-31.454800000000006
146,0.26785714285714285,-9.090822192963634
146,0.2857142857142857,-10.058180289667147
146,0.30357142857142855,-40.82444215344603
146,0.3214285714285714,-29.161446383284286
146,0.33928571428571425,5.116474419627047
146,0.3571428571428571,1.3475458348877982
146,0.375,-15.272604442553359
146,0.39285714285714285,-7.502578495615801
146,0.4107142857142857,19.163274059616374
146,0.42857142857142855,4.447731102368352
146,0.4464285714285714,8.22659404218016
146,0.46428571428571425,7.940673551456529
146,0.4821428571428571,-28.776781156854387
147,0.0,-0.0
147,0.022727272727272728,-38.40600565102018
147,0.045454545454545456,-15.077552193927861
147,0.06818181818181818,-1.4800062834301997
147,0.09090909090909091,-9.562014151084705
147,0.11363636363636365,23.595432708271158
147,0.13636363636363635,13.338211659185749
147,0.1590909090909091,-0.5996365202407068
147,0.18181818181818182,-6.259644524227267
147,0.20454545454545456,-27.471990930848246
147,0.2272727272727273,-24.89934176689608
147,0.25,20.7765
147,0.2727272727272727,-19.94076276856439
147,0.29545454545454547,2.4927942693967715
147,0.3181818181818182,-2.5131169496661423
147,0.34090909090909094,-3.4480294789683716
147,0.36363636363636365,19.059564736318126
147,0.38636363636363635,-1.569091797672268
147,0.4090909090909091,27.230423649463262
147,0.4318181818181818,-17.553097721094773
147,0.4545454545454546,3.0938905842324367
147,0.4772727272727273,3.208891398138718
148,0.0,-0.0
148,0.019230769230769232,-13.950384928843018
148,0.038461538461538464,-20.950669676924345
148,0.057692307692307696,27.526067117483258
148,0.07692307692307693,10.139439060355485
148,0.09615384615384616,-30.760631427263725
148,0.11538461538461539,20.053046984154648
148,0.13461538461538464,-40.2680428998935
148,0.15384615384615385,2.275357187968478
148,0.17307692307692307,-4.989599507092086
148,0.19230769230769232,-23.45992318597858
148,0.21153846153846156,-11.671817199331084
148,0.23076923076923078,-27.128230779403793
148,0.25,9.227000000000004
148,0.2692307692307693,8.719832611613688
148,0.2884615384615385,7.956936605783088
148,0.3076923076923077,30.06557334350014
148,0.3269230769230769,-30.52249238274343
148,0.34615384615384615,5.314959032123433
148,0.3653846153846154,0.10248185429100332
148,0.38461538461538464,7.55033689339753
148,0.40384615384615385,27.203287664514
148,0.42307692307692313,-28.357264492497528
148,0.44230769230769235,-28.564630939699754
148,0.46153846153846156,2.8751649184386885
148,0.4807692307692308,-5.1548848799387095
149,0.0,-0.0
149,0.014925373134328358,15.143094418582269
149,0.029850746268656716,-9.132791079489182
149,0.04477611940298507,25.46087891012362
149,0.05970149253731343,-0.24061879783296883
149,0.07462686567164178,-6.2842221999852566
149,0.08955223880597014,11.614236032881236
149,0.1044776119402985,49.87809812699287
149,0.11940298507462686,-11.337590470121766
149,0.13432835820895522,7.676375108379326
149,0.14925373134328357,-20.312191775635018
149,0.16417910447761194,14.252551269245822
149,0.1791044776119403,-11.115108876587646
149,0.19402985074626866,-5.190759605963558
149,0.208955223880597,25.90844184382794
149,0.22388059701492538,8.219221829290843
149,0.23880597014925373,13.0824614504584
149,0.2537313432835821,-23.460638922258624
149,0.26865671641791045,-9.040110875414161
149,0.2835820895522388,-2.5582105437489746
149,0.29850746268656714,-6.087475422488706
149,0.31343283582089554,-0.6035115284887408
149,0.3283582089552239,-35.11386609713966
149,0.34328358208955223,0.7022369651849723
149,0.3582089552238806,3.198899551005506
149,0.3731343283582089,-9.082169660141279
149,0.3880597014925373,-6.606037426136029
149,0.40298507462686567,-60.18826944747145
149,0.417910447761194,-31.936813563828814
149,0.43283582089552236,4.78574383699114
149,0.44776119402985076,21.46501415040016
149,0.4626865671641791,12.539216635844182
149,0.47761194029850745,0.17454487084779213
149,0.4925373134328358,4.749543224268688
