sid,freq,power
0,0.0,535.8544999999999
0,0.014925373134328358,4.384264476234748
0,0.029850746268656716,-7.436091467250492
0,0.04477611940298507,-43.01783791461523
0,0.05970149253731343,16.519603487826423
0,0.07462686567164178,4.228066091606788
0,0.08955223880597014,-18.2226350227293
0,0.1044776119402985,-29.883773210728677
0,0.11940298507462686,7.955834498002005
0,0.13432835820895522,-0.3427125747813058
0,0.14925373134328357,-12.260973817328939
0,0.16417910447761194,-22.20190151555562
0,0.1791044776119403,18.83806923755219
0,0.19402985074626866,-5.542570398687861
0,0.208955223880597,14.72225584977916
0,0.22388059701492538,-28.668734493583077
0,0.23880597014925373,-7.510941291583251
0,0.2537313432835821,-26.1022737029465
0,0.26865671641791045,-0.7819297535788756
0,0.2835820895522388,9.389030344317446
0,0.29850746268656714,-38.356305465808745
0,0.31343283582089554,-24.770363438309822
0,0.3283582089552239,-21.18424267231031
0,0.34328358208955223,11.561504560017509
0,0.3582089552238806,31.45614025662229
0,0.3731343283582089,-14.714436806950916
0,0.3880597014925373,9.196011333613848
0,0.40298507462686567,44.69843297028015
0,0.417910447761194,-1.90560052230658
0,0.43283582089552236,-20.99542523255634
0,0.44776119402985076,6.00668328013081
0,0.4626865671641791,5.604408830325932
0,0.47761194029850745,10.49907200871433
0,0.4925373134328358,-13.690677923412114
1,0.0,543.8962
1,0.014705882352941176,-14.850125507630684
1,0.029411764705882353,23.918343443784487
1,0.044117647058823525,2.7746747911806207
1,0.058823529411764705,-37.09312019255271
1,0.07352941176470588,-6.36678291513572
1,0.08823529411764705,25.687070193923574
1,0.10294117647058823,9.55706111803454
1,0.11764705882352941,-19.893183390755546
1,0.1323529411764706,-28.681830791224797
1,0.14705882352941177,-16.856323184276462
1,0.16176470588235295,5.892883720986195
1,0.1764705882352941,0.3717846800358604
1,0.19117647058823528,22.254967435926037
1,0.20588235294117646,10.959666179713338
1,0.22058823529411764,27.88674972341631
1,0.23529411764705882,5.184375712006879
1,0.25,-4.311999999999955
1,0.2647058823529412,-36.80340227325445
1,0.27941176470588236,-34.53125087911786
1,0.29411764705882354,-0.3630999604650187
1,0.3088235294117647,10.506283263744432
1,0.3235294117647059,0.4289586526344813
1,0.3382352941176471,-29.565864168148234
1,0.3529411764705882,12.773940141277931
1,0.3676470588235294,-6.928364312296708
1,0.38235294117647056,-73.91077729048487
1,0.39705882352941174,79.9657895755802
1,0.4117647058823529,-33.568317769983786
1,0.4264705882352941,11.898180022764656
1,0.4411764705882353,-11.196085722040074
1,0.45588235294117646,-31.29305112411854
1,0.47058823529411764,-38.315229219563584
1,0.4852941176470588,11.884280046039455
2,0.0,727.8696
2,0.012345679012345678,-35.788705276423215
2,0.024691358024691357,2.692097588420104
2,0.037037037037037035,26.97180366050272
2,0.04938271604938271,-40.623385976329125
2,0.06172839506172839,10.266829592317674
2,0.07407407407407407,-8.157205927108265
2,0.08641975308641975,-4.217028902482851
2,0.09876543209876543,-32.58296116243797
2,0.1111111111111111,3.8166624062638306
2,0.12345679012345678,12.087460600946162
2,0.13580246913580246,28.037707848813092
2,0.14814814814814814,6.243076134343584
2,0.16049382716049382,6.108822137455736
2,0.1728395061728395,-12.712256772592657
2,0.18518518518518517,-10.828668228625014
2,0.19753086419753085,-19.633686076463327
2,0.20987654320987653,-20.458562573835728
2,0.2222222222222222,-29.7746623196117
2,0.2345679012345679,-7.272083056086668
2,0.24691358024691357,-13.216770624116334
2,0.25925925925925924,-26.20141563292094
2,0.2716049382716049,17.850656833058128
2,0.2839506172839506,-14.098961975976486
2,0.2962962962962963,11.258776100598688
2,0.30864197530864196,-39.4890805736736
2,0.32098765432098764,-19.809242572510186
2,0.3333333333333333,-27.748350000000045
2,0.345679012345679,6.68344346056926
2,0.35802469135802467,-13.851996461761535
2,0.37037037037037035,-34.98166396670436
2,0.38271604938271603,37.86752026496195
2,0.3950617283950617,9.577214213895456
2,0.4074074074074074,-14.4531874616153
2,0.41975308641975306,15.095513299856774
2,0.43209876543209874,51.30064548173661
2,0.4444444444444444,1.7038999133478736
2,0.4567901234567901,-29.304493144429664
2,0.4691358024691358,-67.8893811092841
2,0.48148148148148145,35.8870853215289
2,0.49382716049382713,25.146634936372518
3,0.0,795.8368
3,0.011363636363636364,-0.46657172785440437
3,0.022727272727272728,-20.17153224185683
3,0.03409090909090909,40.6977017818849
3,0.045454545454545456,8.577886396552842
3,0.05681818181818182,-34.79426952638279
3,0.06818181818181818,10.185540142011622
3,0.07954545454545454,-12.951882648547288
3,0.09090909090909091,-28.304864636757454
3,0.10227272727272728,-8.642618101459316
3,0.11363636363636365,13.608864336636886
3,0.125,27.29053931867397
3,0.13636363636363635,-35.106841895206706
3,0.14772727272727273,-7.490461344839897
3,0.1590909090909091,-37.83218763497171
3,0.17045454545454547,5.446125035806171
3,0.18181818181818182,-24.411430998869317
3,0.19318181818181818,-36.08578621825528
3,0.20454545454545456,-6.139056734782855
3,0.2159090909090909,23.84346101336524
3,0.2272727272727273,-10.74707685296923
3,0.23863636363636365,16.054985681038705
3,0.25,6.546600000000012
3,0.26136363636363635,32.48245628733615
3,0.2727272727272727,-28.10774650230188
3,0.2840909090909091,-35.130400106001986
3,0.29545454545454547,-94.1615916491418
3,0.3068181818181818,-22.360289341397102
3,0.3181818181818182,30.239110113111405
3,0.32954545454545453,26.706654710968216
3,0.34090909090909094,-36.53140294778917
3,0.3522727272727273,52.42100214912713
3,0.36363636363636365,12.506386405405172
3,0.375,-10.761139318673962
3,0.38636363636363635,-6.322919671389487
3,0.39772727272727276,-31.15289807490196
3,0.4090909090909091,35.596172238511656
3,0.42045454545454547,-22.014561637028258
3,0.4318181818181818,-34.33516632130106
3,0.4431818181818182,-17.774947591932868
3,0.4545454545454546,8.308805732523453
3,0.46590909090909094,49.43524344785172
3,0.4772727272727273,11.427452722584382
3,0.48863636363636365,-33.79094378877711
4,0.0,440.5144
4,0.017543859649122806,8.947081864555493
4,0.03508771929824561,-1.489494965403722
4,0.05263157894736842,-4.506611477465743
4,0.07017543859649122,10.284895594626459
4,0.08771929824561403,-12.132158701343915
4,0.10526315789473684,-29.597964696506708
4,0.12280701754385964,-1.8577969815226112
4,0.14035087719298245,4.416418977423341
4,0.15789473684210525,-13.556594102879693
4,0.17543859649122806,-21.38507780288632
4,0.19298245614035087,12.886314706988252
4,0.21052631578947367,-36.42340621217504
4,0.22807017543859648,24.885435550864187
4,0.24561403508771928,15.561239138507247
4,0.2631578947368421,-10.592657645400697
4,0.2807017543859649,-14.283949120139685
4,0.2982456140350877,20.90107287762043
4,0.3157894736842105,-40.54220983908033
4,0.3333333333333333,-10.840249999999997
4,0.3508771929824561,-52.78792977970569
4,0.3684210526315789,-23.881574180425666
4,0.38596491228070173,-18.535416323775653
4,0.40350877192982454,16.19231861721058
4,0.42105263157894735,16.667490140117934
4,0.43859649122807015,-28.28074808305088
4,0.45614035087719296,9.547752407416807
4,0.47368421052631576,44.159178013815925
4,0.49122807017543857,22.668642022615693
5,0.0,386.90369999999996
5,0.02040816326530612,-2.776562543871604
5,0.04081632653061224,13.417346407972005
5,0.061224489795918366,-25.83179476953615
5,0.08163265306122448,37.790978954731955
5,0.1020408163265306,-10.22122973015345
5,0.12244897959183673,-10.389184279452827
5,0.14285714285714285,-25.365418084445196
5,0.16326530612244897,18.72838791758131
5,0.18367346938775508,0.4590751589842048
5,0.2040816326530612,14.798093358321939
5,0.22448979591836732,1.214667837836279
5,0.24489795918367346,-21.840832540897885
5,0.26530612244897955,-1.056955112196781
5,0.2857142857142857,16.91048288613257
5,0.3061224489795918,14.281613907098187
5,0.32653061224489793,-26.07788636229133
5,0.3469387755102041,-26.963459788385926
5,0.36734693877551017,14.181098276689747
5,0.3877551020408163,-25.66100350058628
5,0.4081632653061224,-50.91139633343826
5,0.42857142857142855,6.768085198312633
5,0.44897959183673464,-38.34860696854642
5,0.4693877551020408,15.00965638897097
5,0.4897959183673469,10.141393721170344
6,0.0,833.4037
6,0.009900990099009901,28.37790939721009
6,0.019801980198019802,-49.45032947991284
6,0.0297029702970297,23.75871019008993
6,0.039603960396039604,18.709612762523214
6,0.04950495049504951,-9.393026588485746
6,0.0594059405940594,17.34048026588266
6,0.06930693069306931,-22.87020802769351
6,0.07920792079207921,-29.490098221646537
6,0.0891089108910891,-22.43480747184038
6,0.09900990099009901,-6.730911867488054
6,0.10891089108910891,26.81592789465371
6,0.1188118811881188,-0.1464421843193815
6,0.12871287128712872,-5.91461286072116
6,0.13861386138613863,-4.337790310822511
6,0.1485148514851485,22.591162142020373
6,0.15841584158415842,-15.355649178691325
6,0.16831683168316833,-21.970478315016592
6,0.1782178217821782,4.89087118689676
6,0.18811881188118812,-33.193830516734934
6,0.19801980198019803,-36.88412335363399
6,0.2079207920792079,20.669728485569124
6,0.21782178217821782,48.71846627943252
6,0.22772277227722773,-14.103100986352102
6,0.2376237623762376,8.697033311052394
6,0.24752475247524752,5.063062637980154
6,0.25742574257425743,-22.310561634446216
6,0.26732673267326734,-55.34476777162234
6,0.27722772277227725,26.984230185004346
6,0.2871287128712871,-4.006453603707193
6,0.297029702970297,-25.097281136426993
6,0.3069306930693069,-57.006105309016036
6,0.31683168316831684,-13.010644915620233
6,0.32673267326732675,-34.77283626389166
6,0.33663366336633666,-41.12566406289429
6,0.34653465346534656,-19.697014384553775
6,0.3564356435643564,59.834449118346214
6,0.36633663366336633,10.934377586157492
6,0.37623762376237624,2.5745096528803346
6,0.38613861386138615,19.56399247856773
6,0.39603960396039606,-9.975850074461711
6,0.40594059405940597,-15.610233843756259
6,0.4158415841584158,0.20192485564776863
6,0.42574257425742573,10.475453041400003
6,0.43564356435643564,47.472856089125486
6,0.44554455445544555,-7.572073766463447
6,0.45544554455445546,-80.27912572213975
6,0.46534653465346537,-37.93424263159111
6,0.4752475247524752,100.55707136240805
6,0.48514851485148514,2.5740936913404155
6,0.49504950495049505,-38.45790813023934
7,0.0,456.7964
7,0.016666666666666666,15.496511769488649
7,0.03333333333333333,7.841494589662258
7,0.05,-16.61638918384194
7,0.06666666666666667,-13.318163072112196
7,0.08333333333333333,4.789239944556751
7,0.1,-4.322385074822778
7,0.11666666666666667,-28.923019656482108
7,0.13333333333333333,-20.87675448028765
7,0.15,13.1742968493317
7,0.16666666666666666,-10.41960000000001
7,0.18333333333333332,-27.4707953007022
7,0.2,-17.256026468743002
7,0.21666666666666667,27.340320461952558
7,0.23333333333333334,11.779715386951342
7,0.25,-20.5659
7,0.26666666666666666,20.883266840747407
7,0.2833333333333333,-19.72823451074205
7,0.3,-27.36316492517723
7,0.31666666666666665,26.49828077188763
7,0.3333333333333333,-21.12489999999999
7,0.35,-20.02892076260581
7,0.36666666666666664,-13.767223196392338
7,0.3833333333333333,-6.809054918104447
7,0.4,-29.468423531256988
7,0.4166666666666667,5.788460055443242
7,0.43333333333333335,8.52486321977874
7,0.45,7.282413097116047
7,0.4666666666666667,50.25280071165244
7,0.48333333333333334,-16.84020861729806
8,0.0,633.1653
8,0.015151515151515152,-42.80964008523173
8,0.030303030303030304,15.376238303899573
8,0.045454545454545456,-59.87318002608663
8,0.06060606060606061,3.7711808904879307
8,0.07575757575757576,18.8582600211934
8,0.09090909090909091,-24.050385937838996
8,0.10606060606060606,-34.66322527378583
8,0.12121212121212122,11.313120337901314
8,0.13636363636363635,-31.672547534565545
8,0.15151515151515152,-51.1560882463507
8,0.16666666666666669,41.67439999999998
8,0.18181818181818182,2.895771395481697
8,0.19696969696969696,-9.836409143249092
8,0.21212121212121213,-20.78737424310561
8,0.2272727272727273,-29.24259332519633
8,0.24242424242424243,40.44274912410354
8,0.25757575757575757,-35.135786630693204
8,0.2727272727272727,-15.089420053260064
8,0.2878787878787879,3.58944930518372
8,0.30303030303030304,32.68056715490468
8,0.3181818181818182,15.825013076047933
8,0.33333333333333337,30.891299999999987
8,0.3484848484848485,14.617900584194466
8,0.36363636363636365,-60.45946595210629
8,0.3787878787878788,6.892341682235472
8,0.3939393939393939,-14.770446613818592
8,0.4090909090909091,17.768357809800563
8,0.42424242424242425,-5.93218652966647
8,0.4393939393939394,0.5015790279845114
8,0.4545454545454546,18.210350547723664
8,0.4696969696969697,7.6390805121683245
8,0.48484848484848486,-18.292910178355662
9,0.0,641.8522
9,0.012987012987012988,16.389257326224843
9,0.025974025974025976,-24.51355157710222
9,0.03896103896103896,-23.94941765917966
9,0.05194805194805195,-18.44073467862788
9,0.06493506493506494,-23.00543690869374
9,0.07792207792207792,29.35229722754153
9,0.09090909090909091,10.597665305618435
9,0.1038961038961039,-4.4575193357432905
9,0.1168831168831169,-6.705325921316275
9,0.12987012987012989,-27.15317037093875
9,0.14285714285714288,14.28570161452771
9,0.15584415584415584,3.7722109407711066
9,0.16883116883116883,-7.902546826529722
9,0.18181818181818182,-17.834376109861708
9,0.19480519480519481,22.87273736108392
9,0.2077922077922078,15.24063952892875
9,0.2207792207792208,-8.439406617061731
9,0.2337662337662338,10.96783006389904
9,0.24675324675324678,2.3900233845855823
9,0.25974025974025977,-5.187941399055839
9,0.27272727272727276,-11.928759777825544
9,0.28571428571428575,-26.283518839771858
9,0.29870129870129875,-11.062331763679907
9,0.3116883116883117,5.515958802303709
9,0.3246753246753247,-12.29157264601962
9,0.33766233766233766,2.87356454340524
9,0.35064935064935066,-25.499766488997768
9,0.36363636363636365,-24.95529153922738
9,0.37662337662337664,-4.9019069791927965
9,0.38961038961038963,20.00974523349113
9,0.4025974025974026,-23.252683568186534
9,0.4155844155844156,44.474247956558514
9,0.4285714285714286,12.697217225244188
9,0.4415584415584416,-2.8846024299711353
9,0.4545454545454546,-36.091237878703765
9,0.4675324675324676,10.308883204757283
9,0.48051948051948057,12.531801548346634
9,0.49350649350649356,-64.35158195160034
10,0.0,680.8454
10,0.013333333333333334,32.62223092326116
10,0.02666666666666667,5.040019729138875
10,0.04,-22.53757359810494
10,0.05333333333333334,0.6903062318568711
10,0.06666666666666667,-25.490884103436738
10,0.08,-37.150795661209926
10,0.09333333333333334,12.880160018162425
10,0.10666666666666667,46.72508994636013
10,0.12000000000000001,27.700189242618823
10,0.13333333333333333,-53.49007773740445
10,0.14666666666666667,-11.602258465501183
10,0.16,2.0799320502854757
10,0.17333333333333334,-1.2702437754147011
10,0.18666666666666668,-0.8376841438984997
10,0.2,-38.56170337314213
10,0.21333333333333335,-20.398116651210866
10,0.22666666666666668,22.827211900393998
10,0.24000000000000002,-19.872315099344195
10,0.25333333333333335,19.601108544146815
10,0.26666666666666666,-24.46178041378972
10,0.28,2.0379845537388945
10,0.29333333333333333,52.53105509982852
10,0.3066666666666667,13.219173918954386
10,0.32,6.025820839034816
10,0.33333333333333337,5.081750000000028
10,0.3466666666666667,-16.528160175077872
10,0.36000000000000004,-58.50791050125427
10,0.37333333333333335,-35.112636069614666
10,0.3866666666666667,-8.257461487316572
10,0.4,6.449003373142112
10,0.4133333333333334,59.56298614625746
10,0.4266666666666667,-0.5944996047077744
10,0.44,28.257346146116696
10,0.45333333333333337,-10.802633763769062
10,0.4666666666666667,-50.88825774536907
10,0.48000000000000004,-88.83142797188137
10,0.49333333333333335,-10.331398321849402
11,0.0,703.8598
11,0.0125,5.103906866527851
11,0.025,-70.32826843340015
11,0.037500000000000006,9.808040562500691
11,0.05,36.65161567473051
11,0.0625,-37.797282555856185
11,0.07500000000000001,-31.975742096239614
11,0.08750000000000001,10.691899085252437
11,0.1,18.967718959475953
11,0.1125,11.184205177404309
11,0.125,-5.232952688204884
11,0.1375,-31.7334632849401
11,0.15000000000000002,-13.689021836333048
11,0.1625,-33.48853736650597
11,0.17500000000000002,33.56956238527658
11,0.1875,26.8637816825119
11,0.2,26.974388220334657
11,0.21250000000000002,21.13962528926977
11,0.225,8.786919383010712
11,0.23750000000000002,-30.821972825202366
11,0.25,-13.574800000000039
11,0.2625,-49.25422515197941
11,0.275,-52.96584988004423
11,0.28750000000000003,6.017057170301726
11,0.30000000000000004,-12.798868959475943
11,0.3125,-68.3334985052391
11,0.325,-20.12791833869432
11,0.3375,6.77395589939885
11,0.35000000000000003,24.55845626689439
11,0.36250000000000004,13.282420569199202
11,0.375,21.542352688204893
11,0.3875,56.48209219991875
11,0.4,15.49296177966535
11,0.41250000000000003,-74.26402235386001
11,0.42500000000000004,-44.100138450768156
11,0.4375,78.0461993785834
11,0.45,-8.100250105291853
11,0.4625,-25.70603192078481
11,0.47500000000000003,-6.487964569140821
11,0.48750000000000004,-7.164149916500911
12,0.0,890.7800000000001
12,0.011764705882352941,-3.3191601939567903
12,0.023529411764705882,5.673775777394599
12,0.03529411764705882,-37.54553927261203
12,0.047058823529411764,41.44623192391005
12,0.058823529411764705,-61.35478787678478
12,0.07058823529411765,-11.951744203702113
12,0.08235294117647059,17.834583629918303
12,0.09411764705882353,-5.018009763685896
12,0.10588235294117647,-6.541459130152724
12,0.11764705882352941,23.732913192133672
12,0.12941176470588234,-17.464825007820085
12,0.1411764705882353,17.6586727356115
12,0.15294117647058825,11.413644560357977
12,0.16470588235294117,-5.849184954848351
12,0.1764705882352941,-4.400976963462636
12,0.18823529411764706,-57.499246961392735
12,0.2,-9.214928547488398
12,0.21176470588235294,-37.65688128440451
12,0.22352941176470587,-30.853830149696197
12,0.23529411764705882,-41.418417999260626
12,0.24705882352941178,8.892705453403003
12,0.2588235294117647,-43.69983083763931
12,0.27058823529411763,-53.75402489994475
12,0.2823529411764706,3.9707170360759747
12,0.29411764705882354,48.30299844274623
12,0.3058823529411765,-48.91800670922631
12,0.3176470588235294,-53.19061350683076
12,0.32941176470588235,-15.678685239881185
12,0.3411764705882353,-8.695510473037672
12,0.3529411764705882,20.310346986561726
12,0.36470588235294116,23.577660645389678
12,0.3764705882352941,18.659537676517612
12,0.38823529411764707,41.06096620345372
12,0.4,-18.474821452511634
12,0.4117647058823529,-8.317969415077428
12,0.4235294117647059,6.896858220275494
12,0.43529411764705883,-0.8023314537379651
12,0.44705882352941173,-2.2097767211180734
12,0.4588235294117647,14.47441663292954
12,0.47058823529411764,-33.85700636685614
12,0.4823529411764706,-10.752269370529795
12,0.49411764705882355,38.229809638980164
13,0.0,634.7959
13,0.0125,-31.383382426792483
13,0.025,-5.230436306612633
13,0.037500000000000006,0.43651269424954897
13,0.05,-29.720777676864056
13,0.0625,14.899051455912204
13,0.07500000000000001,-48.29209135956299
13,0.08750000000000001,17.857823416148847
13,0.1,15.585635516195445
13,0.1125,21.98929245625451
13,0.125,0.32841799304735186
13,0.1375,25.15615585558622
13,0.15000000000000002,11.603806654259408
13,0.1625,-20.721571671270645
13,0.17500000000000002,-18.17356833941522
13,0.1875,-34.571114986952026
13,0.2,-15.557884510117372
13,0.21250000000000002,-14.096646224166847
13,0.225,-17.07319305004713
13,0.23750000000000002,18.162815179397064
13,0.25,-24.09729999999999
13,0.2625,29.001283531022942
13,0.275,-3.750976191387304
13,0.28750000000000003,-19.763068181082616
13,0.30000000000000004,-4.132235516195447
13,0.3125,22.963214031012903
13,0.325,-40.79974606129443
13,0.3375,-23.024807023363998
13,0.35000000000000003,34.436476926670146
13,0.36250000000000004,-4.852414175505624
13,0.375,9.601982006952667
13,0.3875,-2.6096094180246414
13,0.4,-7.471815489882623
13,0.41250000000000003,24.89801357092722
13,0.42500000000000004,-8.135646747518145
13,0.4375,23.464849500026926
13,0.45,-21.486205904065496
13,0.4625,-2.955392312869586
13,0.47500000000000003,-15.445741944162164
13,0.48750000000000004,1.0949947294901001
14,0.0,232.59950000000003
14,0.03225806451612903,7.230831140968888
14,0.06451612903225806,-8.015416414920171
14,0.0967741935483871,2.7574655271420383
14,0.12903225806451613,0.5844721746240857
14,0.16129032258064516,2.7724125634654975
14,0.1935483870967742,-9.899394810933158
14,0.22580645161290322,-11.755391804086383
14,0.25806451612903225,-6.142849180708588
14,0.29032258064516125,-0.32012334148152277
14,0.3225806451612903,-14.438390690416295
14,0.3548387096774194,-15.718140964317989
14,0.3870967741935484,7.417218725619268
14,0.4193548387096774,7.283455200118263
14,0.45161290322580644,-14.494860079392476
14,0.4838709677419355,-5.541438045681518
15,0.0,359.118
15,0.025,4.370420819932097
15,0.05,17.746274799426836
15,0.07500000000000001,9.215932046749161
15,0.1,0.23316144800873717
15,0.125,-21.284650293708516
15,0.15000000000000002,-29.27712176959946
15,0.17500000000000002,1.8288463600003748
15,0.2,-15.324600086648974
15,0.225,-11.766069798948413
15,0.25,-4.0774000000000115
15,0.275,-2.670908901845374
15,0.30000000000000004,5.1641385519912655
15,0.325,-24.61411196446992
15,0.35000000000000003,-8.241081494764229
15,0.375,26.30505029370851
15,0.4,3.746600086648978
15,0.42500000000000004,-25.96852368135879
15,0.45,23.093828464936863
15,0.47500000000000003,-43.75798488005914
16,0.0,625.1443999999999
16,0.01282051282051282,-12.975735408184734
16,0.02564102564102564,-33.61366485179919
16,0.038461538461538464,20.02902836506283
16,0.05128205128205128,-15.60119969590637
16,0.0641025641025641,-7.6024209862485
16,0.07692307692307693,19.40828250585092
16,0.08974358974358974,-3.335274597695985
16,0.10256410256410256,-35.61230213802051
16,0.11538461538461538,7.520164097385189
16,0.1282051282051282,-4.5974350038189264
16,0.14102564102564102,7.259254671050557
16,0.15384615384615385,11.92507428717004
16,0.16666666666666666,1.1529999999999916
16,0.1794871794871795,-16.100120846450267
16,0.1923076923076923,13.243814467464212
16,0.20512820512820512,-20.48514310343486
16,0.21794871794871795,-14.95981242619056
16,0.23076923076923075,11.93893189918765
16,0.24358974358974358,-42.346015205316604
16,0.2564102564102564,23.509119348314858
16,0.2692307692307692,8.02973285333498
16,0.28205128205128205,0.10872626222866533
16,0.2948717948717949,9.576376529421438
16,0.3076923076923077,34.81485698503452
16,0.3205128205128205,-17.742406762854202
16,0.3333333333333333,-46.32759999999996
16,0.34615384615384615,-5.80041297895079
16,0.358974358974359,4.5745379756301565
16,0.3717948717948718,-13.805886753817987
16,0.3846153846153846,35.31687453812196
16,0.3974358974358974,-6.141048396736064
16,0.41025641025641024,-53.92666013103757
16,0.4230769230769231,-8.116976804296412
16,0.4358974358974359,34.74457536626612
16,0.4487179487179487,-27.735525705135085
16,0.4615384615384615,39.28012978463491
16,0.47435897435897434,5.225045041707743
16,0.48717948717948717,-17.899983181972047
17,0.0,660.1560000000002
17,0.012048192771084338,-3.594218704472631
17,0.024096385542168676,14.815454449437507
17,0.03614457831325302,-38.60103534010419
17,0.04819277108433735,0.6686487182860041
17,0.060240963855421686,0.347449498888448
17,0.07228915662650603,-3.15529847105212
17,0.08433734939759037,-1.5174869407574327
17,0.0963855421686747,30.465672873668904
17,0.10843373493975904,-11.754370395183699
17,0.12048192771084337,4.230908396715366
17,0.13253012048192772,14.612442050868946
17,0.14457831325301207,23.015536936622183
17,0.1566265060240964,-26.777858603868708
17,0.16867469879518074,0.1602837743150154
17,0.18072289156626506,-40.91045412106329
17,0.1927710843373494,-23.186947711088045
17,0.20481927710843376,19.618545706209783
17,0.21686746987951808,-9.645188622367359
17,0.22891566265060243,14.274291083508295
17,0.24096385542168675,-57.00991426054667
17,0.2530120481927711,13.828074280819592
17,0.26506024096385544,-10.773504935538583
17,0.27710843373493976,-32.52161434834666
17,0.28915662650602414,-12.55530452450807
17,0.30120481927710846,-7.481269467187905
17,0.3132530120481928,6.8385350987354165
17,0.3253012048192771,-7.657251183435564
17,0.3373493975903615,-6.47900442348209
17,0.3493975903614458,-22.84463423172199
17,0.3614457831325301,-5.471895074184108
17,0.3734939759036145,26.712573551621674
17,0.3855421686746988,29.108897685069753
17,0.39759036144578314,66.53324917894938
17,0.4096385542168675,-46.980524240358974
17,0.42168674698795183,-83.69356337604708
17,0.43373493975903615,-20.56109063406014
17,0.44578313253012053,-32.33364788473994
17,0.45783132530120485,-40.94569783748944
17,0.46987951807228917,59.76817863113726
17,0.4819277108433735,15.727140579279668
17,0.49397590361445787,30.990692837472107
18,0.0,600.9687
18,0.013888888888888888,10.263671954702218
18,0.027777777777777776,-33.658908416262236
18,0.041666666666666664,-24.885935771915243
18,0.05555555555555555,-3.8841161649050857
18,0.06944444444444445,8.875174432142927
18,0.08333333333333333,-23.531619138980076
18,0.09722222222222221,-21.953143847483368
18,0.1111111111111111,-7.918987313360976
18,0.125,6.951424495227322
18,0.1388888888888889,-10.532089258719335
18,0.15277777777777776,64.57706890971518
18,0.16666666666666666,-29.835499999999996
18,0.18055555555555555,-21.071020065875302
18,0.19444444444444442,-4.524965521566298
18,0.20833333333333331,6.28544951006875
18,0.2222222222222222,-12.75795869495418
18,0.2361111111111111,0.17568627204537712
18,0.25,-18.928600000000017
18,0.2638888888888889,-17.080128121400392
18,0.2777777777777778,7.730346079361117
18,0.29166666666666663,-37.31547689571807
18,0.3055555555555555,30.384803581071782
18,0.3194444444444444,17.244176863185302
18,0.3333333333333333,3.3041999999999927
18,0.3472222222222222,-37.26021942926937
18,0.3611111111111111,14.971485807760462
18,0.375,-42.51762449522733
18,0.38888888888888884,-7.674829914456016
18,0.40277777777777773,50.43811772212832
18,0.41666666666666663,5.686519138980064
18,0.4305555555555555,-4.011244713996001
18,0.4444444444444444,7.862446008315159
18,0.4583333333333333,17.622763157564584
18,0.4722222222222222,18.410973807715614
18,0.4861111111111111,-71.97273997589492
19,0.0,615.1626
19,0.01282051282051282,3.9137041151249186
19,0.02564102564102564,-6.6067510170639
19,0.038461538461538464,3.5084134481480476
19,0.05128205128205128,4.71375268506435
19,0.0641025641025641,-2.1126146222656033
19,0.07692307692307693,-7.282860908152575
19,0.08974358974358974,-8.42828958140229
19,0.10256410256410256,-19.83821881492618
19,0.11538461538461538,-4.311892253060184
19,0.1282051282051282,-26.533985608865986
19,0.14102564102564102,23.15925397215609
19,0.15384615384615385,-11.806290841357798
19,0.16666666666666666,-0.44864999999998645
19,0.1794871794871795,-2.9654647438514843
19,0.1923076923076923,32.16126462813884
19,0.20512820512820512,-1.476852041683994
19,0.21794871794871795,-30.65502335398401
19,0.23076923076923075,-38.90082058616329
19,0.24358974358974358,5.517945515728391
19,0.2564102564102564,-6.380598776892672
19,0.2692307692307692,15.962244607950737
19,0.28205128205128205,-16.301419602810963
19,0.2948717948717949,2.691229362762794
19,0.3076923076923077,1.9796063301732225
19,0.3205128205128205,-21.95163299726672
19,0.3333333333333333,23.564249999999987
19,0.34615384615384615,0.9931547570299042
19,0.358974358974359,-41.009138660139925
19,0.3717948717948718,0.31611397144206776
19,0.3846153846153846,3.178791165224358
19,0.3974358974358974,22.94868437133701
19,0.41025641025641024,-7.534144801662246
19,0.4230769230769231,-14.037685188207316
19,0.4358974358974359,-10.897145288259672
19,0.4487179487179487,1.7498490547449776
19,0.4615384615384615,-39.1291251597239
19,0.47435897435897434,-14.563219808377603
19,0.48717948717948717,25.415666671092684
20,0.0,657.0992
20,0.01282051282051282,16.195108646259047
20,0.02564102564102564,-4.8217818434076705
20,0.038461538461538464,25.929641297354983
20,0.05128205128205128,-51.78295862741511
20,0.0641025641025641,14.533583074372181
20,0.07692307692307693,26.574446049885786
20,0.08974358974358974,-19.61842621653596
20,0.10256410256410256,23.942944105249047
20,0.11538461538461538,-18.579125820176447
20,0.1282051282051282,-33.39138941325574
20,0.14102564102564102,4.557120022748377
20,0.15384615384615385,-3.601462781726916
20,0.16666666666666666,-24.37975000000001
20,0.1794871794871795,15.112491689245978
20,0.1923076923076923,5.2217030193734075
20,0.20512820512820512,-2.875033134905367
20,0.21794871794871795,-14.347997329679012
20,0.23076923076923075,-36.21669454299992
20,0.24358974358974358,-26.929810202632336
20,0.2564102564102564,1.9815673676947796
20,0.2692307692307692,-42.45596092158762
20,0.28205128205128205,-28.03480591448956
20,0.2948717948717949,11.657410785949446
20,0.3076923076923077,2.6568237939091834
20,0.3205128205128205,-5.712949055285822
20,0.3333333333333333,-2.6234500000000143
20,0.34615384615384615,-52.866821514971726
20,0.358974358974359,-8.058023200311117
20,0.3717948717948718,-17.16310552339425
20,0.3846153846153846,26.886173905263117
20,0.3974358974358974,-9.78713344513315
20,0.41025641025641024,23.422512662996418
20,0.4230769230769231,52.44751394000739
20,0.4358974358974359,-21.988279319221007
20,0.4487179487179487,15.539821847287026
20,0.4615384615384615,3.230663575668723
20,0.47435897435897434,10.763427396044479
20,0.48717948717948717,-20.41789437218061
21,0.0,622.3132
21,0.013333333333333334,-0.247326360344994
21,0.02666666666666667,13.666157121625307
21,0.04,-15.59803449529786
21,0.05333333333333334,4.219121198769834
21,0.06666666666666667,-21.9617245524826
21,0.08,-5.276184736643081
21,0.09333333333333334,-69.731120475887
21,0.10666666666666667,-7.428435388259009
21,0.12000000000000001,27.94092004596884
21,0.13333333333333333,-11.165557897713004
21,0.14666666666666667,-8.29572172010041
21,0.16,50.44016393495149
21,0.17333333333333334,26.582187951535033
21,0.18666666666666668,-8.017044011885307
21,0.2,9.609149920671655
21,0.21333333333333335,-5.68418408805019
21,0.22666666666666668,-46.38547343126437
21,0.24000000000000002,-17.314147043521977
21,0.25333333333333335,-20.644003593090932
21,0.26666666666666666,-0.4489049872663724
21,0.28,-18.5625883458775
21,0.29333333333333333,4.653884926670694
21,0.3066666666666667,-5.3384652563323005
21,0.32,17.205396965275195
21,0.33333333333333337,-0.24169999999998026
21,0.3466666666666667,-18.817828845022678
21,0.36000000000000004,-26.264496541336754
21,0.37333333333333335,25.42245991265451
21,0.3866666666666667,-42.49893616531867
21,0.4,-8.543249920671636
21,0.4133333333333334,6.233068165345387
21,0.4266666666666667,-3.1146463951928016
21,0.44,6.979377760862068
21,0.45333333333333337,-6.333408512324559
21,0.4666666666666667,-22.623862562538037
21,0.48000000000000004,65.2158424556196
21,0.49333333333333335,-38.41728503352756
22,0.0,885.051
22,0.010869565217391304,-9.714567833547505
22,0.021739130434782608,-9.698818526851408
22,0.03260869565217391,-39.167432590757
22,0.043478260869565216,-76.49753554257852
22,0.05434782608695652,39.827183762817086
22,0.06521739130434782,-13.103052877825665
22,0.07608695652173914,-9.646125912156094
22,0.08695652173913043,-31.085948779519832
22,0.09782608695652173,31.215875638533966
22,0.10869565217391304,20.35982931673682
22,0.11956521739130435,13.995208833507755
22,0.13043478260869565,-3.1977261801509442
22,0.14130434782608695,-23.473747741550355
22,0.15217391304347827,6.02679731947838
22,0.16304347826086957,-40.43975449716831
22,0.17391304347826086,5.024506129258526
22,0.18478260869565216,18.62591922419583
22,0.19565217391304346,-58.58893516150532
22,0.20652173913043478,1.1309423617039336
22,0.21739130434782608,-56.89430506284537
22,0.22826086956521738,-5.087540551408825
22,0.2391304347826087,7.40242694012327
22,0.25,-41.661899999999946
22,0.2608695652173913,-74.44627075220208
22,0.2717391304347826,-2.102349901462272
22,0.2826086956521739,24.20622545233696
22,0.2934782608695652,-3.6141489935577162
22,0.30434782608695654,51.27938931755726
22,0.31521739130434784,-12.688212216809195
22,0.32608695652173914,-23.544129235018247
22,0.33695652173913043,21.983238255577664
22,0.34782608695652173,-44.79368944500702
22,0.358695652173913,41.922947327423145
22,0.3695652173913043,54.799623289723634
22,0.3804347826086956,3.033234324519915
22,0.3913043478260869,5.4334264421532
22,0.40217391304347827,-21.667228860500337
22,0.41304347826086957,22.03212030697295
22,0.42391304347826086,-5.206372765084601
22,0.43478260869565216,-6.339290603746267
22,0.44565217391304346,29.99805251545767
22,0.45652173913043476,44.95916317582869
22,0.46739130434782605,10.060631824461824
22,0.4782608695652174,-27.68080552291892
22,0.4891304347826087,-49.352152204196464
23,0.0,853.3574
23,0.010638297872340425,5.010449843285254
23,0.02127659574468085,-0.9640287845728466
23,0.031914893617021274,-60.42623289745721
23,0.0425531914893617,8.697938703271909
23,0.05319148936170213,-35.624755908167
23,0.06382978723404255,-3.493494128612305
23,0.07446808510638298,-6.836548686167758
23,0.0851063829787234,-8.67720154854866
23,0.09574468085106383,2.6249217336399404
23,0.10638297872340426,3.8054687415444146
23,0.11702127659574468,-14.364112653656143
23,0.1276595744680851,6.162653000850327
23,0.13829787234042554,-0.16399210161631927
23,0.14893617021276595,34.949197810817665
23,0.1595744680851064,-36.07532537559831
23,0.1702127659574468,-31.10783765530577
23,0.18085106382978722,-52.1907006269049
23,0.19148936170212766,-21.23477467352744
23,0.20212765957446807,-2.7988408735533143
23,0.2127659574468085,25.60969121977401
23,0.22340425531914893,-24.828563432730068
23,0.23404255319148937,-13.851896584337467
23,0.24468085106382978,-8.809438665741759
23,0.2553191489361702,56.9902365538183
23,0.26595744680851063,36.8640983601703
23,0.2765957446808511,6.041795768972509
23,0.28723404255319146,-1.970461537676254
23,0.2978723404255319,3.448371939936103
23,0.30851063829787234,-10.334723537115012
23,0.3191489361702128,-47.979208056846446
23,0.32978723404255317,-11.501854916445968
23,0.3404255319148936,-33.4125180502307
23,0.35106382978723405,45.238612206998155
23,0.36170212765957444,-56.213088590438545
23,0.3723404255319149,24.07380381460368
23,0.3829787234042553,39.96393545668757
23,0.39361702127659576,21.689768703637156
23,0.40425531914893614,27.35369181219625
23,0.4148936170212766,-33.194382359463795
23,0.425531914893617,-18.405424186011118
23,0.4361702127659574,-63.46079905688983
23,0.44680851063829785,12.854871324926997
23,0.4574468085106383,-25.54722278962881
23,0.46808510638297873,-85.29164448564042
23,0.4787234042553191,89.03950075647782
23,0.48936170212765956,9.327464411275574
24,0.0,460.54779999999994
24,0.018867924528301886,-10.26555962637994
24,0.03773584905660377,17.6635247716761
24,0.05660377358490566,-0.5074730672917056
24,0.07547169811320754,-0.45492022574007507
24,0.09433962264150943,-11.27589857233648
24,0.11320754716981132,-52.28301297740548
24,0.1320754716981132,2.068968119126245
24,0.1509433962264151,0.6031432010694857
24,0.16981132075471697,9.476418104871208
24,0.18867924528301885,7.169127157689001
24,0.20754716981132074,-1.9619475945691534
24,0.22641509433962265,8.571964235066345
24,0.24528301886792453,0.8254591237810214
24,0.2641509433962264,-28.97002888534897
24,0.2830188679245283,8.273770867444613
24,0.3018867924528302,8.065252288317069
24,0.32075471698113206,-3.3443108123940224
24,0.33962264150943394,10.77691042907098
24,0.3584905660377358,-7.44878150660335
24,0.3773584905660377,-23.93521091303908
24,0.3962264150943396,5.620454445107731
24,0.4150943396226415,-13.210295473633138
24,0.43396226415094336,-13.472965825220399
24,0.4528301886792453,-39.56226206927387
24,0.4716981132075472,7.573512550999206
24,0.49056603773584906,-11.074937744983295
25,0.0,827.0445999999998
25,0.011235955056179775,-17.995355245715515
25,0.02247191011235955,-25.200871519898094
25,0.033707865168539325,-7.42747605353911
25,0.0449438202247191,30.637394862281
25,0.056179775280898875,-47.02630988028342
25,0.06741573033707865,5.166738952595409
25,0.07865168539325842,2.545313814937515
25,0.0898876404494382,25.3290769957083
25,0.10112359550561797,20.001067393228645
25,0.11235955056179775,-1.5297647533020466
25,0.12359550561797752,-10.397194432322728
25,0.1348314606741573,19.93550380203904
25,0.14606741573033707,-56.196930948322986
25,0.15730337078651685,-15.859261522339391
25,0.16853932584269662,-6.9544761091090965
25,0.1797752808988764,16.71620037060508
25,0.19101123595505617,12.499419751582735
25,0.20224719101123595,-5.812862075514936
25,0.21348314606741572,-11.83197392075924
25,0.2247191011235955,11.215714931131027
25,0.23595505617977527,-7.320714540196846
25,0.24719101123595505,-110.54642008394538
25,0.2584269662921348,-19.536872370494738
25,0.2696629213483146,30.475891689092432
25,0.2808988764044944,13.815673000465786
25,0.29213483146067415,-60.96349506257579
25,0.3033707865168539,-46.54546285082809
25,0.3146067415730337,1.1669790825224595
25,0.3258426966292135,-49.13398976909461
25,0.33707865168539325,5.374338255747167
25,0.348314606741573,-22.767844613081408
25,0.3595505617977528,44.2290295085015
25,0.3707865168539326,22.392775806143558
25,0.38202247191011235,29.65494892608625
25,0.3932584269662921,-9.732109253918976
25,0.4044943820224719,8.03465675921251
25,0.4157303370786517,-1.084636074354477
25,0.42696629213483145,-28.70294371358899
25,0.4382022471910112,-59.350818139279234
25,0.449438202247191,-14.82295984856041
25,0.4606741573033708,29.324604324701653
25,0.47191011235955055,-24.734886016538344
25,0.4831460674157303,45.20668828150119
25,0.4943820224719101,40.803712289481204
26,0.0,1050.9915
26,0.010638297872340425,-14.001876501476653
26,0.02127659574468085,0.6636863029461821
26,0.031914893617021274,-25.807891790123097
26,0.0425531914893617,-18.038705760422964
26,0.05319148936170213,-21.69753706428055
26,0.06382978723404255,-7.964311512530012
26,0.07446808510638298,-21.234159364743636
26,0.0851063829787234,-2.333355877344623
26,0.09574468085106383,-49.806758720734784
26,0.10638297872340426,-27.59181123855472
26,0.11702127659574468,-4.6966359989972375
26,0.1276595744680851,-35.71637509753801
26,0.13829787234042554,-33.524840592935014
26,0.14893617021276595,-8.542345243334358
26,0.1595744680851064,9.082026617502962
26,0.1702127659574468,-53.86159636238003
26,0.18085106382978722,-14.887739857513589
26,0.19148936170212766,-64.26493934617227
26,0.20212765957446807,-23.96887119708233
26,0.2127659574468085,-21.719981993390125
26,0.22340425531914893,38.365774122425506
26,0.23404255319148937,5.104992583826151
26,0.24468085106382978,-36.50369817312854
26,0.2553191489361702,-12.815825283491623
26,0.26595744680851063,19.554576500301394
26,0.2765957446808511,-10.366761630683936
26,0.28723404255319146,-9.73354439982403
26,0.2978723404255319,-0.26212803787146477
26,0.30851063829787234,69.33687889881995
26,0.3191489361702128,38.82357096810892
26,0.32978723404255317,65.32821953357501
26,0.3404255319148936,-46.025874576067515
26,0.35106382978723405,36.88816442868822
26,0.36170212765957444,-15.679599550721115
26,0.3723404255319149,7.17364571217788
26,0.3829787234042553,-30.209450175829218
26,0.39361702127659576,-36.3187903845839
26,0.40425531914893614,-120.86177149408039
26,0.4148936170212766,57.85521722104224
26,0.425531914893617,47.09306588549639
26,0.4361702127659574,-0.6382833865614166
26,0.44680851063829785,5.240158889864201
26,0.4574468085106383,37.64612661050479
26,0.46808510638297873,-11.357821735975865
26,0.4787234042553191,-41.69605221305333
26,0.48936170212765956,-3.4200697138536267
27,0.0,387.5435
27,0.0196078431372549,23.359642148648696
27,0.0392156862745098,-8.641509372035017
27,0.058823529411764705,21.83174674711428
27,0.0784313725490196,-3.8075658853832905
27,0.09803921568627451,-11.458373508066078
27,0.11764705882352941,-1.6407853986168384
27,0.13725490196078433,-12.38777887442889
27,0.1568627450980392,-18.10479790861418
27,0.1764705882352941,4.830636149126228
27,0.19607843137254902,-3.814554528596388
27,0.21568627450980393,-17.708474323230035
27,0.23529411764705882,5.6333553584521905
27,0.2549019607843137,-6.022829231809315
27,0.27450980392156865,-44.61971184689422
27,0.29411764705882354,42.137756782304976
27,0.3137254901960784,21.07836661556849
27,0.3333333333333333,-28.49454999999999
27,0.3529411764705882,-30.837918636196896
27,0.37254901960784315,-3.9083247283189415
27,0.39215686274509803,-6.512590744377796
27,0.4117647058823529,-39.69384497479909
27,0.43137254901960786,12.724980596828283
27,0.45098039215686275,-0.58797283932687
27,0.47058823529411764,7.383353972615125
27,0.49019607843137253,0.9415944300354853
28,0.0,727.8038
28,0.011904761904761904,-22.254329912800152
28,0.023809523809523808,-13.432531211951467
28,0.03571428571428571,39.937323367749045
28,0.047619047619047616,-0.0995785974844452
28,0.05952380952380952,-18.359276257002243
28,0.07142857142857142,0.5688454905871687
28,0.08333333333333333,2.0980441680658988
28,0.09523809523809523,-27.687709619722522
28,0.10714285714285714,-2.7582381334832107
28,0.11904761904761904,-35.02029649284831
28,0.13095238095238093,-22.201376442260802
28,0.14285714285714285,-9.836246189955206
28,0.15476190476190477,28.935884399600564
28,0.16666666666666666,4.256800000000013
28,0.17857142857142855,37.61186223661939
28,0.19047619047619047,1.1638796324741074
28,0.20238095238095238,-17.95962097839554
28,0.21428571428571427,7.181565632279916
28,0.22619047619047616,-39.16650068109249
28,0.23809523809523808,-10.458607297771934
28,0.25,8.775000000000006
28,0.26190476190476186,-36.62531353483705
28,0.2738095238095238,20.04570309458547
28,0.2857142857142857,60.65424495529771
28,0.2976190476190476,-32.18739593406836
28,0.30952380952380953,1.8963833875109186
28,0.3214285714285714,17.122446811915236
28,0.3333333333333333,0.9988999999999919
28,0.34523809523809523,1.5617206102966144
28,0.3571428571428571,-6.298161122867091
28,0.369047619047619,12.425058705592585
28,0.38095238095238093,-6.726269901856732
28,0.39285714285714285,-1.007001471375185
28,0.40476190476190477,14.811530198627043
28,0.41666666666666663,-25.03574416806586
28,0.42857142857142855,12.401551234657479
28,0.44047619047619047,-36.38989391479766
28,0.45238095238095233,-13.675822346501107
28,0.46428571428571425,3.0310071885747085
28,0.47619047619047616,-46.151164215638445
28,0.4880952380952381,-44.61287268965794
29,0.0,504.91200000000003
29,0.017241379310344827,11.831945228891279
29,0.034482758620689655,-28.13041867835169
29,0.05172413793103448,-22.953927862944866
29,0.06896551724137931,-6.645880078461584
29,0.08620689655172414,10.504812923383403
29,0.10344827586206896,-21.692457072627064
29,0.12068965517241378,-50.49133323022774
29,0.13793103448275862,-1.3659382384494911
29,0.15517241379310345,26.74758347696362
29,0.1724137931034483,-8.574928170062467
29,0.1896551724137931,20.56479915805949
29,0.20689655172413793,-30.106673373927876
29,0.22413793103448276,-58.496879214972935
29,0.24137931034482757,-21.75797361894042
29,0.25862068965517243,-30.11650297215047
29,0.27586206896551724,32.37713808252602
29,0.29310344827586204,2.5116086216221714
29,0.3103448275862069,-7.268441650197563
29,0.3275862068965517,36.874041447129144
29,0.3448275862068966,39.42508740352262
29,0.3620689655172414,19.741437636074256
29,0.3793103448275862,14.774289035187099
29,0.39655172413793105,-16.746972062761742
29,0.41379310344827586,-5.343685932109464
29,0.43103448275862066,-5.109556293526854
29,0.4482758620689655,-27.35966354949069
29,0.46551724137931033,3.8290931444612966
29,0.48275862068965514,-2.9773041586174207
30,0.0,859.2373
30,0.010752688172043012,-4.608894297826609
30,0.021505376344086023,-28.778626730354816
30,0.03225806451612903,24.897682083544765
30,0.043010752688172046,-9.197319108292588
30,0.05376344086021506,32.87612814617603
30,0.06451612903225806,8.582913294637628
30,0.07526881720430108,-27.773300199551212
30,0.08602150537634409,-10.435799456497499
30,0.09677419354838711,-48.1861354730611
30,0.10752688172043012,-20.479715936363696
30,0.11827956989247312,21.37104060413791
30,0.12903225806451613,13.743660792636526
30,0.13978494623655915,-5.22860555958993
30,0.15053763440860216,-10.466110609503453
30,0.16129032258064518,9.589369690982974
30,0.17204301075268819,-6.653864847442539
30,0.1827956989247312,-4.831906281487955
30,0.19354838709677422,0.957565366817434
30,0.20430107526881722,-31.6736943190923
30,0.21505376344086025,25.50876281011586
30,0.22580645161290325,-24.509386606843073
30,0.23655913978494625,-21.117648100294293
30,0.24731182795698928,-31.90529050085618
30,0.25806451612903225,-10.113838637807552
30,0.2688172043010753,0.15410729251178523
30,0.2795698924731183,7.779177473533178
30,0.2903225806451613,-22.5240887827971
30,0.3010752688172043,7.1469391946705745
30,0.3118279569892473,14.638717797049061
30,0.32258064516129037,-46.12654220573391
30,0.33333333333333337,20.49849999999998
30,0.34408602150537637,-16.697461406876876
30,0.3548387096774194,-52.32956110979156
30,0.3655913978494624,-15.667458934316508
30,0.37634408602150543,42.54310994022075
30,0.38709677419354843,-43.66378065687128
30,0.39784946236559143,-59.10390083155552
30,0.40860215053763443,-9.782851134076113
30,0.41935483870967744,-56.02916916072803
30,0.4301075268817205,18.160585801820464
30,0.4408602150537635,25.33657212764995
30,0.4516129032258065,45.78082903343755
30,0.4623655913978495,69.55513868545344
30,0.4731182795698925,-41.69717564312525
30,0.4838709677419355,22.363532371576788
30,0.49462365591397855,-7.462055976235615
31,0.0,565.9978000000001
31,0.014084507042253521,1.6352525139700322
31,0.028169014084507043,-3.820044305161254
31,0.04225352112676056,-20.33749919795418
31,0.056338028169014086,6.6401557246262275
31,0.07042253521126761,16.760737960823036
31,0.08450704225352113,-9.719955531199545
31,0.09859154929577466,-27.10292566186873
31,0.11267605633802817,1.2417118841624202
31,0.1267605633802817,2.2965236040259054
31,0.14084507042253522,-16.107232067617964
31,0.15492957746478875,31.32763108431714
31,0.16901408450704225,10.130137897636203
31,0.18309859154929578,4.246806398349802
31,0.1971830985915493,-13.228158163161474
31,0.2112676056338028,-9.692901127685214
31,0.22535211267605634,-57.71433408759966
31,0.23943661971830987,-36.34989363131452
31,0.2535211267605634,18.92015848563857
31,0.26760563380281693,-2.5042451732702755
31,0.28169014084507044,-3.802403046276347
31,0.29577464788732394,15.383623259081464
31,0.3098591549295775,-3.402251768930099
31,0.323943661971831,-9.44481497642446
31,0.3380281690140845,-12.506795754014782
31,0.35211267605633806,39.529658574343685
31,0.36619718309859156,6.92152741379716
31,0.38028169014084506,8.264070628502296
31,0.3943661971830986,-32.09953449011936
31,0.4084507042253521,-30.044822079722888
31,0.4225352112676056,-31.0117282064627
31,0.4366197183098592,9.915547508086554
31,0.4507042253521127,-17.424190438343587
31,0.4647887323943662,18.49919534498107
31,0.47887323943661975,-53.49702063061397
31,0.49295774647887325,47.982712055399645
32,0.0,611.6406999999999
32,0.014925373134328358,-4.011843304174242
32,0.029850746268656716,-47.02698398676132
32,0.04477611940298507,2.4657675459646864
32,0.05970149253731343,24.209363080827558
32,0.07462686567164178,-20.879671345996634
32,0.08955223880597014,-17.717611372233172
32,0.1044776119402985,1.299138399376016
32,0.11940298507462686,-5.712817072256364
32,0.13432835820895522,39.17279576135532
32,0.14925373134328357,-18.36377919463545
32,0.16417910447761194,-19.391975081886415
32,0.1791044776119403,26.4969630288846
32,0.19402985074626866,-41.68867098851159
32,0.208955223880597,2.9394105766453222
32,0.22388059701492538,12.2217455113325
32,0.23880597014925373,-35.37036432727937
32,0.2537313432835821,-12.52955511988056
32,0.26865671641791045,1.6219614911467044
32,0.2835820895522388,-12.54174261666157
32,0.29850746268656714,-52.44648682813987
32,0.31343283582089554,14.725609928289316
32,0.3283582089552239,-13.367697750863867
32,0.34328358208955223,-37.563806614089096
32,0.3582089552238806,-19.82967206293145
32,0.3731343283582089,39.246123264944515
32,0.3880597014925373,17.699577382834924
32,0.40298507462686567,-11.239890448127548
32,0.417910447761194,25.903539498190465
32,0.43283582089552236,-29.588316757643483
32,0.44776119402985076,-7.4851397935514985
32,0.4626865671641791,-19.617255982571038
32,0.47761194029850745,20.10225021690237
32,0.4925373134328358,22.679934961499846
33,0.0,554.412
33,0.015151515151515152,4.3785243355447525
33,0.030303030303030304,-8.968678882304147
33,0.045454545454545456,31.956560044905114
33,0.06060606060606061,18.442316937659434
33,0.07575757575757576,5.252019861980564
33,0.09090909090909091,-4.771158448554033
33,0.10606060606060606,9.188284769170167
33,0.12121212121212122,-17.323770316502795
33,0.13636363636363635,-3.7248758491427605
33,0.15151515151515152,0.7336990074416629
33,0.16666666666666669,-11.29075000000002
33,0.18181818181818182,20.751052458411053
33,0.19696969696969696,10.47635832335519
33,0.21212121212121213,5.41084190729386
33,0.2272727272727273,-5.1062712682277285
33,0.24242424242424243,-14.801696674985264
33,0.25757575757575757,2.0815098365633364
33,0.2727272727272727,-17.980981767483662
33,0.2878787878787879,-20.364881091043618
33,0.30303030303030304,29.304137056163736
33,0.3181818181818182,8.084308724604305
33,0.33333333333333337,-50.032949999999985
33,0.3484848484848485,-24.3462154640564
33,0.36363636363636365,-23.20713720375724
33,0.3787878787878788,0.27880422070743727
33,0.3939393939393939,-19.460596250193348
33,0.4090909090909091,-40.16672165213893
33,0.42424242424242425,-13.026249368647115
33,0.4393939393939394,-26.606221611482077
33,0.4545454545454546,-20.585275038616086
33,0.4696969696969697,15.677766819260672
33,0.48484848484848486,-4.071653415926032
34,0.0,513.3394
34,0.017857142857142856,-21.714913106355468
34,0.03571428571428571,-7.876558194228943
34,0.05357142857142857,11.995739557325358
34,0.07142857142857142,-5.4928825844235245
34,0.08928571428571427,-31.79635955118139
34,0.10714285714285714,20.47511441544751
34,0.125,15.032617302847573
34,0.14285714285714285,-5.426140005617899
34,0.1607142857142857,-13.540720383072301
34,0.17857142857142855,20.795318766553034
34,0.19642857142857142,-16.546913045647457
34,0.21428571428571427,-10.197191048932876
34,0.23214285714285712,-37.082366279551266
34,0.25,-16.964500000000015
34,0.26785714285714285,8.54220880010823
34,0.2857142857142857,-17.230731370298678
34,0.30357142857142855,7.5408055475681675
34,0.3214285714285714,5.0419293382930155
34,0.33928571428571425,-18.69405182331786
34,0.3571428571428571,-49.54187636664359
34,0.375,-44.01461730284757
34,0.39285714285714285,30.104294743106667
34,0.4107142857142857,-20.12686040897197
34,0.42857142857142855,-6.392778624083425
34,0.4464285714285714,23.487366813340635
34,0.46428571428571425,32.13670093082869
34,0.4821428571428571,10.878863879755329
35,0.0,313.1948
35,0.02631578947368421,-10.168937817027803
35,0.05263157894736842,-15.550317111774767
35,0.07894736842105263,-47.905776927727956
35,0.10526315789473684,18.583070625313937
35,0.13157894736842105,-19.759247358240128
35,0.15789473684210525,9.747296095668325
35,0.18421052631578946,-8.177701456283286
35,0.21052631578947367,-12.283115343441736
35,0.23684210526315788,10.097563479264426
35,0.2631578947368421,16.739365263763872
35,0.2894736842105263,-7.256390296599658
35,0.3157894736842105,-1.8655111417135153
35,0.3421052631578947,-0.4676528184150355
35,0.3684210526315789,-28.505462898541236
35,0.39473684210526316,-40.93087681910638
35,0.42105263157894735,42.99015526422599
35,0.4473684210526315,-10.831379985864164
35,0.47368421052631576,21.49261924649909
36,0.0,758.139
36,0.010416666666666666,1.3852468534026325
36,0.020833333333333332,1.289899985464146
36,0.03125,-36.86358727922058
36,0.041666666666666664,11.496222785579517
36,0.05208333333333333,-13.879083146216345
36,0.0625,-22.693768732784978
36,0.07291666666666666,26.546840528634846
36,0.08333333333333333,12.692188802312057
36,0.09375,-24.24772226042125
36,0.10416666666666666,-25.966469703245384
36,0.11458333333333333,0.8180267625055802
36,0.125,-9.889583009117306
36,0.13541666666666666,-19.425949505506736
36,0.14583333333333331,-15.85110836522832
36,0.15625,23.18906399445755
36,0.16666666666666666,-5.072949999999988
36,0.17708333333333331,1.807800584469918
36,0.1875,-20.065216228037965
36,0.19791666666666666,-13.354412318422355
36,0.20833333333333331,-24.68295305780702
36,0.21875,3.0110209040253118
36,0.22916666666666666,-21.13770546676307
36,0.23958333333333331,23.577490744488735
36,0.25,27.077499999999986
36,0.26041666666666663,-1.8792384998323008
36,0.2708333333333333,-25.094184922695757
36,0.28125,-63.0772378082884
36,0.29166666666666663,21.068132707877332
36,0.3020833333333333,43.85620372691186
36,0.3125,14.128047838446289
36,0.32291666666666663,6.770317402112084
36,0.3333333333333333,-37.213350000000005
36,0.34375,-56.395274038958696
36,0.35416666666666663,0.8075989447251501
36,0.3645833333333333,-19.18031831989363
36,0.375,-5.0514169908826965
36,0.38541666666666663,12.328057390797182
36,0.3958333333333333,-14.206195152666222
36,0.40625,-8.67537955452017
36,0.41666666666666663,32.02811119768796
36,0.4270833333333333,-1.6294087116585434
36,0.4375,-14.261062877623342
36,0.44791666666666663,26.91867547949871
36,0.4583333333333333,39.43019756435018
36,0.46875,11.743116042926214
36,0.47916666666666663,-28.391435319590542
36,0.4895833333333333,-20.12664897129165
37,0.0,332.4388
37,0.02564102564102564,-27.027077316539973
37,0.05128205128205128,-26.84027370338702
37,0.07692307692307693,-23.03234592248459
37,0.10256410256410256,-9.04367836255051
37,0.1282051282051282,-4.084796513685127
37,0.15384615384615385,10.839757797722307
37,0.1794871794871795,-3.2219662024998295
37,0.20512820512820512,17.42746116199266
37,0.23076923076923075,28.406013806473904
37,0.2564102564102564,-12.186885835279474
37,0.28205128205128205,-8.633510675678279
37,0.3076923076923077,-4.7574048825785855
37,0.3333333333333333,-27.42409999999998
37,0.358974358974359,17.5581667209156
37,0.3846153846153846,-5.385474605852674
37,0.41025641025641024,18.209477706662746
37,0.4358974358974359,-20.0823403701925
37,0.4615384615384615,-9.609246193280399
37,0.48717948717948717,-4.338776609758328
38,0.0,302.1702
38,0.023809523809523808,8.131434599892051
38,0.047619047619047616,3.6012289144818244
38,0.07142857142857142,13.353141731694514
38,0.09523809523809523,-6.6291323600891925
38,0.11904761904761904,2.0002087722823774
38,0.14285714285714285,-26.789326819012835
38,0.16666666666666666,-14.364049999999997
38,0.19047619047619047,-1.8020301080063659
38,0.21428571428571427,9.839633592664695
38,0.23809523809523808,-5.563098273547078
38,0.26190476190476186,6.9788182182812
38,0.2857142857142857,-9.98955599457362
38,0.30952380952380953,-12.206834921148364
38,0.3333333333333333,8.27895
38,0.3571428571428571,-1.7954753243592112
38,0.38095238095238093,10.839613111694117
38,0.40476190476190477,-14.747231260118896
38,0.42857142857142855,10.258082813586455
38,0.45238095238095233,2.044254590811634
38,0.47619047619047616,-10.362131284533293
39,0.0,938.0668000000001
39,0.010101010101010102,31.79922733656522
39,0.020202020202020204,2.231596371442876
39,0.030303030303030304,-85.28528333388599
39,0.04040404040404041,12.525064829306602
39,0.05050505050505051,-25.059039473371023
39,0.06060606060606061,-45.67303847523467
39,0.07070707070707072,63.240675529710884
39,0.08080808080808081,11.799972792433847
39,0.09090909090909091,-8.849949318228456
39,0.10101010101010102,-38.65209956923114
39,0.11111111111111112,-13.097542174635535
39,0.12121212121212122,9.18264216163183
39,0.13131313131313133,11.202150690623302
39,0.14141414141414144,-18.469097200788596
39,0.15151515151515152,-37.814709472977015
39,0.16161616161616163,-8.700325542418717
39,0.17171717171717174,10.537089198518997
39,0.18181818181818182,-1.8385808649303144
39,0.19191919191919193,47.66056968304059
39,0.20202020202020204,-1.4678207209718614
39,0.21212121212121213,17.335901967752747
39,0.22222222222222224,-92.02802671950235
39,0.23232323232323235,-7.172759052677015
39,0.24242424242424243,-37.34560368225088
39,0.25252525252525254,-29.41862389901793
39,0.26262626262626265,-30.15104250090106
39,0.27272727272727276,4.161756468777021
39,0.2828282828282829,0.4268173493768863
39,0.29292929292929293,-33.484526054348656
39,0.30303030303030304,-5.962084715308814
39,0.31313131313131315,-46.41638134398699
39,0.32323232323232326,31.979666547806453
39,0.33333333333333337,-4.237699999999961
39,0.3434343434343435,10.990932368939795
39,0.3535353535353536,8.901429526512977
39,0.36363636363636365,-26.89496502452993
39,0.37373737373737376,-25.48556559103653
39,0.38383838383838387,29.666543633292385
39,0.393939393939394,23.358020815154298
39,0.4040404040404041,-16.38156305538813
39,0.4141414141414142,-21.179861347406018
39,0.42424242424242425,-6.513948604923719
39,0.43434343434343436,-4.01723575054534
39,0.4444444444444445,-2.253581105862132
39,0.4545454545454546,-47.310011261088306
39,0.4646464646464647,43.01042138135308
39,0.4747474747474748,38.46994179080369
39,0.48484848484848486,24.273753340042255
39,0.494949494949495,4.9043420723613735
40,0.0,449.8719
40,0.017241379310344827,19.15180349391712
40,0.034482758620689655,-14.472179322790709
40,0.05172413793103448,-23.82917113176645
40,0.06896551724137931,-0.35269009561913434
40,0.08620689655172414,-14.431796637345053
40,0.10344827586206896,-21.97429924557329
40,0.12068965517241378,-5.56951209951648
40,0.13793103448275862,3.2471627121055215
40,0.15517241379310345,-12.488891184777415
40,0.1724137931034483,8.953512635918543
40,0.1896551724137931,12.084169948155788
40,0.20689655172413793,10.398461489008922
40,0.22413793103448276,15.426875807307077
40,0.24137931034482757,19.51338314795908
40,0.25862068965517243,8.112626483670038
40,0.27586206896551724,1.4122291561606595
40,0.29310344827586204,6.049234314416461
40,0.3103448275862069,-6.610056265481644
40,0.3275862068965517,-34.17205230446617
40,0.3448275862068966,-11.417224885782261
40,0.3620689655172414,-8.134746123420605
40,0.3793103448275862,-8.802712392434067
40,0.39655172413793105,-16.337364786284382
40,0.41379310344827586,18.976113410901775
40,0.43103448275862066,-6.185864322996675
40,0.4482758620689655,-16.63020711072359
40,0.46551724137931033,-40.30156145689328
40,0.48275862068965514,-18.723843233649767
41,0.0,457.9408
41,0.01694915254237288,20.576951139395266
41,0.03389830508474576,27.147657769216426
41,0.05084745762711865,0.7333232275705264
41,0.06779661016949153,-10.11803365349741
41,0.0847457627118644,-10.690033264838599
41,0.1016949152542373,-1.0992978808773533
41,0.11864406779661017,-12.588297066733551
41,0.13559322033898305,-15.580725900256914
41,0.15254237288135594,-1.1552682389259505
41,0.1694915254237288,-21.704400674124898
41,0.1864406779661017,8.539155289902263
41,0.2033898305084746,-12.157567635752788
41,0.22033898305084745,5.228935917465385
41,0.23728813559322035,-8.483747572913822
41,0.2542372881355932,-35.704430392756734
41,0.2711864406779661,-7.408950343189378
41,0.288135593220339,-38.31420843865253
41,0.3050847457627119,-17.877479338276967
41,0.3220338983050847,-24.714711735391706
41,0.3389830508474576,-11.08091490933374
41,0.3559322033898305,-0.36276047094101926
41,0.3728813559322034,-7.46990837561211
41,0.3898305084745763,30.986990481782122
41,0.4067796610169492,-28.050714783407372
41,0.423728813559322,32.624604875499145
41,0.4406779661016949,-21.799078984338433
41,0.4576271186440678,15.808328171433047
41,0.4745762711864407,31.57649513485143
41,0.4915254237288136,-5.407912347294121
42,0.0,511.49440000000004
42,0.017543859649122806,-21.66476037252044
42,0.03508771929824561,21.536558222622112
42,0.05263157894736842,-25.071878277708386
42,0.07017543859649122,48.70288161645558
42,0.08771929824561403,-9.914165504984007
42,0.10526315789473684,-4.431648768757624
42,0.12280701754385964,-13.031883498033437
42,0.14035087719298245,-5.489376753742741
42,0.15789473684210525,-3.952591718463192
42,0.17543859649122806,-17.16571253607852
42,0.19298245614035087,-38.68447217019755
42,0.21052631578947367,10.460044060747565
42,0.22807017543859648,-0.6419869907227849
42,0.24561403508771928,8.674740056732727
42,0.2631578947368421,-14.226599576176575
42,0.2807017543859649,11.259431130598934
42,0.2982456140350877,-11.436751290461409
42,0.3157894736842105,24.376230745097352
42,0.3333333333333333,-43.8947
42,0.3508771929824561,17.228983923301875
42,0.3684210526315789,-50.81491998308996
42,0.38596491228070173,-2.457613591256691
42,0.40350877192982454,32.135301375829286
42,0.42105263157894735,15.380347847332608
42,0.43859649122807015,-54.599701835347126
42,0.45614035087719296,-27.151598143228547
42,0.47368421052631576,7.599565671018203
42,0.49122807017543857,-3.7647736389672097
43,0.0,895.9661000000001
43,0.008849557522123894,-7.015744554115326
43,0.017699115044247787,-27.878510708669896
43,0.02654867256637168,-46.63700624275997
43,0.035398230088495575,-19.442005966546045
43,0.04424778761061947,-3.761731766144326
43,0.05309734513274336,5.63924707879265
43,0.061946902654867256,57.31785120763342
43,0.07079646017699115,13.265155764703895
43,0.07964601769911504,-26.575165166069667
43,0.08849557522123894,11.458063176160334
43,0.09734513274336283,16.353618286491724
43,0.10619469026548672,-14.252933268113374
43,0.11504424778761062,37.440015216186566
43,0.12389380530973451,4.567193344210647
43,0.1327433628318584,52.91191346216627
43,0.1415929203539823,-29.659591574639794
43,0.1504424778761062,-9.74169533505825
43,0.1592920353982301,76.48304076705202
43,0.16814159292035397,-77.7250678969713
43,0.17699115044247787,-34.624724846607165
43,0.18584070796460178,14.969502198913334
43,0.19469026548672566,-25.866644800424574
43,0.20353982300884954,-9.831096038542324
43,0.21238938053097345,13.28713491098097
43,0.22123893805309736,-34.959496790867206
43,0.23008849557522124,1.1400446722962343
43,0.23893805309734512,26.962045683559726
43,0.24778761061946902,-31.852513823253783
43,0.25663716814159293,-0.22389405882615243
43,0.2654867256637168,-42.029332366737954
43,0.2743362831858407,-4.297621143750616
43,0.2831858407079646,-34.34329414658491
43,0.2920353982300885,22.671383541328325
43,0.3008849557522124,-9.47242466566073
43,0.30973451327433627,-32.37235180113337
43,0.3185840707964602,-6.477835440326607
43,0.3274336283185841,-84.45374962888445
43,0.33628318584070793,-85.51465053222516
43,0.34513274336283184,48.062812991126016
43,0.35398230088495575,36.85389852477853
43,0.36283185840707965,5.062025870417504
43,0.37168141592920356,54.76776156528287
43,0.3805309734513274,-2.5863876616705745
43,0.3893805309734513,-11.821069378779343
43,0.39823008849557523,12.17888486807539
43,0.4070796460176991,-47.21287441469771
43,0.415929203539823,-0.9147812029650275
43,0.4247787610619469,7.850398639176712
43,0.4336283185840708,-36.86969157242712
43,0.4424778761061947,60.474185489817245
43,0.45132743362831856,0.2441441545935179
43,0.46017699115044247,-14.177466065043365
43,0.4690265486725664,21.35149191854794
43,0.47787610619469023,11.21546451337177
43,0.48672566371681414,-2.627476281979228
43,0.49557522123893805,-18.613498705188043
44,0.0,621.8089
44,0.013888888888888888,-22.64662962538215
44,0.027777777777777776,-19.175908897645357
44,0.041666666666666664,2.7009718224501107
44,0.05555555555555555,-31.203702776120284
44,0.06944444444444445,32.61169503316785
44,0.08333333333333333,11.84514361629062
44,0.09722222222222221,26.91160367425831
44,0.1111111111111111,-19.358330606242184
44,0.125,-23.598448978575504
44,0.1388888888888889,21.957771032186393
44,0.15277777777777776,-6.178287973396728
44,0.16666666666666666,-10.312099999999994
44,0.18055555555555555,-17.30250099308126
44,0.19444444444444442,-22.405645515802252
44,0.20833333333333331,6.730964347716917
44,0.2222222222222222,-49.87562470017069
44,0.2361111111111111,12.637765924709882
44,0.25,-10.027100000000019
44,0.2638888888888889,11.72822699207525
44,0.2777777777777778,9.127650995397236
44,0.29166666666666663,-47.81420743479269
44,0.3055555555555555,-17.394833766727597
44,0.3194444444444444,0.2685343232745723
44,0.3333333333333333,-12.644600000000004
44,0.3472222222222222,-42.52506656439292
44,0.3611111111111111,-21.445383638506264
44,0.375,49.243448978575486
44,0.38888888888888884,-12.41959821927696
44,0.40277777777777773,38.871472787221016
44,0.41666666666666663,-1.533043616290632
44,0.4305555555555555,26.256162057417892
44,0.4444444444444444,-36.629294693587106
44,0.4583333333333333,21.661671264625657
44,0.4722222222222222,39.6237007864951
44,0.4861111111111111,-15.82737563587175
45,0.0,683.1213999999999
45,0.012658227848101266,-46.30939155344103
45,0.02531645569620253,-14.639475959327815
45,0.0379746835443038,-12.704979024026148
45,0.05063291139240506,8.957120240460245
45,0.06329113924050633,-22.28984394309939
45,0.0759493670886076,-5.0453962810874735
45,0.08860759493670886,-12.99021953016136
45,0.10126582278481013,4.069873583911065
45,0.11392405063291139,14.062198991718986
45,0.12658227848101267,-86.30113046377635
45,0.13924050632911392,-30.776703940511187
45,0.1518987341772152,16.50527881924901
45,0.16455696202531644,-16.398304241510104
45,0.17721518987341772,12.897661017068959
45,0.18987341772151897,37.59166242229389
45,0.20253164556962025,5.310085992333269
45,0.21518987341772153,-7.1067207171706865
45,0.22784810126582278,20.836872720291346
45,0.24050632911392406,-22.616755507111264
45,0.25316455696202533,2.9309895423670813
45,0.26582278481012656,20.457414135684786
45,0.27848101265822783,60.30683449756984
45,0.2911392405063291,-33.57062199918529
45,0.3037974683544304,16.807694795522174
45,0.31645569620253167,-14.568375943319216
45,0.3291139240506329,-39.6923776296649
45,0.34177215189873417,19.03370933900475
45,0.35443037974683544,-15.042425830104783
45,0.3670886075949367,23.29473301705785
45,0.37974683544303794,-0.47726474149583176
45,0.3924050632911392,11.027062114179985
45,0.4050632911392405,-27.524175636680138
45,0.4177215189873418,3.1505488556335743
45,0.43037974683544306,-61.290111833425314
45,0.4430379746835443,11.383112629121579
45,0.45569620253164556,-15.601143831126425
45,0.46835443037974683,8.480804817713777
45,0.4810126582278481,35.32065203694396
45,0.49367088607594933,-19.647790961902025
46,0.0,769.7214000000001
46,0.012658227848101266,-44.46395807429229
46,0.02531645569620253,-36.14296536201746
46,0.0379746835443038,-4.5679846597511045
46,0.05063291139240506,-40.70409683825285
46,0.06329113924050633,-13.478926686826668
46,0.0759493670886076,-19.354442477981458
46,0.08860759493670886,-21.435351983030074
46,0.10126582278481013,-1.452430878084865
46,0.11392405063291139,-29.70812338655485
46,0.12658227848101267,-22.218620990280897
46,0.13924050632911392,-21.692115831424257
46,0.1518987341772152,35.615699592337414
46,0.16455696202531644,30.910419368239484
46,0.17721518987341772,23.26633511977411
46,0.18987341772151897,-74.17202083067431
46,0.20253164556962025,-46.804588824562664
46,0.21518987341772153,6.140325618995313
46,0.22784810126582278,-12.578626161214814
46,0.24050632911392406,23.265703012087084
46,0.25316455696202533,28.58826803804194
46,0.26582278481012656,5.459548393212378
46,0.27848101265822783,-25.64515272370003
46,0.2911392405063291,5.541012721059806
46,0.3037974683544304,50.540967616848164
46,0.31645569620253167,-13.793495130420574
46,0.3291139240506329,2.1408580050294255
46,0.34177215189873417,14.771824223052
46,0.35443037974683544,-12.677067675118384
46,0.3670886075949367,-17.69227501557558
46,0.37974683544303794,26.863983285768768
46,0.3924050632911392,6.04990052626655
46,0.4050632911392405,-12.211413190487672
46,0.4177215189873418,-7.390298305774197
46,0.43037974683544306,-16.238550855018772
46,0.4430379746835443,-6.559662801268468
46,0.45569620253164556,-38.53966954546337
46,0.46835443037974683,20.393911205550513
46,0.4810126582278481,40.45616616421029
46,0.49367088607594933,-17.487384662698275
47,0.0,701.0641
47,0.0125,3.6985450268026128
47,0.025,-27.177481485617456
47,0.037500000000000006,-12.34445929200406
47,0.05,-5.416724476134182
47,0.0625,-2.529018705054348
47,0.07500000000000001,-43.23835262693287
47,0.08750000000000001,17.533125446335603
47,0.1,-18.77460242607808
47,0.1125,-19.579297905137107
47,0.125,42.11624593438412
47,0.1375,3.1306511869150544
47,0.15000000000000002,9.871049331273117
47,0.1625,-32.93122762087127
47,0.17500000000000002,-27.89850540209338
47,0.1875,-35.852529020231245
47,0.2,67.30148277629351
47,0.21250000000000002,-5.877503401839178
47,0.225,38.87444030476057
47,0.23750000000000002,-74.15485732551949
47,0.25,-41.76389999999998
47,0.2625,17.45009641362054
47,0.275,-16.001321136331338
47,0.28750000000000003,-14.845940065293163
47,0.30000000000000004,6.17410242607809
47,0.3125,-1.6859396849328085
47,0.325,-17.60574240320391
47,0.3375,-0.7119669491358884
47,0.35000000000000003,-14.15041869549174
47,0.36250000000000004,32.25503418567423
47,0.375,-40.9812459343841
47,0.3875,58.61240704106427
47,0.4,14.251217223706494
47,0.41250000000000003,44.32971284131408
47,0.42500000000000004,-44.61598978503992
47,0.4375,3.402287410218399
47,0.45,-17.430506159647212
47,0.4625,15.583814501807211
47,0.47500000000000003,-35.0150474655417
47,0.48750000000000004,-14.430934083733447
48,0.0,486.4116
48,0.021739130434782608,-45.34023772741071
48,0.043478260869565216,8.298516067678142
48,0.06521739130434782,-44.90686298022444
48,0.08695652173913043,-5.356589206853002
48,0.10869565217391304,-6.1594682946809645
48,0.13043478260869565,-15.71301169954921
48,0.15217391304347827,-17.974689070645457
48,0.17391304347826086,-30.53964200125709
48,0.19565217391304346,6.944274512430797
48,0.21739130434782608,11.843966371441049
48,0.2391304347826087,-7.42829501437879
48,0.2608695652173913,9.724115148679118
48,0.2826086956521739,-15.666864531655335
48,0.30434782608695654,-0.7445170328709443
48,0.32608695652173914,-22.554391667915585
48,0.34782608695652173,-11.9277515155737
48,0.3695652173913043,19.622069492878605
48,0.3913043478260869,6.487238743173835
48,0.41304347826086957,6.266061663594719
48,0.43478260869565216,-26.693903297745628
48,0.45652173913043476,32.062503618007135
48,0.4782608695652174,-13.664621577122576
49,0.0,644.3546
49,0.013333333333333334,37.71240407509141
49,0.02666666666666667,7.1751790265399364
49,0.04,-10.608104247623965
49,0.05333333333333334,13.131563541578062
49,0.06666666666666667,-9.33314373865133
49,0.08,-18.280240283956473
49,0.09333333333333334,-32.60246871430765
49,0.10666666666666667,-28.49998958671572
49,0.12000000000000001,-27.09162735122002
49,0.13333333333333333,-17.062847590047337
49,0.14666666666666667,8.791555832447294
49,0.16,-44.83629256233947
49,0.17333333333333334,-14.352796702626868
49,0.18666666666666668,36.05677939403156
49,0.2,-12.578842277700446
49,0.21333333333333335,5.629265876484138
49,0.22666666666666668,15.038542855750794
49,0.24000000000000002,12.49542868530621
49,0.25333333333333335,13.147915120895817
49,0.26666666666666666,-1.9805134909939959
49,0.28,-19.70183132548145
49,0.29333333333333333,-45.10520511353847
49,0.3066666666666667,-47.84219749433342
49,0.32,-21.715502822617545
49,0.33333333333333337,18.210799999999978
49,0.3466666666666667,-7.289003874002683
49,0.36000000000000004,5.701931818061592
49,0.37333333333333335,15.669304286549574
49,0.3866666666666667,-18.46692928196933
49,0.4,37.86629227770044
49,0.4133333333333334,-50.45951860475067
49,0.4266666666666667,-12.870619710299183
49,0.44,-4.041046334573861
49,0.45333333333333337,-0.768508752542588
49,0.4666666666666667,-11.452545180307286
49,0.48000000000000004,9.392534424445001
49,0.49333333333333335,39.11297782571796
50,0.0,556.8124999999999
50,0.014925373134328358,13.425022975709073
50,0.029850746268656716,-9.035468116370016
50,0.04477611940298507,-38.665170165067025
50,0.05970149253731343,-20.71722789560888
50,0.07462686567164178,-4.046587625877493
50,0.08955223880597014,-35.162163797862874
50,0.1044776119402985,5.20798587118469
50,0.11940298507462686,22.98463332088304
50,0.13432835820895522,-10.113786770539807
50,0.14925373134328357,5.883902812708646
50,0.16417910447761194,-5.161872632126176
50,0.1791044776119403,-6.316262872575388
50,0.19402985074626866,3.5545944657211077
50,0.208955223880597,-13.383083968955397
50,0.22388059701492538,-25.47921079444681
50,0.23880597014925373,-2.215179296755636
50,0.2537313432835821,34.242499823182825
50,0.26865671641791045,25.359824357255278
50,0.2835820895522388,-3.4844076909063393
50,0.29850746268656714,-27.55260531725857
50,0.31343283582089554,-23.89325075457492
50,0.3283582089552239,30.05955899825663
50,0.34328358208955223,7.1260544591981105
50,0.3582089552238806,3.2229501542075267
50,0.3731343283582089,-16.76612102249856
50,0.3880597014925373,0.7811400114765616
50,0.40298507462686567,-13.209258563244056
50,0.417910447761194,-27.300480090906348
50,0.43283582089552236,-3.8030999744564027
50,0.44776119402985076,16.988091021808163
50,0.4626865671641791,21.74069553793069
50,0.47761194029850745,-21.98044716743588
50,0.4925373134328358,-35.30031929205611
51,0.0,428.4098
51,0.018867924528301886,0.22994680609207307
51,0.03773584905660377,-6.236573492811928
51,0.05660377358490566,-1.2245190481606159
51,0.07547169811320754,2.226219818854503
51,0.09433962264150943,2.353640359438838
51,0.11320754716981132,49.15758581067627
51,0.1320754716981132,17.09769056949398
51,0.1509433962264151,-6.7598758917836825
51,0.16981132075471697,-16.2403613015042
51,0.18867924528301885,-8.585683992960073
51,0.20754716981132074,6.93877073383401
51,0.22641509433962265,0.20386080991681155
51,0.24528301886792453,1.2947517649112434
51,0.2641509433962264,17.325515233756654
51,0.2830188679245283,-5.463581065015224
51,0.3018867924528302,-37.322796631436645
51,0.32075471698113206,-22.57830094624897
51,0.33962264150943394,-5.690054835138973
51,0.3584905660377358,-21.300092136096517
51,0.3773584905660377,18.421722532856872
51,0.3962264150943396,-7.928650570774303
51,0.4150943396226415,-17.51599957244678
51,0.43396226415094336,-50.084612213181835
51,0.4528301886792453,-31.554839601891096
51,0.4716981132075472,6.913260153838384
51,0.49056603773584906,1.3128767057812485
52,0.0,521.6859999999999
52,0.016129032258064516,14.44736797470506
52,0.03225806451612903,9.1409309085895
52,0.04838709677419355,-12.297449745335154
52,0.06451612903225806,-21.265314514171994
52,0.08064516129032258,4.906361365018941
52,0.0967741935483871,12.506066896492015
52,0.11290322580645161,-15.767396532709917
52,0.12903225806451613,-28.45934788517207
52,0.14516129032258063,-14.46312188543536
52,0.16129032258064516,-24.64759404285568
52,0.1774193548387097,-18.626177852494152
52,0.1935483870967742,-0.4516534756355757
52,0.2096774193548387,-9.381529566650944
52,0.22580645161290322,27.870014068142854
52,0.24193548387096775,10.517637777097345
52,0.25806451612903225,-9.91156419405051
52,0.27419354838709675,20.29114469599546
52,0.29032258064516125,-16.336552862260884
52,0.3064516129032258,-6.454713895308597
52,0.3225806451612903,-2.7817068692344993
52,0.3387096774193548,-20.79724542398467
52,0.3548387096774194,-31.02168030417894
52,0.3709677419354839,-9.6664748440629
52,0.3870967741935484,10.796557640142922
52,0.4032258064516129,-49.70347760604075
52,0.4193548387096774,-6.544016023787022
52,0.43548387096774194,-17.13582225957357
52,0.45161290322580644,42.257123857602636
52,0.46774193548387094,28.749197798779146
52,0.4838709677419355,-2.390263199622808
53,0.0,644.4426
53,0.012658227848101266,33.256865765352416
53,0.02531645569620253,16.485169453523486
53,0.0379746835443038,-28.065757298382277
53,0.05063291139240506,-22.25251763335627
53,0.06329113924050633,-4.022742027467032
53,0.0759493670886076,4.601350880786839
53,0.08860759493670886,2.8669744394284926
53,0.10126582278481013,-3.3768597110343315
53,0.11392405063291139,3.5050045480005565
53,0.12658227848101267,-1.2281245663269686
53,0.13924050632911392,-8.143611249385948
53,0.1518987341772152,10.924290247138131
53,0.16455696202531644,-23.37584974441499
53,0.17721518987341772,8.291919863729188
53,0.18987341772151897,-29.628034905471942
53,0.20253164556962025,9.778180263348471
53,0.21518987341772153,4.97602965227253
53,0.22784810126582278,-4.011519879428967
53,0.24050632911392406,-46.964998462057345
53,0.25316455696202533,-5.11553008362403
53,0.26582278481012656,-45.56189387226274
53,0.27848101265822783,-3.2498383090892062
53,0.2911392405063291,-47.75146433816602
53,0.3037974683544304,-23.419578631797258
53,0.31645569620253167,-41.1615413915179
53,0.3291139240506329,33.12212736218358
53,0.34177215189873417,-26.128682926345682
53,0.35443037974683544,9.940371131763852
53,0.3670886075949367,-1.9298613179118078
53,0.37974683544303794,1.7767839064406186
53,0.3924050632911392,-23.463684581118493
53,0.4050632911392405,-33.510644544112175
53,0.4177215189873418,50.04619906200358
53,0.43037974683544306,21.72415619430718
53,0.4430379746835443,18.497995811488916
53,0.45569620253164556,10.336171518093153
53,0.46835443037974683,-39.2958338175885
53,0.4810126582278481,8.999762960392784
53,0.49367088607594933,38.16431623060559
54,0.0,453.5282000000001
54,0.01639344262295082,19.399276988754764
54,0.03278688524590164,-4.0531663098611475
54,0.04918032786885246,-1.0066883530321462
54,0.06557377049180328,-2.773369503764286
54,0.0819672131147541,-1.929822322790443
54,0.09836065573770492,-0.030711855995573245
54,0.11475409836065574,-33.37501662333432
54,0.13114754098360656,0.13392034057576652
54,0.14754098360655737,-2.0605765314745472
54,0.1639344262295082,-35.47157023933885
54,0.18032786885245902,6.631382730119785
54,0.19672131147540983,-18.328694739656054
54,0.21311475409836067,16.487415292459637
54,0.22950819672131148,10.717558275534707
54,0.24590163934426232,31.689795643492133
54,0.26229508196721313,-19.363219625989696
54,0.27868852459016397,4.299837971768838
54,0.29508196721311475,-16.896165757704065
54,0.3114754098360656,-26.088500848882163
54,0.3278688524590164,8.324902484777757
54,0.3442622950819672,5.873930431251096
54,0.36065573770491804,-15.15683108606564
54,0.3770491803278689,-10.492453105350737
54,0.39344262295081966,-9.732403063965165
54,0.4098360655737705,-5.42661897998251
54,0.42622950819672134,10.217175065491432
54,0.4426229508196722,-23.201370475400996
54,0.45901639344262296,2.636697726277573
54,0.4754098360655738,-35.73880774862375
54,0.49180327868852464,32.11759422070849
55,0.0,745.3
55,0.012987012987012988,10.303496861632702
55,0.025974025974025976,-54.203881549657176
55,0.03896103896103896,-41.60449639710441
55,0.05194805194805195,15.396370296462791
55,0.06493506493506494,21.701729237390126
55,0.07792207792207792,-45.166845870112425
55,0.09090909090909091,26.19624973743182
55,0.1038961038961039,-8.539668009598019
55,0.1168831168831169,56.69468099699549
55,0.12987012987012989,-47.14323488139255
55,0.14285714285714288,-19.99139551752006
55,0.15584415584415584,-48.71551631851019
55,0.16883116883116883,-11.199528704822935
55,0.18181818181818182,12.66781198824612
55,0.19480519480519481,30.699108377312534
55,0.2077922077922078,35.31728889265146
55,0.2207792207792208,-26.030244163130757
55,0.2337662337662338,-14.248834618603166
55,0.24675324675324678,-26.556969323728772
55,0.25974025974025977,1.6235718212983876
55,0.27272727272727276,-55.28500553692673
55,0.28571428571428575,-5.713531282100178
55,0.29870129870129875,2.8555922616387726
55,0.3116883116883117,8.951990401030546
55,0.3246753246753247,-13.07044383570265
55,0.33766233766233766,-44.07303253142214
55,0.35064935064935066,47.39238280033568
55,0.36363636363636365,-3.143707003376136
55,0.37662337662337664,-27.407307038458157
55,0.38961038961038963,-12.644814647202931
55,0.4025974025974026,40.96190636791331
55,0.4155844155844156,29.582330183558447
55,0.4285714285714286,2.4977267996203025
55,0.4415584415584416,7.632235374821901
55,0.4545454545454546,-25.412949185375034
55,0.4675324675324676,-10.648383264293862
55,0.48051948051948057,-102.46379711205688
55,0.49350649350649356,59.48216439275501
56,0.0,451.33950000000004
56,0.016666666666666666,1.4828913799922865
56,0.03333333333333333,-25.127416190647164
56,0.05,7.320115897075322
56,0.06666666666666667,11.63779978939218
56,0.08333333333333333,16.603212202618238
56,0.1,2.151652886941317
56,0.11666666666666667,-8.40167190582889
56,0.13333333333333333,26.191395988811514
56,0.15,-21.71253494921737
56,0.16666666666666666,5.904100000000003
56,0.18333333333333332,3.8398962763817224
56,0.2,-55.29069661390765
56,0.21666666666666667,24.604736719584203
56,0.23333333333333334,-18.130195998517788
56,0.25,-5.9510999999999825
56,0.26666666666666666,-17.175971293158444
56,0.2833333333333333,-11.40876025263131
56,0.3,4.862997113058682
56,0.31666666666666665,5.474112514415459
56,0.3333333333333333,-16.3854
56,0.35,-12.1478480488325
56,0.36666666666666664,-15.534991062363332
56,0.3833333333333333,0.26275439878532403
56,0.4,4.136946613907643
56,0.4166666666666667,19.11208779738177
56,0.43333333333333335,-1.1079967484717166
56,0.45,-30.417632899025453
56,0.4666666666666667,-5.446824485045251
56,0.48333333333333334,6.56524086930121
57,0.0,692.7438000000001
57,0.012658227848101266,-16.232041284608957
57,0.02531645569620253,-11.271204591522103
57,0.0379746835443038,-24.428295826886213
57,0.05063291139240506,-1.1574102770161687
57,0.06329113924050633,-18.730037350088402
57,0.0759493670886076,49.048024454150536
57,0.08860759493670886,-5.2962940621571235
57,0.10126582278481013,23.653524360355338
57,0.11392405063291139,-17.379129202199277
57,0.12658227848101267,2.268906115420826
57,0.13924050632911392,-23.36044477015799
57,0.1518987341772152,-31.10880328904129
57,0.16455696202531644,0.08911511305102593
57,0.17721518987341772,-18.0351285470857
57,0.18987341772151897,9.386781650815703
57,0.20253164556962025,-29.086546010847492
57,0.21518987341772153,-20.573989771581616
57,0.22784810126582278,27.167262836042994
57,0.24050632911392406,-4.837548430187592
57,0.25316455696202533,-25.031227834273782
57,0.26582278481012656,-29.32359547515588
57,0.27848101265822783,1.2499728210289245
57,0.2911392405063291,12.505031721943714
57,0.3037974683544304,-36.56562860176776
57,0.31645569620253167,-29.89616127891164
57,0.3291139240506329,-17.15029547063215
57,0.34177215189873417,-16.367080919020754
57,0.35443037974683544,34.57490652354483
57,0.3670886075949367,24.85313511364924
57,0.37974683544303794,11.400266790665944
57,0.3924050632911392,2.378959698030398
57,0.4050632911392405,10.242580264750861
57,0.4177215189873418,6.9495215084853665
57,0.43037974683544306,-11.309630260971403
57,0.4430379746835443,-15.83878153381535
57,0.45569620253164556,-26.45512719966877
57,0.46835443037974683,33.028407266283345
57,0.4810126582278481,-9.590376353766466
57,0.49367088607594933,-8.287117896855747
58,0.0,898.0520999999999
58,0.01020408163265306,26.080610276838314
58,0.02040816326530612,-11.83445899843463
58,0.030612244897959183,1.3533250787770825
58,0.04081632653061224,27.452290414459885
58,0.0510204081632653,34.23733463913854
58,0.061224489795918366,-74.75727165664968
58,0.07142857142857142,22.728039028606574
58,0.08163265306122448,41.308389242718846
58,0.09183673469387754,-4.245351489079084
58,0.1020408163265306,-18.716322047918318
58,0.11224489795918366,3.6466254248339265
58,0.12244897959183673,3.1799923285144445
58,0.13265306122448978,-43.61530694678473
58,0.14285714285714285,-31.694620364734064
58,0.1530612244897959,-11.864562873492849
58,0.16326530612244897,-40.094913137060644
58,0.17346938775510204,-32.80467526326399
58,0.18367346938775508,-44.9178727419217
58,0.19387755102040816,-1.0306468512104487
58,0.2040816326530612,-16.133879280621024
58,0.21428571428571427,12.997001092903627
58,0.22448979591836732,-39.32757740751493
58,0.2346938775510204,27.969997162642002
58,0.24489795918367346,2.3190926038195947
58,0.25510204081632654,28.25710915831491
58,0.26530612244897955,-12.489668252832438
58,0.2755102040816326,51.66073508197497
58,0.2857142857142857,-12.111787258364213
58,0.29591836734693877,-42.775320802435196
58,0.3061224489795918,-94.96422899741383
58,0.31632653061224486,2.564376161269749
58,0.32653061224489793,-27.30779070265871
58,0.336734693877551,-27.19384998276394
58,0.3469387755102041,15.99688843640831
58,0.3571428571428571,69.19340987848987
58,0.36734693877551017,27.614606402905704
58,0.37755102040816324,-13.23843015405783
58,0.3877551020408163,-6.673308730061121
58,0.39795918367346933,2.4432408182718603
58,0.4081632653061224,88.51151367786163
58,0.4183673469387755,-5.91481170293525
58,0.42857142857142855,-20.728542376901643
58,0.4387755102040816,-78.09041471408553
58,0.44897959183673464,-4.963997767325473
58,0.4591836734693877,3.937250222089478
58,0.4693877551020408,-32.55485433244895
58,0.47959183673469385,-4.790633244041924
58,0.4897959183673469,-6.089029053826927
59,0.0,428.63890000000004
59,0.017543859649122806,9.640082738040157
59,0.03508771929824561,-27.078302123784688
59,0.05263157894736842,-13.505752778612496
59,0.07017543859649122,-29.874981722467837
59,0.08771929824561403,-6.264499945427946
59,0.10526315789473684,0.008863980477723743
59,0.12280701754385964,19.109528424409177
59,0.14035087719298245,17.62046246709774
59,0.15789473684210525,10.85916640775024
59,0.17543859649122806,8.476384856645044
59,0.19298245614035087,-34.021396106878704
59,0.21052631578947367,-25.60083866181047
59,0.22807017543859648,-31.68239665943438
59,0.24561403508771928,14.501951706429429
59,0.2631578947368421,-9.115012913356084
59,0.2807017543859649,4.153454511926561
59,0.2982456140350877,34.198565940969516
59,0.3157894736842105,-31.695681952865737
59,0.3333333333333333,-19.154899999999998
59,0.3508771929824561,-31.70687619668723
59,0.3684210526315789,-11.160507538383262
59,0.38596491228070173,-6.910816220848512
59,0.40350877192982454,11.31043573744637
59,0.42105263157894735,0.21326660040910816
59,0.43859649122807015,-18.346972540703227
59,0.45614035087719296,22.269477225346485
59,0.47368421052631576,16.067746856391004
59,0.49122807017543857,20.051297907922077
60,0.0,474.85510000000005
60,0.014705882352941176,3.315960615835933
60,0.029411764705882353,-36.34450188758498
60,0.044117647058823525,-8.65038417486207
60,0.058823529411764705,-0.08806309654104894
60,0.07352941176470588,19.442350920286295
60,0.08823529411764705,1.6327085354212976
60,0.10294117647058823,-2.1743798719588057
60,0.11764705882352941,-33.46425262392616
60,0.1323529411764706,-17.512244562728668
60,0.14705882352941177,-9.596545349431025
60,0.16176470588235295,9.56187923944797
60,0.1764705882352941,3.527348782895025
60,0.19117647058823528,-2.1981603388327677
60,0.20588235294117646,-7.936968949117489
60,0.22058823529411764,-12.538054633763096
60,0.23529411764705882,15.365647093220893
60,0.25,-1.8778000000000077
60,0.2647058823529412,6.291216971697671
60,0.27941176470588236,-3.6059668696518825
60,0.29411764705882354,-26.84204402203333
60,0.3088235294117647,-18.23746646536289
60,0.3235294117647059,-23.31984457096555
60,0.3382352941176471,-6.926368485815038
60,0.3529411764705882,5.08479827459844
60,0.3676470588235294,7.004616214175563
60,0.38235294117647056,41.50382184286552
60,0.39705882352941174,-35.75221538238807
60,0.4117647058823529,23.578367355946657
60,0.4264705882352941,-5.0200400143986235
60,0.4411764705882353,-26.486286592885463
60,0.45588235294117646,14.111851646922341
60,0.47058823529411764,-8.180201764160518
60,0.4852941176470588,-12.308777836906174
61,0.0,367.5422
61,0.02127659574468085,-16.390047399852772
61,0.0425531914893617,-19.179051607146857
61,0.06382978723404255,9.97347456533917
61,0.0851063829787234,0.4520964642382985
61,0.10638297872340426,-5.4313237667882035
61,0.1276595744680851,-7.955351440621204
61,0.14893617021276595,7.6332219399287435
61,0.1702127659574468,-13.979384490858665
61,0.19148936170212766,-1.5597510507249446
61,0.2127659574468085,-17.938162767195696
61,0.23404255319148937,-6.19081900906901
61,0.2553191489361702,22.121486412988666
61,0.2765957446808511,16.613058989349582
61,0.2978723404255319,-26.518445902466
61,0.3191489361702128,-23.65485926100403
61,0.3404255319148936,23.13002018365168
61,0.36170212765957444,44.91486608870414
61,0.3829787234042553,-5.138260941959549
61,0.40425531914893614,20.501122597907194
61,0.425531914893617,-25.448568408458755
61,0.44680851063829785,-17.365624330679722
61,0.46808510638297873,-3.326447846801348
61,0.48936170212765956,-21.32989901848078
62,0.0,728.4748000000003
62,0.012048192771084338,0.14219539680855675
62,0.024096385542168676,-12.092965176808523
62,0.03614457831325302,-12.606030633059529
62,0.04819277108433735,16.69942221105095
62,0.060240963855421686,-19.83827783480205
62,0.07228915662650603,-17.823602076953765
62,0.08433734939759037,-10.290467187977697
62,0.0963855421686747,24.862328764996494
62,0.10843373493975904,3.9958331036862695
62,0.12048192771084337,-9.704941485558376
62,0.13253012048192772,-13.228557832750042
62,0.14457831325301207,-32.96717909821104
62,0.1566265060240964,-0.8121141454326057
62,0.16867469879518074,-5.755723203003949
62,0.18072289156626506,-8.647553723111315
62,0.1927710843373494,-9.952115034303631
62,0.20481927710843376,-21.00844059853159
62,0.21686746987951808,-49.467439608738
62,0.22891566265060243,10.026880628555688
62,0.24096385542168675,26.721518078572597
62,0.2530120481927711,-25.55498299112124
62,0.26506024096385544,6.1060292358137644
62,0.27710843373493976,-13.382479668856575
62,0.28915662650602414,47.71904652625088
62,0.30120481927710846,-28.99599830370907
62,0.3132530120481928,-40.32602538153571
62,0.3253012048192771,-39.661189732951925
62,0.3373493975903615,31.098817239801992
62,0.3493975903614458,4.975819951436517
62,0.3614457831325301,-6.369951088703475
62,0.3734939759036145,-13.449693160182722
62,0.3855421686746988,33.73836584358259
62,0.39759036144578314,18.198954088967966
62,0.4096385542168675,-12.41627984298163
62,0.42168674698795183,65.68912686343906
62,0.43373493975903615,12.561563318631705
62,0.44578313253012053,-43.28193762783775
62,0.45783132530120485,61.0337656860986
62,0.46987951807228917,-19.5411757792033
62,0.4819277108433735,-56.347535972785806
62,0.49397590361445787,-48.75070974858168
63,0.0,643.8122
63,0.013157894736842105,31.432531047077752
63,0.02631578947368421,-17.364282676262548
63,0.039473684210526314,-4.95637987589356
63,0.05263157894736842,15.246233476390898
63,0.06578947368421052,-26.21622420632181
63,0.07894736842105263,-13.702585369384199
63,0.09210526315789473,36.30641773841205
63,0.10526315789473684,1.7940475171092674
63,0.11842105263157894,-39.065373145385095
63,0.13157894736842105,11.665238810460176
63,0.14473684210526316,-20.365937782464286
63,0.15789473684210525,-0.563862190801558
63,0.17105263157894735,1.5767946024206605
63,0.18421052631578946,-25.903371967171765
63,0.19736842105263158,-23.74480018911763
63,0.21052631578947367,-11.752713803239141
63,0.22368421052631576,-31.25472884236031
63,0.23684210526315788,-43.37652844412079
63,0.25,-13.428300000000007
63,0.2631578947368421,34.4844906647429
63,0.2763157894736842,-0.38043310696731325
63,0.2894736842105263,-20.824017738809843
63,0.3026315789473684,-54.84591092704903
63,0.3157894736842105,-18.86466168030445
63,0.3289473684210526,23.513857211129107
63,0.3421052631578947,-34.67435687703194
63,0.35526315789473684,36.95951162997887
63,0.3684210526315789,-24.30110466553579
63,0.381578947368421,-9.742688670450832
63,0.39473684210526316,-11.910472678914545
63,0.40789473684210525,-14.720980213233997
63,0.42105263157894735,50.570240275261256
63,0.43421052631578944,7.75288161486521
63,0.4473684210526315,35.94937694123544
63,0.4605263157894737,-1.8559420047674866
63,0.47368421052631576,18.087530406376615
63,0.48684210526315785,-12.060594879872225
64,0.0,862.7812
64,0.010309278350515464,-3.2467418265927392
64,0.020618556701030927,-30.661228139257517
64,0.030927835051546393,1.7920167245280965
64,0.041237113402061855,20.000796661912187
64,0.05154639175257732,13.413664934117392
64,0.061855670103092786,-3.1106933198685205
64,0.07216494845360824,48.3135265810477
64,0.08247422680412371,19.434230695699718
64,0.09278350515463918,-17.1704522478404
64,0.10309278350515463,31.201037110429652
64,0.1134020618556701,-15.768743497511746
64,0.12371134020618557,-22.191232893737627
64,0.13402061855670103,-19.218374318245584
64,0.14432989690721648,-27.75716170917822
64,0.15463917525773196,8.013332003955291
64,0.16494845360824742,-28.63187574579205
64,0.17525773195876287,-62.82099239627572
64,0.18556701030927836,-23.51060679874256
64,0.1958762886597938,12.886830325811484
64,0.20618556701030927,22.163026511960012
64,0.21649484536082475,-24.309434337168703
64,0.2268041237113402,-23.872561824178028
64,0.23711340206185566,-82.02976842019872
64,0.24742268041237114,16.457612778154882
64,0.25773195876288657,12.94725476011541
64,0.26804123711340205,-53.52049501615438
64,0.27835051546391754,-2.4146470245939033
64,0.28865979381443296,-36.059117531995454
64,0.29896907216494845,13.702582998200596
64,0.30927835051546393,31.204503373127622
64,0.31958762886597936,-53.08928734505725
64,0.32989690721649484,-18.951655562945945
64,0.3402061855670103,-37.971299974368954
64,0.35051546391752575,21.99963446248114
64,0.36082474226804123,24.87616735457187
64,0.3711340206185567,13.23026791961022
64,0.38144329896907214,35.85784592046382
64,0.3917525773195876,11.693622198694676
64,0.4020618556701031,-4.6057779424753384
64,0.41237113402061853,-3.2889957904550533
64,0.422680412371134,0.6809151446243211
64,0.4329896907216495,-52.022758959368865
64,0.44329896907216493,-26.037571129337444
64,0.4536082474226804,36.233634547405146
64,0.4639175257731959,47.60746467759027
64,0.4742268041237113,8.619410923766008
64,0.4845360824742268,3.8390865959713656
64,0.4948453608247423,-33.752391452898806
65,0.0,447.4044999999999
65,0.018867924528301886,-0.6063309826714871
65,0.03773584905660377,-10.988733739787335
65,0.05660377358490566,-15.11573055201874
65,0.07547169811320754,31.482577067414482
65,0.09433962264150943,3.0881606538498687
65,0.11320754716981132,-24.814868086192817
65,0.1320754716981132,-60.02378870590632
65,0.1509433962264151,13.75433326659467
65,0.16981132075471697,-28.71751940200042
65,0.18867924528301885,9.598760609779855
65,0.20754716981132074,1.8194899786637073
65,0.22641509433962265,10.9580330080428
65,0.24528301886792453,-2.8582308521149518
65,0.2641509433962264,-10.65911544860465
65,0.2830188679245283,-18.988577119950463
65,0.3018867924528302,2.0511613098387036
65,0.32075471698113206,-3.0832261413609494
65,0.33962264150943394,-12.97810354458964
65,0.3584905660377358,15.85343227731666
65,0.3773584905660377,-10.049363699190563
65,0.3962264150943396,-11.42339107615236
65,0.4150943396226415,13.738992810588986
65,0.43396226415094336,-20.22760511528879
65,0.4528301886792453,23.474813494621753
65,0.4716981132075472,9.043745365521305
65,0.49056603773584906,-28.836365376403197
66,0.0,852.9809
66,0.01098901098901099,-13.351920889798409
66,0.02197802197802198,-15.962022800529246
66,0.03296703296703297,10.63511970723495
66,0.04395604395604396,18.1297310416234
66,0.05494505494505495,-47.946393566944494
66,0.06593406593406594,9.364892028685194
66,0.07692307692307693,2.95445445392647
66,0.08791208791208792,-33.482031058718746
66,0.09890109890109891,1.2054481215879023
66,0.1098901098901099,-10.300717303750082
66,0.1208791208791209,-13.355851670067839
66,0.13186813186813187,22.615340326461165
66,0.14285714285714288,-45.823295725319895
66,0.15384615384615385,29.227747572049132
66,0.16483516483516486,-13.102298350484926
66,0.17582417582417584,31.05253292783405
66,0.18681318681318682,-2.1041789035352503
66,0.19780219780219782,-11.07993406488255
66,0.2087912087912088,-29.619005416342805
66,0.2197802197802198,5.695214850287803
66,0.23076923076923078,4.569119647893819
66,0.2417582417582418,-49.686405356690095
66,0.2527472527472528,27.690270793923403
66,0.26373626373626374,3.4988760071309706
66,0.27472527472527475,-4.635007832071379
66,0.28571428571428575,24.104895467343937
66,0.2967032967032967,-34.242335577554755
66,0.3076923076923077,-15.796136205265185
66,0.3186813186813187,-28.743744094297483
66,0.3296703296703297,13.94191929217778
66,0.34065934065934067,10.746131090916904
66,0.3516483516483517,-33.11796752323989
66,0.3626373626373627,-33.46080962701576
66,0.37362637362637363,-45.029398288219035
66,0.38461538461538464,8.874148534618833
66,0.39560439560439564,44.41467560211664
66,0.40659340659340665,46.38654876340702
66,0.4175824175824176,-38.513731518119585
66,0.4285714285714286,23.768300257976094
66,0.4395604395604396,-26.277037290612018
66,0.45054945054945056,1.2005280548049377
66,0.46153846153846156,-32.60233400322307
66,0.47252747252747257,7.468339378333539
66,0.4835164835164836,-34.38575274998437
66,0.4945054945054945,22.453675896333166
67,0.0,615.4757999999999
67,0.013513513513513514,36.42302705304994
67,0.02702702702702703,-32.998979291910835
67,0.04054054054054054,-0.19521358146929302
67,0.05405405405405406,-33.805099753084015
67,0.06756756756756757,-30.850505833523393
67,0.08108108108108109,8.1256551521602
67,0.0945945945945946,-19.44003571510121
67,0.10810810810810811,24.40855341285816
67,0.12162162162162163,16.38818729929453
67,0.13513513513513514,-39.39632323253679
67,0.14864864864864866,-40.8226717966878
67,0.16216216216216217,9.277688726283204
67,0.17567567567567569,30.57177408999535
67,0.1891891891891892,14.709095781644146
67,0.20270270270270271,19.881794090487713
67,0.21621621621621623,-33.09992351357859
67,0.22972972972972974,-10.350849489609056
67,0.24324324324324326,29.837488548685585
67,0.2567567567567568,-9.711334652994593
67,0.2702702702702703,-40.61728668054759
67,0.28378378378378377,-3.6849563069329125
67,0.2972972972972973,65.25336161795741
67,0.31081081081081086,-17.51067347356922
67,0.32432432432432434,8.667654411360921
67,0.33783783783783783,-36.92671075185849
67,0.35135135135135137,6.7996192466011465
67,0.3648648648648649,0.47464456813392886
67,0.3783783783783784,7.146156430472937
67,0.3918918918918919,-42.88790943281959
67,0.40540540540540543,-12.18654171406719
67,0.41891891891891897,-62.27785042724397
67,0.43243243243243246,-65.10414940404837
67,0.44594594594594594,-1.931446411368718
67,0.4594594594594595,29.81566040839255
67,0.472972972972973,27.672530772216795
67,0.4864864864864865,11.966369853357172
68,0.0,400.3873
68,0.018867924528301886,4.12920398119536
68,0.03773584905660377,-5.532069481320988
68,0.05660377358490566,23.208680119912295
68,0.07547169811320754,-4.310003448459913
68,0.09433962264150943,-14.602065950984695
68,0.11320754716981132,-12.406839674150683
68,0.1320754716981132,6.890414871324587
68,0.1509433962264151,-9.360801947848715
68,0.16981132075471697,6.296205605764889
68,0.18867924528301885,15.28134881830924
68,0.20754716981132074,-10.04603550698558
68,0.22641509433962265,-25.67775830497989
68,0.24528301886792453,6.925379320512155
68,0.2641509433962264,-12.943198963471763
68,0.2830188679245283,-3.450474452262845
68,0.3018867924528302,5.126225426948136
68,0.32075471698113206,-5.796493509057652
68,0.33962264150943394,9.295922632165425
68,0.3584905660377358,11.911038534616573
68,0.3773584905660377,1.5486771053224588
68,0.3962264150943396,-28.6978328053954
68,0.4150943396226415,-22.056389138463228
68,0.43396226415094336,-2.6538339777894677
68,0.4528301886792453,-34.52065614405987
68,0.4716981132075472,-1.7277607779491477
68,0.49056603773584906,2.1702676671088437
69,0.0,577.1053
69,0.014492753623188406,13.679918995151315
69,0.028985507246376812,-26.690424169822165
69,0.043478260869565216,-15.205896588107825
69,0.057971014492753624,26.16720682775837
69,0.07246376811594203,-2.1081712051848385
69,0.08695652173913043,-1.485535712490681
69,0.10144927536231885,-0.7736991509069551
69,0.11594202898550725,-6.117171536594864
69,0.13043478260869565,-10.964728465699466
69,0.14492753623188406,-14.381262731880968
69,0.15942028985507248,-18.637814042666484
69,0.17391304347826086,-0.4578682903428408
69,0.18840579710144928,10.389113531883288
69,0.2028985507246377,-22.050638832015828
69,0.21739130434782608,-46.377574137560416
69,0.2318840579710145,-17.330610194732976
69,0.2463768115942029,-16.901288278865394
69,0.2608695652173913,-5.6033058894692065
69,0.2753623188405797,12.255654741594139
69,0.2898550724637681,-5.760248663992877
69,0.30434782608695654,11.886922964111287
69,0.31884057971014496,-12.752695306635987
69,0.3333333333333333,-28.69969999999998
69,0.34782608695652173,32.62713203075234
69,0.36231884057971014,4.181838272335627
69,0.37681159420289856,-1.501935822650784
69,0.391304347826087,-9.843738359382897
69,0.4057971014492754,-1.7951154640964384
69,0.42028985507246375,14.745522346635273
69,0.43478260869565216,-28.18887923842297
69,0.4492753623188406,-11.519913520262488
69,0.463768115942029,39.825232232274594
69,0.4782608695652174,-1.7268783133872727
69,0.4927536231884058,-18.29569802732337
70,0.0,789.0656999999999
70,0.011627906976744186,-42.21248423051523
70,0.023255813953488372,-14.221715248308946
70,0.03488372093023256,-34.96933085232243
70,0.046511627906976744,12.88178726609183
70,0.05813953488372093,50.97936847678508
70,0.06976744186046512,-28.85083354255318
70,0.08139534883720931,18.313090480856772
70,0.09302325581395349,-23.207198359895237
70,0.10465116279069767,22.56495539702238
70,0.11627906976744186,-5.500288181453477
70,0.12790697674418605,19.860745562762204
70,0.13953488372093023,-21.529274342835933
70,0.1511627906976744,25.872021198995228
70,0.16279069767441862,4.253148132646135
70,0.1744186046511628,-30.38898087192528
70,0.18604651162790697,-5.0838056965151255
70,0.19767441860465115,-20.621881538232387
70,0.20930232558139533,-0.39777973376850895
70,0.22093023255813954,-20.108203738238963
70,0.23255813953488372,39.062493834336834
70,0.2441860465116279,-24.16780154070503
70,0.2558139534883721,-47.74030140010824
70,0.26744186046511625,-20.551512698144833
70,0.27906976744186046,-39.796523070240596
70,0.29069767441860467,14.291092632099689
70,0.3023255813953488,-35.35230183750504
70,0.313953488372093,-9.761661681520149
70,0.32558139534883723,12.936822138737934
70,0.3372093023255814,4.814900871366564
70,0.3488372093023256,-9.692607062043734
70,0.36046511627906974,24.960148160953786
70,0.37209302325581395,-11.896332570544118
70,0.38372093023255816,65.08933088984014
70,0.3953488372093023,57.18922910326642
70,0.4069767441860465,-78.81835732083096
70,0.41860465116279066,-25.868053545444454
70,0.43023255813953487,14.540849187912425
70,0.4418604651162791,-15.393693346042795
70,0.45348837209302323,14.641726726100366
70,0.46511627906976744,-3.666527027802122
70,0.47674418604651164,-22.206315112259325
70,0.4883720930232558,6.530554489982421
71,0.0,661.1964
71,0.013513513513513514,-33.551564755453995
71,0.02702702702702703,18.370183599160203
71,0.04054054054054054,22.67800048273319
71,0.05405405405405406,-28.733461229539053
71,0.06756756756756757,25.572177997575256
71,0.08108108108108109,-7.194050339213795
71,0.0945945945945946,9.56047513929761
71,0.10810810810810811,-0.8838285222029789
71,0.12162162162162163,-19.880520540861347
71,0.13513513513513514,-14.439331187355588
71,0.14864864864864866,-8.80315942707095
71,0.16216216216216217,-3.185416614948071
71,0.17567567567567569,-42.78588183431522
71,0.1891891891891892,-11.704196520228187
71,0.20270270270270271,-23.393765245019736
71,0.21621621621621623,-25.908375118179656
71,0.22972972972972974,-9.837948016203494
71,0.24324324324324326,-25.80163445490787
71,0.2567567567567568,-26.662752260229247
71,0.2702702702702703,2.1614723753420293
71,0.28378378378378377,-11.324609493864031
71,0.2972972972972973,-22.768990822188556
71,0.31081081081081086,-8.296637198396823
71,0.32432432432432434,-6.627673327037915
71,0.33783783783783783,26.626029063689828
71,0.35135135135135137,18.00439727242709
71,0.3648648648648649,-18.87852430632515
71,0.3783783783783784,5.204290773646976
71,0.3918918918918919,11.640794444470725
71,0.40540540540540543,20.1946215474282
71,0.41891891891891897,-20.65926186967831
71,0.43243243243243246,-13.459152108935388
71,0.44594594594594594,23.860508763170294
71,0.4594594594594595,9.97100739593994
71,0.472972972972973,-21.821160943518596
71,0.4864864864864865,28.614437280792696
72,0.0,683.9660000000001
72,0.012658227848101266,17.74519899438896
72,0.02531645569620253,-16.084310615586794
72,0.0379746835443038,-53.59168733069184
72,0.05063291139240506,-2.815591475188082
72,0.06329113924050633,-34.64596125374803
72,0.0759493670886076,-7.228427250136903
72,0.08860759493670886,-14.713430079694099
72,0.10126582278481013,11.148393509495047
72,0.11392405063291139,-4.775228320872301
72,0.12658227848101267,-7.657970361927905
72,0.13924050632911392,2.315544015204555
72,0.1518987341772152,25.15578711286734
72,0.16455696202531644,-35.61746769246326
72,0.17721518987341772,9.826089857727567
72,0.18987341772151897,2.9804296904462824
72,0.20253164556962025,45.334225834057555
72,0.21518987341772153,-1.4349821293906189
72,0.22784810126582278,-14.669530557243686
72,0.24050632911392406,-17.16218153411694
72,0.25316455696202533,2.556373190478178
72,0.26582278481012656,13.36889268022492
72,0.27848101265822783,-1.2001601470176926
72,0.2911392405063291,8.57150217642843
72,0.3037974683544304,0.9774805343924857
72,0.31645569620253167,-21.036409616159858
72,0.3291139240506329,-10.75009864851794
72,0.34177215189873417,-22.931784083600547
72,0.35443037974683544,-38.06377286461167
72,0.3670886075949367,0.2677455836485052
72,0.37974683544303794,-14.804172299043142
72,0.3924050632911392,-19.46300811044236
72,0.4050632911392405,44.66192204525229
72,0.4177215189873418,57.221625496694024
72,0.43037974683544306,-9.628428318363971
72,0.4430379746835443,-20.29872095985055
72,0.45569620253164556,-37.01114098137036
72,0.46835443037974683,-12.782535683126966
72,0.4810126582278481,-23.61764316303593
72,0.49367088607594933,5.726832754894803
73,0.0,706.4003
73,0.013157894736842105,-40.84344807238418
73,0.02631578947368421,-7.717699711138632
73,0.039473684210526314,-113.59861490520778
73,0.05263157894736842,10.42448436521784
73,0.06578947368421052,40.61763990939481
73,0.07894736842105263,-6.306750593211612
73,0.09210526315789473,10.462437790984026
73,0.10526315789473684,19.105358175920976
73,0.11842105263157894,29.44527849720185
73,0.13157894736842105,1.8464821181654756
73,0.14473684210526316,-13.205697481646494
73,0.15789473684210525,-30.782653461101606
73,0.17105263157894735,-14.98556441760898
73,0.18421052631578946,-34.269594596865986
73,0.19736842105263158,-3.155585372297324
73,0.21052631578947367,9.227738180578442
73,0.22368421052631576,-18.315777336083755
73,0.23684210526315788,-19.50051165114014
73,0.25,-35.23320000000001
73,0.2631578947368421,13.396974918835564
73,0.2763157894736842,-3.7355858706992606
73,0.2894736842105263,-5.8315421402356336
73,0.3026315789473684,-20.774652643771866
73,0.3157894736842105,38.17694377511056
73,0.3289473684210526,-17.144447932713195
73,0.3421052631578947,4.442246063885907
73,0.35526315789473684,-0.6789518145049005
73,0.3684210526315789,-25.41172894366671
73,0.381578947368421,23.10330091492816
73,0.39473684210526316,27.829333433890717
73,0.40789473684210525,-18.431883484801936
73,0.42105263157894735,5.104530578755893
73,0.43421052631578944,-20.532637407560667
73,0.4473684210526315,0.32368707664990737
73,0.4605263157894737,13.89176611125221
73,0.47368421052631576,-9.717197589650933
73,0.48684210526315785,3.4769235155193137
74,0.0,609.5412
74,0.014084507042253521,-26.869386773564546
74,0.028169014084507043,-27.62644079888193
74,0.04225352112676056,17.215103382714556
74,0.056338028169014086,30.91456147406176
74,0.07042253521126761,-6.366082766001661
74,0.08450704225352113,10.298221274255933
74,0.09859154929577466,-85.0682111923158
74,0.11267605633802817,-14.484576103734163
74,0.1267605633802817,-39.87713200315986
74,0.14084507042253522,16.24613056725303
74,0.15492957746478875,-19.494605441201983
74,0.16901408450704225,29.604678523049554
74,0.18309859154929578,18.611307255811962
74,0.1971830985915493,-43.93035673414053
74,0.2112676056338028,-1.7950363621611807
74,0.22535211267605634,-15.875361600486755
74,0.23943661971830987,20.3632158097106
74,0.2535211267605634,10.149191140425351
74,0.26760563380281693,0.49245080875652647
74,0.28169014084507044,-28.095027097176043
74,0.29577464788732394,30.529075932897165
74,0.3098591549295775,0.7767554056818788
74,0.323943661971831,27.539043930131484
74,0.3380281690140845,-7.670148786524875
74,0.35211267605633806,-63.37832024586802
74,0.36619718309859156,11.37240906644314
74,0.38028169014084506,-13.574550686191284
74,0.3943661971830986,-12.363103337948877
74,0.4084507042253521,-25.46837525246624
74,0.4225352112676056,49.41118970643532
74,0.4366197183098592,-1.7655327274282602
74,0.4507042253521127,-55.49132476883966
74,0.4647887323943662,7.413627057037747
74,0.47887323943661975,15.497744567616088
74,0.49295774647887325,20.87186677580983
75,0.0,669.7423
75,0.012987012987012988,-33.13266082561955
75,0.025974025974025976,-22.746311318157247
75,0.03896103896103896,-22.99095540388263
75,0.05194805194805195,-4.004026586494167
75,0.06493506493506494,-0.08191349330513997
75,0.07792207792207792,-3.045151656139481
75,0.09090909090909091,13.416218159596824
75,0.1038961038961039,26.870124733801546
75,0.1168831168831169,-6.423335257382243
75,0.12987012987012989,8.432232430079104
75,0.14285714285714288,-7.060982694566604
75,0.15584415584415584,5.456097695481297
75,0.16883116883116883,23.891213001011486
75,0.18181818181818182,-7.428752026025542
75,0.19480519480519481,21.37420941180536
75,0.2077922077922078,-18.979110290109805
75,0.2207792207792208,9.866890515753145
75,0.2337662337662338,2.7931623346762082
75,0.24675324675324678,-33.06751035794423
75,0.25974025974025977,-40.176888931745324
75,0.27272727272727276,-29.694385610964964
75,0.28571428571428575,-59.214246792793446
75,0.29870129870129875,27.60131310726866
75,0.3116883116883117,-22.816951204529232
75,0.3246753246753247,26.523905433901845
75,0.33766233766233766,-8.032017095002072
75,0.35064935064935066,-16.686306316637214
75,0.36363636363636365,20.527336717243617
75,0.37662337662337664,9.076245795336456
75,0.38961038961038963,-19.168206319866048
75,0.4025974025974026,6.6051378567793675
75,0.4155844155844156,-19.118193954374398
75,0.4285714285714286,9.172829487360161
75,0.4415584415584416,-17.095961087784993
75,0.4545454545454546,-3.3080172398499146
75,0.4675324675324676,-25.57870623265136
75,0.48051948051948057,22.406675544950218
75,0.49350649350649356,-4.920951529219434
76,0.0,744.054
76,0.010526315789473684,2.9733583374706107
76,0.021052631578947368,23.098997846069146
76,0.031578947368421054,-16.669328189174294
76,0.042105263157894736,6.132560646965636
76,0.05263157894736842,60.44533521793942
76,0.06315789473684211,-52.70085062510801
76,0.07368421052631578,-24.287364525581985
76,0.08421052631578947,-1.2504232098370487
76,0.09473684210526316,12.592942231831373
76,0.10526315789473684,-1.4719842437226056
76,0.11578947368421053,-25.920503647617913
76,0.12631578947368421,12.102659698357636
76,0.1368421052631579,30.913664505647358
76,0.14736842105263157,-26.152941277681307
76,0.15789473684210525,-24.24883864769383
76,0.16842105263157894,-42.366722049855404
76,0.17894736842105263,-16.948544283038803
76,0.18947368421052632,-30.356974187231835
76,0.19999999999999998,32.23632730780895
76,0.21052631578947367,37.16363197540294
76,0.22105263157894736,-7.069504754603514
76,0.23157894736842105,-11.163693886912183
76,0.24210526315789474,-30.510594799973255
76,0.25263157894736843,-9.830752878241524
76,0.2631578947368421,0.5010551890679587
76,0.2736842105263158,-25.369988296514798
76,0.28421052631578947,-36.44634099560191
76,0.29473684210526313,-54.24213397260817
76,0.30526315789473685,11.320948853776585
76,0.3157894736842105,-1.1502058285018855
76,0.3263157894736842,-10.476915381047185
76,0.3368421052631579,10.471689757140107
76,0.34736842105263155,21.87449503415435
76,0.35789473684210527,4.8869184376457255
76,0.3684210526315789,6.782814138492201
76,0.37894736842105264,10.158573182570418
76,0.3894736842105263,6.954708000101267
76,0.39999999999999997,-12.164827307808949
76,0.4105263157894737,9.295607700646997
76,0.42105263157894735,-30.37816579535774
76,0.43157894736842106,8.213882892806287
76,0.4421052631578947,23.90909982172562
76,0.4526315789473684,-54.41706662332693
76,0.4631578947368421,-23.224404207611677
76,0.47368421052631576,52.667457994373486
76,0.4842105263157895,29.7573766686457
76,0.49473684210526314,-37.72253582398722
77,0.0,593.0833
77,0.013888888888888888,-34.68553849921558
77,0.027777777777777776,30.628236580545135
77,0.041666666666666664,4.786235496221279
77,0.05555555555555555,1.205665134934196
77,0.06944444444444445,5.737913878692875
77,0.08333333333333333,-10.029689367112546
77,0.09722222222222221,17.437982155530605
77,0.1111111111111111,35.50216267367958
77,0.125,-16.549197137518775
77,0.1388888888888889,-24.669782610816405
77,0.15277777777777776,-7.971761898333809
77,0.16666666666666666,-3.0513500000000118
77,0.18055555555555555,-13.21260729377704
77,0.19444444444444442,-67.00227485659225
77,0.20833333333333331,-17.770701375866373
77,0.2222222222222222,51.479764612669044
77,0.2361111111111111,-24.544248023627297
77,0.25,16.9178
77,0.2638888888888889,6.2833001789228184
77,0.2777777777777778,31.608556212947875
77,0.29166666666666663,-11.812901970561594
77,0.3055555555555555,29.609463057510563
77,0.3194444444444444,-38.188291417062736
77,0.3333333333333333,4.53055
77,0.3472222222222222,-10.01248843830542
77,0.3611111111111111,-16.96356601552791
77,0.375,-24.97720286248122
77,0.38888888888888884,4.25707865211794
77,0.40277777777777773,2.3016312323004016
77,0.41666666666666663,-53.613110632887434
77,0.4305555555555555,1.8704854167587799
77,0.4444444444444444,10.376772713651366
77,0.4583333333333333,23.566567850206667
77,0.4722222222222222,1.337523844880847
77,0.4861111111111111,-42.46077729188359
78,0.0,603.8374
78,0.013888888888888888,37.341341659152086
78,0.027777777777777776,18.274755900031792
78,0.041666666666666664,-35.82085272124169
78,0.05555555555555555,-14.347794159684994
78,0.06944444444444445,12.793755439210775
78,0.08333333333333333,-3.0430933219935827
78,0.09722222222222221,10.286006927002184
78,0.1111111111111111,-54.931071817101284
78,0.125,-12.938193118966147
78,0.1388888888888889,-10.819669739820675
78,0.15277777777777776,7.057255680911746
78,0.16666666666666666,-37.24779999999999
78,0.18055555555555555,5.2630821730903214
78,0.19444444444444442,22.18781449580601
78,0.20833333333333331,-19.81868944106823
78,0.2222222222222222,5.607534369691283
78,0.2361111111111111,-8.396963107421211
78,0.25,-15.723800000000011
78,0.2638888888888889,-46.44338403706263
78,0.2777777777777778,-42.15678157569067
78,0.29166666666666663,-22.29483243565167
78,0.3055555555555555,-9.21043492407825
78,0.3194444444444444,14.691644598777188
78,0.3333333333333333,57.9322
78,0.3472222222222222,-8.540781062411755
78,0.3611111111111111,14.46435095530822
78,0.375,28.212593118966147
78,0.38888888888888884,35.658775735375656
78,0.40277777777777773,-31.546616860884107
78,0.41666666666666663,-22.616306678006417
78,0.4305555555555555,-26.250047899788278
78,0.4444444444444444,31.890237447410016
78,0.4583333333333333,-2.210225402038386
78,0.4722222222222222,13.624283312752894
78,0.4861111111111111,-26.875693510576305
79,0.0,646.4787
79,0.012345679012345678,11.750091820565448
79,0.024691358024691357,15.404491914036853
79,0.037037037037037035,-2.7264597381157163
79,0.04938271604938271,14.180947390102588
79,0.06172839506172839,-10.0563284242359
79,0.07407407407407407,-18.24176201130351
79,0.08641975308641975,-4.808555424944037
79,0.09876543209876543,2.5155438353171284
79,0.1111111111111111,-33.3409910610113
79,0.12345679012345678,-10.261659247702006
79,0.13580246913580246,-4.086022813534079
79,0.14814814814814814,-10.418164075387619
79,0.16049382716049382,2.4284894167790245
79,0.1728395061728395,-18.77841710625089
79,0.18518518518518517,-12.39355061852196
79,0.19753086419753085,-47.56964551417681
79,0.20987654320987653,-13.040384890320988
79,0.2222222222222222,26.030042601982927
79,0.2345679012345679,5.754020419352144
79,0.24691358024691357,-37.95151080820065
79,0.25925925925925924,6.531891989668189
79,0.2716049382716049,-34.04672889508685
79,0.2839506172839506,13.05874170247684
79,0.2962962962962963,34.86904886960173
79,0.30864197530864196,-5.159604425801923
79,0.32098765432098764,10.559117108716562
79,0.3333333333333333,26.908949999999976
79,0.345679012345679,23.39133860977575
79,0.35802469135802467,-56.217007833651564
79,0.37037037037037035,-3.416981540024267
79,0.38271604938271603,-27.33993444362793
79,0.3950617283950617,-40.882217405745585
79,0.4074074074074074,39.85302123928684
79,0.41975308641975306,5.826815217755065
79,0.43209876543209874,16.65970156096687
79,0.4444444444444444,9.665648459028398
79,0.4567901234567901,-19.967895907449986
79,0.4691358024691358,-62.355097528697826
79,0.48148148148148145,5.890355884796322
79,0.49382716049382713,30.140911673582732
80,0.0,544.5830000000001
80,0.014084507042253521,15.21215773807222
80,0.028169014084507043,4.175357660318223
80,0.04225352112676056,3.4064936041562746
80,0.056338028169014086,-19.732508627366364
80,0.07042253521126761,4.074577387874912
80,0.08450704225352113,0.04706306039747332
80,0.09859154929577466,-0.49201695351924357
80,0.11267605633802817,0.47758936846108035
80,0.1267605633802817,-41.212253441667904
80,0.14084507042253522,-15.386916340111098
80,0.15492957746478875,38.87466315277558
80,0.16901408450704225,-24.497684066358282
80,0.18309859154929578,-14.784546532629262
80,0.1971830985915493,-14.814662820212245
80,0.2112676056338028,6.915946666623734
80,0.22535211267605634,-29.648055527971387
80,0.23943661971830987,11.156016207746251
80,0.2535211267605634,-45.14566405361032
80,0.26760563380281693,-4.533351098408746
80,0.28169014084507044,15.080944158580545
80,0.29577464788732394,-18.297766306413045
80,0.3098591549295775,40.14627709366586
80,0.323943661971831,-4.446590199240584
80,0.3380281690140845,12.836227333157492
80,0.35211267605633806,-42.40009557578643
80,0.36619718309859156,13.79358540651143
80,0.38028169014084506,-10.91055507377131
80,0.3943661971830986,-49.240060868668195
80,0.4084507042253521,16.587528081396957
80,0.4225352112676056,47.0747129482303
80,0.4366197183098592,-11.168471126624146
80,0.4507042253521127,-10.572682065922386
80,0.4647887323943662,-45.65883298460563
80,0.47887323943661975,27.227311356412518
80,0.49295774647887325,6.448362438506033
81,0.0,412.42600000000004
81,0.022727272727272728,5.28276029591971
81,0.045454545454545456,-12.423113824966176
81,0.06818181818181818,-12.734012162413741
81,0.09090909090909091,-24.48834647186521
81,0.11363636363636365,-11.700126797578768
81,0.13636363636363635,-7.375183181814895
81,0.1590909090909091,6.111935107870554
81,0.18181818181818182,-12.82227061637492
81,0.20454545454545456,-11.907685679972337
81,0.2272727272727273,-17.7502109684296
81,0.25,-13.526099999999985
81,0.2727272727272727,-0.047009676494765174
81,0.29545454545454547,17.444348182309938
81,0.3181818181818182,18.497242307342148
81,0.34090909090909094,-15.58895599654635
81,0.36363636363636365,-12.482935529426657
81,0.38636363636363635,1.9621819381534245
81,0.4090909090909091,6.022965667868501
81,0.4318181818181818,-18.131942014971695
81,0.4545454545454546,1.2839622941615447
81,0.4772727272727273,-9.800202872770738
82,0.0,795.4616
82,0.011494252873563218,-16.678844873694338
82,0.022988505747126436,8.638295157500325
82,0.034482758620689655,-16.996103084086066
82,0.04597701149425287,19.563389799189167
82,0.05747126436781609,21.05001450398114
82,0.06896551724137931,-19.114997806652017
82,0.08045977011494253,-5.399768845448568
82,0.09195402298850575,-16.84744626303544
82,0.10344827586206896,2.644052039363747
82,0.11494252873563218,-61.515857530133246
82,0.12643678160919541,-10.029410908798125
82,0.13793103448275862,-18.372006470044443
82,0.14942528735632182,-22.934070202748572
82,0.16091954022988506,-6.198385235159055
82,0.1724137931034483,8.913795838162368
82,0.1839080459770115,-21.804156368797074
82,0.1954022988505747,-6.5565618908150185
82,0.20689655172413793,12.889616775022496
82,0.21839080459770116,3.509750774081322
82,0.22988505747126436,18.37382889466194
82,0.24137931034482757,-30.759698862096904
82,0.25287356321839083,24.10360818650377
82,0.26436781609195403,-23.882090703236074
82,0.27586206896551724,10.409025044864126
82,0.28735632183908044,17.337981237236825
82,0.29885057471264365,-25.398068906221212
82,0.3103448275862069,-16.898685301208943
82,0.3218390804597701,-3.592952910175577
82,0.3333333333333333,-5.601099999999974
82,0.3448275862068966,-5.08657014940625
82,0.3563218390804598,-3.875893476404821
82,0.367816091954023,-35.39898030443503
82,0.3793103448275862,29.09915399826444
82,0.3908045977011494,-12.96003461598033
82,0.40229885057471265,-32.16373264830117
82,0.41379310344827586,-2.8589423018625606
82,0.42528735632183906,35.796213104270116
82,0.4367816091954023,1.6882708190967808
82,0.4482758620689655,-4.916698039582382
82,0.45977011494252873,-39.42295334871389
82,0.47126436781609193,-47.25422750510164
82,0.48275862068965514,-0.32559168073764866
82,0.4942528735632184,63.92523406067785
83,0.0,471.71320000000003
83,0.0196078431372549,-19.336115880868054
83,0.0392156862745098,-20.183511307776488
83,0.058823529411764705,-5.223587693679737
83,0.0784313725490196,4.483312864036986
83,0.09803921568627451,2.466136823511815
83,0.11764705882352941,10.74363204775128
83,0.13725490196078433,-47.158914075300146
83,0.1568627450980392,-13.312352110787202
83,0.1764705882352941,-3.951346924735151
83,0.19607843137254902,-32.48223075000067
83,0.21568627450980393,26.16097694317508
83,0.23529411764705882,9.323345370940176
83,0.2549019607843137,-21.052891935716005
83,0.27450980392156865,-16.353725881158148
83,0.29411764705882354,-22.168637929345813
83,0.3137254901960784,11.779822665746314
83,0.3333333333333333,-12.478099999999984
83,0.3529411764705882,-24.111178232988294
83,0.37254901960784315,-44.91681184772309
83,0.39215686274509803,2.9472204467021905
83,0.4117647058823529,48.47097204719924
83,0.43137254901960786,2.4812507855599963
83,0.45098039215686275,-6.912893384491184
83,0.47058823529411764,32.978001314858275
83,0.49019607843137253,-2.5973733549115106
84,0.0,650.4248
84,0.012987012987012988,-6.528066415089902
84,0.025974025974025976,-45.628545117221265
84,0.03896103896103896,-2.7721345770436816
84,0.05194805194805195,20.595113895580887
84,0.06493506493506494,13.21673564712786
84,0.07792207792207792,4.686406281450929
84,0.09090909090909091,-48.70121444443019
84,0.1038961038961039,24.318191294341517
84,0.1168831168831169,3.8257269584420186
84,0.12987012987012989,-28.86465011372931
84,0.14285714285714288,-2.4861442294502467
84,0.15584415584415584,-4.9215117141839055
84,0.16883116883116883,-39.03559551019575
84,0.18181818181818182,-10.676711024632148
84,0.19480519480519481,7.514771643385419
84,0.2077922077922078,-0.24353365449595632
84,0.2207792207792208,-10.304152210847931
84,0.2337662337662338,5.029814536907075
84,0.24675324675324678,-14.66315659179325
84,0.25974025974025977,2.213222351401267
84,0.27272727272727276,3.4845548752658946
84,0.28571428571428575,42.04961290856704
84,0.29870129870129875,-27.905760579418164
84,0.3116883116883117,-18.021475290302025
84,0.3246753246753247,-46.1545166821749
84,0.33766233766233766,49.4217415516688
84,0.35064935064935066,1.9239906691672042
84,0.36363636363636365,12.147875413899708
84,0.37662337662337664,-10.063141746405456
84,0.38961038961038963,-50.64917003739277
84,0.4025974025974026,25.535699386296415
84,0.4155844155844156,-23.439721781481165
84,0.4285714285714286,-3.718668679116753
84,0.4415584415584416,41.91785593298751
84,0.4545454545454546,-7.033954820103249
84,0.4675324675324676,-39.84137652698042
84,0.48051948051948057,-21.852504423706215
84,0.49350649350649356,24.5251928237053
85,0.0,698.942
85,0.014705882352941176,-21.21594732199482
85,0.029411764705882353,-38.99227821994896
85,0.044117647058823525,-13.874571811849549
85,0.058823529411764705,2.5088514182516484
85,0.07352941176470588,-49.56379714024524
85,0.08823529411764705,-1.0278293052123857
85,0.10294117647058823,-13.89387575814424
85,0.11764705882352941,-3.155169628698358
85,0.1323529411764706,-41.90254123584796
85,0.14705882352941177,-39.23173372234307
85,0.16176470588235295,17.601947315266735
85,0.1764705882352941,23.98758029775131
85,0.19117647058823528,-15.94580819470956
85,0.20588235294117646,-11.782469592997682
85,0.22058823529411764,31.232645833395754
85,0.23529411764705882,-31.065069235584787
85,0.25,-14.145700000000033
85,0.2647058823529412,22.283531958605643
85,0.27941176470588236,-40.4311181111524
85,0.29411764705882354,38.003284591063505
85,0.3088235294117647,0.2155002213447652
85,0.3235294117647059,16.00477673954313
85,0.3382352941176471,-14.571349906610786
85,0.3529411764705882,-9.689853631485576
85,0.3676470588235294,7.115166864798187
85,0.38235294117647056,14.606297233733605
85,0.39705882352941174,20.584133943461694
85,0.4117647058823529,-47.67326768812145
85,0.4264705882352941,-26.226452369607596
85,0.4411764705882353,38.58505490861975
85,0.45588235294117646,4.664755356148866
85,0.47058823529411764,-20.046606123176307
85,0.4852941176470588,15.483612315746067
86,0.0,496.79140000000007
86,0.017241379310344827,-27.224046302346355
86,0.034482758620689655,3.9711727806891304
86,0.05172413793103448,-12.28990539975359
86,0.06896551724137931,-19.530424725752606
86,0.08620689655172414,-2.055370801095256
86,0.10344827586206896,31.483141293253045
86,0.12068965517241378,-26.5568301131252
86,0.13793103448275862,2.4121920997896993
86,0.15517241379310345,9.144302064152019
86,0.1724137931034483,-6.666185962877229
86,0.1896551724137931,-48.318425830648025
86,0.20689655172413793,-19.786635065057983
86,0.22413793103448276,-19.865364150610866
86,0.24137931034482757,-15.098737455757178
86,0.25862068965517243,14.133304242239596
86,0.27586206896551724,18.614369607882587
86,0.29310344827586204,-5.285813199304417
86,0.3103448275862069,-5.316175251447124
86,0.3275862068965517,21.724687483222745
86,0.3448275862068966,-27.874522728837395
86,0.3620689655172414,25.986659054580954
86,0.3793103448275862,21.6517611910539
86,0.39655172413793105,15.749548866108558
86,0.41379310344827586,-32.273915279728676
86,0.43103448275862066,-9.700287411907748
86,0.4482758620689655,-22.835012937877547
86,0.46551724137931033,20.629541498487576
86,0.48275862068965514,5.324172434667407
87,0.0,707.9411
87,0.011904761904761904,18.37551280871059
87,0.023809523809523808,30.01810380083196
87,0.03571428571428571,-14.707322508224152
87,0.047619047619047616,-26.42898731984232
87,0.05952380952380952,-42.57455676068142
87,0.07142857142857142,-8.719329673472874
87,0.08333333333333333,-26.640035282386098
87,0.09523809523809523,43.041179715839355
87,0.10714285714285714,14.636536610404864
87,0.11904761904761904,-23.937593652028042
87,0.13095238095238093,-29.26713928621971
87,0.14285714285714285,-4.22230719179429
87,0.15476190476190477,-18.676379220203795
87,0.16666666666666666,3.0454000000000025
87,0.17857142857142855,-37.37128413463483
87,0.19047619047619047,-3.3416544619336737
87,0.20238095238095238,0.5808458014074667
87,0.21428571428571427,-37.36332345064579
87,0.22619047619047616,-31.003995388331496
87,0.23809523809523808,5.047077150090715
87,0.25,44.76789999999997
87,0.26190476190476186,-72.2278394200536
87,0.2738095238095238,-50.79895368701151
87,0.2857142857142857,16.69124169132403
87,0.2976190476190476,-33.0854015630012
87,0.30952380952380953,-16.78752636782803
87,0.3214285714285714,29.96316796715387
87,0.3333333333333333,1.3156999999999837
87,0.34523809523809523,-23.603025555236233
87,0.3571428571428571,-36.81674687588132
87,0.369047619047619,-17.694648388715855
87,0.38095238095238093,-11.396086004250124
87,0.39285714285714285,33.706263725747135
87,0.40476190476190477,-15.257888284796842
87,0.41666666666666663,83.15033528238611
87,0.42857142857142855,22.47456550047027
87,0.44047619047619047,21.549853044771755
87,0.45238095238095233,-24.33495607612545
87,0.46428571428571425,12.845138339553131
87,0.47619047619047616,3.082470920096057
87,0.4880952380952381,34.426988194511445
88,0.0,390.7261
88,0.018518518518518517,10.953676271361132
88,0.037037037037037035,15.430442350761767
88,0.05555555555555555,-12.98543353039876
88,0.07407407407407407,15.602792857658255
88,0.09259259259259259,4.308732327985162
88,0.1111111111111111,-29.927174801351864
88,0.12962962962962962,-10.09785781271608
88,0.14814814814814814,-24.944606025503287
88,0.16666666666666666,4.672550000000005
88,0.18518518518518517,16.21122676828581
88,0.2037037037037037,-10.30578111292943
88,0.2222222222222222,-14.281306805421437
88,0.24074074074074073,10.779739789178567
88,0.25925925925925924,-31.22621076886381
88,0.2777777777777778,4.282253514960352
88,0.2962962962962963,-16.695760436314043
88,0.31481481481481477,-8.791236719722251
88,0.3333333333333333,26.188150000000004
88,0.35185185185185186,-22.85170527835057
88,0.37037037037037035,30.878514271840068
88,0.38888888888888884,3.944880015438418
88,0.4074074074074074,-31.060080477019987
88,0.42592592592592593,39.56266920059349
88,0.4444444444444444,19.20288160677331
88,0.4629629629629629,-16.804086665400014
88,0.48148148148148145,-61.19616854084478
89,0.0,628.3244
89,0.015151515151515152,5.7951959950277505
89,0.030303030303030304,-14.643270368124789
89,0.045454545454545456,-29.468715568369113
89,0.06060606060606061,-33.97430028851751
89,0.07575757575757576,-8.180073042632943
89,0.09090909090909091,37.450859776872974
89,0.10606060606060606,-39.531581889250525
89,0.12121212121212122,2.757200987767037
89,0.13636363636363635,-0.7278108694709253
89,0.15151515151515152,-40.06451622864593
89,0.16666666666666669,14.573600000000003
89,0.18181818181818182,11.277583194938096
89,0.19696969696969696,-21.102062325845214
89,0.21212121212121213,-27.66874027503063
89,0.2272727272727273,-23.033665130124614
89,0.24242424242424243,-18.886685410930184
89,0.25757575757575757,4.713437522729725
89,0.2727272727272727,-21.3904694111315
89,0.2878787878787879,-24.51506334701409
89,0.30303030303030304,20.643904166185028
89,0.3181818181818182,28.872941053704388
89,0.33333333333333337,4.045099999999986
89,0.3484848484848485,-6.112565351365404
89,0.36363636363636365,-23.67217588277003
89,0.3787878787878788,-8.36763834807587
89,0.3939393939393939,24.45657479488254
89,0.4090909090909091,14.918450514260268
89,0.42424242424242425,-32.21543395482234
89,0.4393939393939394,4.466869338523946
89,0.4545454545454546,-29.489397677909544
89,0.4696969696969697,-9.648268552097377
89,0.48484848484848486,17.41531657723679
90,0.0,422.0814999999999
90,0.018867924528301886,2.7326648338630974
90,0.03773584905660377,14.19360301118887
90,0.05660377358490566,-23.222382409363053
90,0.07547169811320754,-1.1993533691522842
90,0.09433962264150943,-5.620435994361603
90,0.11320754716981132,4.724165075357144
90,0.1320754716981132,-0.14377420777192462
90,0.1509433962264151,-7.678444464387184
90,0.16981132075471697,-8.218343531694465
90,0.18867924528301885,-22.63033421782588
90,0.20754716981132074,28.89744351193195
90,0.22641509433962265,-13.515076438050833
90,0.24528301886792453,11.08969469694278
90,0.2641509433962264,-10.558340780133774
90,0.2830188679245283,-18.454145564239894
90,0.3018867924528302,-5.300034733774755
90,0.32075471698113206,-38.75778586231761
90,0.33962264150943394,5.586847650259363
90,0.3584905660377358,13.299488888667074
90,0.3773584905660377,-9.549430444309124
90,0.3962264150943396,-5.863647384331053
90,0.4150943396226415,5.5754018743077225
90,0.43396226415094336,-13.88788719050638
90,0.4528301886792453,0.5409664888931629
90,0.4716981132075472,-16.75634211660361
90,0.49056603773584906,2.8695326774123906
91,0.0,394.49940000000004
91,0.021739130434782608,19.4928495432275
91,0.043478260869565216,-10.598129357664025
91,0.06521739130434782,-32.89854979135653
91,0.08695652173913043,7.833013768064682
91,0.10869565217391304,-41.2932905820605
91,0.13043478260869565,-1.1345259340693636
91,0.15217391304347827,11.303268140293746
91,0.17391304347826086,0.20466764736281107
91,0.19565217391304346,-19.35939933792471
91,0.21739130434782608,-2.9241653546347663
91,0.2391304347826087,26.509941879040667
91,0.2608695652173913,-8.890912932654304
91,0.2826086956521739,-27.55229658798401
91,0.30434782608695654,-14.406960486340498
91,0.32608695652173914,-17.242933178349638
91,0.34782608695652173,-12.215081474567711
91,0.3695652173913043,-1.2886283477787495
91,0.3913043478260869,-20.20429969390647
91,0.41304347826086957,19.265878217143644
91,0.43478260869565216,24.34011455559614
91,0.45652173913043476,12.001860045748568
91,0.4782608695652174,-28.613420737186495
92,0.0,529.2346
92,0.015873015873015872,0.5383939885034263
92,0.031746031746031744,-16.61455080195073
92,0.047619047619047616,-41.487359884137106
92,0.06349206349206349,37.09962398330293
92,0.07936507936507936,-33.05095312909022
92,0.09523809523809523,-19.216078493222884
92,0.1111111111111111,0.2535843172993415
92,0.12698412698412698,0.877441796086746
92,0.14285714285714285,0.997664426649161
92,0.15873015873015872,-0.8037108916998044
92,0.1746031746031746,-18.518782125825826
92,0.19047619047619047,1.0526452939424504
92,0.20634920634920634,-8.775308054120586
92,0.2222222222222222,-9.427594502232196
92,0.23809523809523808,-42.27311596293019
92,0.25396825396825395,26.197127645491378
92,0.2698412698412698,14.33579702923644
92,0.2857142857142857,26.09053365349523
92,0.30158730158730157,-0.7098013439839086
92,0.31746031746031744,5.708367517613673
92,0.3333333333333333,57.605350000000016
92,0.3492063492063492,-6.710275227848606
92,0.36507936507936506,-20.708817400773885
92,0.38095238095238093,-22.218988695142855
92,0.3968253968253968,-17.592866171403266
92,0.4126984126984127,-2.0744526038056765
92,0.42857142857142855,-41.24199808014437
92,0.4444444444444444,21.78196018493287
92,0.4603174603174603,33.28788783230733
92,0.47619047619047616,-5.805002258509408
92,0.49206349206349204,-65.30322204203931
93,0.0,548.8263999999999
93,0.013888888888888888,-10.81193478278852
93,0.027777777777777776,-21.614693030487036
93,0.041666666666666664,32.09267554151144
93,0.05555555555555555,-4.457769973859271
93,0.06944444444444445,5.085120500930415
93,0.08333333333333333,-4.689005478467301
93,0.09722222222222221,-4.840899856079279
93,0.1111111111111111,25.441365344590416
93,0.125,-23.495520403339818
93,0.1388888888888889,-13.48883309590709
93,0.15277777777777776,2.96821849302796
93,0.16666666666666666,-21.087299999999992
93,0.18055555555555555,34.268635588824345
93,0.19444444444444442,21.007474266471633
93,0.20833333333333331,0.13053305475250765
93,0.2222222222222222,2.300342868841364
93,0.2361111111111111,21.16010660947911
93,0.25,-26.373899999999992
93,0.2638888888888889,-8.481356606524994
93,0.2777777777777778,-2.589834087076989
93,0.29166666666666663,-3.7464907503329132
93,0.3055555555555555,-15.154178596535722
93,0.3194444444444444,-27.069584923581104
93,0.3333333333333333,2.6839000000000013
93,0.3472222222222222,-20.97638053450146
93,0.3611111111111111,-40.729829933998964
93,0.375,-5.786879596660178
93,0.38888888888888884,18.187504060936256
93,0.40277777777777773,-8.504438032556667
93,0.41666666666666663,32.065805478467304
93,0.4305555555555555,-25.22912646069129
93,0.4444444444444444,-9.540708213431772
93,0.4583333333333333,28.85148215406896
93,0.4722222222222222,-7.962039609542818
93,0.4861111111111111,-30.072359995538527
94,0.0,909.806
94,0.010416666666666666,-39.46980664143934
94,0.020833333333333332,34.418063619771885
94,0.03125,-20.917210557703758
94,0.041666666666666664,12.305058095793582
94,0.05208333333333333,-31.92499138635359
94,0.0625,-4.330012390480758
94,0.07291666666666666,-16.931153761115155
94,0.08333333333333333,-7.313601023435098
94,0.09375,-11.07570563292577
94,0.10416666666666666,-2.6907794339816036
94,0.11458333333333333,31.373479222309474
94,0.125,7.946135807244856
94,0.13541666666666666,39.24443209684041
94,0.14583333333333331,0.06916025987917607
94,0.15625,10.496821923893227
94,0.16666666666666666,-56.6645
94,0.17708333333333331,-37.942323891804605
94,0.1875,-29.702102576552356
94,0.19791666666666666,-0.18695315256768907
94,0.20833333333333331,-5.55863124774908
94,0.21875,-51.57803334880876
94,0.22916666666666666,-4.3084310643567
94,0.23958333333333331,-0.42384466242068086
94,0.25,36.962000000000046
94,0.26041666666666663,17.042136534252084
94,0.2708333333333333,-31.686628128787508
94,0.28125,-27.03581433950875
94,0.29166666666666663,-42.60586919157332
94,0.3020833333333333,33.981149238590014
94,0.3125,-1.649648689275951
94,0.32291666666666663,-18.211953038441568
94,0.3333333333333333,-42.36159999999999
94,0.34375,-5.753780773028888
94,0.35416666666666663,-46.06515477523636
94,0.3645833333333333,-9.839952223259967
94,0.375,-4.426535807244887
94,0.38541666666666663,13.104928098401064
94,0.3958333333333333,17.757899282142688
94,0.40625,23.31669360191485
94,0.41666666666666663,-29.293498976564905
94,0.4270833333333333,-14.92180130973011
94,0.4375,1.321363656309063
94,0.44791666666666663,3.689017439215455
94,0.4583333333333333,-17.81295765647119
94,0.46875,-38.587370873832114
94,0.47916666666666663,76.9738702405684
94,0.4895833333333333,30.38963743752418
95,0.0,510.55449999999996
95,0.015625,3.237816174972224
95,0.03125,-15.076642259902023
95,0.046875,-57.93943921817367
95,0.0625,19.27970743421767
95,0.078125,7.033567237682037
95,0.09375,30.57736026361198
95,0.109375,1.418958349233952
95,0.125,-26.23915276285278
95,0.140625,2.938374106021346
95,0.15625,-12.836726875168523
95,0.171875,-3.38472532022522
95,0.1875,-7.20139679954558
95,0.203125,-7.825701416788018
95,0.21875,-14.383659654701887
95,0.234375,20.038237741001215
95,0.25,-1.9073999999999955
95,0.265625,8.747677487582802
95,0.28125,-21.910775246226194
95,0.296875,-27.229965806987384
95,0.3125,-6.034918828922007
95,0.328125,7.872351045000743
95,0.34375,5.331395971398269
95,0.359375,-27.66059935889857
95,0.375,13.329552762852767
95,0.390625,-6.711467701576376
95,0.40625,-0.9856710473969716
95,0.421875,17.435478901276454
95,0.4375,32.84100819424989
95,0.453125,-6.016583746766607
95,0.46875,-58.43608115161462
95,0.484375,-25.96517847335494
96,0.0,615.008
96,0.014492753623188406,-23.396348581376007
96,0.028985507246376812,-39.201744271172046
96,0.043478260869565216,21.80560963310713
96,0.057971014492753624,11.307983461395313
96,0.07246376811594203,9.162336010906028
96,0.08695652173913043,-25.087204194544746
96,0.10144927536231885,5.59692353100574
96,0.11594202898550725,4.780344987521019
96,0.13043478260869565,14.798553677242484
96,0.14492753623188406,0.6073302374355212
96,0.15942028985507248,-9.112174408604139
96,0.17391304347826086,-2.600232569340381
96,0.18840579710144928,3.1283363105168505
96,0.2028985507246377,-47.86677136926204
96,0.21739130434782608,-15.211316130391301
96,0.2318840579710145,13.23798090230347
96,0.2463768115942029,-26.314780946470503
96,0.2608695652173913,-41.10065819900876
96,0.2753623188405797,-76.90580807488266
96,0.2898550724637681,2.8524974578114985
96,0.30434782608695654,20.445494470593175
96,0.31884057971014496,-21.25459302105346
96,0.3333333333333333,33.233600000000024
96,0.34782608695652173,-36.195430498286754
96,0.36231884057971014,11.535009101912419
96,0.37681159420289856,3.7762958641878814
96,0.391304347826087,-3.665233902585186
96,0.4057971014492754,-1.1561931565002048
96,0.42028985507246375,-25.564958544666002
96,0.43478260869565216,-5.748685040239209
96,0.4492753623188406,-34.26100742644798
96,0.463768115942029,39.0325150465152
96,0.4782608695652174,23.656752753453617
96,0.4927536231884058,37.32197688892428
97,0.0,548.7561000000001
97,0.016666666666666666,15.55376149667501
97,0.03333333333333333,-12.88006650693908
97,0.05,13.65134510174697
97,0.06666666666666667,-30.085706366280007
97,0.08333333333333333,31.794631286795866
97,0.1,5.306312255354042
97,0.11666666666666667,-44.08059183168157
97,0.13333333333333333,-9.77828810023036
97,0.15,-12.396399702808678
97,0.16666666666666666,-4.747450000000011
97,0.18333333333333332,16.10055221191582
97,0.2,-31.034417984040125
97,0.21666666666666667,-3.1884963192605893
97,0.23333333333333334,35.36586930652745
97,0.25,-4.111699999999985
97,0.26666666666666666,-19.390977888317586
97,0.2833333333333333,4.828321021352019
97,0.3,-16.427262255354044
97,0.31666666666666665,-2.5742907312660765
97,0.3333333333333333,10.327950000000005
97,0.35,-23.50012117021558
97,0.36666666666666664,-16.32278859784338
97,0.3833333333333333,-35.50313326892686
97,0.4,7.457367984040124
97,0.4166666666666667,18.725268713204148
97,0.43333333333333335,5.318685798255004
97,0.45,-12.543624228722713
97,0.4666666666666667,-20.49772764517205
97,0.48333333333333334,-32.472522578807755
98,0.0,561.0823999999999
98,0.016129032258064516,27.73730395435712
98,0.03225806451612903,-15.341891747646
98,0.04838709677419355,-27.059289985026307
98,0.06451612903225806,3.164985657063661
98,0.08064516129032258,20.31767306531717
98,0.0967741935483871,-16.592660895962496
98,0.11290322580645161,-27.181354326711872
98,0.12903225806451613,-35.30568931156382
98,0.14516129032258063,-11.20980956886564
98,0.16129032258064516,16.01964365160395
98,0.1774193548387097,10.74944846546174
98,0.1935483870967742,11.488468070161218
98,0.2096774193548387,-44.52114777767532
98,0.22580645161290322,-14.015781069121479
98,0.24193548387096775,-11.06708974753615
98,0.25806451612903225,16.35137461709722
98,0.27419354838709675,-2.2844667781563235
98,0.29032258064516125,-34.34034504539297
98,0.3064516129032258,-6.365361431489276
98,0.3225806451612903,0.1065138767298146
98,0.3387096774193548,-19.000436631772253
98,0.3548387096774194,-6.015145406457045
98,0.3709677419354839,24.05339644270864
98,0.3870967741935484,1.2368142643995057
98,0.4032258064516129,6.08364505044934
98,0.4193548387096774,-15.819409817711108
98,0.43548387096774194,4.430754084595214
98,0.45161290322580644,-19.09304008397024
98,0.46774193548387094,4.949135184343836
98,0.4838709677419355,-6.934936759230222
99,0.0,342.3404
99,0.02127659574468085,7.988011553840304
99,0.0425531914893617,-1.8060705734181894
99,0.06382978723404255,-2.9256743521979534
99,0.0851063829787234,-1.035445826208539
99,0.10638297872340426,-4.0372169836263705
99,0.1276595744680851,-14.413120130701918
99,0.14893617021276595,31.386578751084237
99,0.1702127659574468,-7.685857606707625
99,0.19148936170212766,-38.99706017973219
99,0.2127659574468085,-23.146369419344005
99,0.23404255319148937,-4.938751713954572
99,0.2553191489361702,11.077069499508019
99,0.2765957446808511,-5.281627737830048
99,0.2978723404255319,-7.941072487390675
99,0.3191489361702128,-15.924798908635754
99,0.3404255319148936,-5.6895159744616315
99,0.36170212765957444,6.002572907076681
99,0.3829787234042553,11.948828027705439
99,0.40425531914893614,-6.867416567141428
99,0.425531914893617,4.083371714821903
99,0.44680851063829785,-6.309430744868759
99,0.46808510638297873,-12.969231185578089
99,0.48936170212765956,4.277227937761027
100,0.0,523.4557
100,0.014705882352941176,1.0041110958185886
100,0.029411764705882353,0.1042019645385821
100,0.044117647058823525,-14.655497697410897
100,0.058823529411764705,36.801239692890086
100,0.07352941176470588,7.917222254577144
100,0.08823529411764705,-9.046766562131122
100,0.10294117647058823,-8.960473788768411
100,0.11764705882352941,-4.639989742784661
100,0.1323529411764706,-3.9199190640121877
100,0.14705882352941177,-14.966643475954703
100,0.16176470588235295,-0.6567229885302641
100,0.1764705882352941,-19.32865530217767
100,0.19117647058823528,-23.09814738764159
100,0.20588235294117646,-2.554517235288559
100,0.22058823529411764,-46.131351321539086
100,0.23529411764705882,-19.6587192158386
100,0.25,-26.148099999999985
100,0.2647058823529412,17.425320228918586
100,0.27941176470588236,2.023004929624495
100,0.29411764705882354,33.431251618320715
100,0.3088235294117647,-32.98683547119404
100,0.3235294117647059,28.957464197373707
100,0.3382352941176471,-25.258308400121642
100,0.3529411764705882,-38.14094224416208
100,0.3676470588235294,23.890410149783417
100,0.38235294117647056,7.125846877230891
100,0.39705882352941174,0.8258765597447288
100,0.4117647058823529,14.889419768329322
100,0.4264705882352941,-1.9311373884192373
100,0.4411764705882353,-5.35965599468738
100,0.45588235294117646,-28.29062384687226
100,0.47058823529411764,29.069545425422916
100,0.4852941176470588,-5.297407635038764
101,0.0,570.2605000000001
101,0.014925373134328358,8.16984524361691
101,0.029850746268656716,-1.0378568938774393
101,0.04477611940298507,3.11907838725449
101,0.05970149253731343,1.733589625316192
101,0.07462686567164178,-36.86615714483623
101,0.08955223880597014,8.361060851075836
101,0.1044776119402985,-21.366833445593326
101,0.11940298507462686,-34.11368478306422
101,0.13432835820895522,1.960439890661263
101,0.14925373134328357,-6.916518999175718
101,0.16417910447761194,-7.839774125031381
101,0.1791044776119403,2.7018049795120564
101,0.19402985074626866,7.453073430689306
101,0.208955223880597,-21.8931830839781
101,0.22388059701492538,-14.894946708546042
101,0.23880597014925373,-20.681264031381673
101,0.2537313432835821,20.986691634093248
101,0.26865671641791045,31.85044322648119
101,0.2835820895522388,35.61226661687395
101,0.29850746268656714,-37.758658022785276
101,0.31343283582089554,17.454167142513654
101,0.3283582089552239,-33.15973182432961
101,0.34328358208955223,-36.799761223102784
101,0.3582089552238806,-23.206282644475003
101,0.3731343283582089,4.857603851198138
101,0.3880597014925373,6.903111606168371
101,0.40298507462686567,-4.956770882961873
101,0.417910447761194,-15.293565709359685
101,0.43283582089552236,10.435620676054121
101,0.44776119402985076,-8.715943460668372
101,0.4626865671641791,-2.3365474639944472
101,0.47761194029850745,-16.58410109112426
101,0.4925373134328358,23.08973437677644
102,0.0,629.8861999999999
102,0.013513513513513514,34.630003159025186
102,0.02702702702702703,-26.140779848687004
102,0.04054054054054054,-1.62594929837082
102,0.05405405405405406,-7.8885023467316415
102,0.06756756756756757,-10.51513782661778
102,0.08108108108108109,-18.143159597500592
102,0.0945945945945946,-29.81427893706411
102,0.10810810810810811,-6.941627956926851
102,0.12162162162162163,3.3685196071054513
102,0.13513513513513514,4.188044898346965
102,0.14864864864864866,-16.471122460898556
102,0.16216216216216217,26.35259482624718
102,0.17567567567567569,-10.838952317037567
102,0.1891891891891892,0.20015201567997476
102,0.20270270270270271,-26.080885804579044
102,0.21621621621621623,-13.201824262100098
102,0.22972972972972974,-0.0177874943947387
102,0.24324324324324326,-15.097869275153226
102,0.2567567567567568,-52.73557844651556
102,0.2702702702702703,-8.670778905683157
102,0.28378378378378377,28.801938717255823
102,0.2972972972972973,-2.6832314387657306
102,0.31081081081081086,-11.684282542093193
102,0.32432432432432434,-3.0781657117379053
102,0.33783783783783783,5.923287782712183
102,0.35135135135135137,19.839439774972632
102,0.3648648648648649,7.623512181023256
102,0.3783783783783784,-15.034960068439545
102,0.3918918918918919,-20.66277370766727
102,0.40540540540540543,-12.554587368454584
102,0.41891891891891897,-9.331456611833998
102,0.43243243243243246,17.728741844651275
102,0.44594594594594594,-19.864932179862397
102,0.4594594594594595,47.276120808846166
102,0.472972972972973,19.931226179813166
102,0.4864864864864865,-45.02495738856381
103,0.0,496.18580000000003
103,0.016666666666666666,-5.652445912345815
103,0.03333333333333333,-33.096787067156065
103,0.05,-9.359337900926455
103,0.06666666666666667,-24.60675739241151
103,0.08333333333333333,28.179287417985385
103,0.1,40.14989845444026
103,0.11666666666666667,-18.523135731866013
103,0.13333333333333333,-16.547274366860883
103,0.15,-29.043524844465857
103,0.16666666666666666,11.993050000000006
103,0.18333333333333332,5.972626519985199
103,0.2,1.9785920254425307
103,0.21666666666666667,-14.948729534409766
103,0.23333333333333334,-33.12836569507965
103,0.25,20.114099999999993
103,0.26666666666666666,-11.482721958450377
103,0.2833333333333333,33.88038868710725
103,0.3,-32.76704845444026
103,0.31666666666666665,-18.930394918857907
103,0.3333333333333333,-6.905049999999987
103,0.35,45.16200817506647
103,0.36666666666666664,-15.688565379718577
103,0.3833333333333333,-41.029098883539895
103,0.4,-1.3322420254425396
103,0.4166666666666667,9.796512582014635
103,0.43333333333333335,-5.614581858045705
103,0.45,-3.8987454296741637
103,0.4666666666666667,17.375053717722764
103,0.48333333333333334,11.637989773926957
104,0.0,603.8664
104,0.014925373134328358,-15.810959261955613
104,0.029850746268656716,-22.49489077630449
104,0.04477611940298507,-32.325380064509616
104,0.05970149253731343,5.057592615426177
104,0.07462686567164178,-6.781530671680219
104,0.08955223880597014,-7.37089358970697
104,0.1044776119402985,-14.798460980476918
104,0.11940298507462686,-14.633536881158708
104,0.13432835820895522,-17.647444020116026
104,0.14925373134328357,-7.0667274701128004
104,0.16417910447761194,4.389901090437371
104,0.1791044776119403,23.994095183952606
104,0.19402985074626866,46.36667193612676
104,0.208955223880597,10.74159445625007
104,0.22388059701492538,8.063451632068471
104,0.23880597014925373,-64.71798866545929
104,0.2537313432835821,23.873211181764454
104,0.26865671641791045,-24.42310031932994
104,0.2835820895522388,-13.817300401621
104,0.29850746268656714,-16.168451147763392
104,0.31343283582089554,-1.5650572829991916
104,0.3283582089552239,12.02521726589256
104,0.34328358208955223,-14.899197396636618
104,0.3582089552238806,27.9472529547806
104,0.3731343283582089,4.121397265886994
104,0.3880597014925373,11.77226600346156
104,0.40298507462686567,-28.956453332702907
104,0.417910447761194,46.64452181249191
104,0.43283582089552236,-10.328111395923075
104,0.44776119402985076,-15.706087183834939
104,0.4626865671641791,-17.169594883158467
104,0.47761194029850745,-1.915124811217673
104,0.4925373134328358,-52.936882861871986
105,0.0,829.4515
105,0.01098901098901099,-7.370313274601983
105,0.02197802197802198,-1.3315375140957268
105,0.03296703296703297,-10.557499832969937
105,0.04395604395604396,-4.715052864559376
105,0.05494505494505495,-1.9867983280942845
105,0.06593406593406594,-38.86461494593098
105,0.07692307692307693,-23.694510713493305
105,0.08791208791208792,20.329484743814376
105,0.09890109890109891,21.450954742020237
105,0.1098901098901099,11.256787018150956
105,0.1208791208791209,-19.34794072095985
105,0.13186813186813187,21.0448304773565
105,0.14285714285714288,-58.28585893203186
105,0.15384615384615385,-8.350570253589547
105,0.16483516483516486,-23.641454901669203
105,0.17582417582417584,21.823824263384996
105,0.18681318681318682,-3.904198522637948
105,0.19780219780219782,29.475621683625263
105,0.2087912087912088,57.20522654332662
105,0.2197802197802198,-53.787573054134214
105,0.23076923076923078,-3.6990790607091952
105,0.2417582417582418,-12.105556750208343
105,0.2527472527472528,-28.892267972588144
105,0.26373626373626374,-35.37955778910658
105,0.27472527472527475,-42.06783896037055
105,0.28571428571428575,4.58619231829968
105,0.2967032967032967,-9.584491042370402
105,0.3076923076923077,-6.134334876956876
105,0.3186813186813187,-35.79890768390152
105,0.3296703296703297,14.738918923204192
105,0.34065934065934067,-25.443463824379272
105,0.3516483516483517,-36.40874449093923
105,0.3626373626373627,14.95831393425519
105,0.37362637362637363,-23.516708974888545
105,0.38461538461538464,13.001700883491644
105,0.39560439560439564,-19.841834258935993
105,0.40659340659340665,10.581724467878296
105,0.4175824175824176,55.887236110608924
105,0.4285714285714286,-5.844333386267728
105,0.4395604395604396,-2.9008769011592044
105,0.45054945054945056,-9.255208362951993
105,0.46153846153846156,-0.15130597874274798
105,0.47252747252747257,-29.48865755289019
105,0.4835164835164836,12.536080108791666
105,0.4945054945054945,29.064045507926338
106,0.0,565.9199
106,0.015384615384615385,12.895811681112207
106,0.03076923076923077,-0.26949800361825815
106,0.046153846153846156,12.656975898026507
106,0.06153846153846154,2.452454395569509
106,0.07692307692307693,-35.5444454359184
106,0.09230769230769231,12.801863704941699
106,0.1076923076923077,-28.430490539987105
106,0.12307692307692308,-58.21283892833097
106,0.13846153846153847,-2.7018249578194684
106,0.15384615384615385,25.94679384322303
106,0.16923076923076924,-8.98939937404886
106,0.18461538461538463,21.837125811165524
106,0.2,-23.584860904468314
106,0.2153846153846154,-41.56102026722864
106,0.23076923076923078,-3.5188922651015897
106,0.24615384615384617,-10.35348747580868
106,0.26153846153846155,-24.07143439477405
106,0.27692307692307694,17.103896573253895
106,0.2923076923076923,-0.5956085790937511
106,0.3076923076923077,-19.998225077593673
106,0.3230769230769231,-10.332165663311642
106,0.3384615384615385,-15.611520408251536
106,0.35384615384615387,6.582448405699539
106,0.36923076923076925,-7.0948750240202365
106,0.38461538461538464,-26.72619893932216
106,0.4,-39.4395890955317
106,0.4153846153846154,-3.793751361111836
106,0.4307692307692308,31.265690149150817
106,0.4461538461538462,-4.40589696617622
106,0.46153846153846156,-1.1875321252871558
106,0.47692307692307695,31.819927415725438
106,0.49230769230769234,29.754617908936183
107,0.0,674.1806999999999
107,0.013157894736842105,10.635694238015462
107,0.02631578947368421,-18.767731139120052
107,0.039473684210526314,-40.01567671401681
107,0.05263157894736842,-15.174978303162758
107,0.06578947368421052,33.27180977301655
107,0.07894736842105263,-6.225359097484979
107,0.09210526315789473,2.4319887166113254
107,0.10526315789473684,-7.891991956855979
107,0.11842105263157894,-24.266204937531572
107,0.13157894736842105,-33.54961331193706
107,0.14473684210526316,-24.552606232018885
107,0.15789473684210525,-28.343691870813014
107,0.17105263157894735,4.040133016196909
107,0.18421052631578946,22.315819249381164
107,0.19736842105263158,-10.17216086788571
107,0.21052631578947367,24.89326131306337
107,0.22368421052631576,-31.631300089744343
107,0.23684210526315788,-42.17832778019641
107,0.25,12.024999999999977
107,0.2631578947368421,9.797368282570371
107,0.2763157894736842,53.78599970540452
107,0.2894736842105263,-37.996750592520264
107,0.3026315789473684,13.93182074487079
107,0.3157894736842105,21.9128808584057
107,0.3289473684210526,12.869783246844559
107,0.3421052631578947,-58.87724514478742
107,0.35526315789473684,4.31287582187068
107,0.3684210526315789,4.945241878107913
107,0.381578947368421,-14.45631397147481
107,0.39473684210526316,2.1237531357408796
107,0.40789473684210525,-52.599115688631315
107,0.42105263157894735,-38.86078604786471
107,0.43421052631578944,6.310631646344298
107,0.4473684210526315,30.234754680924176
107,0.4605263157894737,32.36871368100609
107,0.47368421052631576,-60.3388041534509
107,0.48684210526315785,38.65472791112223
108,0.0,440.1964
108,0.018518518518518517,31.77924747434343
108,0.037037037037037035,8.674665290822826
108,0.05555555555555555,27.576892725022443
108,0.07407407407407407,-18.81756590391025
108,0.09259259259259259,-38.150622991586914
108,0.1111111111111111,-15.502071013110923
108,0.12962962962962962,-9.558274161498499
108,0.14814814814814814,-16.350713714418944
108,0.16666666666666666,-15.739699999999996
108,0.18518518518518517,-12.395608590191205
108,0.2037037037037037,-25.85497861607685
108,0.2222222222222222,-1.5987233848067177
108,0.24074074074074073,2.0411703401489145
108,0.25925925925925924,-29.172578477361867
108,0.2777777777777778,-17.539247827198174
108,0.2962962962962963,27.546256703467513
108,0.31481481481481477,-6.418441303109045
108,0.3333333333333333,-16.9742
108,0.35185185185185186,-9.05149576626651
108,0.37037037037037035,-0.06330254073560138
108,0.38888888888888884,-27.689044897824267
108,0.4074074074074074,13.858560710849162
108,0.42592592592592593,-8.010775736191087
108,0.4444444444444444,-2.5132056020823548
108,0.4629629629629629,35.49022076023657
108,0.48148148148148145,15.018036521478363
109,0.0,799.0346999999999
109,0.011904761904761904,-30.286635384148596
109,0.023809523809523808,25.419855501759805
109,0.03571428571428571,-1.2398841197915775
109,0.047619047619047616,-30.677692300064663
109,0.05952380952380952,39.09138330173806
109,0.07142857142857142,6.391288866494804
109,0.08333333333333333,-13.660268107052262
109,0.09523809523809523,-15.018233397160826
109,0.10714285714285714,-1.3073473526495576
109,0.11904761904761904,-13.162548573418302
109,0.13095238095238093,-1.6594670995627254
109,0.14285714285714285,-0.5893310895072883
109,0.15476190476190477,22.643006448217026
109,0.16666666666666666,-52.541250000000005
109,0.17857142857142855,7.34808929905056
109,0.19047619047619047,-53.55156120731586
109,0.20238095238095238,-38.79245105517714
109,0.21428571428571427,6.016180774997771
109,0.22619047619047616,-56.97284465977608
109,0.23809523809523808,-52.77910065609876
109,0.25,-31.729600000000033
109,0.26190476190476186,11.143408652405867
109,0.2738095238095238,-12.40688710461243
109,0.2857142857142857,-2.5029082274836085
109,0.2976190476190476,7.659893204388789
109,0.30952380952380953,42.63797041457535
109,0.3214285714285714,-59.131044484813145
109,0.3333333333333333,-5.330850000000002
109,0.34523809523809523,9.278524401094419
109,0.3571428571428571,25.859530358507406
109,0.369047619047619,-71.81644539622326
109,0.38095238095238093,12.392838768987023
109,0.39285714285714285,58.01988479232175
109,0.40476190476190477,-27.587206336652137
109,0.41666666666666663,10.455768107052231
109,0.42857142857142855,42.57253931699089
109,0.44047619047619047,-48.95619446202261
109,0.45238095238095233,6.401320341329436
109,0.46428571428571425,2.38840186588199
109,0.47619047619047616,21.31554879165312
109,0.4880952380952381,4.442517806084524
110,0.0,479.0943
110,0.017857142857142856,-2.230587728966258
110,0.03571428571428571,-37.26221564715742
110,0.05357142857142857,33.51458186841043
110,0.07142857142857142,-17.244021590477217
110,0.08928571428571427,-25.215541039199564
110,0.10714285714285714,-5.312192373377504
110,0.125,-8.91172849679902
110,0.14285714285714285,-12.519922474559621
110,0.1607142857142857,-1.3806905751191056
110,0.17857142857142855,-39.345328523638685
110,0.19642857142857142,30.55630445975353
110,0.21428571428571427,8.571682147602864
110,0.23214285714285712,-17.11177814682319
110,0.25,-13.9101
110,0.26785714285714285,3.190266986037739
110,0.2857142857142857,-16.915266489670557
110,0.30357142857142855,0.532541654460811
110,0.3214285714285714,28.727426261270313
110,0.33928571428571425,-14.667662035288023
110,0.3571428571428571,-13.555310557125644
110,0.375,-27.277271503200986
110,0.39285714285714285,14.25595503823472
110,0.4107142857142857,-50.01704965068561
110,0.42857142857142855,-1.1437610357698276
110,0.4464285714285714,-7.526304037637985
110,0.46428571428571425,25.25455524466856
110,0.4821428571428571,23.367118245057235
111,0.0,615.7477000000001
111,0.014084507042253521,4.999309610552267
111,0.028169014084507043,-18.271152180128887
111,0.04225352112676056,29.22231264962576
111,0.056338028169014086,9.250360575426583
111,0.07042253521126761,-45.79028420936861
111,0.08450704225352113,-24.01502235620089
111,0.09859154929577466,-4.216961815950473
111,0.11267605633802817,62.975186453547565
111,0.1267605633802817,-9.410930963811808
111,0.14084507042253522,11.948310196858877
111,0.15492957746478875,-22.635051022121388
111,0.16901408450704225,-9.037537025898857
111,0.18309859154929578,-52.60281103738139
111,0.1971830985915493,-72.9448536286564
111,0.2112676056338028,23.300199920707957
111,0.22535211267605634,4.11670265145289
111,0.23943661971830987,-30.366378240723154
111,0.2535211267605634,-12.453252310552177
111,0.26760563380281693,-13.417703031576995
111,0.28169014084507044,29.651417888374866
111,0.29577464788732394,8.854270488204223
111,0.3098591549295775,45.764548016373766
111,0.323943661971831,-57.68619989566368
111,0.3380281690140845,-22.077553100964582
111,0.35211267605633806,49.82315961727121
111,0.36619718309859156,13.759424484563999
111,0.38028169014084506,12.054406576586691
111,0.3943661971830986,22.876496752814134
111,0.4084507042253521,41.56317280309678
111,0.4225352112676056,-3.257730038680309
111,0.4366197183098592,-53.438108598623465
111,0.4507042253521127,-55.38748288690544
111,0.4647887323943662,-37.883875652354966
111,0.47887323943661975,-19.749851097914316
111,0.49295774647887325,19.49321040802054
112,0.0,445.7165
112,0.017857142857142856,11.088798236541589
112,0.03571428571428571,-11.946193843551189
112,0.05357142857142857,-3.180313749832907
112,0.07142857142857142,-21.421483193093408
112,0.08928571428571427,-0.40315995339607724
112,0.10714285714285714,-11.222839389145435
112,0.125,-1.025020813476417
112,0.14285714285714285,17.647807839146274
112,0.1607142857142857,-15.283330266001052
112,0.17857142857142855,11.338429619896155
112,0.19642857142857142,-10.892985220067331
112,0.21428571428571427,-5.470888795059052
112,0.23214285714285712,-15.714632197810763
112,0.25,-15.276399999999995
112,0.26785714285714285,-15.407218621305043
112,0.2857142857142857,11.165922350388714
112,0.30357142857142855,-2.7079794381548083
112,0.3214285714285714,12.631336659290136
112,0.33928571428571425,-4.681166927252044
112,0.3571428571428571,-24.187728011847526
112,0.375,-3.7729791865235707
112,0.39285714285714285,43.61152154617792
112,0.4107142857142857,-43.73473363782855
112,0.42857142857142855,-16.123030189534994
112,0.4464285714285714,-1.3060320785288209
112,0.46428571428571425,-5.054454592667611
112,0.4821428571428571,5.095153853635782
113,0.0,295.44849999999997
113,0.02631578947368421,4.140860363037218
113,0.05263157894736842,-14.64640363007043
113,0.07894736842105263,2.440242078992629
113,0.10526315789473684,-0.11189506957404038
113,0.13157894736842105,-10.069580487713994
113,0.15789473684210525,-9.861401678438291
113,0.18421052631578946,-18.18664622447053
113,0.21052631578947367,2.088187728460605
113,0.23684210526315788,11.337536546503333
113,0.2631578947368421,-5.367773279474686
113,0.2894736842105263,-28.344706158133768
113,0.3157894736842105,-34.87180213854128
113,0.3421052631578947,16.203026874838603
113,0.3684210526315789,-10.945945289395139
113,0.39473684210526316,0.7100909111347358
113,0.42105263157894735,-2.077389574000339
113,0.4473684210526315,2.567026095811741
113,0.47368421052631576,-4.599527068966415
114,0.0,494.70579999999995
114,0.01639344262295082,10.794349728505559
114,0.03278688524590164,-32.967238535277794
114,0.04918032786885246,-26.747082929573953
114,0.06557377049180328,19.281926598082016
114,0.0819672131147541,-2.983391333406157
114,0.09836065573770492,-5.782414840399156
114,0.11475409836065574,-13.686200578589657
114,0.13114754098360656,-34.67277261668478
114,0.14754098360655737,10.911407136759808
114,0.1639344262295082,-7.7736467442076655
114,0.18032786885245902,13.355541913110953
114,0.19672131147540983,14.550430591599522
114,0.21311475409836067,3.1063945761507377
114,0.22950819672131148,-3.7024479713958094
114,0.24590163934426232,-5.2050663975763625
114,0.26229508196721313,-19.357321989365445
114,0.27868852459016397,-28.005279206759575
114,0.29508196721311475,-5.3687753462777295
114,0.3114754098360656,4.045371332138905
114,0.3278688524590164,-7.1086743009602325
114,0.3442622950819672,0.33107254231583916
114,0.36065573770491804,-17.712576160506845
114,0.3770491803278689,19.16835178324235
114,0.39344262295081966,-31.5234353155297
114,0.4098360655737705,-15.032053142427149
114,0.42622950819672134,19.215782570610923
114,0.4426229508196722,31.491703850819995
114,0.45901639344262296,-31.109315027305556
114,0.4754098360655738,7.309204697549324
114,0.49180327868852464,1.9908551153573901
115,0.0,656.9344
115,0.011904761904761904,-25.36702947943366
115,0.023809523809523808,10.26223008909389
115,0.03571428571428571,35.88297111281147
115,0.047619047619047616,-46.019428582012374
115,0.05952380952380952,-28.83701239812646
115,0.07142857142857142,7.163860237076491
115,0.08333333333333333,-17.258814677114163
115,0.09523809523809523,-5.607887682869163
115,0.10714285714285714,-41.553017400162744
115,0.11904761904761904,36.31220406443149
115,0.13095238095238093,-9.920801879846737
115,0.14285714285714285,-15.68990833395257
115,0.15476190476190477,26.58666351327573
115,0.16666666666666666,-17.124749999999985
115,0.17857142857142855,5.968658401966184
115,0.19047619047619047,-3.934402156104688
115,0.20238095238095238,-7.6007980612786294
115,0.21428571428571427,-2.970579231285459
115,0.22619047619047616,-33.496508195285784
115,0.23809523809523808,-19.524310072900114
115,0.25,5.97059999999999
115,0.26190476190476186,-0.7057050530562758
115,0.2738095238095238,23.25053395168753
115,0.2857142857142857,40.674294488363486
115,0.2976190476190476,-5.198908859121621
115,0.30952380952380953,-3.2427823473315263
115,0.3214285714285714,-47.39560836834862
115,0.3333333333333333,-30.85535
115,0.34523809523809523,-8.411092494646072
115,0.3571428571428571,4.668518994208959
115,0.369047619047619,-36.776187356704725
115,0.38095238095238093,-27.56436255509712
115,0.39285714285714285,28.413714129222328
115,0.40476190476190477,-2.3434570223332143
115,0.41666666666666663,15.050514677114176
115,0.42857142857142855,-27.864786154410908
115,0.44047619047619047,-2.8085360519831983
115,0.45238095238095233,30.236160269195615
115,0.46428571428571425,-6.30071787548858
115,0.47619047619047616,25.172341048983448
115,0.4880952380952381,-7.675122688536378
116,0.0,355.00069999999994
116,0.023809523809523808,13.976079854440789
116,0.047619047619047616,-31.38849239256925
116,0.07142857142857142,7.145939721550083
116,0.09523809523809523,-28.89554726561808
116,0.11904761904761904,0.7426313393699431
116,0.14285714285714285,-0.9271151769076815
116,0.16666666666666666,-32.05265000000001
116,0.19047619047619047,-16.766858111735615
116,0.21428571428571427,6.35965913523072
116,0.23809523809523808,10.773918772331886
116,0.26190476190476186,-5.1841124624544355
116,0.2857142857142857,6.349160942161083
116,0.30952380952380953,1.1220571672701771
116,0.3333333333333333,-9.020649999999998
116,0.3571428571428571,3.380651143219214
116,0.38095238095238093,-48.66562118965552
116,0.40476190476190477,-1.871916827204931
116,0.42857142857142855,7.455204234746611
116,0.45238095238095233,1.8202609285784455
116,0.47619047619047616,19.533400187246585
117,0.0,373.9042
117,0.022222222222222223,10.281547383903513
117,0.044444444444444446,-29.164595247646798
117,0.06666666666666667,-4.273252937998279
117,0.08888888888888889,9.647930210550918
117,0.11111111111111112,15.643606237270863
117,0.13333333333333333,-15.329365765581022
117,0.15555555555555556,11.60170522599
117,0.17777777777777778,-14.618391442132937
117,0.2,-27.260678056578968
117,0.22222222222222224,-25.44851995472377
117,0.24444444444444446,7.966897861047086
117,0.26666666666666666,-8.917729290511845
117,0.2888888888888889,0.8579257380980714
117,0.3111111111111111,-20.68677651867609
117,0.33333333333333337,-15.326449999999994
117,0.35555555555555557,-2.1210029489593953
117,0.37777777777777777,35.08567609541049
117,0.4,-10.44142194342104
117,0.4222222222222222,-13.698641145783245
117,0.4444444444444445,16.19296371745289
117,0.4666666666666667,-37.63545200590886
117,0.48888888888888893,14.913924788198381
118,0.0,366.6616000000001
118,0.02127659574468085,-9.41561221593059
118,0.0425531914893617,9.12828090669371
118,0.06382978723404255,-30.07068372810828
118,0.0851063829787234,-19.030061078673842
118,0.10638297872340426,-0.42071857611612984
118,0.1276595744680851,-15.729043965772405
118,0.14893617021276595,-17.624219813958035
118,0.1702127659574468,10.714758919183705
118,0.19148936170212766,5.15100742282084
118,0.2127659574468085,17.763029406014766
118,0.23404255319148937,-12.09329786384846
118,0.2553191489361702,22.97130653168705
118,0.2765957446808511,20.05359241319795
118,0.2978723404255319,3.7689115791296928
118,0.3191489361702128,-19.861669266751914
118,0.3404255319148936,-15.708840703299847
118,0.36170212765957444,-3.3501323560094853
118,0.3829787234042553,11.858985978087583
118,0.40425531914893614,-23.933167381790184
118,0.425531914893617,4.583301591142725
118,0.44680851063829785,-19.354337636308077
118,0.46808510638297873,9.81369159081464
118,0.48936170212765956,-24.580681752205503
119,0.0,378.6387
119,0.023809523809523808,3.648156070119599
119,0.047619047619047616,20.190268449081966
119,0.07142857142857142,2.609106615531445
119,0.09523809523809523,5.232869237632453
119,0.11904761904761904,-15.34764085411571
119,0.14285714285714285,-13.597106907754196
119,0.16666666666666666,-3.295699999999993
119,0.19047619047619047,-5.9788299075682
119,0.21428571428571427,12.41140339414941
119,0.23809523809523808,-28.002067954389418
119,0.26190476190476186,6.293077770312422
119,0.2857142857142857,-8.25894374133139
119,0.30952380952380953,-20.670142064316092
119,0.3333333333333333,2.8680000000000057
119,0.3571428571428571,-17.94196000968084
119,0.38095238095238093,3.282348363899917
119,0.40476190476190477,-45.262989323350695
119,0.42857142857142855,-14.274599350914407
119,0.45238095238095233,-11.727261598649502
119,0.47619047619047616,19.27461181134329
120,0.0,598.1132000000001
120,0.014492753623188406,-25.591432936620645
120,0.028985507246376812,-8.86005850421386
120,0.043478260869565216,-17.084224230618943
120,0.057971014492753624,39.21264697402664
120,0.07246376811594203,-35.12776501876596
120,0.08695652173913043,-35.109155998328994
120,0.10144927536231885,23.026491440408154
120,0.11594202898550725,7.337958507072635
120,0.13043478260869565,-8.788565372645685
120,0.14492753623188406,1.7251841411342284
120,0.15942028985507248,-8.277829997806844
120,0.17391304347826086,-0.024714694910221713
120,0.18840579710144928,-37.25755041800468
120,0.2028985507246377,-44.610917655369306
120,0.21739130434782608,2.2475346442393462
120,0.2318840579710145,1.9069106616027085
120,0.2463768115942029,-45.67888065586034
120,0.2608695652173913,-11.862600488410552
120,0.2753623188405797,6.993176907499047
120,0.2898550724637681,32.783231382172836
120,0.30434782608695654,-53.554526109711446
120,0.31884057971014496,34.75655006728936
120,0.3333333333333333,8.721799999999945
120,0.34782608695652173,11.334682025699207
120,0.36231884057971014,-31.056069735340287
120,0.37681159420289856,34.94521707922376
120,0.391304347826087,-13.849704892438941
120,0.4057971014492754,22.35855139735021
120,0.42028985507246375,5.895156918821247
120,0.43478260869565216,8.75140114281216
120,0.4492753623188406,-15.115408990814041
120,0.463768115942029,-10.612272236919484
120,0.4782608695652174,-15.826076025685849
120,0.4927536231884058,6.375060673114854
121,0.0,665.2543
121,0.0136986301369863,29.862648576915227
121,0.0273972602739726,-33.100111318093596
121,0.0410958904109589,-10.43490778232026
121,0.0547945205479452,21.184286458015094
121,0.0684931506849315,-13.652776260392324
121,0.0821917808219178,-25.825155874920995
121,0.0958904109589041,-45.00842556950598
121,0.1095890410958904,-7.370031399277103
121,0.1232876712328767,60.05289023390523
121,0.136986301369863,-25.509451581520846
121,0.1506849315068493,-27.83088232856078
121,0.1643835616438356,9.090508517598034
121,0.1780821917808219,24.311239325297443
121,0.1917808219178082,-40.95720559666896
121,0.2054794520547945,-47.039902443393174
121,0.2191780821917808,-12.004145852003507
121,0.2328767123287671,-8.234351948428948
121,0.2465753424657534,54.939570652142805
121,0.2602739726027397,-3.846467871314079
121,0.273972602739726,-60.30522255572619
121,0.2876712328767123,-0.6155275058761731
121,0.3013698630136986,-0.13455809802576013
121,0.3150684931506849,-15.614988268219474
121,0.3287671232876712,-1.1150108826363532
121,0.3424657534246575,39.96980321045259
121,0.3561643835616438,-23.376032353776186
121,0.3698630136986301,32.58204054811881
121,0.3835616438356164,-16.779026231984382
121,0.3972602739726027,11.724885554725763
121,0.410958904109589,-22.90263518197026
121,0.4246575342465753,-29.357034336523746
121,0.4383561643835616,4.354015062126141
121,0.4520547945205479,-37.29760417086012
121,0.4657534246575342,-18.2478142646286
121,0.4794520547945205,41.293253387883766
121,0.4931506849315068,1.1937781494469857
122,0.0,851.3346
122,0.011904761904761904,0.13298318626852712
122,0.023809523809523808,-19.32809385047083
122,0.03571428571428571,-12.424259059002702
122,0.047619047619047616,-132.52481753859595
122,0.05952380952380952,-25.033055061193707
122,0.07142857142857142,25.721321542710058
122,0.08333333333333333,1.6638657132185237
122,0.09523809523809523,-18.558077967810767
122,0.10714285714285714,20.572047384744376
122,0.11904761904761904,-69.53471308967194
122,0.13095238095238093,20.904518276360776
122,0.14285714285714285,37.55217517024093
122,0.15476190476190477,12.819328151337324
122,0.16666666666666666,-74.59485
122,0.17857142857142855,-14.915323358007198
122,0.19047619047619047,37.978881328633
122,0.20238095238095238,-23.212330409426606
122,0.21428571428571427,-25.43595119999435
122,0.22619047619047616,-21.772661381724408
122,0.23809523809523808,-27.804407208337782
122,0.25,-7.0636000000000365
122,0.26190476190476186,19.220150043128076
122,0.2738095238095238,9.051467209668768
122,0.2857142857142857,-15.17405225828608
122,0.2976190476190476,19.64516886465932
122,0.30952380952380953,-4.197788522885453
122,0.3214285714285714,9.753301972557667
122,0.3333333333333333,47.81144999999998
122,0.34523809523809523,-2.9828555940470087
122,0.3571428571428571,-65.39112034271568
122,0.369047619047619,-12.24866003670252
122,0.38095238095238093,20.726477335275334
122,0.39285714285714285,4.05603524861996
122,0.40476190476190477,47.02685452588353
122,0.41666666666666663,22.31493428678149
122,0.42857142857142855,5.989627088045145
122,0.44047619047619047,3.227376428533695
122,0.45238095238095233,-13.817159105983364
122,0.46428571428571425,-16.68860218891208
122,0.47619047619047616,-17.758705949163854
122,0.4880952380952381,-30.543079633734116
123,0.0,431.7422
123,0.017857142857142856,15.980986590784523
123,0.03571428571428571,-33.32805880348895
123,0.05357142857142857,34.67682890584059
123,0.07142857142857142,-5.5246226460535475
123,0.08928571428571427,-5.740472766096601
123,0.10714285714285714,12.487576843940282
123,0.125,-5.74872084035141
123,0.14285714285714285,-40.492913653371524
123,0.1607142857142857,7.289488756806897
123,0.17857142857142855,1.1959882078533957
123,0.19642857142857142,6.777118140710221
123,0.21428571428571427,-27.288220136832738
123,0.23214285714285712,-21.72971645012704
123,0.25,6.640800000000013
123,0.26785714285714285,-28.131251371883355
123,0.2857142857142857,-25.431629982090183
123,0.30357142857142855,-1.9757783012702452
123,0.3214285714285714,7.211490114451373
123,0.33928571428571425,3.2368499907443304
123,0.3571428571428571,-14.466657217113726
123,0.375,-22.078079159648595
123,0.39285714285714285,-3.5589881862732327
123,0.4107142857142857,-14.480205063126853
123,0.42857142857142855,0.3427436354617055
123,0.4464285714285714,-2.818236125701965
123,0.46428571428571425,14.191691823517141
123,0.4821428571428571,27.44998769331947
124,0.0,527.2873
124,0.015384615384615385,-20.528453788522228
124,0.03076923076923077,-10.829052122158831
124,0.046153846153846156,42.176844898870314
124,0.06153846153846154,-8.048718445815025
124,0.07692307692307693,23.451905664735847
124,0.09230769230769231,-23.167165184996026
124,0.1076923076923077,-5.660616205914889
124,0.12307692307692308,-6.249776909678511
124,0.13846153846153847,-15.764505919415374
124,0.15384615384615385,-6.9403980913924705
124,0.16923076923076924,-17.747120702166846
124,0.18461538461538463,-18.277765035550484
124,0.2,8.63352468366449
124,0.2153846153846154,23.153441901193535
124,0.23076923076923078,0.47975330786675663
124,0.24615384615384617,-25.122150815374408
124,0.26153846153846155,-7.148911144289787
124,0.27692307692307694,-32.732427423382866
124,0.2923076923076923,-8.829008037517617
124,0.3076923076923077,11.603633912060666
124,0.3230769230769231,-27.470607620525712
124,0.3384615384615385,-32.84600398742178
124,0.35384615384615387,36.253560209561876
124,0.36923076923076925,14.669778783921078
124,0.38461538461538464,8.197831192697532
124,0.4,-7.095424683664483
124,0.4153846153846154,17.795705895186124
124,0.4307692307692308,0.7973466111372964
124,0.4461538461538462,-2.265573777469278
124,0.46153846153846156,6.611924014031683
124,0.47692307692307695,-11.49359789021843
124,0.49230769230769234,-47.597623289452045
125,0.0,473.4922
125,0.016666666666666666,23.589347893415933
125,0.03333333333333333,3.5392156823715126
125,0.05,4.390982172086456
125,0.06666666666666667,-15.048907145655198
125,0.08333333333333333,20.866403581415593
125,0.1,-35.1873485536007
125,0.11666666666666667,-6.145362683805365
125,0.13333333333333333,-20.23852034554387
125,0.15,-20.50025552022864
125,0.16666666666666666,-12.25655
125,0.18333333333333332,7.515068100352323
125,0.2,23.575743038613556
125,0.21666666666666667,-13.825381601007084
125,0.23333333333333334,23.573382171709454
125,0.25,-4.890500000000017
125,0.26666666666666666,-25.30878532446536
125,0.2833333333333333,-16.260474146016524
125,0.3,15.039098553600699
125,0.31666666666666665,-14.25476566440614
125,0.3333333333333333,-17.179249999999993
125,0.35,16.350711087505275
125,0.36666666666666664,-15.143923057793737
125,0.3833333333333333,9.628766287905638
125,0.4,15.329906961386442
125,0.4166666666666667,-23.654403581415583
125,0.43333333333333335,-19.778624796287254
125,0.45,-21.64343773936309
125,0.4666666666666667,25.19396281566442
125,0.48333333333333334,-34.89019818643879
126,0.0,462.158
126,0.018518518518518517,-6.858222137328983
126,0.037037037037037035,13.709489067076415
126,0.05555555555555555,8.394310851997261
126,0.07407407407407407,-37.2402439622666
126,0.09259259259259259,-0.1560195255260517
126,0.1111111111111111,-16.62271501862448
126,0.12962962962962962,-25.711605183917023
126,0.14814814814814814,-7.442747547622398
126,0.16666666666666666,29.673099999999994
126,0.18518518518518517,-13.869346449944802
126,0.2037037037037037,19.450681525025963
126,0.2222222222222222,17.075631279391807
126,0.24074074074074073,28.187125804267595
126,0.25925925925925924,-20.952036866787218
126,0.2777777777777778,2.9679016307946338
126,0.2962962962962963,3.3401643866362107
126,0.31481481481481477,-27.461142169406585
126,0.3333333333333333,-21.984699999999993
126,0.35185185185185186,-22.27597767090289
126,0.37037037037037035,-33.867502427356264
126,0.38888888888888884,37.54948751720812
126,0.4074074074074074,-4.010351564698494
126,0.42592592592592593,-25.903854388780225
126,0.4444444444444444,-48.832416260767324
126,0.4629629629629629,-14.458786253431796
126,0.48148148148148145,33.48597536496314
127,0.0,551.7592999999999
127,0.014492753623188406,28.457369667251015
127,0.028985507246376812,-28.74383616875959
127,0.043478260869565216,-5.337529373407177
127,0.057971014492753624,8.530376954047178
127,0.07246376811594203,-20.281368804618573
127,0.08695652173913043,7.097157711079344
127,0.10144927536231885,18.19774498892835
127,0.11594202898550725,-4.092229524599409
127,0.13043478260869565,17.924525652413976
127,0.14492753623188406,13.298659867648299
127,0.15942028985507248,-42.99385307271944
127,0.17391304347826086,-20.543846488410455
127,0.18840579710144928,30.324279318300405
127,0.2028985507246377,-30.371976843847904
127,0.21739130434782608,-20.20485060331146
127,0.2318840579710145,-34.90936103438107
127,0.2463768115942029,16.463826189425436
127,0.2608695652173913,-20.653792995871363
127,0.2753623188405797,-15.398816233121247
127,0.2898550724637681,-31.12442793513177
127,0.30434782608695654,-14.470046524732535
127,0.31884057971014496,-8.10634625636212
127,0.3333333333333333,-16.353400000000022
127,0.34782608695652173,-11.656741910163692
127,0.36231884057971014,-25.371794235570025
127,0.37681159420289856,-21.04350467896331
127,0.391304347826087,33.2655361810831
127,0.4057971014492754,44.06240603963533
127,0.42028985507246375,53.89703902730267
127,0.43478260869565216,-36.758179761975576
127,0.4492753623188406,20.62580025922991
127,0.463768115942029,26.325225493624266
127,0.4782608695652174,-14.621681886704067
127,0.4927536231884058,-42.17161301731814
128,0.0,825.736
128,0.011627906976744186,-24.292706198927362
128,0.023255813953488372,-3.598734963348166
128,0.03488372093023256,81.91413236982443
128,0.046511627906976744,-11.06913203243619
128,0.05813953488372093,21.103807211661508
128,0.06976744186046512,-52.74817821116344
128,0.08139534883720931,0.6712346733601633
128,0.09302325581395349,19.392717447929858
128,0.10465116279069767,12.47483000337077
128,0.11627906976744186,-6.485434278673006
128,0.12790697674418605,17.06075565030755
128,0.13953488372093023,-17.68674131402921
128,0.1511627906976744,-50.02931332486288
128,0.16279069767441862,0.9406215916891445
128,0.1744186046511628,-30.562668291754843
128,0.18604651162790697,-34.323562057611454
128,0.19767441860465115,-9.548827662823829
128,0.20930232558139533,-13.077741588345436
128,0.22093023255813954,-19.443039844248645
128,0.23255813953488372,-18.529049407581212
128,0.2441860465116279,21.992709812334013
128,0.2558139534883721,-83.8794002954367
128,0.26744186046511625,-20.12899770789545
128,0.27906976744186046,-41.762858773013846
128,0.29069767441860467,-6.8723941218414
128,0.3023255813953488,-11.019871280045432
128,0.313953488372093,11.53424009612755
128,0.32558139534883723,-60.990518357635494
128,0.3372093023255814,-3.607669297625448
128,0.3488372093023256,28.796380923553983
128,0.36046511627906974,38.754465353205106
128,0.37209302325581395,40.37732252359118
128,0.38372093023255816,21.126741871525
128,0.3953488372093023,-45.66210146385296
128,0.4069767441860465,24.17227949161605
128,0.41860465116279066,-2.5911877426853733
128,0.43023255813953487,12.013227247971294
128,0.4418604651162791,-11.726572712370949
128,0.45348837209302323,-46.19227225208857
128,0.46511627906976744,61.18444320307519
128,0.47674418604651164,-26.424035079234883
128,0.4883720930232558,-18.346301211610452
129,0.0,681.1972000000001
129,0.01282051282051282,-5.165706872163293
129,0.02564102564102564,-58.30647281911479
129,0.038461538461538464,10.495538126347359
129,0.05128205128205128,-40.29970282274545
129,0.0641025641025641,-35.254931293581436
129,0.07692307692307693,-15.700033183951852
129,0.08974358974358974,3.117082062421024
129,0.10256410256410256,-38.47412355111307
129,0.11538461538461538,-0.732610998363235
129,0.1282051282051282,17.142463142066127
129,0.14102564102564102,6.02616676485326
129,0.15384615384615385,25.352130466915447
129,0.16666666666666666,-12.917750000000002
129,0.1794871794871795,-21.04022303705867
129,0.1923076923076923,-19.748455839132205
129,0.20512820512820512,9.477785789122727
129,0.21794871794871795,4.494921303721622
129,0.23076923076923075,-27.735690218355558
129,0.24358974358974358,37.333712627604235
129,0.2564102564102564,13.785225778020367
129,0.2692307692307692,-21.83964057206189
129,0.28205128205128205,-16.836512183453515
129,0.2948717948717949,-88.89073703385023
129,0.3076923076923077,-5.280811669789204
129,0.3205128205128205,11.324932020195217
129,0.3333333333333333,28.731849999999998
129,0.34615384615384615,-0.137667641395117
129,0.358974358974359,-8.697374901943917
129,0.3717948717948718,-12.517285884602101
129,0.3846153846153846,-22.531160581526574
129,0.3974358974358974,29.996754334306328
129,0.41025641025641024,-12.377107193618919
129,0.4230769230769231,10.56833692460511
129,0.4358974358974359,10.67118772620206
129,0.4487179487179487,-19.348443088214943
129,0.4615384615384615,13.393065186707748
129,0.47435897435897434,30.31088505931035
129,0.48717948717948717,9.00030407363708
130,0.0,532.1918999999999
130,0.0136986301369863,19.079122277645297
130,0.0273972602739726,-2.431500686312326
130,0.0410958904109589,0.9791664589715445
130,0.0547945205479452,32.20922793088754
130,0.0684931506849315,32.87612331524046
130,0.0821917808219178,-48.12024876943109
130,0.0958904109589041,-40.86121062164703
130,0.1095890410958904,3.3629263407556316
130,0.1232876712328767,-15.78348077187206
130,0.136986301369863,8.948760438754054
130,0.1506849315068493,-8.711782853413412
130,0.1643835616438356,3.5052190624908803
130,0.1780821917808219,6.991870316670974
130,0.1917808219178082,10.237811155391132
130,0.2054794520547945,25.33327922544599
130,0.2191780821917808,22.34657166356699
130,0.2328767123287671,-23.685107895380597
130,0.2465753424657534,-9.663046448375846
130,0.2602739726027397,5.697089104144499
130,0.273972602739726,11.564159553794749
130,0.2876712328767123,-1.551582876114173
130,0.3013698630136986,-46.951227664755685
130,0.3150684931506849,-38.1655806837333
130,0.3287671232876712,29.34510214774957
130,0.3424657534246575,3.599633287293793
130,0.3561643835616438,-45.69134676041082
130,0.3698630136986301,-55.72638166613798
130,0.3835616438356164,-11.397745652152983
130,0.3972602739726027,-41.99884675545303
130,0.410958904109589,27.05135599034561
130,0.4246575342465753,-51.739068736031
130,0.4383561643835616,3.9071872341745064
130,0.4520547945205479,54.5628573654165
130,0.4657534246575342,-15.998517635302965
130,0.4794520547945205,-9.624397015000197
130,0.4931506849315068,37.034460622784955
131,0.0,475.35249999999996
131,0.015625,19.64660236082497
131,0.03125,-20.351115676498424
131,0.046875,13.315710874012705
131,0.0625,-5.274593264736035
131,0.078125,12.853361337582362
131,0.09375,18.48347137103502
131,0.109375,28.298304954689403
131,0.125,-19.509022695875704
131,0.140625,-5.640578011988698
131,0.15625,-12.897499221354495
131,0.171875,-28.58125333224382
131,0.1875,8.84489439972398
131,0.203125,-22.42120145158699
131,0.21875,-30.13944126864952
131,0.234375,-23.68203909533634
131,0.25,-35.227200000000025
131,0.265625,20.01846722422204
131,0.28125,16.39540880910335
131,0.296875,13.365328065685173
131,0.3125,-40.02547574466486
131,0.328125,9.688471192051507
131,0.34375,0.7333526000075405
131,0.359375,-48.690701103628115
131,0.375,1.0218226958757022
131,0.390625,32.084187000613476
131,0.40625,-21.66356580084663
131,0.421875,-7.752485829018378
131,0.4375,-30.438825390323096
131,0.453125,-6.5785168123666615
131,0.46875,22.18178918720315
131,0.484375,34.08754262648736
132,0.0,557.5015
132,0.015625,13.320103665014635
132,0.03125,-26.091133206276854
132,0.046875,-25.496128010965975
132,0.0625,-53.75027933623397
132,0.078125,-22.46679102286574
132,0.09375,-8.279502040892172
132,0.109375,53.26415400570689
132,0.125,23.497863469650177
132,0.140625,4.220893358330484
132,0.15625,10.296532467926063
132,0.171875,27.012487164516195
132,0.1875,-29.126378929605742
132,0.203125,-31.108796950695528
132,0.21875,-21.281332715845814
132,0.234375,-29.517075831149626
132,0.25,-5.263799999999975
132,0.265625,9.341091972322317
132,0.28125,-7.816468846275265
132,0.296875,-49.967281150252184
132,0.3125,-3.1862327554698595
132,0.328125,-17.134920394951067
132,0.34375,-35.47232100389598
132,0.359375,15.155302114943625
132,0.375,-5.4028634696501765
132,0.390625,58.86866433933388
132,0.40625,3.229351889151576
132,0.421875,13.640770314393134
132,0.4375,-6.853108978690418
132,0.453125,13.921612207109689
132,0.46875,-20.682726543891558
132,0.484375,-29.290885780790767
133,0.0,798.1831999999999
133,0.010416666666666666,-6.024020287432916
133,0.020833333333333332,-0.42139865457597026
133,0.03125,17.193915769340364
133,0.041666666666666664,27.53724388312538
133,0.05208333333333333,-1.7093391712538768
133,0.0625,16.4645895088776
133,0.07291666666666666,1.0087645812885775
133,0.08333333333333333,-34.027241814585366
133,0.09375,-9.808324133693263
133,0.10416666666666666,22.542304693674186
133,0.11458333333333333,-23.991882853143846
133,0.125,-1.6323716158558277
133,0.13541666666666666,-14.694612720976476
133,0.14583333333333331,-22.381862693439395
133,0.15625,5.59336058694138
133,0.16666666666666666,-35.42865
133,0.17708333333333331,11.745937273469707
133,0.1875,-61.12583183314652
133,0.19791666666666666,15.182839568860281
133,0.20833333333333331,-54.36438416927698
133,0.21875,2.5564142497197837
133,0.22916666666666666,-25.267445852383936
133,0.23958333333333331,21.538967941691407
133,0.25,14.628900000000016
133,0.26041666666666663,9.952696373872158
133,0.2708333333333333,7.398099328239034
133,0.28125,13.781387440820602
133,0.29166666666666663,-86.04225571015351
133,0.3020833333333333,14.229575369928451
133,0.3125,-19.676700194975965
133,0.32291666666666663,-50.17142929752553
133,0.3333333333333333,-39.48594999999998
133,0.34375,0.9885566186505521
133,0.35416666666666663,-5.20542375178538
133,0.3645833333333333,13.686320176303436
133,0.375,48.73357161585584
133,0.38541666666666663,24.994905372461492
133,0.3958333333333333,-14.332718460069263
133,0.40625,-17.682439420026874
133,0.41666666666666663,28.072841814585363
133,0.4270833333333333,-55.21159748326929
133,0.4375,34.704742519244896
133,0.44791666666666663,35.221338029614
133,0.4583333333333333,21.0723959963051
133,0.46875,13.744328888247482
133,0.47916666666666663,-40.0719546096593
133,0.4895833333333333,-16.608062873887597
134,0.0,515.0079999999999
134,0.014925373134328358,-29.61325967906422
134,0.029850746268656716,-28.93574104622481
134,0.04477611940298507,-6.974899469299217
134,0.05970149253731343,25.165895778138122
134,0.07462686567164178,-31.063666460427765
134,0.08955223880597014,13.493649815447334
134,0.1044776119402985,15.40582927138
134,0.11940298507462686,13.171206627806278
134,0.13432835820895522,13.355851106815884
134,0.14925373134328357,0.7755195885399466
134,0.16417910447761194,-43.029815773667096
134,0.1791044776119403,-7.286498846691277
134,0.19402985074626866,5.718278107371319
134,0.208955223880597,26.28431504309835
134,0.22388059701492538,-6.787092708865741
134,0.23880597014925373,-9.757452244893704
134,0.2537313432835821,-11.006392359551397
134,0.26865671641791045,-19.352850075940957
134,0.2835820895522388,-5.576819361550234
134,0.29850746268656714,-7.18068925785383
134,0.31343283582089554,10.157852253471773
134,0.3283582089552239,-11.994670377116698
134,0.34328358208955223,-2.447000389872379
134,0.3582089552238806,48.481910657288374
134,0.3731343283582089,-27.278540008855984
134,0.3880597014925373,-22.662533231158548
134,0.40298507462686567,21.24453974356887
134,0.417910447761194,24.17542190602945
134,0.43283582089552236,57.00562290176094
134,0.44776119402985076,-51.49534133808794
134,0.4626865671641791,-23.727750467646494
134,0.47761194029850745,-29.526503662544723
134,0.4925373134328358,-30.845176041403825
135,0.0,477.97529999999995
135,0.015384615384615385,21.099134011033108
135,0.03076923076923077,8.713584614126088
135,0.046153846153846156,15.627460093094346
135,0.06153846153846154,-18.78178575324632
135,0.07692307692307693,-7.3501285135074195
135,0.09230769230769231,-21.954269140558665
135,0.1076923076923077,11.077217062794238
135,0.12307692307692308,5.7978355369420225
135,0.13846153846153847,-27.52256060549768
135,0.15384615384615385,14.756275401424977
135,0.16923076923076924,-3.089034106267297
135,0.18461538461538463,10.498148671579015
135,0.2,-13.833472779251935
135,0.2153846153846154,-7.478454095969218
135,0.23076923076923078,-3.6400205970041286
135,0.24615384615384617,-4.8576078143767365
135,0.26153846153846155,3.3992569195415605
135,0.27692307692307694,-16.427603287948436
135,0.2923076923076923,-17.057549632783513
135,0.3076923076923077,18.037221139596717
135,0.3230769230769231,-11.305906279169367
135,0.3384615384615385,-31.139330723017792
135,0.35384615384615387,-31.267412946978002
135,0.36923076923076925,-19.524589825232795
135,0.38461538461538464,-3.150092769297011
135,0.4,-8.815177220748033
135,0.4153846153846154,12.297006578465293
135,0.4307692307692308,-26.14736958732653
135,0.4461538461538462,-4.32363624001243
135,0.46153846153846156,0.9654953387868783
135,0.47692307692307695,15.665506404789241
135,0.49230769230769234,22.39821014601994
136,0.0,714.1816
136,0.01282051282051282,34.834833618090386
136,0.02564102564102564,-19.817362419468676
136,0.038461538461538464,-5.2392351333908
136,0.05128205128205128,-2.5952663601812134
136,0.0641025641025641,-4.119859944491246
136,0.07692307692307693,39.68313321758109
136,0.08974358974358974,-2.004006533676476
136,0.10256410256410256,4.627232934386456
136,0.11538461538461538,-45.150820878480175
136,0.1282051282051282,20.29842470581999
136,0.14102564102564102,-6.901199449472763
136,0.15384615384615385,-34.37252808916409
136,0.16666666666666666,13.849899999999986
136,0.1794871794871795,-4.605385318970887
136,0.1923076923076923,17.791522252077044
136,0.20512820512820512,-10.022506917721993
136,0.21794871794871795,-30.504100384177104
136,0.23076923076923075,-14.61749146862648
136,0.24358974358974358,-3.660141874416512
136,0.2564102564102564,22.015924785007854
136,0.2692307692307692,-26.291438014534247
136,0.28205128205128205,14.109353719856518
136,0.2948717948717949,-9.443909918757067
136,0.3076923076923077,-29.051993842233223
136,0.3205128205128205,-17.398647062610323
136,0.3333333333333333,-9.387500000000012
136,0.34615384615384615,15.389148402630147
136,0.358974358974359,9.29923139044233
136,0.3717948717948718,-2.663669856726875
136,0.3846153846153846,17.4550454134443
136,0.3974358974358974,-5.016396069266841
136,0.41025641025641024,16.7761533942464
136,0.4230769230769231,-2.5830266283019476
136,0.4358974358974359,-53.88438721770573
136,0.4487179487179487,-62.312883586243146
136,0.4615384615384615,29.762384768998416
136,0.47435897435897434,-13.551168938252014
136,0.48717948717948717,-43.86766269571103
137,0.0,548.8929
137,0.01639344262295082,0.7437009231950071
137,0.03278688524590164,-6.336430575733047
137,0.04918032786885246,-27.79501482166256
137,0.06557377049180328,-24.852253562138642
137,0.0819672131147541,-7.697330208589911
137,0.09836065573770492,2.6273709717897127
137,0.11475409836065574,-7.664709211873564
137,0.13114754098360656,-3.4292972188091753
137,0.14754098360655737,-5.616761838619963
137,0.1639344262295082,-25.226511464184888
137,0.18032786885245902,-13.922578883427162
137,0.19672131147540983,3.0771704904799275
137,0.21311475409836067,10.54395249955227
137,0.22950819672131148,18.254625616888475
137,0.24590163934426232,-21.89925963192067
137,0.26229508196721313,7.1242857999541265
137,0.27868852459016397,11.017457665144956
137,0.29508196721311475,-7.076757270720176
137,0.3114754098360656,20.24134105106723
137,0.3278688524590164,9.798837936959522
137,0.3442622950819672,61.2798047538256
137,0.36065573770491804,-66.0769356174463
137,0.3770491803278689,-44.911135248972734
137,0.39344262295081966,5.749618837916911
137,0.4098360655737705,-33.81344489130615
137,0.42622950819672134,-5.688323864127948
137,0.4426229508196722,13.017817389344328
137,0.45901639344262296,11.170031353396647
137,0.4754098360655738,-7.311142377489555
137,0.49180327868852464,-25.60697860249245
138,0.0,638.2494
138,0.015384615384615385,-29.462670985077153
138,0.03076923076923077,-8.754808442956058
138,0.046153846153846156,-33.17800712721711
138,0.06153846153846154,25.551324618133236
138,0.07692307692307693,-13.513992803768158
138,0.09230769230769231,-28.562806832478717
138,0.1076923076923077,9.36750489432065
138,0.12307692307692308,12.862130729191687
138,0.13846153846153847,11.92078893032155
138,0.15384615384615385,-31.37550228269426
138,0.16923076923076924,-26.80171264807787
138,0.18461538461538463,-35.163993727488304
138,0.2,-22.7318172718131
138,0.2153846153846154,-15.237714940141732
138,0.23076923076923078,21.04826683185652
138,0.24615384615384617,-45.529410876544475
138,0.26153846153846155,45.87912924550221
138,0.27692307692307694,-29.26235095031024
138,0.2923076923076923,1.413788469800942
138,0.3076923076923077,24.25308136878008
138,0.3230769230769231,-31.917531242721665
138,0.3384615384615385,-17.69939355047771
138,0.35384615384615387,-30.888634252959964
138,0.36923076923076925,-19.319688234187645
138,0.38461538461538464,9.34667730420794
138,0.4,21.449867271813105
138,0.4153846153846154,24.034509031223994
138,0.4307692307692308,-27.49190763345449
138,0.4461538461538462,-24.254134405209047
138,0.46153846153846156,45.82681958161787
138,0.47692307692307695,1.5302825348253837
138,0.49230769230769234,19.191207395982573
139,0.0,559.5074999999999
139,0.015625,14.734512048306904
139,0.03125,-24.734503602586784
139,0.046875,19.08456767307579
139,0.0625,-20.174111107484514
139,0.078125,-35.49452740657138
139,0.09375,-10.139153513655994
139,0.109375,-37.3377821641443
139,0.125,-0.1690947957157274
139,0.140625,5.1240197930854245
139,0.15625,-30.54843676098836
139,0.171875,-29.468762017922042
139,0.1875,19.375968229850727
139,0.203125,7.993899404903848
139,0.21875,38.772677339848364
139,0.234375,15.276307413324698
139,0.25,-11.488999999999976
139,0.265625,-25.57722559327245
139,0.28125,-3.2975694565971096
139,0.296875,8.11683520985792
139,0.3125,-0.0032042630993327492
139,0.328125,-29.65373860835054
139,0.34375,-30.89138170238374
139,0.359375,-3.6904257776089784
139,0.375,-24.409705204284272
139,0.390625,10.180357454826918
139,0.40625,-8.638818937295266
139,0.421875,13.975463449484465
139,0.4375,15.061747140733123
139,0.453125,-15.465536842152737
139,0.46875,11.88038663365888
139,0.484375,-0.6107640368435474
140,0.0,756.2025
140,0.010869565217391304,-18.61000548577465
140,0.021739130434782608,-16.617323552131822
140,0.03260869565217391,-22.557716443879656
140,0.043478260869565216,54.78740400840348
140,0.05434782608695652,-27.647830781800472
140,0.06521739130434782,-12.505599301948218
140,0.07608695652173914,7.123184081470363
140,0.08695652173913043,-21.287109951817175
140,0.09782608695652173,-5.0068420354504735
140,0.10869565217391304,32.39299334441802
140,0.11956521739130435,-14.029901325568257
140,0.13043478260869565,-55.606021725498145
140,0.14130434782608695,-3.9622260131066405
140,0.15217391304347827,2.0437788494895273
140,0.16304347826086957,7.1719216725282005
140,0.17391304347826086,-5.937363555267273
140,0.18478260869565216,-8.732879560054227
140,0.19565217391304346,32.284644442112366
140,0.20652173913043478,-3.570232265219369
140,0.21739130434782608,-4.59021797683274
140,0.22826086956521738,22.361569112357923
140,0.2391304347826087,-43.92658365908609
140,0.25,3.704900000000009
140,0.2608695652173913,-13.420032478845219
140,0.2717391304347826,12.126140935359803
140,0.2826086956521739,8.047772409629793
140,0.2934782608695652,-7.241058335867981
140,0.30434782608695654,-47.6971860865858
140,0.31521739130434784,-4.207296331635467
140,0.32608695652173914,32.69291065848589
140,0.33695652173913043,-5.510648516095324
140,0.34782608695652173,44.50218083678113
140,0.358695652173913,-21.73889359560938
140,0.3695652173913043,7.751636344998943
140,0.3804347826086956,-52.995474269890494
140,0.3913043478260869,-5.469186349699619
140,0.40217391304347827,4.253488828101956
140,0.41304347826086957,50.71349201207616
140,0.42391304347826086,1.1401305317969026
140,0.43478260869565216,-27.60005127073763
140,0.44565217391304346,-25.913009039731648
140,0.45652173913043476,1.9214284519554852
140,0.46739130434782605,23.960462835704092
140,0.4782608695652174,-63.669965449901
140,0.4891304347826087,-29.082683997635
141,0.0,732.5578
141,0.0125,-36.27759170677604
141,0.025,7.774627417214472
141,0.037500000000000006,-21.111043757245
141,0.05,11.2702174838624
141,0.0625,-27.43605214869072
141,0.07500000000000001,20.310677692610795
141,0.08750000000000001,-33.69327284607088
141,0.1,-24.975999492265814
141,0.1125,-1.6538580334282527
141,0.125,-5.187514652740283
141,0.1375,34.266380126099264
141,0.15000000000000002,-36.392427381699704
141,0.1625,0.1702276993037719
141,0.17500000000000002,-17.532516159935142
141,0.1875,7.508615595439188
141,0.2,6.556029642144397
141,0.21250000000000002,-8.742653621275156
141,0.225,-12.33670046331437
141,0.23750000000000002,-2.4400522906939663
141,0.25,9.990199999999987
141,0.2625,41.896970754284155
141,0.275,7.278876527728768
141,0.28750000000000003,-52.51814214070218
141,0.30000000000000004,-3.5031505077341922
141,0.3125,-67.71316444873355
141,0.325,-35.082972013807854
141,0.3375,3.961172899705443
141,0.35000000000000003,-2.205289144648706
141,0.36250000000000004,-46.19798667872742
141,0.375,73.87211465274027
141,0.3875,-4.329472430224123
141,0.4,5.8493203578555875
141,0.41250000000000003,-23.560876175127532
141,0.42500000000000004,9.59566361271276
141,0.4375,-11.330998998014875
141,0.45,21.139299042486012
141,0.4625,8.36456377386352
141,0.47500000000000003,-24.237256613209443
141,0.48750000000000004,26.509234427014356
142,0.0,539.9553999999999
142,0.014925373134328358,21.50854609951552
142,0.029850746268656716,-2.9792342686706252
142,0.04477611940298507,19.73655134751292
142,0.05970149253731343,-19.49990601313347
142,0.07462686567164178,3.4510628283238436
142,0.08955223880597014,-26.12400052272031
142,0.1044776119402985,-18.95451051686321
142,0.11940298507462686,8.516706106110979
142,0.13432835820895522,-42.9651411109687
142,0.14925373134328357,-6.405989003831122
142,0.16417910447761194,-4.208170097520023
142,0.1791044776119403,-2.150411401319671
142,0.19402985074626866,-7.106977221623657
142,0.208955223880597,-5.852866611443831
142,0.22388059701492538,31.05563919151724
142,0.23880597014925373,-29.941811787445218
142,0.2537313432835821,-31.234968439027526
142,0.26865671641791045,5.487932846637083
142,0.2835820895522388,8.843691006937718
142,0.29850746268656714,-38.82470214514772
142,0.31343283582089554,-3.1585436760393337
142,0.3283582089552239,18.11229128489914
142,0.34328358208955223,-14.770763438510453
142,0.3582089552238806,9.358033620826342
142,0.3731343283582089,-34.892488953700834
142,0.3880597014925373,20.75371353144206
142,0.40298507462686567,-9.91057963786449
142,0.417910447761194,-30.783030055163877
142,0.43283582089552236,-5.517978466707614
142,0.44776119402985076,15.386132171954113
142,0.4626865671641791,28.199388913503267
142,0.47761194029850745,4.771668780120968
142,0.4925373134328358,-4.479784361599832
143,0.0,598.089
143,0.013157894736842105,13.823263609244387
143,0.02631578947368421,0.4498389395926079
143,0.039473684210526314,37.36998387141115
143,0.05263157894736842,25.729511986797746
143,0.06578947368421052,-19.823753518857036
143,0.07894736842105263,-22.788016485407667
143,0.09210526315789473,-26.39119007101867
143,0.10526315789473684,-29.833681238414485
143,0.11842105263157894,9.042527198549752
143,0.13157894736842105,19.223392856245283
143,0.14473684210526316,-28.761582175479024
143,0.15789473684210525,-8.882882880299533
143,0.17105263157894735,-3.4932636662053227
143,0.18421052631578946,-4.5383129510664055
143,0.19736842105263158,-48.54069034570821
143,0.21052631578947367,-34.12839510140718
143,0.22368421052631576,14.712152545658125
143,0.23684210526315788,5.915183478519773
143,0.25,4.770100000000042
143,0.2631578947368421,-2.288381801060729
143,0.2763157894736842,4.391086300414948
143,0.2894736842105263,-6.359457527402922
143,0.3026315789473684,6.407671966882539
143,0.3157894736842105,-13.969891211670177
143,0.3289473684210526,-6.044681901967085
143,0.3421052631578947,-7.657438538076559
143,0.35526315789473684,-11.238013936908306
143,0.3684210526315789,16.875112064130406
143,0.381578947368421,-19.59980146131767
143,0.39473684210526316,9.461640241528947
143,0.40789473684210525,2.0987815930846203
143,0.42105263157894735,-3.211784694272092
143,0.43421052631578944,-15.6133291123172
143,0.4473684210526315,8.145369986066939
143,0.4605263157894737,-5.419938114020711
143,0.47368421052631576,-9.588307123803952
143,0.48684210526315785,-12.462922781446293
144,0.0,555.0146
144,0.015151515151515152,10.915513559344765
144,0.030303030303030304,-12.955494984858056
144,0.045454545454545456,30.00781198760558
144,0.06060606060606061,-4.067539857565215
144,0.07575757575757576,-16.547210864722715
144,0.09090909090909091,-15.515765573360842
144,0.10606060606060606,-45.31678556725973
144,0.12121212121212122,-3.6579274359500396
144,0.13636363636363635,4.794128322828584
144,0.15151515151515152,0.5317859533755502
144,0.16666666666666669,19.416399999999978
144,0.18181818181818182,3.729279871387458
144,0.19696969696969696,16.535661750191856
144,0.21212121212121213,-26.889972357540834
144,0.2272727272727273,39.54999178853595
144,0.24242424242424243,1.469582158734752
144,0.25757575757575757,-0.6759461815896812
144,0.2727272727272727,-16.864187503711108
144,0.2878787878787879,-12.285175849379073
144,0.30303030303030304,-2.944747800638458
144,0.3181818181818182,7.883724620109167
144,0.33333333333333337,-34.461400000000026
144,0.3484848484848485,-41.5885710809944
144,0.36363636363636365,-51.0444982005567
144,0.3787878787878788,16.398816454646397
144,0.3939393939393939,-7.396434408239799
144,0.4090909090909091,35.501193280920745
144,0.42424242424242425,-5.8238727503701355
144,0.4393939393939394,-40.86150640409951
144,0.4545454545454546,23.913221406241203
144,0.4696969696969697,11.161754183862119
144,0.48484848484848486,-33.89822851694773
145,0.0,493.21440000000007
145,0.014492753623188406,10.311784162985322
145,0.028985507246376812,-13.214885570833708
145,0.043478260869565216,-29.356496100285668
145,0.057971014492753624,9.441309533987026
145,0.07246376811594203,-10.442228362159895
145,0.08695652173913043,4.95831216072871
145,0.10144927536231885,-19.22679664373007
145,0.11594202898550725,-26.063977578116813
145,0.13043478260869565,23.459964758808553
145,0.14492753623188406,19.237885339359956
145,0.15942028985507248,7.703803244773883
145,0.17391304347826086,-33.52016290808807
145,0.18840579710144928,7.932506380931644
145,0.2028985507246377,-7.583317902924738
145,0.21739130434782608,-7.463381488351752
145,0.2318840579710145,-27.182003143390155
145,0.2463768115942029,28.092849177921657
145,0.2608695652173913,-24.753844358419958
145,0.2753623188405797,-16.321658677847175
145,0.2898550724637681,-6.767935140473249
145,0.30434782608695654,-20.38600078437631
145,0.31884057971014496,-10.350853743976433
145,0.3333333333333333,-10.064550000000025
145,0.34782608695652173,-13.11474913152631
145,0.36231884057971014,-24.688678241119693
145,0.37681159420289856,-6.37257180648494
145,0.391304347826087,-25.85536868637147
145,0.4057971014492754,-1.8025808118784141
145,0.42028985507246375,58.58356872922507
145,0.43478260869565216,-8.160910142253256
145,0.4492753623188406,26.659658589237075
145,0.463768115942029,2.663072309330196
145,0.4782608695652174,-21.757763319864367
145,0.4927536231884058,47.93920015518363
146,0.0,476.3748
146,0.017857142857142856,-12.50363177466086
146,0.03571428571428571,-9.93787759859004
146,0.05357142857142857,-42.92179528566842
146,0.07142857142857142,-9.828342270921887
146,0.08928571428571427,-42.53601648579875
146,0.10714285714285714,43.49408078504116
146,0.125,16.254621213718927
146,0.14285714285714285,37.05338532017983
146,0.1607142857142857,-10.255677947511797
146,0.17857142857142855,-10.945498982912808
146,0.19642857142857142,-31.51998653939095
146,0.21428571428571427,-29.713344992689244
146,0.23214285714285712,17.6506459625478
146,0.25,-34.5094
146,0.26785714285714285,-17.924712821501835
146,0.2857142857142857,-30.290589268064053
146,0.30357142857142855,4.820426730005728
146,0.3214285714285714,14.966066839269379
146,0.33928571428571425,27.018205696155917
146,0.3571428571428571,-0.8558627363888753
146,0.375,7.621978786281083
146,0.39285714285714285,-33.9496199575934
146,0.4107142857142857,-3.978803904362543
146,0.42857142857142855,-10.001846052115788
146,0.4464285714285714,-10.17259775528569
146,0.46428571428571425,26.3658489147857
146,0.4821428571428571,-3.2276558745286623
147,0.0,343.1341
147,0.022727272727272728,-1.4062872724714381
147,0.045454545454545456,-12.630618343468644
147,0.06818181818181818,8.15666868245619
147,0.09090909090909091,-10.544183264557677
147,0.11363636363636365,-15.657388551771309
147,0.13636363636363635,-7.978956618840781
147,0.1590909090909091,1.753217314604921
147,0.18181818181818182,-5.3726647310675615
147,0.20454545454545456,-2.1507810285345403
147,0.2272727272727273,0.11071362764489168
147,0.25,-1.559800000000024
147,0.2727272727272727,-2.5361891072114378
147,0.29545454545454547,1.5358292538853693
147,0.3181818181818182,-2.934727384178017
147,0.34090909090909094,-11.36576631644881
147,0.36363636363636365,-15.631877030060341
147,0.38636363636363635,-29.27492569246102
147,0.4090909090909091,-2.832361281157465
147,0.4318181818181818,1.8376856884872756
147,0.4545454545454546,33.500764132897004
147,0.4772727272727273,-16.701352077746638
148,0.0,447.6261999999999
148,0.019230769230769232,-10.455156879703981
148,0.038461538461538464,-70.49097014452286
148,0.057692307692307696,-0.6666583133454522
148,0.07692307692307693,12.79980467000475
148,0.09615384615384616,32.405936531014284
148,0.11538461538461539,2.6818466201105053
148,0.13461538461538464,-26.016115236991553
148,0.15384615384615385,-33.21155363226696
148,0.17307692307692307,-7.16751117752484
148,0.19230769230769232,4.784794817633091
148,0.21153846153846156,31.41749174661425
148,0.23076923076923078,-32.513952583598645
148,0.25,-34.40819999999998
148,0.2692307692307693,-4.042739039349392
148,0.2884615384615385,3.317763834985545
148,0.3076923076923077,8.915479743006344
148,0.3269230769230769,-1.2769082380516057
148,0.34615384615384615,12.480127413848372
148,0.3653846153846154,-23.060758133621462
148,0.38461538461538464,-2.9885663486199334
148,0.40384615384615385,24.801214355910723
148,0.42307692307692313,-21.67210966771972
148,0.44230769230769235,-2.1002843544993426
148,0.46153846153846156,12.337638151474462
148,0.4807692307692308,17.335385865213368
149,0.0,515.0962000000002
149,0.014925373134328358,29.96735218552467
149,0.029850746268656716,1.4282574743094507
149,0.04477611940298507,15.593097907765806
149,0.05970149253731343,44.61283810693552
149,0.07462686567164178,-12.98991199741889
149,0.08955223880597014,-2.340858051941318
149,0.1044776119402985,-7.063135511597814
149,0.11940298507462686,2.5246206730217153
149,0.13432835820895522,-21.910359263970307
149,0.14925373134328357,-13.235832834341451
149,0.16417910447761194,-30.20003560830485
149,0.1791044776119403,-19.3717724822529
149,0.19402985074626866,-54.92898284301856
149,0.208955223880597,-9.181662012050701
149,0.22388059701492538,-16.8841681268803
149,0.23880597014925373,-23.835057685462857
149,0.2537313432835821,9.203419509158609
149,0.26865671641791045,7.916184377533618
149,0.2835820895522388,-12.05947998797672
149,0.29850746268656714,-2.8638637175891226
149,0.31343283582089554,-34.150210531863635
149,0.3283582089552239,9.35417019485482
149,0.34328358208955223,5.554393476696436
149,0.3582089552238806,-20.993125883841273
149,0.3731343283582089,-21.09787342171229
149,0.3880597014925373,29.01160501276575
149,0.40298507462686567,-2.1356079104949037
149,0.417910447761194,-0.5220021357118005
149,0.43283582089552236,-2.3113133849402523
149,0.44776119402985076,-1.9172110279930603
149,0.4626865671641791,17.521776899160674
149,0.47761194029850745,-18.198569338845015
149,0.4925373134328358,23.352417940480592
