sid,freq,power
0,0.0,-0.0
0,0.014925373134328358,-3.7898369120425333
0,0.029850746268656716,-2.8664190345940463
0,0.04477611940298507,-3.2707807290934925
0,0.05970149253731343,4.240789065479205
0,0.07462686567164178,2.5401577913577285
0,0.08955223880597014,-4.314612416132309
0,0.1044776119402985,-2.3927108400759294
0,0.11940298507462686,3.5741096517093163
0,0.13432835820895522,3.531757111544303
0,0.14925373134328357,-4.630217159791147
0,0.16417910447761194,16.456485561848318
0,0.1791044776119403,-4.461001496392754
0,0.19402985074626866,0.6050327308084815
0,0.208955223880597,-11.799854495455573
0,0.22388059701492538,2.6743025794839244
0,0.23880597014925373,2.9569457910861208
0,0.2537313432835821,8.186604945146744
0,0.26865671641791045,0.88016563577013
0,0.2835820895522388,-4.868145710751566
0,0.29850746268656714,1.1838212632917917
0,0.31343283582089554,-8.538542772290324
0,0.3283582089552239,-2.5625117516692626
0,0.34328358208955223,-11.1534111928046
0,0.3582089552238806,-8.505534289065675
0,0.3731343283582089,-10.704540489739772
0,0.3880597014925373,-5.344169818434571
0,0.40298507462686567,7.3828330042594015
0,0.417910447761194,1.7929534917925636
0,0.43283582089552236,4.715484138160913
0,0.44776119402985076,-7.9812613169118976
0,0.4626865671641791,-1.402407819033378
0,0.47761194029850745,-2.976463672761348
0,0.4925373134328358,-5.711551874274486
1,0.0,-0.0
1,0.014705882352941176,-9.298488709409277
1,0.029411764705882353,-11.911363916700221
1,0.044117647058823525,-1.035879299982125
1,0.058823529411764705,-1.7470046249463174
1,0.07352941176470588,0.9692466253001193
1,0.08823529411764705,1.536480148887103
1,0.10294117647058823,5.308486034106685
1,0.11764705882352941,-3.553457509197549
1,0.1323529411764706,1.6880306546323944
1,0.14705882352941177,3.7847040854265126
1,0.16176470588235295,2.2904777994976104
1,0.1764705882352941,-6.952664633422499
1,0.19117647058823528,0.5063101738861322
1,0.20588235294117646,3.3097850352565206
1,0.22058823529411764,-0.01543107456556303
1,0.23529411764705882,0.13084645601757505
1,0.25,3.4891288125734325
1,0.2647058823529412,1.6621697135170772
1,0.27941176470588236,4.848607003699704
1,0.29411764705882354,-7.877550084122863
1,0.3088235294117647,5.273941730762857
1,0.3235294117647059,5.59546353391236
1,0.3382352941176471,-0.22378687271925224
1,0.3529411764705882,0.4820616948862986
1,0.3676470588235294,-6.585705323922122
1,0.38235294117647056,-0.768360758987745
1,0.39705882352941174,-4.870065087914813
1,0.4117647058823529,4.220321751848646
1,0.4264705882352941,-3.07506735065488
1,0.4411764705882353,7.7901212184013175
1,0.45588235294117646,0.056315148852558505
1,0.47058823529411764,8.197925172041774
1,0.4852941176470588,2.6669453944198027
2,0.0,-0.0
2,0.012345679012345678,7.116044219731106
2,0.024691358024691357,-3.6520276901393993
2,0.037037037037037035,-1.6735606424996083
2,0.04938271604938271,-13.73690106372487
2,0.06172839506172839,-7.393661262549701
2,0.07407407407407407,12.406045476069611
2,0.08641975308641975,7.986257848649619
2,0.09876543209876543,-2.81157474617077
2,0.1111111111111111,-0.09851778351672202
2,0.12345679012345678,-1.6178633251997763
2,0.13580246913580246,1.3737661010458826
2,0.14814814814814814,-14.37892988836515
2,0.16049382716049382,15.443839172209836
2,0.1728395061728395,-2.5918543329262302
2,0.18518518518518517,-13.295751481278463
2,0.19753086419753085,12.455296794701958
2,0.20987654320987653,-4.955491404467864
2,0.2222222222222222,3.354438266528304
2,0.2345679012345679,-4.812046130124182
2,0.24691358024691357,2.699899025975463
2,0.25925925925925924,-0.6745514364399758
2,0.2716049382716049,5.327176533751732
2,0.2839506172839506,-1.7772937164402576
2,0.2962962962962963,0.7246539904099065
2,0.30864197530864196,8.400712790224025
2,0.32098765432098764,-3.8202140434046608
2,0.3333333333333333,-9.138341385069321
2,0.345679012345679,-9.09760582785579
2,0.35802469135802467,-7.043662350007869
2,0.37037037037037035,0.12737203928206947
2,0.38271604938271603,-1.2930839499223117
2,0.3950617283950617,0.36427558053889264
2,0.4074074074074074,-7.735233382867253
2,0.41975308641975306,-2.746627233434694
2,0.43209876543209874,5.184271618167296
2,0.4444444444444444,5.541927983256496
2,0.4567901234567901,5.701926403425746
2,0.4691358024691358,6.1660277523737435
2,0.48148148148148145,-6.078486572051544
2,0.49382716049382713,-9.567476694681298
3,0.0,-0.0
3,0.011363636363636364,3.5094216773461007
3,0.022727272727272728,4.714443579838661
3,0.03409090909090909,-6.234639499302089
3,0.045454545454545456,3.110093748198059
3,0.05681818181818182,-1.8732205756529758
3,0.06818181818181818,6.709381399778209
3,0.07954545454545454,-6.286031159455902
3,0.09090909090909091,-0.8484987482827189
3,0.10227272727272728,6.760343944234249
3,0.11363636363636365,-6.483210626038186
3,0.125,-6.071339381851363
3,0.13636363636363635,2.344154537179653
3,0.14772727272727273,2.7582154080966848
3,0.1590909090909091,-11.114506620588845
3,0.17045454545454547,8.18127122730099
3,0.18181818181818182,1.500254764987449
3,0.19318181818181818,7.513336668647877
3,0.20454545454545456,0.9108265433284202
3,0.2159090909090909,6.769791745472055
3,0.2272727272727273,2.2532849922972695
3,0.23863636363636365,1.8676698230914717
3,0.25,-7.465497071806025
3,0.26136363636363635,4.375160486024758
3,0.2727272727272727,-8.874374780900169
3,0.2840909090909091,1.85145644308817
3,0.29545454545454547,4.5152873739761485
3,0.3068181818181818,-14.791948390976263
3,0.3181818181818182,-3.852130136529427
3,0.32954545454545453,-5.801092849202947
3,0.34090909090909094,-7.468455241759312
3,0.3522727272727273,-4.728468464923381
3,0.36363636363636365,-1.132432997621851
3,0.375,2.0717005427010964
3,0.38636363636363635,0.5047175185143238
3,0.39772727272727276,-0.24798457844681687
3,0.4090909090909091,-1.591753192120091
3,0.42045454545454547,8.27143186995029
3,0.4318181818181818,-0.45420412016060574
3,0.4431818181818182,-8.271134688869775
3,0.4545454545454546,12.220699774467827
3,0.46590909090909094,-2.312472924109406
3,0.4772727272727273,-4.992951127583715
3,0.48863636363636365,19.878759077594808
4,0.0,-0.0
4,0.017543859649122806,-1.3558719175154024
4,0.03508771929824561,1.1455628578030543
4,0.05263157894736842,5.40168528402562
4,0.07017543859649122,-3.7292661034521712
4,0.08771929824561403,2.86622658155553
4,0.10526315789473684,-5.248981227909196
4,0.12280701754385964,5.221132242534968
4,0.14035087719298245,-8.096447708534122
4,0.15789473684210525,-5.647118813517825
4,0.17543859649122806,-5.011356934085015
4,0.19298245614035087,5.26101035254781
4,0.21052631578947367,9.385716980626247
4,0.22807017543859648,-5.856716804125426
4,0.24561403508771928,-5.7634772047051435
4,0.2631578947368421,0.19255220920605742
4,0.2807017543859649,-6.385330701856367
4,0.2982456140350877,-4.758249235289228
4,0.3157894736842105,1.328000229560372
4,0.3333333333333333,4.829356640881281
4,0.3508771929824561,5.724136428757126
4,0.3684210526315789,-3.1496197110914634
4,0.38596491228070173,-9.975212578422788
4,0.40350877192982454,-4.254345707294437
4,0.42105263157894735,-4.972714385300732
4,0.43859649122807015,-3.298852441706824
4,0.45614035087719296,1.3643251797343243
4,0.47368421052631576,-2.0872608254198477
4,0.49122807017543857,2.6943401793094837
5,0.0,-0.0
5,0.02040816326530612,-0.4844060564234006
5,0.04081632653061224,3.605604112229494
5,0.061224489795918366,-2.5060983432322956
5,0.08163265306122448,-7.792298755540958
5,0.1020408163265306,2.1057595812471854
5,0.12244897959183673,-3.354217116292038
5,0.14285714285714285,-0.992126969153039
5,0.16326530612244897,-4.1351653688497745
5,0.18367346938775508,-1.786777142072867
5,0.2040816326530612,11.232728901438573
5,0.22448979591836732,-0.9557110015234369
5,0.24489795918367346,-0.20975089567980731
5,0.26530612244897955,-1.4127642962430724
5,0.2857142857142857,3.5292479209329093
5,0.3061224489795918,-5.570573081091661
5,0.32653061224489793,9.292093936979837
5,0.3469387755102041,-0.8057226075629642
5,0.36734693877551017,-4.555761047381203
5,0.3877551020408163,2.305742896036454
5,0.4081632653061224,0.5523010314466545
5,0.42857142857142855,-0.24512352552643235
5,0.44897959183673464,-4.585444154454132
5,0.4693877551020408,-4.114046986983318
5,0.4897959183673469,-5.726763177644301
6,0.0,-0.0
6,0.009900990099009901,-5.490225644875628
6,0.019801980198019802,-0.9318726851488645
6,0.0297029702970297,-1.0987978433377659
6,0.039603960396039604,4.723958401990589
6,0.04950495049504951,10.024321408711465
6,0.0594059405940594,10.271344712257292
6,0.06930693069306931,-4.497355725980947
6,0.07920792079207921,-7.136200393984256
6,0.0891089108910891,-1.1037392906361065
6,0.09900990099009901,1.493440836555833
6,0.10891089108910891,-2.644812026451176
6,0.1188118811881188,9.127139858181373
6,0.12871287128712872,4.283016134889989
6,0.13861386138613863,-16.325993187218348
6,0.1485148514851485,11.006734352704152
6,0.15841584158415842,-1.7430835676359366
6,0.16831683168316833,5.7886909709268135
6,0.1782178217821782,-4.160647247718233
6,0.18811881188118812,-17.943438316231234
6,0.19801980198019803,-6.780361169392334
6,0.2079207920792079,-0.5859510529207599
6,0.21782178217821782,-6.397011801466073
6,0.22772277227722773,0.5836166281844348
6,0.2376237623762376,-3.486468852468497
6,0.24752475247524752,-3.608864154026853
6,0.25742574257425743,11.519690039378691
6,0.26732673267326734,2.9035595697260055
6,0.27722772277227725,4.978086481539041
6,0.2871287128712871,-6.571691716351739
6,0.297029702970297,3.114966391968048
6,0.3069306930693069,-0.12790580503207183
6,0.31683168316831684,-6.326562335264374
6,0.32673267326732675,10.4165563516557
6,0.33663366336633666,10.794109135242222
6,0.34653465346534656,-16.00566458547491
6,0.3564356435643564,-7.319730885503107
6,0.36633663366336633,-4.209657254144174
6,0.37623762376237624,-3.8975004597287555
6,0.38613861386138615,1.2383576514544705
6,0.39603960396039606,-0.5168082036114421
6,0.40594059405940597,-3.339813259769648
6,0.4158415841584158,5.158127447848161
6,0.42574257425742573,-4.776784574726193
6,0.43564356435643564,9.767088362768373
6,0.44554455445544555,3.554593602959777
6,0.45544554455445546,-5.29163337255662
6,0.46534653465346537,-0.5360482914198805
6,0.4752475247524752,1.1308504845519842
6,0.48514851485148514,4.217157066439478
6,0.49504950495049505,-3.1916924670330866
7,0.0,-0.0
7,0.016666666666666666,4.321401423190376
7,0.03333333333333333,-4.014458695260307
7,0.05,9.580680770714782
7,0.06666666666666667,-4.770820090038582
7,0.08333333333333333,-5.673214198580947
7,0.1,-8.41785361286721
7,0.11666666666666667,-0.530002979203397
7,0.13333333333333333,5.656113902569963
7,0.15,-6.1330738614984055
7,0.16666666666666666,-2.366145863472179
7,0.18333333333333332,-4.642457448666249
7,0.2,-0.8344220405811056
7,0.21666666666666667,-3.9935388989308107
7,0.23333333333333334,10.710012322549478
7,0.25,-2.5676302545356826
7,0.26666666666666666,-6.956796511568862
7,0.2833333333333333,7.361924045833466
7,0.3,-5.009842886458771
7,0.31666666666666665,4.41734880594141
7,0.3333333333333333,0.24331575722143706
7,0.35,-9.819822406475993
7,0.36666666666666664,3.8286350980695527
7,0.3833333333333333,-1.401860705908354
7,0.4,2.301132667062591
7,0.4166666666666667,-6.111953029770888
7,0.43333333333333335,-2.4844666797872152
7,0.45,-3.123507544774172
7,0.4666666666666667,-4.598226372796288
7,0.48333333333333334,-8.635640528181192
8,0.0,-0.0
8,0.015151515151515152,-0.09957581564176543
8,0.030303030303030304,6.80183391474721
8,0.045454545454545456,-5.975329556108146
8,0.06060606060606061,-3.0692111374379674
8,0.07575757575757576,1.5034894086506654
8,0.09090909090909091,-2.6808877894752783
8,0.10606060606060606,1.49294148873338
8,0.12121212121212122,-0.25241407781820735
8,0.13636363636363635,0.6488498921131418
8,0.15151515151515152,-0.3702163406521506
8,0.16666666666666669,-1.0696487181641543
8,0.18181818181818182,-1.4401418376633748
8,0.19696969696969696,-3.082996543872367
8,0.21212121212121213,-2.1527809865171426
8,0.2272727272727273,-6.597405395344346
8,0.24242424242424243,-8.548583919321809
8,0.25757575757575757,-7.286400327984312
8,0.2727272727272727,6.053209181398087
8,0.2878787878787879,-10.6353483347078
8,0.30303030303030304,-0.08582853347919239
8,0.3181818181818182,11.870018285946905
8,0.33333333333333337,-2.0881319955427844
8,0.3484848484848485,6.707331684784984
8,0.36363636363636365,-8.053473628956525
8,0.3787878787878788,3.5290902369798505
8,0.3939393939393939,-11.287060274148718
8,0.4090909090909091,5.37680447860361
8,0.42424242424242425,3.7871855261450458
8,0.4393939393939394,4.384296285416648
8,0.4545454545454546,6.72185107850014
8,0.4696969696969697,0.6855390600689177
8,0.48484848484848486,-6.8194929204369386
9,0.0,-0.0
9,0.012987012987012988,-1.979704827508531
9,0.025974025974025976,2.541189859048716
9,0.03896103896103896,-5.776644678873323
9,0.05194805194805195,-1.2998543225432597
9,0.06493506493506494,1.6520360312760376
9,0.07792207792207792,-9.704099231699303
9,0.09090909090909091,-4.869207374057855
9,0.1038961038961039,2.740525864453321
9,0.1168831168831169,3.242788335016921
9,0.12987012987012989,-2.8772792487295566
9,0.14285714285714288,-2.939544717444434
9,0.15584415584415584,2.682847056624966
9,0.16883116883116883,0.7055632423327762
9,0.18181818181818182,-2.7802392776727243
9,0.19480519480519481,-3.6480267320549116
9,0.2077922077922078,5.026991059197077
9,0.2207792207792208,-4.875697316520051
9,0.2337662337662338,-1.8492032288199105
9,0.24675324675324678,-0.9697212862911533
9,0.25974025974025977,-0.5746517374883666
9,0.27272727272727276,-3.858342507278497
9,0.28571428571428575,-3.763670902436493
9,0.29870129870129875,-2.6312237978441217
9,0.3116883116883117,2.864628782241926
9,0.3246753246753247,16.851844563924423
9,0.33766233766233766,1.5329959975938177
9,0.35064935064935066,-0.8614053665331154
9,0.36363636363636365,-0.938022256929355
9,0.37662337662337664,-10.47157588611219
9,0.38961038961038963,-9.585971060038123
9,0.4025974025974026,9.278406023148673
9,0.4155844155844156,-17.78189361363964
9,0.4285714285714286,3.045343752004464
9,0.4415584415584416,-4.164207962781169
9,0.4545454545454546,3.6045164190623926
9,0.4675324675324676,-7.101844193828299
9,0.48051948051948057,-13.577645581992657
9,0.49350649350649356,-3.04918609918147
10,0.0,-0.0
10,0.013333333333333334,-1.5621997334292261
10,0.02666666666666667,8.607053414829423
10,0.04,-2.4804812346991927
10,0.05333333333333334,-3.7111254675520136
10,0.06666666666666667,-4.350115562855636
10,0.08,-0.3086592451035809
10,0.09333333333333334,-1.6502599075880442
10,0.10666666666666667,-8.28790029679799
10,0.12000000000000001,8.243125530073623
10,0.13333333333333333,-4.954394481895892
10,0.14666666666666667,7.1768673357561745
10,0.16,-10.331963970070571
10,0.17333333333333334,0.46348032252353094
10,0.18666666666666668,6.812206942163215
10,0.2,1.0496988225139239
10,0.21333333333333335,0.9629509696678991
10,0.22666666666666668,-6.57106893698441
10,0.24000000000000002,2.8903725436340073
10,0.25333333333333335,3.8611959375325724
10,0.26666666666666666,-6.491458785305252
10,0.28,0.022861445135027747
10,0.29333333333333333,3.768379373624715
10,0.3066666666666667,-2.826217548801924
10,0.32,8.317310985661484
10,0.33333333333333337,3.0501505793963597
10,0.3466666666666667,0.2309904923668018
10,0.36000000000000004,2.0660403781676844
10,0.37333333333333335,-6.653951511433192
10,0.3866666666666667,3.9915605563345875
10,0.4,9.915859129463058
10,0.4133333333333334,5.543027767469692
10,0.4266666666666667,-0.6763506284164451
10,0.44,10.964546162754111
10,0.45333333333333337,-6.714137600757035
10,0.4666666666666667,10.7286399967347
10,0.48000000000000004,3.134123238630164
10,0.49333333333333335,-1.298676305183226
11,0.0,-0.0
11,0.0125,-4.459117768144123
11,0.025,-6.301991265930977
11,0.037500000000000006,5.306619825660416
11,0.05,6.435794850943121
11,0.0625,2.9967503744014086
11,0.07500000000000001,1.040072344940192
11,0.08750000000000001,-1.4749382966510778
11,0.1,1.048150499875175
11,0.1125,1.0444067054360546
11,0.125,0.43399473986264825
11,0.1375,3.6418310228406137
11,0.15000000000000002,-10.867611709188331
11,0.1625,4.238128598538058
11,0.17500000000000002,10.18438739763122
11,0.1875,-7.101594239561159
11,0.2,6.509706203769069
11,0.21250000000000002,-3.588143265843593
11,0.225,9.99732665862708
11,0.23750000000000002,-10.987882019053972
11,0.25,-6.949664003185054
11,0.2625,-0.9491564387070479
11,0.275,6.857274383306427
11,0.28750000000000003,-1.7591425250363528
11,0.30000000000000004,0.7756589783905379
11,0.3125,-0.9173529677344985
11,0.325,2.131372980211701
11,0.3375,-15.13085000769085
11,0.35000000000000003,2.7083043697428133
11,0.36250000000000004,0.060280528506130304
11,0.375,2.295763537538595
11,0.3875,-1.982197725000068
11,0.4,-1.1008334763086223
11,0.41250000000000003,6.612568962516311
11,0.42500000000000004,3.058088822551177
11,0.4375,-3.6283679390092023
11,0.45,3.446560282501168
11,0.4625,1.6952739485126838
11,0.47500000000000003,-0.17027893676894923
11,0.48750000000000004,-7.690757972620213
12,0.0,-0.0
12,0.011764705882352941,5.734769446390467
12,0.023529411764705882,-3.5817432793709383
12,0.03529411764705882,10.01619053215135
12,0.047058823529411764,0.173551576523006
12,0.058823529411764705,-1.2328176256949792
12,0.07058823529411765,-3.704051486077674
12,0.08235294117647059,6.650488510815595
12,0.09411764705882353,-5.603703960944946
12,0.10588235294117647,10.65390884850164
12,0.11764705882352941,-2.040316228982806
12,0.12941176470588234,4.15321446262464
12,0.1411764705882353,6.126232265233345
12,0.15294117647058825,7.9171810751067415
12,0.16470588235294117,4.803843547279014
12,0.1764705882352941,4.0671454110836285
12,0.18823529411764706,-3.021343819760207
12,0.2,-2.1619061919740856
12,0.21176470588235294,-5.310712878708517
12,0.22352941176470587,-5.913475694885757
12,0.23529411764705882,-2.389273467351867
12,0.24705882352941178,-4.754893458156483
12,0.2588235294117647,-4.862967121823888
12,0.27058823529411763,-7.092068205378292
12,0.2823529411764706,-11.198910504469598
12,0.29411764705882354,9.620073836065362
12,0.3058823529411765,-10.958067460167907
12,0.3176470588235294,3.6728291285227166
12,0.32941176470588235,7.544873948391322
12,0.3411764705882353,8.438840817211037
12,0.3529411764705882,-6.609665444377763
12,0.36470588235294116,-12.892139875746864
12,0.3764705882352941,-4.906783590875644
12,0.38823529411764707,3.2541445670960156
12,0.4,0.026907033520118917
12,0.4117647058823529,9.741473645219909
12,0.4235294117647059,-11.09889813292418
12,0.43529411764705883,-0.5813645060440269
12,0.44705882352941173,-5.278865505224603
12,0.4588235294117647,16.975968396029252
12,0.47058823529411764,4.735764374126955
12,0.4823529411764706,-2.3477053158830947
12,0.49411764705882355,6.107557957289721
13,0.0,-0.0
13,0.0125,-4.56141883736022
13,0.025,-2.660756384630089
13,0.037500000000000006,-2.6674084653682844
13,0.05,-5.258818381189341
13,0.0625,-6.949958891418079
13,0.07500000000000001,0.5014617972402804
13,0.08750000000000001,-5.599198126638655
13,0.1,-4.166139283422251
13,0.1125,-17.63711139376089
13,0.125,6.0712492395229845
13,0.1375,6.199745589293623
13,0.15000000000000002,12.384574248203414
13,0.1625,-8.08844489210946
13,0.17500000000000002,-10.891190231572793
13,0.1875,0.724661667282473
13,0.2,-1.862629766914646
13,0.21250000000000002,-11.073166146474595
13,0.225,3.3068508548828097
13,0.23750000000000002,-10.352621581901126
13,0.25,4.068742197707532
13,0.2625,0.5314258585388307
13,0.275,9.862654448987502
13,0.28750000000000003,-7.889586885448228
13,0.30000000000000004,-6.606932559075194
13,0.3125,10.928407171782556
13,0.325,3.591490293564114
13,0.3375,0.1584504506554385
13,0.35000000000000003,13.205884186018984
13,0.36250000000000004,-6.28783345597225
13,0.375,-6.780962728868131
13,0.3875,0.650407447323305
13,0.4,-6.0111832811151205
13,0.41250000000000003,1.5471473931906172
13,0.42500000000000004,-4.449237592369693
13,0.4375,4.5240172281126245
13,0.45,4.6663929428970565
13,0.4625,-9.026637844822632
13,0.47500000000000003,-6.274367824384843
13,0.48750000000000004,11.863673882443988
14,0.0,-0.0
14,0.03225806451612903,-6.621374284711063
14,0.06451612903225806,0.08507804408287639
14,0.0967741935483871,-6.926546586217982
14,0.12903225806451613,-0.6205888333145622
14,0.16129032258064516,-0.6855465518939327
14,0.1935483870967742,-0.6756467214955018
14,0.22580645161290322,-0.3467880315116847
14,0.25806451612903225,-2.5621685186316627
14,0.29032258064516125,3.6564009389848864
14,0.3225806451612903,8.650490629190982
14,0.3548387096774194,4.780040182335971
14,0.3870967741935484,-4.533698157528726
14,0.4193548387096774,-4.691406130153959
14,0.45161290322580644,8.15193503465574
14,0.4838709677419355,0.9534912168538245
15,0.0,-0.0
15,0.025,0.007562285923334522
15,0.05,6.221763965825741
15,0.07500000000000001,-4.262036308640942
15,0.1,1.054349268650839
15,0.125,0.8967039308495628
15,0.15000000000000002,9.450479597524598
15,0.17500000000000002,-2.97342922749257
15,0.2,1.6766142892672222
15,0.225,0.6784878661149596
15,0.25,-3.3813938106714807
15,0.275,3.6148596393176895
15,0.30000000000000004,1.1561773081037032
15,0.325,0.941224794539451
15,0.35000000000000003,-0.03876034133014716
15,0.375,-5.801230462686155
15,0.4,0.6173878148855194
15,0.42500000000000004,13.325008361510642
15,0.45,2.913803751491396
15,0.47500000000000003,-1.7944150328841566
16,0.0,-0.0
16,0.01282051282051282,-1.1686365580562752
16,0.02564102564102564,4.9346399982568165
16,0.038461538461538464,-2.8438680281589304
16,0.05128205128205128,-10.017098607020603
16,0.0641025641025641,-4.207394573851046
16,0.07692307692307693,-3.3362948080832826
16,0.08974358974358974,-3.684945536327927
16,0.10256410256410256,-0.33700246293153846
16,0.11538461538461538,-0.3874037167019635
16,0.1282051282051282,-1.9347840908950302
16,0.14102564102564102,-5.526545481476827
16,0.15384615384615385,0.6889099841785101
16,0.16666666666666666,-6.534203110016318
16,0.1794871794871795,5.1476319949455
16,0.1923076923076923,1.839322664761689
16,0.20512820512820512,6.876013820740337
16,0.21794871794871795,2.741415503970252
16,0.23076923076923075,-6.259944920893986
16,0.24358974358974358,7.940043098042912
16,0.2564102564102564,1.076971623713499
16,0.2692307692307692,-1.8136931094046873
16,0.28205128205128205,0.5510514435371643
16,0.2948717948717949,-7.5685593500213235
16,0.3076923076923077,4.1060609984448
16,0.3205128205128205,-2.6813248300719525
16,0.3333333333333333,-5.3060889399643205
16,0.34615384615384615,0.9008267946079399
16,0.358974358974359,-1.8602706843412005
16,0.3717948717948718,3.091189235645482
16,0.3846153846153846,7.542856254728357
16,0.3974358974358974,6.122925365301481
16,0.41025641025641024,-3.16790981287477
16,0.4230769230769231,-13.16738166862916
16,0.4358974358974359,-19.982085955539553
16,0.4487179487179487,9.593960636289548
16,0.4615384615384615,0.3707266339748574
16,0.47435897435897434,8.380562529326214
16,0.48717948717948717,-14.72084252045238
17,0.0,-0.0
17,0.012048192771084338,-4.6362429621997965
17,0.024096385542168676,4.184447777464746
17,0.03614457831325302,5.092432196786142
17,0.04819277108433735,-2.616536421851669
17,0.060240963855421686,-1.8531148239896444
17,0.07228915662650603,6.604262996360083
17,0.08433734939759037,-2.850089035517052
17,0.0963855421686747,2.677162447774396
17,0.10843373493975904,-14.822216792146621
17,0.12048192771084337,2.3288298926963895
17,0.13253012048192772,-2.308553109448414
17,0.14457831325301207,2.5567424932539797
17,0.1566265060240964,-5.713783787930383
17,0.16867469879518074,3.714817098551259
17,0.18072289156626506,2.1090265985595704
17,0.1927710843373494,5.6511214363397455
17,0.20481927710843376,-9.007921388467572
17,0.21686746987951808,5.6304407503698854
17,0.22891566265060243,0.5095889446849717
17,0.24096385542168675,-1.2543443494026854
17,0.2530120481927711,1.074703672139079
17,0.26506024096385544,-2.0242701167881503
17,0.27710843373493976,-2.6509885538189746
17,0.28915662650602414,-0.9247076402226335
17,0.30120481927710846,-0.8094940526906729
17,0.3132530120481928,-7.756690811309659
17,0.3253012048192771,1.0632073028114535
17,0.3373493975903615,-0.945991307305962
17,0.3493975903614458,0.268287901056949
17,0.3614457831325301,0.36085621348521113
17,0.3734939759036145,-6.110440779723304
17,0.3855421686746988,3.660805977645113
17,0.39759036144578314,1.4025253189391371
17,0.4096385542168675,-1.7035664224043625
17,0.42168674698795183,-3.5971764173424914
17,0.43373493975903615,-12.063455066720795
17,0.44578313253012053,-12.506561037277544
17,0.45783132530120485,1.193007503469616
17,0.46987951807228917,2.9850040682623407
17,0.4819277108433735,-3.082032412363697
17,0.49397590361445787,-19.069602857014228
18,0.0,-0.0
18,0.013888888888888888,-10.771431431667473
18,0.027777777777777776,-2.0037621239264536
18,0.041666666666666664,-1.9635850898113767
18,0.05555555555555555,-3.9422797487042276
18,0.06944444444444445,7.102765749426463
18,0.08333333333333333,-2.284145329243268
18,0.09722222222222221,-5.197991622853511
18,0.1111111111111111,-1.1833546276079092
18,0.125,6.140213106753226
18,0.1388888888888889,14.669987454233906
18,0.15277777777777776,0.950502484306222
18,0.16666666666666666,-3.409046450465147
18,0.18055555555555555,-3.836108572528462
18,0.19444444444444442,-7.594605408349429
18,0.20833333333333331,-6.552883758855852
18,0.2222222222222222,3.815482462993147
18,0.2361111111111111,-4.5385578082243185
18,0.25,-4.426884837355427
18,0.2638888888888889,-2.473561457904415
18,0.2777777777777778,2.6867679693602504
18,0.29166666666666663,4.51716805703202
18,0.3055555555555555,-10.38943532906115
18,0.3194444444444444,3.417304915466978
18,0.3333333333333333,11.41486469243139
18,0.3472222222222222,2.994531219999546
18,0.3611111111111111,-7.1079069625091
18,0.375,-11.779310625607
18,0.38888888888888884,-2.578648194524498
18,0.40277777777777773,4.101416114295704
18,0.41666666666666663,-7.230364698636684
18,0.4305555555555555,-5.540700885913092
18,0.4444444444444444,-7.05799630022945
18,0.4583333333333333,-3.996766921821029
18,0.4722222222222222,-1.8023329843783142
18,0.4861111111111111,-1.8219847684889166
19,0.0,-0.0
19,0.01282051282051282,-8.125064635680351
19,0.02564102564102564,13.701639475932275
19,0.038461538461538464,-6.4531982908836945
19,0.05128205128205128,14.464960285929568
19,0.0641025641025641,-3.694768426641338
19,0.07692307692307693,-2.3527792297299026
19,0.08974358974358974,0.5342549010065087
19,0.10256410256410256,-5.123407456622601
19,0.11538461538461538,4.200961845690491
19,0.1282051282051282,4.274989775694947
19,0.14102564102564102,-7.5818752992651
19,0.15384615384615385,-5.694706848266954
19,0.16666666666666666,6.090491343317864
19,0.1794871794871795,1.4738356102385894
19,0.1923076923076923,7.211379108008982
19,0.20512820512820512,8.228897465971848
19,0.21794871794871795,-8.27400750081773
19,0.23076923076923075,-0.1361659652385282
19,0.24358974358974358,7.041119177008648
19,0.2564102564102564,0.49865998910387255
19,0.2692307692307692,-0.24497604892338376
19,0.28205128205128205,-4.8310964570254065
19,0.2948717948717949,-0.09500954253015248
19,0.3076923076923077,-7.155320427077379
19,0.3205128205128205,2.409132912180856
19,0.3333333333333333,5.0688467009819975
19,0.34615384615384615,2.872233105623788
19,0.358974358974359,-1.2488454244386458
19,0.3717948717948718,-4.043780720344562
19,0.3846153846153846,-15.537314136870629
19,0.3974358974358974,0.11053832703829958
19,0.41025641025641024,-7.677194075899044
19,0.4230769230769231,0.7205628018155511
19,0.4358974358974359,-16.021663716472037
19,0.4487179487179487,-5.406683489760599
19,0.4615384615384615,-15.421829128126593
19,0.47435897435897434,-0.6045965862600822
19,0.48717948717948717,-11.175003771356133
20,0.0,-0.0
20,0.01282051282051282,-13.154667575853711
20,0.02564102564102564,-6.482752804961924
20,0.038461538461538464,-13.155707517647254
20,0.05128205128205128,9.358257028164179
20,0.0641025641025641,7.0776469698778754
20,0.07692307692307693,-2.050738701851099
20,0.08974358974358974,3.560463586582176
20,0.10256410256410256,-10.400637270014045
20,0.11538461538461538,0.40925409362634424
20,0.1282051282051282,2.255863068314378
20,0.14102564102564102,-7.21107401949041
20,0.15384615384615385,-0.9964613462870653
20,0.16666666666666666,13.248568081641533
20,0.1794871794871795,2.2407520706997364
20,0.1923076923076923,-1.8121585593742209
20,0.20512820512820512,8.179582246650735
20,0.21794871794871795,-3.751958341389012
20,0.23076923076923075,2.477777343620426
20,0.24358974358974358,-7.233243500835496
20,0.2564102564102564,-2.3493967097640067
20,0.2692307692307692,5.881789926930233
20,0.28205128205128205,0.8894874606707748
20,0.2948717948717949,-5.437408262120349
20,0.3076923076923077,-0.0902882453853383
20,0.3205128205128205,-1.702530079922443
20,0.3333333333333333,5.703447904912043
20,0.34615384615384615,-2.161987455867313
20,0.358974358974359,-8.633382608161783
20,0.3717948717948718,-13.871392988804201
20,0.3846153846153846,0.9517877278423943
20,0.3974358974358974,-6.169633611653424
20,0.41025641025641024,-8.10546286967151
20,0.4230769230769231,-1.8779298869590375
20,0.4358974358974359,14.649499997604131
20,0.4487179487179487,4.530296213749956
20,0.4615384615384615,-5.6615715946290734
20,0.47435897435897434,4.234637177329109
20,0.48717948717948717,-8.67858094503103
21,0.0,-0.0
21,0.013333333333333334,-1.7137499406501622
21,0.02666666666666667,-5.655823455790489
21,0.04,2.9678094687416348
21,0.05333333333333334,-8.105366050289028
21,0.06666666666666667,-4.988726542470213
21,0.08,-8.452348165176199
21,0.09333333333333334,-4.724580044308587
21,0.10666666666666667,5.171102860815837
21,0.12000000000000001,3.48608179491772
21,0.13333333333333333,-1.3405825611084679
21,0.14666666666666667,0.0014617235744160961
21,0.16,-5.97759697367177
21,0.17333333333333334,4.91292278840085
21,0.18666666666666668,-4.753115844083227
21,0.2,4.569987834402741
21,0.21333333333333335,5.895973955195478
21,0.22666666666666668,-1.7811716604860326
21,0.24000000000000002,-5.5498020103828125
21,0.25333333333333335,-1.7942858999173499
21,0.26666666666666666,-3.5423866763917062
21,0.28,-1.688984413219118
21,0.29333333333333333,2.497247804967024
21,0.3066666666666667,-4.054391339726141
21,0.32,-6.975920261296704
21,0.33333333333333337,2.2400477498225246
21,0.3466666666666667,-3.937510974931747
21,0.36000000000000004,-4.987406956945952
21,0.37333333333333335,-4.485402958983881
21,0.3866666666666667,10.677316895488627
21,0.4,-5.118191533304216
21,0.4133333333333334,9.973138393182385
21,0.4266666666666667,4.538548878479105
21,0.44,8.718378609708955
21,0.45333333333333337,4.426913573035952
21,0.4666666666666667,-1.9716262323435882
21,0.48000000000000004,-7.059732656411328
21,0.49333333333333335,-12.005318919660288
22,0.0,-0.0
22,0.010869565217391304,5.797252829931982
22,0.021739130434782608,-3.0689808250235604
22,0.03260869565217391,0.019880253998536546
22,0.043478260869565216,-0.7090570896368054
22,0.05434782608695652,-5.711770146376017
22,0.06521739130434782,2.047718003831098
22,0.07608695652173914,-5.566791157015619
22,0.08695652173913043,7.802123444214898
22,0.09782608695652173,-5.919919290842774
22,0.10869565217391304,5.772130642612123
22,0.11956521739130435,-4.2519286071963345
22,0.13043478260869565,-1.0572684549797347
22,0.14130434782608695,-1.3240875826544882
22,0.15217391304347827,1.188673869348496
22,0.16304347826086957,-0.05694561428449507
22,0.17391304347826086,-0.8951609048758007
22,0.18478260869565216,1.008604724990978
22,0.19565217391304346,-1.9724917441617569
22,0.20652173913043478,-14.485517440873172
22,0.21739130434782608,9.117659779541388
22,0.22826086956521738,0.9383079666158394
22,0.2391304347826087,0.3852156348809901
22,0.25,2.653608259398638
22,0.2608695652173913,-5.4592245062659
22,0.2717391304347826,3.1531287258218392
22,0.2826086956521739,-10.705899375262764
22,0.2934782608695652,17.321513123693613
22,0.30434782608695654,-13.49295040836493
22,0.31521739130434784,-6.8814869638868
22,0.32608695652173914,-13.601209012659616
22,0.33695652173913043,-10.302452561777049
22,0.34782608695652173,5.494880470047049
22,0.358695652173913,-1.3369369237503235
22,0.3695652173913043,0.900171868629841
22,0.3804347826086956,12.210200565413778
22,0.3913043478260869,14.14782764004502
22,0.40217391304347827,-6.8564389443766185
22,0.41304347826086957,-1.3501681775136656
22,0.42391304347826086,-1.4177809151253298
22,0.43478260869565216,-5.401802943999966
22,0.44565217391304346,-8.811096742912895
22,0.45652173913043476,3.291322893843728
22,0.46739130434782605,-3.6755934695656602
22,0.4782608695652174,-15.94292653693447
22,0.4891304347826087,14.579476365360875
23,0.0,-0.0
23,0.010638297872340425,2.874229015408547
23,0.02127659574468085,-3.2725865239500416
23,0.031914893617021274,2.0051121249560366
23,0.0425531914893617,-4.306077850794438
23,0.05319148936170213,9.36734356132276
23,0.06382978723404255,19.40994885649669
23,0.07446808510638298,-0.5929520193580737
23,0.0851063829787234,-4.53109095654988
23,0.09574468085106383,-1.5037686580767036
23,0.10638297872340426,2.216112412037364
23,0.11702127659574468,0.6617033625896007
23,0.1276595744680851,-1.0175809040312869
23,0.13829787234042554,3.6188999018426506
23,0.14893617021276595,-11.624946782528447
23,0.1595744680851064,-2.8845279776624384
23,0.1702127659574468,-6.513450728217757
23,0.18085106382978722,2.466555579522741
23,0.19148936170212766,-2.8085004407104814
23,0.20212765957446807,2.6390149266666083
23,0.2127659574468085,2.574761152381651
23,0.22340425531914893,8.391666869174315
23,0.23404255319148937,4.37361966516227
23,0.24468085106382978,-6.441923457838541
23,0.2553191489361702,1.9029853413013131
23,0.26595744680851063,3.6616494071172063
23,0.2765957446808511,7.317160130778069
23,0.28723404255319146,-15.175989978654766
23,0.2978723404255319,9.799544266440396
23,0.30851063829787234,2.058758008135729
23,0.3191489361702128,-3.389204593692216
23,0.32978723404255317,2.290410751845002
23,0.3404255319148936,-15.819150418510523
23,0.35106382978723405,-2.1261136433343415
23,0.36170212765957444,2.028023106569265
23,0.3723404255319149,6.248519491643219
23,0.3829787234042553,-5.868575664264393
23,0.39361702127659576,1.427692030057381
23,0.40425531914893614,3.7175374821492415
23,0.4148936170212766,0.17964340033193738
23,0.425531914893617,-10.811397965412375
23,0.4361702127659574,-6.7359784653074195
23,0.44680851063829785,-7.5250813747745
23,0.4574468085106383,6.800017262325364
23,0.46808510638297873,-3.6398959961538115
23,0.4787234042553191,1.578000133373631
23,0.48936170212765956,-12.732115217871451
24,0.0,-0.0
24,0.018867924528301886,-6.239179761573671
24,0.03773584905660377,1.6949830440453453
24,0.05660377358490566,-3.5776937981911727
24,0.07547169811320754,-0.1767089684730211
24,0.09433962264150943,-0.6363273779117202
24,0.11320754716981132,0.44860478284301974
24,0.1320754716981132,0.23526261997711284
24,0.1509433962264151,-9.98155656260493
24,0.16981132075471697,-1.3327851639551727
24,0.18867924528301885,8.979220370262858
24,0.20754716981132074,-2.0657698669814124
24,0.22641509433962265,0.9894665992284338
24,0.24528301886792453,1.835067908134645
24,0.2641509433962264,-0.6165124350950807
24,0.2830188679245283,2.3155098867826007
24,0.3018867924528302,1.7950546203359652
24,0.32075471698113206,-1.7156523364872747
24,0.33962264150943394,-7.973910034540647
24,0.3584905660377358,4.773092659170326
24,0.3773584905660377,17.280054578409178
24,0.3962264150943396,-4.7874986340309595
24,0.4150943396226415,-0.19902589344825872
24,0.43396226415094336,9.845755830713374
24,0.4528301886792453,7.301232824593333
24,0.4716981132075472,-1.7748594641762439
24,0.49056603773584906,-0.6345216865391048
25,0.0,-0.0
25,0.011235955056179775,0.1063577116188466
25,0.02247191011235955,-1.90407935284614
25,0.033707865168539325,-2.8873405758534116
25,0.0449438202247191,2.0123184630186812
25,0.056179775280898875,9.479827952495189
25,0.06741573033707865,0.28026768200996743
25,0.07865168539325842,-1.607196862912964
25,0.0898876404494382,3.927334341005938
25,0.10112359550561797,5.1630120160140525
25,0.11235955056179775,5.2349932837411774
25,0.12359550561797752,-12.661114139130623
25,0.1348314606741573,-1.6922416308761985
25,0.14606741573033707,1.5344641482401498
25,0.15730337078651685,7.445104024803898
25,0.16853932584269662,0.6957237421430951
25,0.1797752808988764,-0.17953075195730683
25,0.19101123595505617,3.4948424754769025
25,0.20224719101123595,-3.2251960330036655
25,0.21348314606741572,0.1379479452390866
25,0.2247191011235955,4.931456806868621
25,0.23595505617977527,-1.5504500052800643
25,0.24719101123595505,-8.57630547053277
25,0.2584269662921348,-9.95270648167789
25,0.2696629213483146,9.170471833256277
25,0.2808988764044944,4.303967565530135
25,0.29213483146067415,-3.8075681552068454
25,0.3033707865168539,-6.850480694989424
25,0.3146067415730337,2.6169086868443427
25,0.3258426966292135,-16.084660279032004
25,0.33707865168539325,-3.681330753741429
25,0.348314606741573,-3.0584818952812274
25,0.3595505617977528,-6.720370193130478
25,0.3707865168539326,-10.631844396043563
25,0.38202247191011235,1.216108666047774
25,0.3932584269662921,6.392661791975247
25,0.4044943820224719,-9.77407064478242
25,0.4157303370786517,0.21251081238312652
25,0.42696629213483145,1.5771713882526623
25,0.4382022471910112,7.617511618039009
25,0.449438202247191,8.88628294326331
25,0.4606741573033708,-1.90706310526134
25,0.47191011235955055,-8.740352291748344
25,0.4831460674157303,14.402251004669754
25,0.4943820224719101,-16.43629871194109
26,0.0,-0.0
26,0.010638297872340425,3.481421550016087
26,0.02127659574468085,0.3924779709309196
26,0.031914893617021274,9.159547181287117
26,0.0425531914893617,6.969786159570768
26,0.05319148936170213,-3.457295057805589
26,0.06382978723404255,-2.084466742940201
26,0.07446808510638298,4.159102076774165
26,0.0851063829787234,0.12649950192152737
26,0.09574468085106383,6.630835493986243
26,0.10638297872340426,4.781823187179111
26,0.11702127659574468,-1.9773885847811656
26,0.1276595744680851,-5.828078893514549
26,0.13829787234042554,9.641114593112075
26,0.14893617021276595,0.1611354165287039
26,0.1595744680851064,-5.972700824165404
26,0.1702127659574468,-9.039711535693868
26,0.18085106382978722,1.2780048262639967
26,0.19148936170212766,-3.044588228184052
26,0.20212765957446807,5.785260754992047
26,0.2127659574468085,-17.692379699271054
26,0.22340425531914893,-6.488494743419045
26,0.23404255319148937,-4.102845683354742
26,0.24468085106382978,-1.809939021798424
26,0.2553191489361702,-2.6698076855469286
26,0.26595744680851063,-9.224009800637761
26,0.2765957446808511,2.319496409519253
26,0.28723404255319146,-7.856251754758607
26,0.2978723404255319,-1.7268469933173578
26,0.30851063829787234,-0.19520402743107024
26,0.3191489361702128,5.1971134717976595
26,0.32978723404255317,-0.11650690092363014
26,0.3404255319148936,1.800304890091764
26,0.35106382978723405,-0.3865863583530459
26,0.36170212765957444,11.520166996069545
26,0.3723404255319149,6.5902601457910475
26,0.3829787234042553,0.5778418286543073
26,0.39361702127659576,-10.185277710450134
26,0.40425531914893614,-0.05259091826440487
26,0.4148936170212766,-12.556460887082993
26,0.425531914893617,19.917759511095397
26,0.4361702127659574,-0.6458452683620539
26,0.44680851063829785,-3.2883293909085625
26,0.4574468085106383,14.096071466272997
26,0.46808510638297873,-10.617719981954028
26,0.4787234042553191,-0.6098784311547132
26,0.48936170212765956,-3.147569330323045
27,0.0,-0.0
27,0.0196078431372549,7.027609974270709
27,0.0392156862745098,-3.0861702097413
27,0.058823529411764705,-0.5039945474934129
27,0.0784313725490196,-4.846905056491908
27,0.09803921568627451,-0.2717176352806603
27,0.11764705882352941,-8.473783777264552
27,0.13725490196078433,-2.9204019206296934
27,0.1568627450980392,8.728093568330612
27,0.1764705882352941,0.7120518017480115
27,0.19607843137254902,-1.9493705880782453
27,0.21568627450980393,1.0603822285480065
27,0.23529411764705882,2.043267769195967
27,0.2549019607843137,3.80520967448739
27,0.27450980392156865,-2.628084894929243
27,0.29411764705882354,-10.592913504919318
27,0.3137254901960784,7.682747985716196
27,0.3333333333333333,1.5015964828200243
27,0.3529411764705882,2.028286626981623
27,0.37254901960784315,-0.9723942119985249
27,0.39215686274509803,2.1331493081439863
27,0.4117647058823529,-0.06061287652703862
27,0.43137254901960786,-3.936702330016289
27,0.45098039215686275,-6.029288981797267
27,0.47058823529411764,-5.191573410566644
27,0.49019607843137253,-4.115851929728409
28,0.0,-0.0
28,0.011904761904761904,-7.586456354040713
28,0.023809523809523808,-5.4122219393277735
28,0.03571428571428571,1.5282611380076192
28,0.047619047619047616,-1.2922584969017408
28,0.05952380952380952,-2.006456435083358
28,0.07142857142857142,3.1053927157314103
28,0.08333333333333333,0.16803993292189934
28,0.09523809523809523,4.804257160432464
28,0.10714285714285714,2.2784545875689073
28,0.11904761904761904,-3.7205130492025527
28,0.13095238095238093,1.7814502440049012
28,0.14285714285714285,4.517011873414971
28,0.15476190476190477,4.750662677720812
28,0.16666666666666666,-1.8528548577448583
28,0.17857142857142855,-9.57240388817841
28,0.19047619047619047,6.580861509050525
28,0.20238095238095238,-1.2262906750380607
28,0.21428571428571427,-5.849819507888881
28,0.22619047619047616,0.29122247418676706
28,0.23809523809523808,6.429867008387091
28,0.25,14.41035043746874
28,0.26190476190476186,4.827843759848599
28,0.2738095238095238,0.9460195178875792
28,0.2857142857142857,7.929716766222878
28,0.2976190476190476,-10.625909720852906
28,0.30952380952380953,0.32891348354163386
28,0.3214285714285714,-3.082690250318641
28,0.3333333333333333,-1.3170913531763626
28,0.34523809523809523,-1.4850917540651425
28,0.3571428571428571,4.7126076331326985
28,0.369047619047619,-15.932564688642096
28,0.38095238095238093,1.797572551370784
28,0.39285714285714285,13.074954035711867
28,0.40476190476190477,6.651329422287387
28,0.41666666666666663,-2.9452749439111257
28,0.42857142857142855,4.770378287348101
28,0.44047619047619047,-1.476606313901513
28,0.45238095238095233,3.545274561141201
28,0.46428571428571425,7.533851898706932
28,0.47619047619047616,15.11645940809636
28,0.4880952380952381,-3.9809282682346847
29,0.0,-0.0
29,0.017241379310344827,-2.365956389935868
29,0.034482758620689655,0.4317645355145835
29,0.05172413793103448,4.2716792280061435
29,0.06896551724137931,-9.134658407379828
29,0.08620689655172414,-6.104800802387168
29,0.10344827586206896,-3.9823750868518517
29,0.12068965517241378,0.5664138857692205
29,0.13793103448275862,2.4440172719449005
29,0.15517241379310345,-9.702470849897509
29,0.1724137931034483,-4.1026284249038065
29,0.1896551724137931,6.117314131376896
29,0.20689655172413793,4.767305384199508
29,0.22413793103448276,0.2863773084057568
29,0.24137931034482757,-2.512678682654099
29,0.25862068965517243,-6.830596536241279
29,0.27586206896551724,-8.347969148253856
29,0.29310344827586204,6.7286905758571205
29,0.3103448275862069,4.320119021210606
29,0.3275862068965517,-2.6138619559187672
29,0.3448275862068966,4.613654628652455
29,0.3620689655172414,-0.8113241634466015
29,0.3793103448275862,11.20265655773427
29,0.39655172413793105,0.7583071003125696
29,0.41379310344827586,2.9320690054752374
29,0.43103448275862066,-6.573655047778556
29,0.4482758620689655,2.3492155128322265
29,0.46551724137931033,-1.1951749005392291
29,0.48275862068965514,-11.03517549167912
30,0.0,-0.0
30,0.010752688172043012,0.09571175802307152
30,0.021505376344086023,2.63544417183187
30,0.03225806451612903,-3.474873775734303
30,0.043010752688172046,-4.413585693324072
30,0.05376344086021506,8.837495719986137
30,0.06451612903225806,-3.4126113762292674
30,0.07526881720430108,-6.886898148781997
30,0.08602150537634409,13.339284589164263
30,0.09677419354838711,-5.616291370158059
30,0.10752688172043012,16.081125556596792
30,0.11827956989247312,0.9086593782364751
30,0.12903225806451613,9.299337211358708
30,0.13978494623655915,-5.066821043974631
30,0.15053763440860216,-4.385571274272189
30,0.16129032258064518,-1.143596091194456
30,0.17204301075268819,2.168232148983517
30,0.1827956989247312,-6.284569792183744
30,0.19354838709677422,-0.7397915357466183
30,0.20430107526881722,-1.6385761987292646
30,0.21505376344086025,6.807393094076638
30,0.22580645161290325,1.8537250287668074
30,0.23655913978494625,-15.047728130682055
30,0.24731182795698928,0.023590892377606254
30,0.25806451612903225,-3.7031001399359975
30,0.2688172043010753,-7.81220480192773
30,0.2795698924731183,3.393843245448289
30,0.2903225806451613,-0.8700454786794096
30,0.3010752688172043,-1.024400383922337
30,0.3118279569892473,-5.211843162771998
30,0.32258064516129037,-6.005283178151916
30,0.33333333333333337,-7.617645897086166
30,0.34408602150537637,17.098231582657437
30,0.3548387096774194,-0.6071129005310665
30,0.3655913978494624,5.750174129463183
30,0.37634408602150543,-8.617011501579274
30,0.38709677419354843,-5.873315011678956
30,0.39784946236559143,8.448796461875709
30,0.40860215053763443,-5.6217116192187095
30,0.41935483870967744,2.185377733255703
30,0.4301075268817205,-7.96228847749312
30,0.4408602150537635,-2.7081150137522254
30,0.4516129032258065,-9.794946998897522
30,0.4623655913978495,-2.2124040238359344
30,0.4731182795698925,0.20856535325324965
30,0.4838709677419355,13.299640837728655
30,0.49462365591397855,4.528801416147186
31,0.0,-0.0
31,0.014084507042253521,4.843573861131704
31,0.028169014084507043,-6.243973262187264
31,0.04225352112676056,9.237919321150631
31,0.056338028169014086,3.110689454319076
31,0.07042253521126761,0.003655058243290543
31,0.08450704225352113,-4.240839731970305
31,0.09859154929577466,-0.543109849305325
31,0.11267605633802817,-10.559330725135373
31,0.1267605633802817,1.2333989941482
31,0.14084507042253522,1.4489139748168565
31,0.15492957746478875,-7.760127674681544
31,0.16901408450704225,-3.1856807984611866
31,0.18309859154929578,-11.76718983749172
31,0.1971830985915493,11.473445450194122
31,0.2112676056338028,-3.5377787704045307
31,0.22535211267605634,6.482383861250922
31,0.23943661971830987,-0.6912572366087055
31,0.2535211267605634,-0.35515339468883456
31,0.26760563380281693,0.5341020407692005
31,0.28169014084507044,-6.3940135502106425
31,0.29577464788732394,-10.428669495333308
31,0.3098591549295775,7.00770223148492
31,0.323943661971831,-2.8168526504702194
31,0.3380281690140845,4.609410215029959
31,0.35211267605633806,15.787860481201873
31,0.36619718309859156,3.1960389119517143
31,0.38028169014084506,3.030539421102291
31,0.3943661971830986,1.9271821861983245
31,0.4084507042253521,4.364455385014743
31,0.4225352112676056,-3.031459530898914
31,0.4366197183098592,-5.75912122789119
31,0.4507042253521127,-2.933816815340399
31,0.4647887323943662,-8.730931207294926
31,0.47887323943661975,-2.289863854015751
31,0.49295774647887325,-13.520393593353406
32,0.0,-0.0
32,0.014925373134328358,-3.8499326257521167
32,0.029850746268656716,-1.617297924570361
32,0.04477611940298507,-1.0110759634873252
32,0.05970149253731343,0.6729562957913029
32,0.07462686567164178,2.988212300806242
32,0.08955223880597014,-1.7884693684728044
32,0.1044776119402985,-2.5224057323016225
32,0.11940298507462686,-4.229283398414359
32,0.13432835820895522,4.858003613252865
32,0.14925373134328357,-7.43707844776407
32,0.16417910447761194,-8.10456115936405
32,0.1791044776119403,12.228055182569376
32,0.19402985074626866,-1.9207532415738928
32,0.208955223880597,-5.877523850788831
32,0.22388059701492538,0.7134302732911235
32,0.23880597014925373,2.500402699748786
32,0.2537313432835821,6.396053795965681
32,0.26865671641791045,-2.7870341812711903
32,0.2835820895522388,-10.810410384684438
32,0.29850746268656714,-2.641815348780941
32,0.31343283582089554,9.413824648374188
32,0.3283582089552239,1.1614586184192253
32,0.34328358208955223,-5.067805812586289
32,0.3582089552238806,-3.1010634117038114
32,0.3731343283582089,-3.8573532800803694
32,0.3880597014925373,3.45504055009655
32,0.40298507462686567,1.2778230002337478
32,0.417910447761194,-11.8069910828942
32,0.43283582089552236,-1.4079179948572307
32,0.44776119402985076,-16.85379596834679
32,0.4626865671641791,5.067651235604109
32,0.47761194029850745,-4.753461182986302
32,0.4925373134328358,0.5893615582145371
33,0.0,-0.0
33,0.015151515151515152,-7.906998312950395
33,0.030303030303030304,-7.608583048413141
33,0.045454545454545456,-2.0510307243051185
33,0.06060606060606061,-0.4168942091272263
33,0.07575757575757576,-9.224446941566494
33,0.09090909090909091,3.2550880357286656
33,0.10606060606060606,8.810980817206444
33,0.12121212121212122,-4.748306810339973
33,0.13636363636363635,2.33187856834487
33,0.15151515151515152,7.339658693355955
33,0.16666666666666669,-2.2702040839157
33,0.18181818181818182,-3.2673741038658544
33,0.19696969696969696,10.960095359620645
33,0.21212121212121213,-8.618791265851796
33,0.2272727272727273,2.042448456227423
33,0.24242424242424243,1.4236394306044524
33,0.25757575757575757,3.894277617155419
33,0.2727272727272727,10.047311234773233
33,0.2878787878787879,7.011257250114211
33,0.30303030303030304,-7.961593952148548
33,0.3181818181818182,6.378602327682604
33,0.33333333333333337,8.62469834098755
33,0.3484848484848485,2.012324053641117
33,0.36363636363636365,1.0105281672305506
33,0.3787878787878788,-1.4279482798159124
33,0.3939393939393939,9.999493701089678
33,0.4090909090909091,2.4701052365408223
33,0.42424242424242425,-4.966084925222399
33,0.4393939393939394,-3.2360900226605875
33,0.4545454545454546,2.550909031657891
33,0.4696969696969697,-0.2489755977520498
33,0.48484848484848486,1.0669265314353362
34,0.0,-0.0
34,0.017857142857142856,-1.9568620997438133
34,0.03571428571428571,2.0365285664314383
34,0.05357142857142857,2.278184658335794
34,0.07142857142857142,-2.5617054040832876
34,0.08928571428571427,-5.090078159974421
34,0.10714285714285714,2.061560602248803
34,0.125,-0.031254030307326985
34,0.14285714285714285,2.2322224656516534
34,0.1607142857142857,0.9950622283040889
34,0.17857142857142855,-2.5377607342446464
34,0.19642857142857142,1.3687233602842843
34,0.21428571428571427,6.196958876152955
34,0.23214285714285712,5.896028361670462
34,0.25,-4.646262138090883
34,0.26785714285714285,-5.571752935266401
34,0.2857142857142857,2.1824196812283105
34,0.30357142857142855,-3.5795650322604784
34,0.3214285714285714,-3.585635270544149
34,0.33928571428571425,2.9211459160778612
34,0.3571428571428571,0.9806074097266173
34,0.375,10.704727852812816
34,0.39285714285714285,-4.376556681951503
34,0.4107142857142857,9.001422826063905
34,0.42857142857142855,-21.24419930957298
34,0.4464285714285714,-0.27046872493547935
34,0.46428571428571425,13.109082410243719
34,0.4821428571428571,-4.724706134616366
35,0.0,-0.0
35,0.02631578947368421,-4.731853134485753
35,0.05263157894736842,3.8841450771170125
35,0.07894736842105263,-0.4450295295702258
35,0.10526315789473684,-0.2414498601484909
35,0.13157894736842105,0.780813953097466
35,0.15789473684210525,-1.070520113949097
35,0.18421052631578946,-5.175982738825326
35,0.21052631578947367,-1.4651537722547094
35,0.23684210526315788,-1.4077792009622812
35,0.2631578947368421,-3.023732231640489
35,0.2894736842105263,3.0342498307904973
35,0.3157894736842105,5.737348930382492
35,0.3421052631578947,0.7294399585640257
35,0.3684210526315789,-11.085059406333842
35,0.39473684210526316,-7.162471869033897
35,0.42105263157894735,3.0062403225694894
35,0.4473684210526315,-0.47816310399628104
35,0.47368421052631576,1.1092532678653608
36,0.0,-0.0
36,0.010416666666666666,-11.099382992882534
36,0.020833333333333332,-7.924092848099982
36,0.03125,7.0074693099098
36,0.041666666666666664,-6.237962497617381
36,0.05208333333333333,2.117039539213427
36,0.0625,7.499713890228616
36,0.07291666666666666,-2.7884786951889664
36,0.08333333333333333,-5.7281472685802015
36,0.09375,1.8042605177809117
36,0.10416666666666666,-2.044699093550708
36,0.11458333333333333,6.669977435612798
36,0.125,0.7440840621465878
36,0.13541666666666666,-1.0561103545152701
36,0.14583333333333331,-4.606813729112386
36,0.15625,-10.84241924624256
36,0.16666666666666666,16.636004689248146
36,0.17708333333333331,-5.579195600477911
36,0.1875,8.983542893171574
36,0.19791666666666666,-7.766257055865113
36,0.20833333333333331,5.1146799548739
36,0.21875,-2.6380671949670305
36,0.22916666666666666,4.9417968584107115
36,0.23958333333333331,-0.2629447630962387
36,0.25,-7.011479919844552
36,0.26041666666666663,-11.12284928604144
36,0.2708333333333333,-9.198768044066448
36,0.28125,9.424605926406775
36,0.29166666666666663,-15.78291098510774
36,0.3020833333333333,2.7795990629474727
36,0.3125,6.745342885802019
36,0.32291666666666663,8.73196750088719
36,0.3333333333333333,1.0123926166989552
36,0.34375,6.796875991284008
36,0.35416666666666663,8.788566665248247
36,0.3645833333333333,3.47487974787052
36,0.375,-0.24155491687489178
36,0.38541666666666663,6.762683469642243
36,0.3958333333333333,-3.3791306504254743
36,0.40625,1.2748245858039455
36,0.41666666666666663,-8.030996910783337
36,0.4270833333333333,-6.483546648653008
36,0.4375,0.5367361210486563
36,0.44791666666666663,-6.574987256134993
36,0.4583333333333333,-5.301417513814859
36,0.46875,-5.467529284790797
36,0.47916666666666663,0.4040563420404686
36,0.4895833333333333,14.36523532379948
37,0.0,-0.0
37,0.02564102564102564,-7.026792930959842
37,0.05128205128205128,2.0786542491719615
37,0.07692307692307693,-0.41675454149506486
37,0.10256410256410256,-3.4219561569403147
37,0.1282051282051282,-6.104789104907221
37,0.15384615384615385,4.8623920017524735
37,0.1794871794871795,2.679309296986
37,0.20512820512820512,-5.137767646711238
37,0.23076923076923075,-9.481518550218357
37,0.2564102564102564,-7.369210078841485
37,0.28205128205128205,5.915923807987403
37,0.3076923076923077,8.932225037309163
37,0.3333333333333333,-1.1277415778091318
37,0.358974358974359,-2.4227820498303734
37,0.3846153846153846,1.9709156771477625
37,0.41025641025641024,0.12148885893805828
37,0.4358974358974359,-2.619383272154641
37,0.4615384615384615,-1.8243625877257212
37,0.48717948717948717,-0.1682802075978902
38,0.0,-0.0
38,0.023809523809523808,-2.447195698700973
38,0.047619047619047616,-4.012766402939294
38,0.07142857142857142,0.9025312789737168
38,0.09523809523809523,-1.3508499030656251
38,0.11904761904761904,-8.050054701202592
38,0.14285714285714285,-1.0122223348714017
38,0.16666666666666666,-2.6741374002691494
38,0.19047619047619047,-8.493517961986813
38,0.21428571428571427,1.193944985705297
38,0.23809523809523808,2.36829231096081
38,0.26190476190476186,-5.643349485339254
38,0.2857142857142857,-1.159308960569633
38,0.30952380952380953,-0.6923717918859071
38,0.3333333333333333,-5.838043169050417
38,0.3571428571428571,1.8277702172054267
38,0.38095238095238093,3.076434090119933
38,0.40476190476190477,-5.407645166215111
38,0.42857142857142855,5.374425157856502
38,0.45238095238095233,9.403558345917201
38,0.47619047619047616,8.257373600501422
39,0.0,-0.0
39,0.010101010101010102,-2.640466597634895
39,0.020202020202020204,0.7048105297472556
39,0.030303030303030304,8.704622428923761
39,0.04040404040404041,-1.3953908793388545
39,0.05050505050505051,-7.538763143488161
39,0.06060606060606061,1.3066789038590112
39,0.07070707070707072,5.523557629427402
39,0.08080808080808081,-0.1830646017941755
39,0.09090909090909091,0.46268818419418256
39,0.10101010101010102,9.104284940304371
39,0.11111111111111112,-4.989124446973456
39,0.12121212121212122,-1.5425061866367633
39,0.13131313131313133,-0.6505329718479733
39,0.14141414141414144,4.060459797673055
39,0.15151515151515152,-7.2348525109383255
39,0.16161616161616163,0.8252097609463405
39,0.17171717171717174,-0.7437220350523381
39,0.18181818181818182,-3.4574678338270304
39,0.19191919191919193,0.6325384178879474
39,0.20202020202020204,-8.990753590739367
39,0.21212121212121213,5.1625616482655605
39,0.22222222222222224,5.731105164332619
39,0.23232323232323235,6.133994515983609
39,0.24242424242424243,10.14219041377137
39,0.25252525252525254,-5.030747329821109
39,0.26262626262626265,-14.788319221328871
39,0.27272727272727276,-1.8632551633157453
39,0.2828282828282829,-6.244277525554782
39,0.29292929292929293,-5.003139952997159
39,0.30303030303030304,0.03514776526218233
39,0.31313131313131315,-4.039497539937557
39,0.32323232323232326,0.14807950463072128
39,0.33333333333333337,-11.352786938755644
39,0.3434343434343435,-6.388639751778602
39,0.3535353535353536,-4.4463238338461455
39,0.36363636363636365,3.6199526263843045
39,0.37373737373737376,-5.267101060214422
39,0.38383838383838387,4.933299546144237
39,0.393939393939394,4.521171214759935
39,0.4040404040404041,6.305938801449047
39,0.4141414141414142,-1.4116230532760627
39,0.42424242424242425,-2.6985356564507907
39,0.43434343434343436,-1.1561520715132692
39,0.4444444444444445,-20.587536199201693
39,0.4545454545454546,22.857410340834363
39,0.4646464646464647,0.6534241097305333
39,0.4747474747474748,1.9682613412290484
39,0.48484848484848486,4.622773488497594
39,0.494949494949495,3.156274113010075
40,0.0,-0.0
40,0.017241379310344827,-7.0451500626199675
40,0.034482758620689655,-8.62949140611524
40,0.05172413793103448,-1.6822972366431252
40,0.06896551724137931,-3.2161861887825403
40,0.08620689655172414,-5.691717864415931
40,0.10344827586206896,6.740008273070128
40,0.12068965517241378,2.1094327412829843
40,0.13793103448275862,-8.464211745060645
40,0.15517241379310345,2.796911563766119
40,0.1724137931034483,6.042733370499302
40,0.1896551724137931,-4.337108301724156
40,0.20689655172413793,-2.233789352179275
40,0.22413793103448276,0.9894613164919508
40,0.24137931034482757,-0.78347728949297
40,0.25862068965517243,8.2078261993171
40,0.27586206896551724,-2.2006018529052094
40,0.29310344827586204,-0.7495894045612613
40,0.3103448275862069,8.476158225772195
40,0.3275862068965517,-4.579684177585695
40,0.3448275862068966,-6.1893709115323405
40,0.3620689655172414,0.8012794344669993
40,0.3793103448275862,-3.117589422681813
40,0.39655172413793105,-3.669039985682179
40,0.41379310344827586,1.401698501655023
40,0.43103448275862066,6.960650030030344
40,0.4482758620689655,-5.024703825877927
40,0.46551724137931033,-1.9162389449454942
40,0.48275862068965514,-3.2894506745140544
41,0.0,-0.0
41,0.01694915254237288,-3.520794189478334
41,0.03389830508474576,-4.25668888698054
41,0.05084745762711865,-1.4527722144681747
41,0.06779661016949153,-4.328981363885995
41,0.0847457627118644,-0.24902987963392242
41,0.1016949152542373,0.021505145539378878
41,0.11864406779661017,-0.10362414091077277
41,0.13559322033898305,7.707055546412068
41,0.15254237288135594,-0.3600408553631389
41,0.1694915254237288,10.629484583136836
41,0.1864406779661017,4.613937619693033
41,0.2033898305084746,-1.135552932783158
41,0.22033898305084745,-2.7923519751100034
41,0.23728813559322035,-2.347369498519649
41,0.2542372881355932,-1.0983576774413462
41,0.2711864406779661,-5.620814650844064
41,0.288135593220339,0.24317277146571925
41,0.3050847457627119,-0.1477282286643018
41,0.3220338983050847,-3.7016010879451544
41,0.3389830508474576,-5.877704984123736
41,0.3559322033898305,-4.541145093120045
41,0.3728813559322034,1.4112489594211204
41,0.3898305084745763,2.4454672005291527
41,0.4067796610169492,7.394636388797502
41,0.423728813559322,-9.713972337097337
41,0.4406779661016949,1.4184423419991554
41,0.4576271186440678,-15.830404058011334
41,0.4745762711864407,2.4914576676898155
41,0.4915254237288136,5.372241304801296
42,0.0,-0.0
42,0.017543859649122806,-5.745671506028534
42,0.03508771929824561,-0.16967072293862362
42,0.05263157894736842,-6.896008907374606
42,0.07017543859649122,10.116960512013993
42,0.08771929824561403,-0.9189530927911709
42,0.10526315789473684,-4.921179220601733
42,0.12280701754385964,-3.1942481088453007
42,0.14035087719298245,2.1952334971952765
42,0.15789473684210525,1.0935406930204747
42,0.17543859649122806,-4.80380364733372
42,0.19298245614035087,-9.920423140035165
42,0.21052631578947367,5.096689187950739
42,0.22807017543859648,-0.7530746928798746
42,0.24561403508771928,2.4085973121215725
42,0.2631578947368421,3.381973452531565
42,0.2807017543859649,1.315616183205511
42,0.2982456140350877,14.263607441904963
42,0.3157894736842105,-0.7933369674101651
42,0.3333333333333333,-5.545439765147873
42,0.3508771929824561,-1.6344823431048952
42,0.3684210526315789,5.188143891510186
42,0.38596491228070173,0.714471299101866
42,0.40350877192982454,-4.022474521850881
42,0.42105263157894735,-0.07512426295812413
42,0.43859649122807015,2.2727512651625115
42,0.45614035087719296,4.7869623796606735
42,0.47368421052631576,-3.0862040454090396
42,0.49122807017543857,5.058137380630392
43,0.0,-0.0
43,0.008849557522123894,5.756981324354418
43,0.017699115044247787,3.9866107392384857
43,0.02654867256637168,0.6718563809069082
43,0.035398230088495575,-8.07876685203003
43,0.04424778761061947,-4.996361788625837
43,0.05309734513274336,11.41825576480404
43,0.061946902654867256,-7.3532421333338664
43,0.07079646017699115,1.5622603318021175
43,0.07964601769911504,-3.9924716707144214
43,0.08849557522123894,1.4064907960457411
43,0.09734513274336283,-0.24619523865651216
43,0.10619469026548672,3.082157083544544
43,0.11504424778761062,1.2293245582869625
43,0.12389380530973451,2.080881847586038
43,0.1327433628318584,-2.8116943352321937
43,0.1415929203539823,0.1564455660999734
43,0.1504424778761062,-0.5194910822275328
43,0.1592920353982301,-2.108801872049937
43,0.16814159292035397,-1.9082733181004303
43,0.17699115044247787,-1.3658185510792813
43,0.18584070796460178,1.402467554568389
43,0.19469026548672566,-2.0225480320422218
43,0.20353982300884954,-7.643175881483062
43,0.21238938053097345,5.105873310048505
43,0.22123893805309736,-8.422151163356661
43,0.23008849557522124,-10.456489393845121
43,0.23893805309734512,-3.1188536114099166
43,0.24778761061946902,-15.087355147195726
43,0.25663716814159293,17.711414267152826
43,0.2654867256637168,3.669799797232076
43,0.2743362831858407,-5.271675402446634
43,0.2831858407079646,-2.347974154469332
43,0.2920353982300885,-0.8602748724343586
43,0.3008849557522124,4.38868418024226
43,0.30973451327433627,-0.0481296864052958
43,0.3185840707964602,5.4476254920821034
43,0.3274336283185841,-5.625341275004429
43,0.33628318584070793,-9.870020530940149
43,0.34513274336283184,-12.107379076265428
43,0.35398230088495575,-7.822122954198758
43,0.36283185840707965,10.088816000213857
43,0.37168141592920356,9.188316858198277
43,0.3805309734513274,8.058864004386809
43,0.3893805309734513,-24.652907704211284
43,0.39823008849557523,10.681790686759737
43,0.4070796460176991,6.7006238566536
43,0.415929203539823,3.106069909511247
43,0.4247787610619469,-1.5930733890821729
43,0.4336283185840708,-0.4550015630291373
43,0.4424778761061947,-21.556715659585848
43,0.45132743362831856,1.2901787313011754
43,0.46017699115044247,6.037722340218182
43,0.4690265486725664,-4.200212886251098
43,0.47787610619469023,-4.29602374731068
43,0.48672566371681414,4.2417508464678555
43,0.49557522123893805,5.546375606547438
44,0.0,-0.0
44,0.013888888888888888,3.9778517457577243
44,0.027777777777777776,-10.490680635472778
44,0.041666666666666664,-3.668113223603111
44,0.05555555555555555,6.403621405978035
44,0.06944444444444445,3.323017992458278
44,0.08333333333333333,1.112588320542934
44,0.09722222222222221,-6.487036549775066
44,0.1111111111111111,3.7272208383985075
44,0.125,-1.5536690964048567
44,0.1388888888888889,-11.578240595239274
44,0.15277777777777776,3.2166938903893936
44,0.16666666666666666,2.066180727036842
44,0.18055555555555555,1.2704719933965642
44,0.19444444444444442,-3.3388586522819796
44,0.20833333333333331,6.248677650714517
44,0.2222222222222222,-7.797916862104502
44,0.2361111111111111,-5.518681089459008
44,0.25,5.55899912267663
44,0.2638888888888889,-11.802070260007696
44,0.2777777777777778,11.142596145696393
44,0.29166666666666663,4.344248040457862
44,0.3055555555555555,-10.552052587765893
44,0.3194444444444444,1.8824144936209044
44,0.3333333333333333,-2.318968805086303
44,0.3472222222222222,-2.2197351295187797
44,0.3611111111111111,-1.8193927067287419
44,0.375,3.0628010965409036
44,0.38888888888888884,-4.227953493636036
44,0.40277777777777773,2.313673906588613
44,0.41666666666666663,-8.63170183208631
44,0.4305555555555555,9.57144722407566
44,0.4444444444444444,-4.206816487300261
44,0.4583333333333333,-2.0138238852294528
44,0.4722222222222222,-1.1096633489388736
44,0.4861111111111111,4.9832984993570415
45,0.0,-0.0
45,0.012658227848101266,-7.537829426269807
45,0.02531645569620253,5.479271040616532
45,0.0379746835443038,-3.9096073294161533
45,0.05063291139240506,4.999504207104466
45,0.06329113924050633,-5.004134969309498
45,0.0759493670886076,9.570418889055201
45,0.08860759493670886,-8.40282925013992
45,0.10126582278481013,-5.694513726848842
45,0.11392405063291139,2.8883506301471
45,0.12658227848101267,14.022187726303242
45,0.13924050632911392,1.0686372221883433
45,0.1518987341772152,3.0807052069729233
45,0.16455696202531644,-14.387980483105718
45,0.17721518987341772,3.791601968683052
45,0.18987341772151897,-7.756278510437526
45,0.20253164556962025,4.607378387085708
45,0.21518987341772153,0.8763618718693014
45,0.22784810126582278,0.3819780307740541
45,0.24050632911392406,-8.33935018922127
45,0.25316455696202533,1.2130378571126288
45,0.26582278481012656,-4.0285196346758685
45,0.27848101265822783,0.09305003289878178
45,0.2911392405063291,-2.6825578690939453
45,0.3037974683544304,-3.704241219901565
45,0.31645569620253167,-8.0543335805292
45,0.3291139240506329,-12.432797697767388
45,0.34177215189873417,6.495459775365949
45,0.35443037974683544,6.764455742211741
45,0.3670886075949367,-4.591811681593332
45,0.37974683544303794,5.877909016689301
45,0.3924050632911392,-4.674961553356932
45,0.4050632911392405,6.807973970630297
45,0.4177215189873418,-1.7899833520415673
45,0.43037974683544306,-4.185458033118488
45,0.4430379746835443,6.474441721154749
45,0.45569620253164556,0.2710968845073234
45,0.46835443037974683,-1.1400259500637735
45,0.4810126582278481,-4.711392775204164
45,0.49367088607594933,0.04081119661405408
46,0.0,-0.0
46,0.012658227848101266,-0.48010736513555374
46,0.02531645569620253,0.21165343149473392
46,0.0379746835443038,-6.440027787732632
46,0.05063291139240506,1.958700223070602
46,0.06329113924050633,4.368400220516628
46,0.0759493670886076,-5.6156632877774335
46,0.08860759493670886,1.0430517478755559
46,0.10126582278481013,5.897595369175189
46,0.11392405063291139,5.668304473569639
46,0.12658227848101267,-2.2438423491544643
46,0.13924050632911392,-3.5677656673265408
46,0.1518987341772152,-8.08031260190858
46,0.16455696202531644,-2.1169034151073425
46,0.17721518987341772,-0.006167914729132695
46,0.18987341772151897,-0.9416472323602862
46,0.20253164556962025,-9.561503177384722
46,0.21518987341772153,12.847591283651761
46,0.22784810126582278,-8.70240394876296
46,0.24050632911392406,-1.7306915199391772
46,0.25316455696202533,-1.4143865557191777
46,0.26582278481012656,-4.195888105362679
46,0.27848101265822783,-9.549285681431448
46,0.2911392405063291,0.2970524433136764
46,0.3037974683544304,2.440702547609414
46,0.31645569620253167,-0.35963779692808484
46,0.3291139240506329,5.879700628442555
46,0.34177215189873417,-4.0079337505311585
46,0.35443037974683544,-7.41388632296607
46,0.3670886075949367,5.827486342090156
46,0.37974683544303794,1.4550460643635215
46,0.3924050632911392,-13.26827504922326
46,0.4050632911392405,10.036478314842734
46,0.4177215189873418,-5.420985059128231
46,0.43037974683544306,19.02582542218594
46,0.4430379746835443,10.78218746599225
46,0.45569620253164556,8.519256192385418
46,0.46835443037974683,5.194406432762851
46,0.4810126582278481,7.929585804322181
46,0.49367088607594933,8.326476026932085
47,0.0,-0.0
47,0.0125,0.5434653796192124
47,0.025,-1.6746009978787049
47,0.037500000000000006,-5.7389712787897285
47,0.05,0.8311262626277971
47,0.0625,-3.852564328997517
47,0.07500000000000001,17.85869899444939
47,0.08750000000000001,7.3512638347557715
47,0.1,-4.070365307318714
47,0.1125,8.885385846461897
47,0.125,2.668879064659088
47,0.1375,-2.825863200840505
47,0.15000000000000002,-5.994092774906296
47,0.1625,6.570229122158281
47,0.17500000000000002,-1.2781742691979276
47,0.1875,-3.3814695272826256
47,0.2,8.216476091651852
47,0.21250000000000002,-6.2038463656080145
47,0.225,-8.245083270649134
47,0.23750000000000002,-0.0065306237468441
47,0.25,2.5197490782302228
47,0.2625,9.871329860946744
47,0.275,7.3634640390526656
47,0.28750000000000003,-10.744269131049872
47,0.30000000000000004,-4.579376020196364
47,0.3125,5.6636862449021805
47,0.325,1.8182120887652513
47,0.3375,1.926806520335909
47,0.35000000000000003,-8.418699558548711
47,0.36250000000000004,-12.344441880756424
47,0.375,-4.563722181093913
47,0.3875,2.193966440789769
47,0.4,-3.3898897906711407
47,0.41250000000000003,-2.807306966916064
47,0.42500000000000004,13.087194456611877
47,0.4375,-5.218809553872909
47,0.45,-11.909993992781327
47,0.4625,-0.049875057530050615
47,0.47500000000000003,4.5998357455684085
47,0.48750000000000004,-0.7559424886629427
48,0.0,-0.0
48,0.021739130434782608,1.6210402779733446
48,0.043478260869565216,1.0699836268613445
48,0.06521739130434782,-2.8389757078161315
48,0.08695652173913043,-3.582252049844485
48,0.10869565217391304,7.643687074742085
48,0.13043478260869565,-3.3301835964415014
48,0.15217391304347827,-9.12875623715784
48,0.17391304347826086,4.3535596519273465
48,0.19565217391304346,-3.0093805867200665
48,0.21739130434782608,-4.059557552592009
48,0.2391304347826087,6.772457020469031
48,0.2608695652173913,-4.5566875065652
48,0.2826086956521739,-1.4772635608802802
48,0.30434782608695654,-1.0268023740266106
48,0.32608695652173914,-0.7497754522765976
48,0.34782608695652173,-7.208120146458077
48,0.3695652173913043,5.71748277664179
48,0.3913043478260869,5.07044651866799
48,0.41304347826086957,4.181177682611761
48,0.43478260869565216,-1.2146843342823797
48,0.45652173913043476,-4.546999078443583
48,0.4782608695652174,-7.064810582152466
49,0.0,-0.0
49,0.013333333333333334,-8.027845994918506
49,0.02666666666666667,1.8791451991541899
49,0.04,3.972213085653837
49,0.05333333333333334,-1.1360902085182967
49,0.06666666666666667,1.2176433349304405
49,0.08,-3.6547108112081155
49,0.09333333333333334,-0.6237560656411336
49,0.10666666666666667,-5.476151689365054
49,0.12000000000000001,2.4324325391008275
49,0.13333333333333333,3.1153610128050615
49,0.14666666666666667,4.35136322999711
49,0.16,-3.992939812139703
49,0.17333333333333334,5.500072456715759
49,0.18666666666666668,0.3448228316691586
49,0.2,4.442138532724138
49,0.21333333333333335,5.626958177653976
49,0.22666666666666668,-3.3419237731335976
49,0.24000000000000002,-1.6172953771693104
49,0.25333333333333335,-4.664728415526876
49,0.26666666666666666,1.0844735458474872
49,0.28,4.877162437372201
49,0.29333333333333333,-10.240872258367464
49,0.3066666666666667,-8.680522017278783
49,0.32,-10.248689987984687
49,0.33333333333333337,7.600045340797678
49,0.3466666666666667,-3.520282453367762
49,0.36000000000000004,-1.1036018747924583
49,0.37333333333333335,-1.161969690340432
49,0.3866666666666667,-6.849313393961376
49,0.4,-5.834415194380905
49,0.4133333333333334,6.34047750432993
49,0.4266666666666667,14.758359609519992
49,0.44,-2.6162102044607245
49,0.45333333333333337,3.7157860729798022
49,0.4666666666666667,3.2412826013387788
49,0.48000000000000004,-7.407410497773842
49,0.49333333333333335,-6.467326610749603
50,0.0,-0.0
50,0.014925373134328358,-1.1165002269232964
50,0.029850746268656716,-5.945609354704204
50,0.04477611940298507,3.4786393399427324
50,0.05970149253731343,-3.9179229109846583
50,0.07462686567164178,-9.744337108196765
50,0.08955223880597014,-3.2515827812336386
50,0.1044776119402985,0.674411912861334
50,0.11940298507462686,-7.160670386058605
50,0.13432835820895522,-2.5559491282417355
50,0.14925373134328357,-2.767070514022911
50,0.16417910447761194,2.1774481894099664
50,0.1791044776119403,-6.800477898926491
50,0.19402985074626866,9.812753907615818
50,0.208955223880597,12.224468544333398
50,0.22388059701492538,-1.57187857824038
50,0.23880597014925373,5.320146586846822
50,0.2537313432835821,-4.438028008859134
50,0.26865671641791045,0.09963384920188459
50,0.2835820895522388,2.7893156854570598
50,0.29850746268656714,-0.22699958839892714
50,0.31343283582089554,-6.834408797375661
50,0.3283582089552239,5.930660479279004
50,0.34328358208955223,-8.639649667015336
50,0.3582089552238806,-6.955964914618105
50,0.3731343283582089,-2.8590688123183043
50,0.3880597014925373,-0.26450541633796293
50,0.40298507462686567,-9.213054442855363
50,0.417910447761194,-7.309109938761539
50,0.43283582089552236,2.6989638663631865
50,0.44776119402985076,-1.7370510017324918
50,0.4626865671641791,4.980815352462102
50,0.47761194029850745,-6.009974252118523
50,0.4925373134328358,5.439097791012901
51,0.0,-0.0
51,0.018867924528301886,-6.610474521147422
51,0.03773584905660377,-3.901456595061891
51,0.05660377358490566,2.641012581864798
51,0.07547169811320754,7.005290225554731
51,0.09433962264150943,6.798846172318961
51,0.11320754716981132,-0.9633551159017271
51,0.1320754716981132,-0.6429456926933708
51,0.1509433962264151,2.306941712416773
51,0.16981132075471697,-4.806855689941867
51,0.18867924528301885,-0.9504418211035712
51,0.20754716981132074,4.267940826191113
51,0.22641509433962265,2.5261634215960225
51,0.24528301886792453,0.4192296130900848
51,0.2641509433962264,-1.5115126649822954
51,0.2830188679245283,3.456224724240629
51,0.3018867924528302,-0.09405618917923997
51,0.32075471698113206,0.1849988656094892
51,0.33962264150943394,9.705094346782264
51,0.3584905660377358,1.4751955227849898
51,0.3773584905660377,2.0561547356103724
51,0.3962264150943396,-7.800022005324653
51,0.4150943396226415,1.272138960312284
51,0.43396226415094336,-12.805738149641247
51,0.4528301886792453,5.3417694625199585
51,0.4716981132075472,8.525539766387041
51,0.49056603773584906,0.8042539326953402
52,0.0,-0.0
52,0.016129032258064516,8.798756957460924
52,0.03225806451612903,-0.6996528950428083
52,0.04838709677419355,-8.560176759774516
52,0.06451612903225806,4.126569412830423
52,0.08064516129032258,3.9693739525500424
52,0.0967741935483871,0.07778740533401995
52,0.11290322580645161,0.13207831264222847
52,0.12903225806451613,-1.3788537362958286
52,0.14516129032258063,-1.671203893041141
52,0.16129032258064516,-8.50804901269825
52,0.1774193548387097,-5.897560136397495
52,0.1935483870967742,-4.474233851864837
52,0.2096774193548387,-10.740697410747464
52,0.22580645161290322,-3.3399028190004416
52,0.24193548387096775,5.368851552629257
52,0.25806451612903225,0.10928809632423997
52,0.27419354838709675,-2.266731660959446
52,0.29032258064516125,3.006914670087983
52,0.3064516129032258,3.6321682580805073
52,0.3225806451612903,-1.7342013192732315
52,0.3387096774193548,8.582948663735726
52,0.3548387096774194,1.4984800998459888
52,0.3709677419354839,-6.627489905861349
52,0.3870967741935484,9.082117298098233
52,0.4032258064516129,-4.049183595899933
52,0.4193548387096774,1.0410148215871968
52,0.43548387096774194,-12.537679093757916
52,0.45161290322580644,3.7687151021006913
52,0.46774193548387094,4.847999909980003
52,0.4838709677419355,6.6060759762598265
53,0.0,-0.0
53,0.012658227848101266,3.9491186104917775
53,0.02531645569620253,-1.1543126492696896
53,0.0379746835443038,-2.462548256875144
53,0.05063291139240506,-11.474588653747547
53,0.06329113924050633,9.791031647445552
53,0.0759493670886076,-3.7378672692140875
53,0.08860759493670886,-3.4105589071203584
53,0.10126582278481013,-2.734316572662915
53,0.11392405063291139,5.21869438156549
53,0.12658227848101267,8.246296458618923
53,0.13924050632911392,8.748955380508209
53,0.1518987341772152,4.178582013242116
53,0.16455696202531644,-7.227583694883115
53,0.17721518987341772,11.335057838861077
53,0.18987341772151897,-1.7157840883537203
53,0.20253164556962025,-7.328171676257988
53,0.21518987341772153,3.4264956724070834
53,0.22784810126582278,0.047630083136700266
53,0.24050632911392406,-8.431428465366439
53,0.25316455696202533,-1.907490235598814
53,0.26582278481012656,-4.7388747525605135
53,0.27848101265822783,-9.097851259594647
53,0.2911392405063291,-7.9271537617930194
53,0.3037974683544304,3.556023834695793
53,0.31645569620253167,-1.4699449915990823
53,0.3291139240506329,-10.042720824046055
53,0.34177215189873417,-2.6148378840067776
53,0.35443037974683544,0.9941982381539429
53,0.3670886075949367,2.2874561527244355
53,0.37974683544303794,-6.887842207277609
53,0.3924050632911392,6.4555579950447814
53,0.4050632911392405,0.21227741035769612
53,0.4177215189873418,-3.0724868942440553
53,0.43037974683544306,0.491555228639191
53,0.4430379746835443,6.7312419386145415
53,0.45569620253164556,-4.252741113176439
53,0.46835443037974683,-9.317567086164996
53,0.4810126582278481,3.301007010671423
53,0.49367088607594933,-7.371481189352084
54,0.0,-0.0
54,0.01639344262295082,-1.4969184101273678
54,0.03278688524590164,-6.246224492046306
54,0.04918032786885246,-3.4538406062632188
54,0.06557377049180328,-3.076518908376038
54,0.0819672131147541,-9.556286311299708
54,0.09836065573770492,-1.7318099615219222
54,0.11475409836065574,-4.752347854997841
54,0.13114754098360656,-0.8844912252955903
54,0.14754098360655737,-8.929260490203275
54,0.1639344262295082,-0.5986263806358112
54,0.18032786885245902,-1.1798197159033148
54,0.19672131147540983,8.286383635308205
54,0.21311475409836067,-5.9909092613104935
54,0.22950819672131148,3.26760198653572
54,0.24590163934426232,4.05946818859433
54,0.26229508196721313,-7.29756411142276
54,0.27868852459016397,0.8525779610665501
54,0.29508196721311475,3.1250124427544614
54,0.3114754098360656,1.164772965126186
54,0.3278688524590164,4.50314022127242
54,0.3442622950819672,9.062703558046234
54,0.36065573770491804,-2.2960073778695995
54,0.3770491803278689,0.9931850087531269
54,0.39344262295081966,-5.719425473110945
54,0.4098360655737705,-6.168739457944083
54,0.42622950819672134,-7.391923506733603
54,0.4426229508196722,4.234072643909774
54,0.45901639344262296,-3.0636380965068737
54,0.4754098360655738,-10.601482083900436
54,0.49180327868852464,-15.192259278657222
55,0.0,-0.0
55,0.012987012987012988,0.30952913844942653
55,0.025974025974025976,-2.4613725477722452
55,0.03896103896103896,5.018926233581602
55,0.05194805194805195,1.8372930475043163
55,0.06493506493506494,3.216418388310279
55,0.07792207792207792,3.0214197464488013
55,0.09090909090909091,-6.261939719071611
55,0.1038961038961039,4.541170233922957
55,0.1168831168831169,4.402571253627971
55,0.12987012987012989,-1.2343124510170926
55,0.14285714285714288,-0.09899162106540438
55,0.15584415584415584,6.631996313989925
55,0.16883116883116883,-5.194817571551703
55,0.18181818181818182,1.1468540390185353
55,0.19480519480519481,4.147876453490371
55,0.2077922077922078,0.9091395830872682
55,0.2207792207792208,2.025788301546405
55,0.2337662337662338,-2.04157376314634
55,0.24675324675324678,-2.0519906376018633
55,0.25974025974025977,-3.998872415550214
55,0.27272727272727276,4.7370709621603755
55,0.28571428571428575,0.9746513098291052
55,0.29870129870129875,-13.337883963573697
55,0.3116883116883117,-6.405655607375947
55,0.3246753246753247,-4.701609261443199
55,0.33766233766233766,-7.878563258035895
55,0.35064935064935066,4.530848127756188
55,0.36363636363636365,-8.620701525229041
55,0.37662337662337664,-10.047306423771731
55,0.38961038961038963,-5.30074742286242
55,0.4025974025974026,14.137335145553891
55,0.4155844155844156,9.45773355560133
55,0.4285714285714286,-3.3457294903760855
55,0.4415584415584416,3.1980763065055484
55,0.4545454545454546,-11.824408081806332
55,0.4675324675324676,1.306559170684056
55,0.48051948051948057,-4.494596033128241
55,0.49350649350649356,4.80260217678988
56,0.0,-0.0
56,0.016666666666666666,-3.614823176309365
56,0.03333333333333333,-5.245052555476053
56,0.05,6.651583657988274
56,0.06666666666666667,-3.359834521270056
56,0.08333333333333333,0.6632079672568847
56,0.1,2.2317788483440992
56,0.11666666666666667,-0.6912732371718233
56,0.13333333333333333,-9.64478292022478
56,0.15,6.02213120792957
56,0.16666666666666666,4.562136260649738
56,0.18333333333333332,-1.6062614523059442
56,0.2,-7.512176690180652
56,0.21666666666666667,9.298838191804585
56,0.23333333333333334,5.274632596499505
56,0.25,-8.319695651879195
56,0.26666666666666666,-6.175651876715599
56,0.2833333333333333,2.4673586805347405
56,0.3,6.955185440777502
56,0.31666666666666665,6.057666269156002
56,0.3333333333333333,-7.154294404496315
56,0.35,9.486984081307623
56,0.36666666666666664,-4.068728357552949
56,0.3833333333333333,-5.859391414155473
56,0.4,4.223130118182597
56,0.4166666666666667,-6.171025004777503
56,0.43333333333333335,-5.832653409268577
56,0.45,12.100889184639067
56,0.4666666666666667,-3.5656690278893377
56,0.48333333333333334,4.666929741808472
57,0.0,-0.0
57,0.012658227848101266,-4.792865639213961
57,0.02531645569620253,-8.531093906899965
57,0.0379746835443038,7.531416606740181
57,0.05063291139240506,1.017960024773283
57,0.06329113924050633,2.515040110426775
57,0.0759493670886076,2.5636246215882523
57,0.08860759493670886,4.115022392921098
57,0.10126582278481013,2.0748567708588825
57,0.11392405063291139,-2.5339986555242775
57,0.12658227848101267,2.487879474210245
57,0.13924050632911392,4.8702555106878025
57,0.1518987341772152,-5.916749418954341
57,0.16455696202531644,6.605060313365222
57,0.17721518987341772,2.4993016622621242
57,0.18987341772151897,-15.162776676216831
57,0.20253164556962025,8.670956929187358
57,0.21518987341772153,-2.5815541086484495
57,0.22784810126582278,-4.480589430324801
57,0.24050632911392406,-6.681509843587866
57,0.25316455696202533,-3.5954793795669637
57,0.26582278481012656,-3.230860051581543
57,0.27848101265822783,8.014919966336056
57,0.2911392405063291,-10.20166474970237
57,0.3037974683544304,0.07444727643765381
57,0.31645569620253167,-10.06893028276679
57,0.3291139240506329,-4.71899613428991
57,0.34177215189873417,-6.335561262063143
57,0.35443037974683544,-3.941924999887624
57,0.3670886075949367,10.276082893758328
57,0.37974683544303794,3.6732290002791865
57,0.3924050632911392,4.602512556128547
57,0.4050632911392405,-2.5304883846995128
57,0.4177215189873418,-4.028120556409778
57,0.43037974683544306,-8.446069563211974
57,0.4430379746835443,23.25465624619642
57,0.45569620253164556,4.622763943653185
57,0.46835443037974683,-0.537503548517779
57,0.4810126582278481,0.3135472154847394
57,0.49367088607594933,15.757801017449294
58,0.0,-0.0
58,0.01020408163265306,0.37840945559750905
58,0.02040816326530612,-1.1071432415738345
58,0.030612244897959183,5.6672611373090716
58,0.04081632653061224,-5.714152054296507
58,0.0510204081632653,3.47118013752201
58,0.061224489795918366,-2.4511372387553414
58,0.07142857142857142,8.619760094712678
58,0.08163265306122448,4.990975250820267
58,0.09183673469387754,-1.3336531706127364
58,0.1020408163265306,6.287997264915402
58,0.11224489795918366,1.1443176622404518
58,0.12244897959183673,-2.8810742812471872
58,0.13265306122448978,3.275264117974949
58,0.14285714285714285,2.979535156865651
58,0.1530612244897959,-3.176837737375968
58,0.16326530612244897,-0.6925870829596237
58,0.17346938775510204,-0.3599487166569517
58,0.18367346938775508,-5.1488901419652855
58,0.19387755102040816,14.451125906035994
58,0.2040816326530612,1.5381359265343326
58,0.21428571428571427,2.2917559465206487
58,0.22448979591836732,-3.2860166801582964
58,0.2346938775510204,-10.155920503696985
58,0.24489795918367346,6.654509632634424
58,0.25510204081632654,11.93462561373414
58,0.26530612244897955,-3.7136802011803414
58,0.2755102040816326,1.5716793068388273
58,0.2857142857142857,-16.255162250969963
58,0.29591836734693877,3.8885914894417306
58,0.3061224489795918,-3.171547584532803
58,0.31632653061224486,-9.131717748406212
58,0.32653061224489793,-5.98781400914297
58,0.336734693877551,-15.12748238732928
58,0.3469387755102041,-5.291398505476356
58,0.3571428571428571,-3.041215470449129
58,0.36734693877551017,15.486732539775456
58,0.37755102040816324,-13.468241558358045
58,0.3877551020408163,-11.403868114338133
58,0.39795918367346933,2.563061602590619
58,0.4081632653061224,-1.635839487765999
58,0.4183673469387755,-2.1086550238274873
58,0.42857142857142855,0.12368252705074134
58,0.4387755102040816,0.715543792057066
58,0.44897959183673464,-9.649728586427075
58,0.4591836734693877,1.7565300616540263
58,0.4693877551020408,17.28981960023809
58,0.47959183673469385,1.679366324171803
58,0.4897959183673469,2.240450274842587
59,0.0,-0.0
59,0.017543859649122806,-1.4491273555934985
59,0.03508771929824561,-5.015984748126012
59,0.05263157894736842,-3.9289136010060126
59,0.07017543859649122,-1.2791185170859538
59,0.08771929824561403,-8.591371379814724
59,0.10526315789473684,-4.5904777329818005
59,0.12280701754385964,5.6142174157777545
59,0.14035087719298245,3.884347567442238
59,0.15789473684210525,4.428868158683951
59,0.17543859649122806,-0.7454367090987284
59,0.19298245614035087,-3.3437121322689256
59,0.21052631578947367,7.73235003387569
59,0.22807017543859648,-5.8437815015026136
59,0.24561403508771928,4.286433047786552
59,0.2631578947368421,1.9539385457791973
59,0.2807017543859649,-8.695230248190398
59,0.2982456140350877,1.5943957097526793
59,0.3157894736842105,-4.871326647406517
59,0.3333333333333333,-2.3138402780573313
59,0.3508771929824561,-3.0093524977432775
59,0.3684210526315789,-16.116580651689286
59,0.38596491228070173,-3.1731856982880062
59,0.40350877192982454,0.4690882120911998
59,0.42105263157894735,1.1123126045007097
59,0.43859649122807015,10.20637732785075
59,0.45614035087719296,-0.3595281518920661
59,0.47368421052631576,-0.8616284505873091
59,0.49122807017543857,-7.01074814705261
60,0.0,-0.0
60,0.014705882352941176,-1.3972375390431293
60,0.029411764705882353,-6.2402973890753985
60,0.044117647058823525,-16.130081921947212
60,0.058823529411764705,2.280317036588986
60,0.07352941176470588,-6.301075706557027
60,0.08823529411764705,0.2500078495797502
60,0.10294117647058823,-2.6390812822498844
60,0.11764705882352941,-2.9256878248078118
60,0.1323529411764706,0.6598279506184137
60,0.14705882352941177,-4.387986587438295
60,0.16176470588235295,-1.3391505828246073
60,0.1764705882352941,-5.6694612802115145
60,0.19117647058823528,5.2649064447939935
60,0.20588235294117646,2.9984361512424953
60,0.22058823529411764,-7.397578142554988
60,0.23529411764705882,-1.908389633289071
60,0.25,-7.121695960686157
60,0.2647058823529412,-3.1878508685617475
60,0.27941176470588236,2.4505378399706923
60,0.29411764705882354,-2.022970753347448
60,0.3088235294117647,-0.32909295826036855
60,0.3235294117647059,-3.3418978166139897
60,0.3382352941176471,-0.7864241700983641
60,0.3529411764705882,-5.387503329202756
60,0.3676470588235294,8.532063742919997
60,0.38235294117647056,-5.007480864307041
60,0.39705882352941174,5.125428480445194
60,0.4117647058823529,-5.271422166956333
60,0.4264705882352941,-9.481367076409201
60,0.4411764705882353,12.767914454975099
60,0.45588235294117646,12.928636237951235
60,0.47058823529411764,8.84394250947598
60,0.4852941176470588,-9.209637713007824
61,0.0,-0.0
61,0.02127659574468085,-13.537841649715753
61,0.0425531914893617,9.033531940535816
61,0.06382978723404255,1.339488420141593
61,0.0851063829787234,-1.7709167706198727
61,0.10638297872340426,-2.069282979916725
61,0.1276595744680851,-1.987574300773706
61,0.14893617021276595,0.666074741550423
61,0.1702127659574468,-2.036478582689405
61,0.19148936170212766,-6.451364654911953
61,0.2127659574468085,-3.2870417152570424
61,0.23404255319148937,2.413210865165304
61,0.2553191489361702,-3.6065318230690737
61,0.2765957446808511,-4.694376841362569
61,0.2978723404255319,-3.6994047309192957
61,0.3191489361702128,3.6510767676412526
61,0.3404255319148936,-1.9080030488972106
61,0.36170212765957444,8.169552145309202
61,0.3829787234042553,2.150300891105162
61,0.40425531914893614,6.775305383606947
61,0.425531914893617,-8.663626310779087
61,0.44680851063829785,3.544876631163717
61,0.46808510638297873,1.9610120907331352
61,0.48936170212765956,-7.490988589138404
62,0.0,-0.0
62,0.012048192771084338,-1.4871119089428926
62,0.024096385542168676,-6.136256340615383
62,0.03614457831325302,15.966019167140487
62,0.04819277108433735,-4.046235013305541
62,0.060240963855421686,3.335708830008138
62,0.07228915662650603,6.269685208357762
62,0.08433734939759037,-5.828780607836835
62,0.0963855421686747,-4.701955015782208
62,0.10843373493975904,-0.2028186723040819
62,0.12048192771084337,6.480211899950749
62,0.13253012048192772,3.8457254971188437
62,0.14457831325301207,-9.235492224213143
62,0.1566265060240964,2.2317312612524596
62,0.16867469879518074,-6.760518665026071
62,0.18072289156626506,-6.092325349048728
62,0.1927710843373494,8.66009056675914
62,0.20481927710843376,-3.587564564158733
62,0.21686746987951808,-1.8273720072912902
62,0.22891566265060243,-3.565997915826583
62,0.24096385542168675,4.51527943163229
62,0.2530120481927711,-7.969570878491326
62,0.26506024096385544,0.13939351872904582
62,0.27710843373493976,-0.9167169625926905
62,0.28915662650602414,13.170419569769793
62,0.30120481927710846,-6.22251600809182
62,0.3132530120481928,-11.613552711952146
62,0.3253012048192771,-13.491280746311718
62,0.3373493975903615,2.1293652408754644
62,0.3493975903614458,-2.732066190497794
62,0.3614457831325301,4.280388288339741
62,0.3734939759036145,-6.970803640414278
62,0.3855421686746988,0.46675242402991657
62,0.39759036144578314,1.2803541554309326
62,0.4096385542168675,-1.5860577538560316
62,0.42168674698795183,-6.060456432566811
62,0.43373493975903615,2.701234942028731
62,0.44578313253012053,-0.526430431280712
62,0.45783132530120485,1.0343257341792131
62,0.46987951807228917,-3.2374288375206848
62,0.4819277108433735,0.43498185211340656
62,0.49397590361445787,-0.08188399487334719
63,0.0,-0.0
63,0.013157894736842105,6.024235317137601
63,0.02631578947368421,-5.233234329290147
63,0.039473684210526314,-4.647747448644932
63,0.05263157894736842,-5.479881733262019
63,0.06578947368421052,-6.588258966119287
63,0.07894736842105263,5.1721234290275095
63,0.09210526315789473,-0.3199213298674519
63,0.10526315789473684,7.1720652063218795
63,0.11842105263157894,2.532034814594833
63,0.13157894736842105,-6.426207689673512
63,0.14473684210526316,-5.121481070609613
63,0.15789473684210525,-1.2143347861318166
63,0.17105263157894735,7.8790099871280646
63,0.18421052631578946,3.1353071093498635
63,0.19736842105263158,-2.0347115721940616
63,0.21052631578947367,-0.26303997500462284
63,0.22368421052631576,4.632170620323309
63,0.23684210526315788,-2.88999206335236
63,0.25,-8.449743556990065
63,0.2631578947368421,-6.968825965285538
63,0.2763157894736842,10.829580515566263
63,0.2894736842105263,5.968715674520753
63,0.3026315789473684,-13.224234562344535
63,0.3157894736842105,-5.821920132379045
63,0.3289473684210526,-1.114063841360212
63,0.3421052631578947,-11.172062542897718
63,0.35526315789473684,0.40546250501682257
63,0.3684210526315789,6.6125853526400045
63,0.381578947368421,-3.815043437481644
63,0.39473684210526316,-8.171861639796273
63,0.40789473684210525,-0.3160077403975765
63,0.42105263157894735,8.718034845212243
63,0.43421052631578944,1.3506731498420548
63,0.4473684210526315,-4.817074107866359
63,0.4605263157894737,1.0960070946624696
63,0.47368421052631576,3.330979199593212
63,0.48684210526315785,1.9125483173234241
64,0.0,-0.0
64,0.010309278350515464,-2.435863094392787
64,0.020618556701030927,0.2646593937100289
64,0.030927835051546393,-0.13740716569388034
64,0.041237113402061855,-3.2597515343652246
64,0.05154639175257732,-2.800319648872791
64,0.061855670103092786,2.154064557981313
64,0.07216494845360824,0.5518434116295123
64,0.08247422680412371,2.136327080182498
64,0.09278350515463918,0.19609884082008944
64,0.10309278350515463,-6.30590334598206
64,0.1134020618556701,-2.7950683788124717
64,0.12371134020618557,5.7845445998673135
64,0.13402061855670103,2.7100913598876044
64,0.14432989690721648,5.480784665880382
64,0.15463917525773196,-2.223692391735332
64,0.16494845360824742,-1.6869082958628654
64,0.17525773195876287,18.194274539354026
64,0.18556701030927836,5.618432357521026
64,0.1958762886597938,3.7450766776644846
64,0.20618556701030927,-6.46200906138722
64,0.21649484536082475,1.0925913039464046
64,0.2268041237113402,-1.0349476946391079
64,0.23711340206185566,-0.06492344705323916
64,0.24742268041237114,-18.631893268486625
64,0.25773195876288657,6.971527467632847
64,0.26804123711340205,-1.8565691789698797
64,0.27835051546391754,-0.497343973840338
64,0.28865979381443296,-7.565192639471219
64,0.29896907216494845,2.014000906084169
64,0.30927835051546393,-13.773796972816005
64,0.31958762886597936,6.516637966449228
64,0.32989690721649484,0.06797608493333684
64,0.3402061855670103,-16.867962448274028
64,0.35051546391752575,11.722406348917408
64,0.36082474226804123,0.8388403280222814
64,0.3711340206185567,-1.2342733837366862
64,0.38144329896907214,0.9254705224670771
64,0.3917525773195876,6.735682826996619
64,0.4020618556701031,4.151058590057511
64,0.41237113402061853,-16.802613078485955
64,0.422680412371134,-9.506840073286865
64,0.4329896907216495,3.112495246529929
64,0.44329896907216493,-2.426115493193804
64,0.4536082474226804,-10.857347668877138
64,0.4639175257731959,2.1253683171968145
64,0.4742268041237113,8.881816557877343
64,0.4845360824742268,4.773966141809369
64,0.4948453608247423,2.817042345301996
65,0.0,-0.0
65,0.018867924528301886,5.991560812952864
65,0.03773584905660377,-6.420787207439708
65,0.05660377358490566,4.707646017942683
65,0.07547169811320754,5.276811599423477
65,0.09433962264150943,-0.657938735506508
65,0.11320754716981132,1.2822718233477748
65,0.1320754716981132,-3.6219682061708927
65,0.1509433962264151,2.623729140909685
65,0.16981132075471697,-2.3431494439550913
65,0.18867924528301885,1.844295715304625
65,0.20754716981132074,-6.337451608497023
65,0.22641509433962265,-3.1846411844322247
65,0.24528301886792453,0.4644807157111035
65,0.2641509433962264,-4.105026291227061
65,0.2830188679245283,2.1932721851781674
65,0.3018867924528302,-3.8211654497918417
65,0.32075471698113206,6.08131363041622
65,0.33962264150943394,-8.788299213321906
65,0.3584905660377358,3.046460542262283
65,0.3773584905660377,-3.9444450703174088
65,0.3962264150943396,6.147250999282824
65,0.4150943396226415,8.041652009776712
65,0.43396226415094336,-2.2855424009821563
65,0.4528301886792453,-5.072063893370252
65,0.4716981132075472,20.10879284002485
65,0.49056603773584906,1.479872691730551
66,0.0,-0.0
66,0.01098901098901099,-9.587726535723547
66,0.02197802197802198,-3.035599742665316
66,0.03296703296703297,-4.661053218255896
66,0.04395604395604396,-0.7289183300836986
66,0.05494505494505495,7.516376984014251
66,0.06593406593406594,-4.979713585660164
66,0.07692307692307693,-0.7090619011779764
66,0.08791208791208792,6.44428250917629
66,0.09890109890109891,-4.514043589543213
66,0.1098901098901099,-0.8724089506856795
66,0.1208791208791209,-4.981860023046045
66,0.13186813186813187,-4.531390346821146
66,0.14285714285714288,10.444030628655227
66,0.15384615384615385,9.35500809529701
66,0.16483516483516486,-2.803290318618833
66,0.17582417582417584,0.6335988886750928
66,0.18681318681318682,8.20957184414744
66,0.19780219780219782,-1.9401974784895692
66,0.2087912087912088,-4.628519857272336
66,0.2197802197802198,0.1720010048485756
66,0.23076923076923078,12.962654766897465
66,0.2417582417582418,-15.747178450462727
66,0.2527472527472528,4.334586277449636
66,0.26373626373626374,10.597529462216176
66,0.27472527472527475,4.308701637947151
66,0.28571428571428575,11.00443811391251
66,0.2967032967032967,0.7707020543262084
66,0.3076923076923077,-3.293009196686361
66,0.3186813186813187,-7.077020715062909
66,0.3296703296703297,-2.5663825805049605
66,0.34065934065934067,0.05412024749229172
66,0.3516483516483517,-1.6498583804847344
66,0.3626373626373627,-15.280593460525015
66,0.37362637362637363,4.655527496997383
66,0.38461538461538464,1.6071742540236988
66,0.39560439560439564,-12.726072512329807
66,0.40659340659340665,-4.457302289049457
66,0.4175824175824176,10.494650132958007
66,0.4285714285714286,4.914550545521854
66,0.4395604395604396,-2.588359662972966
66,0.45054945054945056,9.670576158451114
66,0.46153846153846156,3.9948747547714483
66,0.47252747252747257,0.3766937940118156
66,0.4835164835164836,-0.6132807285329016
66,0.4945054945054945,-17.935295990393474
67,0.0,-0.0
67,0.013513513513513514,-1.993376757939537
67,0.02702702702702703,-3.2265064194918214
67,0.04054054054054054,0.8519977568311952
67,0.05405405405405406,-3.3139172677208686
67,0.06756756756756757,-3.0661073868270874
67,0.08108108108108109,-3.6295674398118267
67,0.0945945945945946,-5.791158373496003
67,0.10810810810810811,-6.0616661410445944
67,0.12162162162162163,-0.26666681210201837
67,0.13513513513513514,4.720588681468992
67,0.14864864864864866,-0.2809495485965994
67,0.16216216216216217,-5.76069522434322
67,0.17567567567567569,-2.232737449148032
67,0.1891891891891892,-10.0787083214508
67,0.20270270270270271,-4.433272149867159
67,0.21621621621621623,-1.6694236665743107
67,0.22972972972972974,3.639855988954401
67,0.24324324324324326,1.8444809299203748
67,0.2567567567567568,4.494785426738334
67,0.2702702702702703,-3.5742043310864053
67,0.28378378378378377,0.399502047616614
67,0.2972972972972973,4.793350514857183
67,0.31081081081081086,6.109326246799344
67,0.32432432432432434,8.714907527520168
67,0.33783783783783783,4.122773039149493
67,0.35135135135135137,-0.9184154959566837
67,0.3648648648648649,-0.7322269758020787
67,0.3783783783783784,-6.985201433771195
67,0.3918918918918919,4.259985185397187
67,0.40540540540540543,2.202247481952729
67,0.41891891891891897,2.9017287699732464
67,0.43243243243243246,-2.984099021155809
67,0.44594594594594594,-2.374387497199953
67,0.4594594594594595,2.7950748428988863
67,0.472972972972973,-17.827642453781863
67,0.4864864864864865,-2.961443530279315
68,0.0,-0.0
68,0.018867924528301886,-1.7523096941672471
68,0.03773584905660377,-3.0645076501289927
68,0.05660377358490566,9.373173821320709
68,0.07547169811320754,1.2544142847656083
68,0.09433962264150943,4.366334365915776
68,0.11320754716981132,6.171958282834849
68,0.1320754716981132,-9.163242344102171
68,0.1509433962264151,0.6398847174645723
68,0.16981132075471697,1.8254012366223906
68,0.18867924528301885,3.1892970624260815
68,0.20754716981132074,5.024567663126687
68,0.22641509433962265,-8.281705613984276
68,0.24528301886792453,-5.76870130862771
68,0.2641509433962264,-0.7517199720695205
68,0.2830188679245283,-5.827210169926932
68,0.3018867924528302,-1.3818278533683295
68,0.32075471698113206,-9.896945549795992
68,0.33962264150943394,-3.0578018905846402
68,0.3584905660377358,1.0177185964253215
68,0.3773584905660377,-1.0566484110381265
68,0.3962264150943396,11.030027706756947
68,0.4150943396226415,-1.8918594789925764
68,0.43396226415094336,-0.5531593576866702
68,0.4528301886792453,13.652764277020621
68,0.4716981132075472,-0.24923427032475212
68,0.49056603773584906,-6.488022680166354
69,0.0,-0.0
69,0.014492753623188406,-0.09795274564593481
69,0.028985507246376812,-6.041464983368353
69,0.043478260869565216,-1.7991710608317484
69,0.057971014492753624,-1.1801861995776206
69,0.07246376811594203,-6.594174165884736
69,0.08695652173913043,-6.689725088033208
69,0.10144927536231885,10.23181830179655
69,0.11594202898550725,6.476061762030837
69,0.13043478260869565,-6.7652669194986865
69,0.14492753623188406,-8.580845487884087
69,0.15942028985507248,5.763392472010227
69,0.17391304347826086,-5.13109756748872
69,0.18840579710144928,10.097106313813079
69,0.2028985507246377,7.942025305866112
69,0.21739130434782608,1.5193587171635772
69,0.2318840579710145,-9.199076658545742
69,0.2463768115942029,0.4658358038763635
69,0.2608695652173913,-4.158796761307846
69,0.2753623188405797,2.8329464332773737
69,0.2898550724637681,-13.426185904666491
69,0.30434782608695654,0.03233681727988191
69,0.31884057971014496,3.342362595171351
69,0.3333333333333333,9.056378987914833
69,0.34782608695652173,-0.1179595313172841
69,0.36231884057971014,8.840809183888476
69,0.37681159420289856,-13.063841142932185
69,0.391304347826087,-2.3246882005206864
69,0.4057971014492754,5.486065358299053
69,0.42028985507246375,0.39583764362668683
69,0.43478260869565216,-9.048938465931837
69,0.4492753623188406,-3.970828308267328
69,0.463768115942029,-1.745676703856566
69,0.4782608695652174,-4.169268785780039
69,0.4927536231884058,2.374457838309269
70,0.0,-0.0
70,0.011627906976744186,-8.820725212045899
70,0.023255813953488372,3.7003147537268655
70,0.03488372093023256,-1.2510215704408667
70,0.046511627906976744,9.717977733720577
70,0.05813953488372093,-12.259406889767588
70,0.06976744186046512,-3.723552004376916
70,0.08139534883720931,-1.1293287204677138
70,0.09302325581395349,3.420488246573401
70,0.10465116279069767,-1.2429507863445166
70,0.11627906976744186,3.8374462500585027
70,0.12790697674418605,5.16737498420936
70,0.13953488372093023,3.2144003943545956
70,0.1511627906976744,-3.2251618661594863
70,0.16279069767441862,-6.297895730432019
70,0.1744186046511628,8.751300676070747
70,0.18604651162790697,0.9354555107777607
70,0.19767441860465115,-6.0428688305426626
70,0.20930232558139533,-10.963393439451636
70,0.22093023255813954,11.675816904359971
70,0.23255813953488372,-4.708184191073417
70,0.2441860465116279,-8.21136746831828
70,0.2558139534883721,-2.5037625358374997
70,0.26744186046511625,3.7911833888153414
70,0.27906976744186046,9.048216519875252
70,0.29069767441860467,5.209732792333344
70,0.3023255813953488,-9.355150416280068
70,0.313953488372093,-8.874836487944261
70,0.32558139534883723,-8.034670521339192
70,0.3372093023255814,2.3048173625285844
70,0.3488372093023256,-5.16332462208963
70,0.36046511627906974,-7.598406079309309
70,0.37209302325581395,-0.1198675282104773
70,0.38372093023255816,-10.506571871548672
70,0.3953488372093023,5.664528485818135
70,0.4069767441860465,3.008147231509574
70,0.41860465116279066,-4.783487874708922
70,0.43023255813953487,-3.353309710145615
70,0.4418604651162791,-8.176069136568506
70,0.45348837209302323,0.8076382540273217
70,0.46511627906976744,-11.648534946713323
70,0.47674418604651164,12.772037003135246
70,0.4883720930232558,6.51720179722115
71,0.0,-0.0
71,0.013513513513513514,-10.68120529158971
71,0.02702702702702703,4.470481628105436
71,0.04054054054054054,-7.667951239193096
71,0.05405405405405406,-5.630169081841141
71,0.06756756756756757,4.978793713129747
71,0.08108108108108109,7.838062468929647
71,0.0945945945945946,4.232576972639725
71,0.10810810810810811,2.5736054649394378
71,0.12162162162162163,3.0084414158997475
71,0.13513513513513514,-7.072444683773216
71,0.14864864864864866,3.8543293178475575
71,0.16216216216216217,1.8547556153578029
71,0.17567567567567569,2.8414376258203533
71,0.1891891891891892,-5.312917865144241
71,0.20270270270270271,-4.052741807538302
71,0.21621621621621623,6.305029589926469
71,0.22972972972972974,1.860776628068603
71,0.24324324324324326,11.563246925589347
71,0.2567567567567568,-22.14124559906913
71,0.2702702702702703,-6.384895961669031
71,0.28378378378378377,-10.367934217861382
71,0.2972972972972973,-13.622583020866523
71,0.31081081081081086,6.0757505756910675
71,0.32432432432432434,-8.925230398686162
71,0.33783783783783783,7.0755318556683715
71,0.35135135135135137,0.8229274428392466
71,0.3648648648648649,1.2574198198057394
71,0.3783783783783784,-3.4332174301640106
71,0.3918918918918919,10.299258373962285
71,0.40540540540540543,6.007969262420476
71,0.41891891891891897,-3.499366316279562
71,0.43243243243243246,3.8108945423717486
71,0.44594594594594594,2.8188100387931945
71,0.4594594594594595,-3.5825856523406245
71,0.472972972972973,-2.195290215555683
71,0.4864864864864865,-1.5064209167364648
72,0.0,-0.0
72,0.012658227848101266,0.31438110378671297
72,0.02531645569620253,-6.1126402723634845
72,0.0379746835443038,7.764298368528175
72,0.05063291139240506,17.701322463151254
72,0.06329113924050633,3.71857842399191
72,0.0759493670886076,-0.7947857427332212
72,0.08860759493670886,-2.4704276157497755
72,0.10126582278481013,0.29607892135263236
72,0.11392405063291139,-8.099733756858216
72,0.12658227848101267,-4.028336006803164
72,0.13924050632911392,-8.47339855013155
72,0.1518987341772152,-4.525942074684455
72,0.16455696202531644,7.409975144427626
72,0.17721518987341772,2.28366535358971
72,0.18987341772151897,8.511814751974022
72,0.20253164556962025,-5.804993536534831
72,0.21518987341772153,-8.592512340407122
72,0.22784810126582278,4.541528160088067
72,0.24050632911392406,-1.8055267574914562
72,0.25316455696202533,6.867884467398083
72,0.26582278481012656,3.30684842055847
72,0.27848101265822783,6.595548166640651
72,0.2911392405063291,-1.1116036972741359
72,0.3037974683544304,4.267429653130849
72,0.31645569620253167,-1.5338326353823313
72,0.3291139240506329,-2.928885582478461
72,0.34177215189873417,6.978065087107862
72,0.35443037974683544,-5.986260673322654
72,0.3670886075949367,-7.339796044096987
72,0.37974683544303794,9.770530726775162
72,0.3924050632911392,-2.318285307909525
72,0.4050632911392405,1.1950847482773477
72,0.4177215189873418,-16.961635877131563
72,0.43037974683544306,8.83484196686052
72,0.4430379746835443,2.0288587921834145
72,0.45569620253164556,-14.781233803919468
72,0.46835443037974683,3.1692299153282955
72,0.4810126582278481,-2.3038973276619763
72,0.49367088607594933,0.36125809031088885
73,0.0,-0.0
73,0.013157894736842105,-2.2325181576993858
73,0.02631578947368421,-5.089707782646158
73,0.039473684210526314,-6.318597368719933
73,0.05263157894736842,3.121013092163799
73,0.06578947368421052,1.5443975385284578
73,0.07894736842105263,-3.839873131496472
73,0.09210526315789473,-3.273702119547711
73,0.10526315789473684,-12.266646225319416
73,0.11842105263157894,2.099367503251817
73,0.13157894736842105,0.6582062450141288
73,0.14473684210526316,-2.44352454543581
73,0.15789473684210525,-7.896452319331185
73,0.17105263157894735,2.4836818307942057
73,0.18421052631578946,-10.745792435340864
73,0.19736842105263158,-2.5638852421405494
73,0.21052631578947367,10.043451158604544
73,0.22368421052631576,2.47625617756638
73,0.23684210526315788,-1.2454101298526878
73,0.25,-10.190271277674356
73,0.2631578947368421,-0.5423602357801509
73,0.2763157894736842,2.691257724638079
73,0.2894736842105263,4.594922942966968
73,0.3026315789473684,-5.06625959566188
73,0.3157894736842105,2.726569508349262
73,0.3289473684210526,4.891607197191776
73,0.3421052631578947,0.9089814769293172
73,0.35526315789473684,7.172182313478002
73,0.3684210526315789,-4.121534446289404
73,0.381578947368421,-10.474928104515492
73,0.39473684210526316,1.019982012914718
73,0.40789473684210525,-3.8574423643880285
73,0.42105263157894735,0.9265862149189679
73,0.43421052631578944,-8.75159613682466
73,0.4473684210526315,10.762687110511465
73,0.4605263157894737,15.3618093253262
73,0.47368421052631576,-0.8461244157796597
73,0.48684210526315785,1.2438588632205059
74,0.0,-0.0
74,0.014084507042253521,-5.730405458431097
74,0.028169014084507043,4.764867857752571
74,0.04225352112676056,-7.297410538502228
74,0.056338028169014086,-1.6356493940388686
74,0.07042253521126761,4.614595565170628
74,0.08450704225352113,-2.360638651016317
74,0.09859154929577466,-4.319969165843029
74,0.11267605633802817,-4.323316589799707
74,0.1267605633802817,14.767382728832606
74,0.14084507042253522,-1.8388768829878905
74,0.15492957746478875,-4.902808157963758
74,0.16901408450704225,4.514511332600028
74,0.18309859154929578,-1.3585774427260788
74,0.1971830985915493,1.0479804753240496
74,0.2112676056338028,-3.2178942086518467
74,0.22535211267605634,-0.39232907234791603
74,0.23943661971830987,-3.4959645322992
74,0.2535211267605634,4.049792619358486
74,0.26760563380281693,-5.095015014736437
74,0.28169014084507044,-2.861608130705637
74,0.29577464788732394,5.922783544443576
74,0.3098591549295775,4.419605971359141
74,0.323943661971831,-13.550648469912266
74,0.3380281690140845,-1.1390369019801017
74,0.35211267605633806,5.3563541335566445
74,0.36619718309859156,-1.3680385814550706
74,0.38028169014084506,-1.8686834128855265
74,0.3943661971830986,-5.8668830500872815
74,0.4084507042253521,-7.534965421727974
74,0.4225352112676056,-6.715927866819511
74,0.4366197183098592,-5.938227600860742
74,0.4507042253521127,-7.025763438926735
74,0.4647887323943662,-4.859264415755973
74,0.47887323943661975,-9.095992492439585
74,0.49295774647887325,0.5834501432419104
75,0.0,-0.0
75,0.012987012987012988,1.0582649565941955
75,0.025974025974025976,-6.35196539624589
75,0.03896103896103896,9.946755845886806
75,0.05194805194805195,-1.0241201001122318
75,0.06493506493506494,1.8968258579863528
75,0.07792207792207792,2.748954920493232
75,0.09090909090909091,4.542021243469489
75,0.1038961038961039,-8.736863115697572
75,0.1168831168831169,3.963987379501803
75,0.12987012987012989,3.217122563044196
75,0.14285714285714288,6.262193187696884
75,0.15584415584415584,-6.343196967667399
75,0.16883116883116883,-4.3721668891513685
75,0.18181818181818182,0.26840274541535614
75,0.19480519480519481,-4.847896130125709
75,0.2077922077922078,-4.281114926944108
75,0.2207792207792208,4.350918017612196
75,0.2337662337662338,-0.1482508744566673
75,0.24675324675324678,1.0481147737823568
75,0.25974025974025977,-12.760545371283447
75,0.27272727272727276,2.2765686110160916
75,0.28571428571428575,3.8416859948951183
75,0.29870129870129875,-5.822301030632589
75,0.3116883116883117,1.4730793587409678
75,0.3246753246753247,-0.767793576309804
75,0.33766233766233766,2.047811927998115
75,0.35064935064935066,-14.112163044610918
75,0.36363636363636365,-3.483679975503458
75,0.37662337662337664,5.045336038351116
75,0.38961038961038963,14.11457069609925
75,0.4025974025974026,-2.4886509646415487
75,0.4155844155844156,6.101870265881983
75,0.4285714285714286,-11.468283321240538
75,0.4415584415584416,-17.437314688165706
75,0.4545454545454546,6.809151807157958
75,0.4675324675324676,5.624633224880607
75,0.48051948051948057,1.2524115916063991
75,0.49350649350649356,-1.9546618279831272
76,0.0,-0.0
76,0.010526315789473684,-6.268960100288597
76,0.021052631578947368,6.314734780167566
76,0.031578947368421054,-5.195207680913186
76,0.042105263157894736,6.259015964928414
76,0.05263157894736842,-7.055346298858275
76,0.06315789473684211,4.334470202769219
76,0.07368421052631578,16.54702229000756
76,0.08421052631578947,9.367069891487201
76,0.09473684210526316,-2.90371757164551
76,0.10526315789473684,-1.7672635734113187
76,0.11578947368421053,-2.3839175004103788
76,0.12631578947368421,-6.5265399952474095
76,0.1368421052631579,-3.1312567378387497
76,0.14736842105263157,6.1735982967502325
76,0.15789473684210525,2.669278900816632
76,0.16842105263157894,2.7241979236581093
76,0.17894736842105263,-1.807694495047948
76,0.18947368421052632,-9.451691852028734
76,0.19999999999999998,2.310599692881185
76,0.21052631578947367,2.3521502680181183
76,0.22105263157894736,-1.1679255445651497
76,0.23157894736842105,-7.302465085318064
76,0.24210526315789474,-13.754591688019634
76,0.25263157894736843,-0.37914567690036716
76,0.2631578947368421,0.606553898521631
76,0.2736842105263158,4.462631409440833
76,0.28421052631578947,3.029691370211254
76,0.29473684210526313,3.9391233200650517
76,0.30526315789473685,-3.0728829578306467
76,0.3157894736842105,-0.41688365501012914
76,0.3263157894736842,-1.5527267482696496
76,0.3368421052631579,-13.722546433111031
76,0.34736842105263155,-2.724609736574153
76,0.35789473684210527,-2.509853236255802
76,0.3684210526315789,-5.415825155426728
76,0.37894736842105264,-2.824037864352592
76,0.3894736842105263,0.7256027207851579
76,0.39999999999999997,-6.8531236392090396
76,0.4105263157894737,4.389349521825164
76,0.42105263157894735,2.068844629012843
76,0.43157894736842106,-9.384553073234152
76,0.4421052631578947,5.964965451349249
76,0.4526315789473684,-14.527300801130277
76,0.4631578947368421,23.178158275658017
76,0.47368421052631576,-7.265894294958305
76,0.4842105263157895,-9.762333191284036
76,0.49473684210526314,7.050113481986916
77,0.0,-0.0
77,0.013888888888888888,-7.516246357278958
77,0.027777777777777776,12.783215338104062
77,0.041666666666666664,-6.306442616935135
77,0.05555555555555555,-0.9517869819621971
77,0.06944444444444445,-6.3764946084786835
77,0.08333333333333333,2.8866952004702853
77,0.09722222222222221,-0.7715237334024168
77,0.1111111111111111,-1.5031466682636565
77,0.125,1.6937791634373558
77,0.1388888888888889,-1.6530747349079356
77,0.15277777777777776,2.578160555065497
77,0.16666666666666666,-14.556250721167093
77,0.18055555555555555,-0.9497442846239613
77,0.19444444444444442,-2.551143951399017
77,0.20833333333333331,-1.1886140588261833
77,0.2222222222222222,12.005963260153258
77,0.2361111111111111,-2.7002550525183193
77,0.25,-9.451304018557705
77,0.2638888888888889,-3.028989764911904
77,0.2777777777777778,-7.2543255474384445
77,0.29166666666666663,8.498508019476716
77,0.3055555555555555,11.081625857562436
77,0.3194444444444444,-0.8925512357031363
77,0.3333333333333333,7.496460567129308
77,0.3472222222222222,-1.0444269567840319
77,0.3611111111111111,7.728585441143334
77,0.375,-1.8058275171272098
77,0.38888888888888884,1.4892959731726676
77,0.40277777777777773,-2.983578483761461
77,0.41666666666666663,-3.1124860230561193
77,0.4305555555555555,-0.38476107568352447
77,0.4444444444444444,5.070210147082303
77,0.4583333333333333,3.638313998706849
77,0.4722222222222222,-7.231504994276724
77,0.4861111111111111,6.696823593969907
78,0.0,-0.0
78,0.013888888888888888,0.12492886065979547
78,0.027777777777777776,8.077893713442654
78,0.041666666666666664,-3.8284856316860982
78,0.05555555555555555,1.5456745055315944
78,0.06944444444444445,18.447177866860883
78,0.08333333333333333,6.974071077365585
78,0.09722222222222221,4.403112026097445
78,0.1111111111111111,1.9366682631055128
78,0.125,5.268219052390005
78,0.1388888888888889,0.7022317313389643
78,0.15277777777777776,-3.276977411570595
78,0.16666666666666666,0.2159105440847222
78,0.18055555555555555,-0.5195640126591314
78,0.19444444444444442,-2.187320993402972
78,0.20833333333333331,9.822536214503291
78,0.2222222222222222,-4.6553711862325144
78,0.2361111111111111,-1.7479732321842656
78,0.25,-6.207344848598884
78,0.2638888888888889,-5.120518958293667
78,0.2777777777777778,-2.0798189661788875
78,0.29166666666666663,-2.230036847792128
78,0.3055555555555555,-10.634089356127715
78,0.3194444444444444,-9.67307360067526
78,0.3333333333333333,9.287834133971643
78,0.3472222222222222,-4.977041390648305
78,0.3611111111111111,-2.1522149698239685
78,0.375,-3.123386667893477
78,0.38888888888888884,5.713048706256393
78,0.40277777777777773,3.1967385979446643
78,0.41666666666666663,5.286256769743562
78,0.4305555555555555,-0.06290388548869608
78,0.4444444444444444,7.7886835141285795
78,0.4583333333333333,2.411192722658688
78,0.4722222222222222,7.464373082593282
78,0.4861111111111111,1.973099289745471
79,0.0,-0.0
79,0.012345679012345678,1.0125758416499733
79,0.024691358024691357,-6.571573735066035
79,0.037037037037037035,-0.08645537369382161
79,0.04938271604938271,-0.9517749387295176
79,0.06172839506172839,0.30302548067097
79,0.07407407407407407,1.7293741053339238
79,0.08641975308641975,-1.8623211278016498
79,0.09876543209876543,3.072420882735994
79,0.1111111111111111,2.6072831975800375
79,0.12345679012345678,0.9973292993880785
79,0.13580246913580246,-5.01470001168303
79,0.14814814814814814,4.145118052770056
79,0.16049382716049382,2.1282477731083764
79,0.1728395061728395,-2.2628971384721943
79,0.18518518518518517,-7.544648309831365
79,0.19753086419753085,-2.5526455727881983
79,0.20987654320987653,0.4025164611361678
79,0.2222222222222222,2.7970082087284895
79,0.2345679012345679,-9.163345547762894
79,0.24691358024691357,2.0097510327806276
79,0.25925925925925924,1.183733316885423
79,0.2716049382716049,-1.653887435794403
79,0.2839506172839506,-13.542427716928913
79,0.2962962962962963,4.981960606034565
79,0.30864197530864196,-3.4857501184852397
79,0.32098765432098764,-4.548193142208926
79,0.3333333333333333,-7.347383826870784
79,0.345679012345679,-0.7136952907181684
79,0.35802469135802467,6.947457133830446
79,0.37037037037037035,-1.5028528156820844
79,0.38271604938271603,-1.4656961913997657
79,0.3950617283950617,8.194468471210932
79,0.4074074074074074,-10.57243681140504
79,0.41975308641975306,5.843691446818126
79,0.43209876543209874,-6.301577061580914
79,0.4444444444444444,-3.878980852939656
79,0.4567901234567901,16.358168467732867
79,0.4691358024691358,-6.301957870096673
79,0.48148148148148145,9.59828372871255
79,0.49382716049382713,-7.401186220101906
80,0.0,-0.0
80,0.014084507042253521,-5.55914318462725
80,0.028169014084507043,-4.782258612770597
80,0.04225352112676056,-3.2298012446356648
80,0.056338028169014086,0.033138449312783924
80,0.07042253521126761,-9.962689998446102
80,0.08450704225352113,-3.0132123804242967
80,0.09859154929577466,6.08531907757433
80,0.11267605633802817,-4.992002527496825
80,0.1267605633802817,4.656276825934196
80,0.14084507042253522,7.23836654341658
80,0.15492957746478875,3.8497675788007935
80,0.16901408450704225,0.3647449982027465
80,0.18309859154929578,5.510828878917617
80,0.1971830985915493,-8.909275341236388
80,0.2112676056338028,-3.8673678631404913
80,0.22535211267605634,-0.14230071123741894
80,0.23943661971830987,-2.6004533926000506
80,0.2535211267605634,-4.158684605373497
80,0.26760563380281693,-6.082547261959048
80,0.28169014084507044,-2.6214259646671696
80,0.29577464788732394,-0.5115363085796025
80,0.3098591549295775,4.794070770659226
80,0.323943661971831,1.4612911577120145
80,0.3380281690140845,10.23692269794941
80,0.35211267605633806,-7.74403618827728
80,0.36619718309859156,5.256548095696057
80,0.38028169014084506,-0.8417342528341979
80,0.3943661971830986,-11.673839128300523
80,0.4084507042253521,-4.419072420937386
80,0.4225352112676056,4.995425625441618
80,0.4366197183098592,1.0852388188973237
80,0.4507042253521127,2.1456980620880155
80,0.4647887323943662,5.7966579563876275
80,0.47887323943661975,5.783543669180858
80,0.49295774647887325,2.1215965008914726
81,0.0,-0.0
81,0.022727272727272728,-6.91468466912951
81,0.045454545454545456,10.64129019023938
81,0.06818181818181818,-2.7179257419862006
81,0.09090909090909091,-3.7905818329767453
81,0.11363636363636365,-7.077946704593931
81,0.13636363636363635,11.850137206483597
81,0.1590909090909091,0.48487383441731335
81,0.18181818181818182,-3.436703506477592
81,0.20454545454545456,2.680464330981075
81,0.2272727272727273,2.540678125394742
81,0.25,-12.32295201354437
81,0.2727272727272727,-0.6153852628175813
81,0.29545454545454547,-0.5115863895403525
81,0.3181818181818182,-5.95018559669122
81,0.34090909090909094,3.6520714972780803
81,0.36363636363636365,-4.47139569825247
81,0.38636363636363635,2.9902934161375643
81,0.4090909090909091,0.0490492508319913
81,0.4318181818181818,2.4760717908226413
81,0.4545454545454546,1.2739122846855242
81,0.4772727272727273,0.30802819133511106
82,0.0,-0.0
82,0.011494252873563218,-6.041690068497159
82,0.022988505747126436,-2.367761236034582
82,0.034482758620689655,-7.270808987424022
82,0.04597701149425287,7.700847129984445
82,0.05747126436781609,-9.498918569295288
82,0.06896551724137931,-3.0432872587330024
82,0.08045977011494253,-2.429913278776926
82,0.09195402298850575,0.8466198531477942
82,0.10344827586206896,-12.033308308720267
82,0.11494252873563218,-0.2220004780271283
82,0.12643678160919541,0.7237637246340147
82,0.13793103448275862,6.922975203839892
82,0.14942528735632182,2.00958175848792
82,0.16091954022988506,-0.4609105569669212
82,0.1724137931034483,-0.8537520667234837
82,0.1839080459770115,7.617315776664752
82,0.1954022988505747,-4.532319497549631
82,0.20689655172413793,-3.5700663397426924
82,0.21839080459770116,-0.9830064429923824
82,0.22988505747126436,-2.072612670555186
82,0.24137931034482757,-13.029610159849524
82,0.25287356321839083,12.327462385955752
82,0.26436781609195403,-4.647836628756504
82,0.27586206896551724,-6.39684420994983
82,0.28735632183908044,-0.7289422970145214
82,0.29885057471264365,-11.883558713281754
82,0.3103448275862069,-5.602656134505402
82,0.3218390804597701,0.8204018708640979
82,0.3333333333333333,-1.1988498077839198
82,0.3448275862068966,-0.7484646222095079
82,0.3563218390804598,12.81548188714643
82,0.367816091954023,-3.664740887364724
82,0.3793103448275862,11.911444158763597
82,0.3908045977011494,4.138402005520135
82,0.40229885057471265,4.78141567222099
82,0.41379310344827586,-8.301474733055983
82,0.42528735632183906,-11.528998369215154
82,0.4367816091954023,9.105120369728137
82,0.4482758620689655,0.4040863398579417
82,0.45977011494252873,-1.7153363525961576
82,0.47126436781609193,-13.012827542371612
82,0.48275862068965514,-5.171198450895334
82,0.4942528735632184,11.36493471703427
83,0.0,-0.0
83,0.0196078431372549,-4.496038071057027
83,0.0392156862745098,2.8252863880230903
83,0.058823529411764705,6.782866416209506
83,0.0784313725490196,-2.8589600635833055
83,0.09803921568627451,-6.309746641488623
83,0.11764705882352941,3.269754359336459
83,0.13725490196078433,0.9898743210514289
83,0.1568627450980392,-2.478471577054636
83,0.1764705882352941,5.605723152403435
83,0.19607843137254902,-3.029156542643861
83,0.21568627450980393,4.698247153133123
83,0.23529411764705882,-7.276473356825621
83,0.2549019607843137,3.294418473274817
83,0.27450980392156865,-2.8536419325983617
83,0.29411764705882354,-5.267852443146421
83,0.3137254901960784,11.991887565237132
83,0.3333333333333333,-2.0860259850516027
83,0.3529411764705882,-0.33894000873830077
83,0.37254901960784315,-6.820373801024993
83,0.39215686274509803,-2.1748057729841914
83,0.4117647058823529,-0.008302582258670421
83,0.43137254901960786,-0.6030945014478211
83,0.45098039215686275,2.530751977035739
83,0.47058823529411764,5.037268673398437
83,0.49019607843137253,-1.7797199160066957
84,0.0,-0.0
84,0.012987012987012988,-2.8667438343700296
84,0.025974025974025976,-8.991766758672249
84,0.03896103896103896,7.377970176768806
84,0.05194805194805195,5.865192801446272
84,0.06493506493506494,-9.27102858188643
84,0.07792207792207792,2.073764096797024
84,0.09090909090909091,2.441694729155751
84,0.1038961038961039,-8.475508121938372
84,0.1168831168831169,6.656776672262624
84,0.12987012987012989,1.4523083257997018
84,0.14285714285714288,-0.27039486996236395
84,0.15584415584415584,3.7959414892333005
84,0.16883116883116883,2.736308598962837
84,0.18181818181818182,3.9638199898876794
84,0.19480519480519481,1.0926783311435282
84,0.2077922077922078,-0.6262074587354073
84,0.2207792207792208,13.408757029430134
84,0.2337662337662338,-8.602753133566358
84,0.24675324675324678,0.6332523801828234
84,0.25974025974025977,8.881837600857484
84,0.27272727272727276,-11.79563679670845
84,0.28571428571428575,-7.272474411245686
84,0.29870129870129875,2.611816513355765
84,0.3116883116883117,-1.3833732095241542
84,0.3246753246753247,2.303748099396727
84,0.33766233766233766,-2.688658587664589
84,0.35064935064935066,3.3293056551540943
84,0.36363636363636365,2.464068282674284
84,0.37662337662337664,-2.345473159065131
84,0.38961038961038963,1.4391058850575593
84,0.4025974025974026,-9.625129419115261
84,0.4155844155844156,-7.749669701320759
84,0.4285714285714286,-13.638912509857384
84,0.4415584415584416,-4.033208350055565
84,0.4545454545454546,-2.806231882637282
84,0.4675324675324676,1.286888157418757
84,0.48051948051948057,0.9225948452760377
84,0.49350649350649356,5.182362432201652
85,0.0,-0.0
85,0.014705882352941176,1.7262953454423848
85,0.029411764705882353,-8.641641305079348
85,0.044117647058823525,-3.09341201341918
85,0.058823529411764705,-3.57442837513733
85,0.07352941176470588,4.137975387384709
85,0.08823529411764705,-8.0505320075839
85,0.10294117647058823,1.8057206177782346
85,0.11764705882352941,-7.4266832306992026
85,0.1323529411764706,6.351426908154634
85,0.14705882352941177,-1.44354003835988
85,0.16176470588235295,-7.127205315520273
85,0.1764705882352941,5.113615341719441
85,0.19117647058823528,-2.9685095124521936
85,0.20588235294117646,-7.734423369255143
85,0.22058823529411764,-9.450960403515241
85,0.23529411764705882,5.127981200419892
85,0.25,-2.5314776520139732
85,0.2647058823529412,-8.823942928385485
85,0.27941176470588236,1.3045036980727271
85,0.29411764705882354,-1.2343982856107698
85,0.3088235294117647,12.199073546061953
85,0.3235294117647059,-2.9631308200860764
85,0.3382352941176471,3.481687988238571
85,0.3529411764705882,1.027767656187203
85,0.3676470588235294,-5.484646093035007
85,0.38235294117647056,1.8798446360164927
85,0.39705882352941174,1.2299195539295729
85,0.4117647058823529,-8.158770996954509
85,0.4264705882352941,-1.6795946332441407
85,0.4411764705882353,3.2878371606744037
85,0.45588235294117646,2.4452822101632656
85,0.47058823529411764,2.636004863322439
85,0.4852941176470588,3.3394587404637153
86,0.0,-0.0
86,0.017241379310344827,-7.342290502662893
86,0.034482758620689655,7.2743295009533675
86,0.05172413793103448,-7.628661177546052
86,0.06896551724137931,-4.433941671878683
86,0.08620689655172414,1.5259094079565254
86,0.10344827586206896,-4.85835580658763
86,0.12068965517241378,-0.8951193971399425
86,0.13793103448275862,-7.18435119137557
86,0.15517241379310345,-4.57385290753401
86,0.1724137931034483,1.7348733504484848
86,0.1896551724137931,-2.2947817499784007
86,0.20689655172413793,-0.08608651752091778
86,0.22413793103448276,-0.4457255359216368
86,0.24137931034482757,-4.304427917074436
86,0.25862068965517243,-5.464970614338149
86,0.27586206896551724,-6.001256077038743
86,0.29310344827586204,-3.1566699895554153
86,0.3103448275862069,-1.0502179787422512
86,0.3275862068965517,7.045042337735058
86,0.3448275862068966,-1.4254136885788418
86,0.3620689655172414,0.7632145524183391
86,0.3793103448275862,5.3135729125718205
86,0.39655172413793105,-1.7205954988103467
86,0.41379310344827586,-3.5575732571540235
86,0.43103448275862066,9.74923109421869
86,0.4482758620689655,-7.883662783739526
86,0.46551724137931033,9.588113922190644
86,0.48275862068965514,8.092658603895792
87,0.0,-0.0
87,0.011904761904761904,-3.0464305448639672
87,0.023809523809523808,3.9892461518175057
87,0.03571428571428571,-1.4003595193781
87,0.047619047619047616,2.962690686310198
87,0.05952380952380952,2.4844773393741617
87,0.07142857142857142,5.948423235263408
87,0.08333333333333333,-2.1488470196258262
87,0.09523809523809523,12.655568986448754
87,0.10714285714285714,-1.2642272060103397
87,0.11904761904761904,-2.9693451383413847
87,0.13095238095238093,7.571365194756624
87,0.14285714285714285,-4.381189088393783
87,0.15476190476190477,2.957652998782591
87,0.16666666666666666,0.9329093668393469
87,0.17857142857142855,-9.824329167201011
87,0.19047619047619047,-1.3236717888373444
87,0.20238095238095238,-3.7486439877251576
87,0.21428571428571427,-2.0447797594563597
87,0.22619047619047616,3.7850490885071935
87,0.23809523809523808,-5.450542376082954
87,0.25,0.679941914340493
87,0.26190476190476186,7.854750077709884
87,0.2738095238095238,4.084582434843688
87,0.2857142857142857,-2.593979365486637
87,0.2976190476190476,-0.6190464748393247
87,0.30952380952380953,-4.421733321386959
87,0.3214285714285714,2.7455812741856804
87,0.3333333333333333,-3.484047214815382
87,0.34523809523809523,-1.142120789998526
87,0.3571428571428571,-11.941503141694366
87,0.369047619047619,-11.08960598568978
87,0.38095238095238093,-3.0272334037350723
87,0.39285714285714285,-1.133484667759008
87,0.40476190476190477,-1.6286160236466696
87,0.41666666666666663,-3.157984487230374
87,0.42857142857142855,-1.6377697492961145
87,0.44047619047619047,0.5456558433210722
87,0.45238095238095233,-7.236938736224049
87,0.46428571428571425,-0.4452144808882391
87,0.47619047619047616,8.663007260895276
87,0.4880952380952381,-9.580856633192614
88,0.0,-0.0
88,0.018518518518518517,-0.7686333189135217
88,0.037037037037037035,-3.969278161509054
88,0.05555555555555555,5.774194712371655
88,0.07407407407407407,-0.8376649206770599
88,0.09259259259259259,-9.54254774437685
88,0.1111111111111111,0.8980972662620454
88,0.12962962962962962,7.790762923425297
88,0.14814814814814814,-1.902619962791379
88,0.16666666666666666,-10.760033419251833
88,0.18518518518518517,-6.171436064184237
88,0.2037037037037037,-1.3014089615725413
88,0.2222222222222222,-1.6347436749027366
88,0.24074074074074073,2.9836179449533327
88,0.25925925925925924,-3.593303567847895
88,0.2777777777777778,-3.8314354770344288
88,0.2962962962962963,-2.049622866241755
88,0.31481481481481477,-3.75532892861509
88,0.3333333333333333,1.0841242819566483
88,0.35185185185185186,1.1335244247638763
88,0.37037037037037035,-4.888335288299262
88,0.38888888888888884,-1.7686662792520715
88,0.4074074074074074,9.709956578536303
88,0.42592592592592593,-1.0345277041042082
88,0.4444444444444444,0.7805561804983601
88,0.4629629629629629,2.4516480211699028
88,0.48148148148148145,1.0954549470902935
89,0.0,-0.0
89,0.015151515151515152,3.7843089004285075
89,0.030303030303030304,-7.333354430974392
89,0.045454545454545456,0.14617641415590943
89,0.06060606060606061,-0.8621793913885031
89,0.07575757575757576,0.9525784133107922
89,0.09090909090909091,0.019446569353084975
89,0.10606060606060606,4.070103016839246
89,0.12121212121212122,7.183544119132615
89,0.13636363636363635,1.3903453478828856
89,0.15151515151515152,-9.391633281215153
89,0.16666666666666669,-1.8330400160987415
89,0.18181818181818182,-0.7488366800455685
89,0.19696969696969696,-3.9586123773428854
89,0.21212121212121213,-2.643041147163914
89,0.2272727272727273,-6.959027150893737
89,0.24242424242424243,9.65147493231063
89,0.25757575757575757,4.939459444706422
89,0.2727272727272727,1.4472754030347192
89,0.2878787878787879,-14.833808935387886
89,0.30303030303030304,5.653293205570342
89,0.3181818181818182,-0.06190205079193356
89,0.33333333333333337,-7.867407030221346
89,0.3484848484848485,2.83215381136957
89,0.36363636363636365,-8.740482466429551
89,0.3787878787878788,4.6858541221855505
89,0.3939393939393939,-3.951571001072942
89,0.4090909090909091,9.986723410163624
89,0.42424242424242425,-2.2198770105793746
89,0.4393939393939394,2.59707707170896
89,0.4545454545454546,-3.5509172944835425
89,0.4696969696969697,-4.909621864736065
89,0.48484848484848486,0.38561788905762606
90,0.0,-0.0
90,0.018867924528301886,-7.568568360030008
90,0.03773584905660377,-4.006259969456835
90,0.05660377358490566,-7.960948599874273
90,0.07547169811320754,4.027086489667914
90,0.09433962264150943,-9.472275055907126
90,0.11320754716981132,7.457880571600291
90,0.1320754716981132,-6.09376194931607
90,0.1509433962264151,-0.03638689707829945
90,0.16981132075471697,-0.1664148804963368
90,0.18867924528301885,-0.5155300116793162
90,0.20754716981132074,-2.131106978103684
90,0.22641509433962265,4.194203237612102
90,0.24528301886792453,6.004387403336238
90,0.2641509433962264,-0.5040872567975565
90,0.2830188679245283,3.400438058361557
90,0.3018867924528302,1.8358141337289395
90,0.32075471698113206,-2.0220519480356725
90,0.33962264150943394,-1.203245009526225
90,0.3584905660377358,-2.135551737040071
90,0.3773584905660377,3.18729587211993
90,0.3962264150943396,7.720850789341288
90,0.4150943396226415,8.847632020118892
90,0.43396226415094336,-11.275883591101499
90,0.4528301886792453,6.386323585746735
90,0.4716981132075472,-3.098086013695769
90,0.49056603773584906,-0.49025273524217283
91,0.0,-0.0
91,0.021739130434782608,-4.68902479148113
91,0.043478260869565216,5.762960262517295
91,0.06521739130434782,-4.38387754973996
91,0.08695652173913043,1.5865823840784765
91,0.10869565217391304,1.0881300333227222
91,0.13043478260869565,2.6371138657281117
91,0.15217391304347827,-3.136115819377777
91,0.17391304347826086,-2.23038799703024
91,0.19565217391304346,-3.465751890764649
91,0.21739130434782608,-10.249708698185447
91,0.2391304347826087,-2.372789584445051
91,0.2608695652173913,6.601466267193318
91,0.2826086956521739,0.2633461240595194
91,0.30434782608695654,-4.962407254909069
91,0.32608695652173914,-8.383548692440977
91,0.34782608695652173,4.275753578531216
91,0.3695652173913043,-5.938055092975747
91,0.3913043478260869,-3.7355989905957205
91,0.41304347826086957,-5.124082746773043
91,0.43478260869565216,0.8849313175706075
91,0.45652173913043476,-5.417311300501726
91,0.4782608695652174,2.89061238249565
92,0.0,-0.0
92,0.015873015873015872,-6.532671862436737
92,0.031746031746031744,-8.643373517147399
92,0.047619047619047616,12.911074357868088
92,0.06349206349206349,0.2536810407679342
92,0.07936507936507936,4.549603790282173
92,0.09523809523809523,-0.8262390575191159
92,0.1111111111111111,-2.0567840824081243
92,0.12698412698412698,1.908304756971627
92,0.14285714285714285,-3.434090982701118
92,0.15873015873015872,5.247836919953686
92,0.1746031746031746,-0.28005293154923505
92,0.19047619047619047,-0.8987645225659939
92,0.20634920634920634,-1.185738249734656
92,0.2222222222222222,-2.0327360820360347
92,0.23809523809523808,-0.4416977444873824
92,0.25396825396825395,0.6802479129687691
92,0.2698412698412698,2.793321257863165
92,0.2857142857142857,-5.649944626923655
92,0.30158730158730157,0.5962867856826933
92,0.31746031746031744,-5.430381307428154
92,0.3333333333333333,4.412660537466626
92,0.3492063492063492,7.263069879596572
92,0.36507936507936506,-0.29617895157146357
92,0.38095238095238093,-5.483206835970084
92,0.3968253968253968,-4.396617375308273
92,0.4126984126984127,-8.291558560709307
92,0.42857142857142855,15.329422459785999
92,0.4444444444444444,-1.0205529810959588
92,0.4603174603174603,4.563553601567611
92,0.47619047619047616,-9.540695536937505
92,0.49206349206349204,8.125133175061311
93,0.0,-0.0
93,0.013888888888888888,6.068743315684809
93,0.027777777777777776,-5.619807377324142
93,0.041666666666666664,-2.942296765956498
93,0.05555555555555555,-2.1028842743624696
93,0.06944444444444445,-1.8397517183820087
93,0.08333333333333333,-6.359943554758184
93,0.09722222222222221,-6.396886181040964
93,0.1111111111111111,-2.0572610046204263
93,0.125,0.8016173820820809
93,0.1388888888888889,-1.8054416974334693
93,0.15277777777777776,-7.094648761744562
93,0.16666666666666666,-11.27809153588436
93,0.18055555555555555,2.2441145528124538
93,0.19444444444444442,1.2376542082109083
93,0.20833333333333331,-3.341242357398351
93,0.2222222222222222,-2.5272971175098213
93,0.2361111111111111,5.505413187995369
93,0.25,16.43556597903862
93,0.2638888888888889,-13.488466436121886
93,0.2777777777777778,-6.6954875794529745
93,0.29166666666666663,6.153811116953405
93,0.3055555555555555,-2.8964270105664616
93,0.3194444444444444,-0.10756182730110408
93,0.3333333333333333,-3.0788523969987134
93,0.3472222222222222,2.41903400916871
93,0.3611111111111111,6.581470134744796
93,0.375,-5.986040011389718
93,0.38888888888888884,4.781081811732094
93,0.40277777777777773,1.0764897632923476
93,0.41666666666666663,2.57519879077007
93,0.4305555555555555,7.588458248375958
93,0.4444444444444444,5.188531917478057
93,0.4583333333333333,2.7335023757171015
93,0.4722222222222222,5.915297536189004
93,0.4861111111111111,2.2506738814517053
94,0.0,-0.0
94,0.010416666666666666,-3.260326132176137
94,0.020833333333333332,0.16423247579166933
94,0.03125,-4.675950095929554
94,0.041666666666666664,-6.8743057175172035
94,0.05208333333333333,2.419546135473854
94,0.0625,7.490901000828428
94,0.07291666666666666,-3.7260659950451434
94,0.08333333333333333,2.371173388187231
94,0.09375,-2.2048118024754446
94,0.10416666666666666,2.561013092425645
94,0.11458333333333333,-5.169561424027641
94,0.125,0.5361983947381566
94,0.13541666666666666,17.409622886975267
94,0.14583333333333331,-5.618272039918705
94,0.15625,7.538276926081667
94,0.16666666666666666,4.420600122430257
94,0.17708333333333331,0.2752907456933398
94,0.1875,-5.8383032350733615
94,0.19791666666666666,-0.3616085487062861
94,0.20833333333333331,3.8751161057316894
94,0.21875,-0.5082132186201234
94,0.22916666666666666,1.9353240086619898
94,0.23958333333333331,3.7175772299967327
94,0.25,-8.719573066870526
94,0.26041666666666663,1.7784757112059357
94,0.2708333333333333,11.954302568247545
94,0.28125,-3.121049341788077
94,0.29166666666666663,-0.9161229563285558
94,0.3020833333333333,12.289291155955443
94,0.3125,1.6902570122114269
94,0.32291666666666663,2.2646509480177395
94,0.3333333333333333,5.115551390748146
94,0.34375,-18.801591124113255
94,0.35416666666666663,3.0066204270396897
94,0.3645833333333333,-11.304527851110983
94,0.375,-10.51213863426861
94,0.38541666666666663,1.7087812661060904
94,0.3958333333333333,1.9239559071556904
94,0.40625,0.16666446757550157
94,0.41666666666666663,-2.715811485129238
94,0.4270833333333333,-2.1078685195763347
94,0.4375,5.621466730569445
94,0.44791666666666663,-5.278397873167577
94,0.4583333333333333,2.179633157755741
94,0.46875,-1.6428227490342535
94,0.47916666666666663,13.49929066865653
94,0.4895833333333333,4.949231877010098
95,0.0,-0.0
95,0.015625,-3.0835657176803473
95,0.03125,-1.705170713117374
95,0.046875,2.9283838856685227
95,0.0625,-4.461273707588622
95,0.078125,-2.416794980661021
95,0.09375,3.4165489826699798
95,0.109375,-2.5404843809511104
95,0.125,2.9930852248241955
95,0.140625,9.237439902336897
95,0.15625,-0.08178033611325031
95,0.171875,-2.4111193100115775
95,0.1875,6.670746819530469
95,0.203125,3.152839256997071
95,0.21875,5.690491604000714
95,0.234375,-9.27566406343151
95,0.25,-8.046195039044255
95,0.265625,-14.029409172038584
95,0.28125,4.881577886960409
95,0.296875,4.265226372633507
95,0.3125,2.7976262678930928
95,0.328125,-4.657529702820887
95,0.34375,3.789289233475923
95,0.359375,3.0449053832814257
95,0.375,-0.42853060581447733
95,0.390625,-2.1648021344151416
95,0.40625,-8.631282574935494
95,0.421875,-14.952569153729886
95,0.4375,0.747643351307764
95,0.453125,-8.289440731552265
95,0.46875,10.850162546250845
95,0.484375,2.1782204080294623
96,0.0,-0.0
96,0.014492753623188406,4.3730901718125
96,0.028985507246376812,-3.725192086705402
96,0.043478260869565216,13.271867345195353
96,0.057971014492753624,-3.0859312611228007
96,0.07246376811594203,-3.6358905236711583
96,0.08695652173913043,-1.1106678041501536
96,0.10144927536231885,-5.454751412232524
96,0.11594202898550725,6.370914996970598
96,0.13043478260869565,-5.121998480217375
96,0.14492753623188406,-4.273969202901466
96,0.15942028985507248,4.82775629015715
96,0.17391304347826086,-1.3125185907368284
96,0.18840579710144928,4.637011945422515
96,0.2028985507246377,3.1867901775502183
96,0.21739130434782608,1.8626658298630843
96,0.2318840579710145,3.6937895327194776
96,0.2463768115942029,-6.332292361143558
96,0.2608695652173913,14.985025540151167
96,0.2753623188405797,-5.587515046966966
96,0.2898550724637681,-3.1023177667930257
96,0.30434782608695654,-6.869370644836822
96,0.31884057971014496,-0.4430833845998263
96,0.3333333333333333,-6.816473089853912
96,0.34782608695652173,-0.46686697226354434
96,0.36231884057971014,2.5024859440459584
96,0.37681159420289856,-12.940161434595936
96,0.391304347826087,3.748043613539079
96,0.4057971014492754,10.162489785879153
96,0.42028985507246375,-8.728600900505905
96,0.43478260869565216,-4.59952007105165
96,0.4492753623188406,3.060308720692777
96,0.463768115942029,-0.7615309443173006
96,0.4782608695652174,-7.269337521245287
96,0.4927536231884058,-3.727571247898644
97,0.0,-0.0
97,0.016666666666666666,-2.0860732900385974
97,0.03333333333333333,4.421602663741684
97,0.05,-2.631201846495909
97,0.06666666666666667,-2.2521950140598523
97,0.08333333333333333,11.764631186140939
97,0.1,1.1845710324077592
97,0.11666666666666667,0.712016834530544
97,0.13333333333333333,-3.5422473673737622
97,0.15,-2.9960363587789143
97,0.16666666666666666,-7.838034486503536
97,0.18333333333333332,-3.289948908158682
97,0.2,0.7775614121751016
97,0.21666666666666667,2.9754471345602926
97,0.23333333333333334,5.535637949113003
97,0.25,4.157850821275002
97,0.26666666666666666,-7.037063838418675
97,0.2833333333333333,7.421692048086664
97,0.3,5.112396058625331
97,0.31666666666666665,-3.634882244633182
97,0.3333333333333333,2.7736365251601027
97,0.35,6.015883275819405
97,0.36666666666666664,5.268258297521192
97,0.3833333333333333,-1.8972385764723585
97,0.4,1.382938420418525
97,0.4166666666666667,3.6378741075698207
97,0.43333333333333335,6.781463892490271
97,0.45,14.200928150208984
97,0.4666666666666667,-11.55913283092551
97,0.48333333333333334,-1.6366038297742094
98,0.0,-0.0
98,0.016129032258064516,-3.7366799839857983
98,0.03225806451612903,-1.3914760851922046
98,0.04838709677419355,-2.2468182783807555
98,0.06451612903225806,-10.961621451598878
98,0.08064516129032258,-1.5158404336030822
98,0.0967741935483871,14.915564876793194
98,0.11290322580645161,-2.8373139701498364
98,0.12903225806451613,1.548997364550517
98,0.14516129032258063,0.04828204118951618
98,0.16129032258064516,-1.827915345663605
98,0.1774193548387097,6.509417805057185
98,0.1935483870967742,1.1319551921057078
98,0.2096774193548387,4.747857599261071
98,0.22580645161290322,-3.404584225885829
98,0.24193548387096775,1.2974587179927783
98,0.25806451612903225,-8.149535397819962
98,0.27419354838709675,11.58176596198323
98,0.29032258064516125,-2.9597481557219827
98,0.3064516129032258,-6.984524912486951
98,0.3225806451612903,-3.939026308361208
98,0.3387096774193548,-4.227516424979303
98,0.3548387096774194,-9.797479301642351
98,0.3709677419354839,-2.351791757178387
98,0.3870967741935484,4.761736786741272
98,0.4032258064516129,7.804127051414074
98,0.4193548387096774,2.895664501923404
98,0.43548387096774194,1.109680907332729
98,0.45161290322580644,-4.344621087124926
98,0.46774193548387094,2.696001104788711
98,0.4838709677419355,3.9164473462967804
99,0.0,-0.0
99,0.02127659574468085,-2.669406322411096
99,0.0425531914893617,-7.53194637147563
99,0.06382978723404255,-0.7014321592542507
99,0.0851063829787234,-0.21072100271664373
99,0.10638297872340426,-10.130137791388684
99,0.1276595744680851,3.615547884206972
99,0.14893617021276595,2.735173399045382
99,0.1702127659574468,5.9589129827514675
99,0.19148936170212766,-10.801947486661945
99,0.2127659574468085,-3.660882757956565
99,0.23404255319148937,-6.026647506769656
99,0.2553191489361702,5.256374666366632
99,0.2765957446808511,-4.5011255436277775
99,0.2978723404255319,-1.624150748118513
99,0.3191489361702128,2.5968148743349353
99,0.3404255319148936,-0.14427465496323677
99,0.36170212765957444,-3.2363659519068912
99,0.3829787234042553,-0.09460266985132515
99,0.40425531914893614,2.3303984964423607
99,0.425531914893617,-2.2310034243096255
99,0.44680851063829785,-7.587519931691899
99,0.46808510638297873,0.8637169560681726
99,0.48936170212765956,-3.802282628331761
100,0.0,-0.0
100,0.014705882352941176,10.62461320899054
100,0.029411764705882353,-9.718769571019743
100,0.044117647058823525,6.477403067579322
100,0.058823529411764705,-1.0187778490989818
100,0.07352941176470588,6.638624701897992
100,0.08823529411764705,-7.72694276634061
100,0.10294117647058823,-6.440945119105901
100,0.11764705882352941,12.673569622273725
100,0.1323529411764706,0.9714764855766784
100,0.14705882352941177,4.342233501067968
100,0.16176470588235295,-3.6316564351383316
100,0.1764705882352941,3.262534164643554
100,0.19117647058823528,0.7835996250348751
100,0.20588235294117646,-3.27601955465981
100,0.22058823529411764,-0.33713982070531556
100,0.23529411764705882,-5.597235666757865
100,0.25,-4.359021894226599
100,0.2647058823529412,-5.875136514956618
100,0.27941176470588236,-3.3295111612031025
100,0.29411764705882354,-5.964516391767907
100,0.3088235294117647,-7.648001537653836
100,0.3235294117647059,-6.900271450115326
100,0.3382352941176471,4.187082707789065
100,0.3529411764705882,4.966421275911706
100,0.3676470588235294,7.7287297514056235
100,0.38235294117647056,-1.826390798850965
100,0.39705882352941174,-0.5573528651964819
100,0.4117647058823529,14.774547558142888
100,0.4264705882352941,6.630851004447525
100,0.4411764705882353,2.675685242317638
100,0.45588235294117646,-5.49240850153001
100,0.47058823529411764,5.347292653621883
100,0.4852941176470588,3.494602853298
101,0.0,-0.0
101,0.014925373134328358,-8.092654089910805
101,0.029850746268656716,0.3796143276159677
101,0.04477611940298507,-8.822958210324865
101,0.05970149253731343,-1.5253342303668114
101,0.07462686567164178,4.657202729393422
101,0.08955223880597014,12.204223154080859
101,0.1044776119402985,-3.935498045213434
101,0.11940298507462686,3.3937578345819333
101,0.13432835820895522,-3.154694466466037
101,0.14925373134328357,-7.206989506281342
101,0.16417910447761194,2.7378506811536427
101,0.1791044776119403,-5.768545230736539
101,0.19402985074626866,-9.786433586218878
101,0.208955223880597,-3.313575418144872
101,0.22388059701492538,0.027991241769345088
101,0.23880597014925373,1.3244371146426461
101,0.2537313432835821,0.203796362996014
101,0.26865671641791045,-7.416720366786667
101,0.2835820895522388,7.8327817686782275
101,0.29850746268656714,3.548057362030158
101,0.31343283582089554,4.271553282432222
101,0.3283582089552239,0.9100057305982634
101,0.34328358208955223,-4.591012705412175
101,0.3582089552238806,5.994584677760802
101,0.3731343283582089,5.349817894794369
101,0.3880597014925373,-6.234084584850975
101,0.40298507462686567,-1.3673581632308758
101,0.417910447761194,-12.454695486157735
101,0.43283582089552236,3.0491632728447984
101,0.44776119402985076,3.5074671302084592
101,0.4626865671641791,2.1084612545431947
101,0.47761194029850745,-6.3016496037171414
101,0.4925373134328358,8.010929785399718
102,0.0,-0.0
102,0.013513513513513514,-3.6620830007725838
102,0.02702702702702703,10.312877174751748
102,0.04054054054054054,0.22598975916639885
102,0.05405405405405406,-5.178431714384926
102,0.06756756756756757,-6.212832019590407
102,0.08108108108108109,3.791577364539923
102,0.0945945945945946,1.8116653235454632
102,0.10810810810810811,1.248202699559619
102,0.12162162162162163,-2.1971136837975633
102,0.13513513513513514,-6.417113622071977
102,0.14864864864864866,-8.743374326293985
102,0.16216216216216217,-3.0259043401932075
102,0.17567567567567569,10.657294589882374
102,0.1891891891891892,-0.5090577882550358
102,0.20270270270270271,-2.476774017594887
102,0.21621621621621623,6.3073487707239915
102,0.22972972972972974,2.9118780146276437
102,0.24324324324324326,1.0283280635604215
102,0.2567567567567568,-0.4289514264970236
102,0.2702702702702703,-11.471622302809937
102,0.28378378378378377,-10.622965848972324
102,0.2972972972972973,2.832921047770262
102,0.31081081081081086,9.499501448145363
102,0.32432432432432434,-8.258287314466346
102,0.33783783783783783,-3.9116626695216032
102,0.35135135135135137,1.6808395381471106
102,0.3648648648648649,4.063249468429586
102,0.3783783783783784,-0.8701948662836845
102,0.3918918918918919,0.4228865085730238
102,0.40540540540540543,-2.4353236734732446
102,0.41891891891891897,2.2169519299912155
102,0.43243243243243246,-12.690749554408203
102,0.44594594594594594,12.259388777203272
102,0.4594594594594595,4.600217843035624
102,0.472972972972973,4.157825934227522
102,0.4864864864864865,-0.029354998195618043
103,0.0,-0.0
103,0.016666666666666666,-1.4981242426556634
103,0.03333333333333333,4.354146062467132
103,0.05,0.09410433596402301
103,0.06666666666666667,0.2904469483768395
103,0.08333333333333333,-0.9538199773597194
103,0.1,0.5181510179421895
103,0.11666666666666667,-9.98262133404602
103,0.13333333333333333,2.0857591158440885
103,0.15,-0.2598579473140532
103,0.16666666666666666,3.943462190667968
103,0.18333333333333332,12.423898813727451
103,0.2,-1.362480395869512
103,0.21666666666666667,2.8422027148851114
103,0.23333333333333334,0.27264722703168043
103,0.25,-3.6010385104898077
103,0.26666666666666666,-0.4301936472767729
103,0.2833333333333333,4.213393784564725
103,0.3,-8.410751957326077
103,0.31666666666666665,5.410215535789823
103,0.3333333333333333,-6.657829733907595
103,0.35,-12.668125009370991
103,0.36666666666666664,-4.266629414731826
103,0.3833333333333333,-1.9627366496861063
103,0.4,-9.272277665442129
103,0.4166666666666667,2.1610783023639524
103,0.43333333333333335,0.6055117797607288
103,0.45,0.05038963716856504
103,0.4666666666666667,6.730982242353557
103,0.48333333333333334,4.581560354234094
104,0.0,-0.0
104,0.014925373134328358,-9.399940175628906
104,0.029850746268656716,-0.6435140358071647
104,0.04477611940298507,3.2521911947274327
104,0.05970149253731343,-3.884631395552376
104,0.07462686567164178,2.0075204834384537
104,0.08955223880597014,-1.6904200286001434
104,0.1044776119402985,-2.1943281540946016
104,0.11940298507462686,0.17892483292044625
104,0.13432835820895522,2.4005871856270535
104,0.14925373134328357,-7.774168094558066
104,0.16417910447761194,-6.384007781804065
104,0.1791044776119403,13.226118731236552
104,0.19402985074626866,0.574861292722173
104,0.208955223880597,2.4961999496804363
104,0.22388059701492538,-1.3030348304446773
104,0.23880597014925373,-6.0010964199112795
104,0.2537313432835821,5.01496867017017
104,0.26865671641791045,-11.82606472076626
104,0.2835820895522388,7.6029541445544355
104,0.29850746268656714,8.143884626402828
104,0.31343283582089554,0.16570767390051772
104,0.3283582089552239,-0.5199133861313215
104,0.34328358208955223,1.7003453171217622
104,0.3582089552238806,-6.929208896672417
104,0.3731343283582089,1.842348635880393
104,0.3880597014925373,-4.996807107339485
104,0.40298507462686567,-8.320087759603854
104,0.417910447761194,5.201810843097253
104,0.43283582089552236,-1.201145069825427
104,0.44776119402985076,4.410551787315406
104,0.4626865671641791,0.9154308708573905
104,0.47761194029850745,-0.02211112988940006
104,0.4925373134328358,-0.9621928193684955
105,0.0,-0.0
105,0.01098901098901099,-6.427048493104711
105,0.02197802197802198,-2.246362968370972
105,0.03296703296703297,-0.7152168836192159
105,0.04395604395604396,5.570167914877029
105,0.05494505494505495,-3.4220881655483697
105,0.06593406593406594,-11.068752635557917
105,0.07692307692307693,-7.848724751381211
105,0.08791208791208792,-5.522064491220535
105,0.09890109890109891,1.9209419066121929
105,0.1098901098901099,0.13110653388227256
105,0.1208791208791209,1.3102270519805064
105,0.13186813186813187,-2.1221439416695196
105,0.14285714285714288,-11.008560269631921
105,0.15384615384615385,-0.51647086779335
105,0.16483516483516486,-11.432567570572896
105,0.17582417582417584,14.661778529026995
105,0.18681318681318682,-3.3376080086768254
105,0.19780219780219782,4.697644414122811
105,0.2087912087912088,11.378077614702214
105,0.2197802197802198,-6.211476339101836
105,0.23076923076923078,-2.2532741376004255
105,0.2417582417582418,9.884519141389244
105,0.2527472527472528,-1.0407595236520129
105,0.26373626373626374,-0.924268171161869
105,0.27472527472527475,-3.1715139155085668
105,0.28571428571428575,-2.788741518153931
105,0.2967032967032967,4.140558654185532
105,0.3076923076923077,-2.9370651316378362
105,0.3186813186813187,-10.871093551857033
105,0.3296703296703297,-3.21024425854419
105,0.34065934065934067,-4.168629649672396
105,0.3516483516483517,1.6626807246177377
105,0.3626373626373627,-0.8384768151671236
105,0.37362637362637363,-5.295441823857762
105,0.38461538461538464,0.6736108340102271
105,0.39560439560439564,4.666179956381756
105,0.40659340659340665,-9.270248259095245
105,0.4175824175824176,9.251872745660986
105,0.4285714285714286,7.348243563526491
105,0.4395604395604396,13.496292038258925
105,0.45054945054945056,-13.144735756802492
105,0.46153846153846156,-9.017068443845387
105,0.47252747252747257,-0.7814712498813159
105,0.4835164835164836,12.040713997613292
105,0.4945054945054945,-5.406138851778971
106,0.0,-0.0
106,0.015384615384615385,8.877417540540568
106,0.03076923076923077,-3.083226188782628
106,0.046153846153846156,-7.321074272148718
106,0.06153846153846154,-4.191127988030722
106,0.07692307692307693,-0.2608942707587285
106,0.09230769230769231,-8.818552121717627
106,0.1076923076923077,10.369085115802008
106,0.12307692307692308,2.0000807836019194
106,0.13846153846153847,-4.1380623061763595
106,0.15384615384615385,-2.7922565312262213
106,0.16923076923076924,-3.2469132037007737
106,0.18461538461538463,5.506331436494629
106,0.2,-9.355885017563693
106,0.2153846153846154,8.184633339165737
106,0.23076923076923078,-7.708417637758303
106,0.24615384615384617,-7.041059402336395
106,0.26153846153846155,-3.572956558703911
106,0.27692307692307694,0.021574173899406635
106,0.2923076923076923,-5.609995366575217
106,0.3076923076923077,7.52108649972949
106,0.3230769230769231,4.976669097414781
106,0.3384615384615385,-0.6722087852085652
106,0.35384615384615387,-0.9334009005138477
106,0.36923076923076925,10.799430370292015
106,0.38461538461538464,-2.2831662586417525
106,0.4,1.9677132084753612
106,0.4153846153846154,-8.237563104452152
106,0.4307692307692308,4.759381329655743
106,0.4461538461538462,-5.342507436704139
106,0.46153846153846156,-4.867889745657384
106,0.47692307692307695,7.56902840687377
106,0.49230769230769234,1.7979257460787164
107,0.0,-0.0
107,0.013157894736842105,1.8782619351145327
107,0.02631578947368421,3.786900718573169
107,0.039473684210526314,-0.5973059967676546
107,0.05263157894736842,-3.321593466613971
107,0.06578947368421052,4.187108328036349
107,0.07894736842105263,3.5545771334923115
107,0.09210526315789473,9.486332462734978
107,0.10526315789473684,0.4831075611894864
107,0.11842105263157894,-7.635649565761346
107,0.13157894736842105,8.651775992379028
107,0.14473684210526316,2.935436531013118
107,0.15789473684210525,-6.4340710972393955
107,0.17105263157894735,-5.834792708894106
107,0.18421052631578946,-4.633413551389827
107,0.19736842105263158,-5.140291863962509
107,0.21052631578947367,-6.921928389083341
107,0.22368421052631576,1.9441852435140912
107,0.23684210526315788,8.259110153576497
107,0.25,-0.5218682136116837
107,0.2631578947368421,-8.72587921259283
107,0.2763157894736842,2.489056540174324
107,0.2894736842105263,-6.291633245293104
107,0.3026315789473684,-2.1571051592435877
107,0.3157894736842105,-4.096256904998498
107,0.3289473684210526,0.5139621946703574
107,0.3421052631578947,0.5711595704748893
107,0.35526315789473684,-4.2118759381453845
107,0.3684210526315789,-4.514459854229605
107,0.381578947368421,-2.731316580073057
107,0.39473684210526316,1.6436309758674197
107,0.40789473684210525,-2.7470217811594297
107,0.42105263157894735,2.4233933282414446
107,0.43421052631578944,-10.054900511154827
107,0.4473684210526315,-0.6967939519330941
107,0.4605263157894737,-10.965059339724085
107,0.47368421052631576,-11.579626976778933
107,0.48684210526315785,11.586786898985817
108,0.0,-0.0
108,0.018518518518518517,0.6213969691432331
108,0.037037037037037035,4.725198879742552
108,0.05555555555555555,12.893450574030734
108,0.07407407407407407,1.770218240002471
108,0.09259259259259259,-0.4406300629988249
108,0.1111111111111111,8.162237862236546
108,0.12962962962962962,1.0620820971510359
108,0.14814814814814814,-8.756560833895517
108,0.16666666666666666,1.7480991049609418
108,0.18518518518518517,-2.2047316543046085
108,0.2037037037037037,-0.10316797302525749
108,0.2222222222222222,-7.449088020672519
108,0.24074074074074073,-0.1971802985972082
108,0.25925925925925924,2.201784941234496
108,0.2777777777777778,-10.598958036867966
108,0.2962962962962963,-3.7941719255197386
108,0.31481481481481477,0.9039243319722035
108,0.3333333333333333,0.04170713621516842
108,0.35185185185185186,5.877131561441115
108,0.37037037037037035,1.5982173556499166
108,0.38888888888888884,-2.2851657027889893
108,0.4074074074074074,-6.0794938699276635
108,0.42592592592592593,-6.883501362971133
108,0.4444444444444444,-11.020668979275065
108,0.4629629629629629,2.4527260605994767
108,0.48148148148148145,-6.072227211952733
109,0.0,-0.0
109,0.011904761904761904,-0.20206723833274687
109,0.023809523809523808,4.079797149382738
109,0.03571428571428571,1.9827721258139057
109,0.047619047619047616,-0.4772008417099407
109,0.05952380952380952,13.442529248006577
109,0.07142857142857142,-2.5815961315739315
109,0.08333333333333333,0.29884495579227366
109,0.09523809523809523,-2.295555884902007
109,0.10714285714285714,1.743825148423253
109,0.11904761904761904,-1.2009329602764858
109,0.13095238095238093,4.154591081141213
109,0.14285714285714285,11.918948725406084
109,0.15476190476190477,4.619886683962841
109,0.16666666666666666,4.6435062983686475
109,0.17857142857142855,-11.039989108894467
109,0.19047619047619047,-9.896698613126908
109,0.20238095238095238,2.339262784222978
109,0.21428571428571427,-0.9339259860711402
109,0.22619047619047616,2.425974081162775
109,0.23809523809523808,-4.322163608632084
109,0.25,-3.810577610113425
109,0.26190476190476186,-4.5921966539260834
109,0.2738095238095238,-4.792126130229523
109,0.2857142857142857,-4.984905905082652
109,0.2976190476190476,2.4260920989737826
109,0.30952380952380953,9.142560550396787
109,0.3214285714285714,5.162554236382611
109,0.3333333333333333,-0.6327757975895532
109,0.34523809523809523,-14.641812278814838
109,0.3571428571428571,-8.432049680576297
109,0.369047619047619,10.261141816878595
109,0.38095238095238093,1.8061279762096012
109,0.39285714285714285,5.6314186144248435
109,0.40476190476190477,-4.54571139480121
109,0.41666666666666663,-13.193499434531113
109,0.42857142857142855,1.7862218885735404
109,0.44047619047619047,6.6207964239295745
109,0.45238095238095233,3.798077907430077
109,0.46428571428571425,-11.612972348961971
109,0.47619047619047616,-4.271989528970057
109,0.4880952380952381,-9.24521255235768
110,0.0,-0.0
110,0.017857142857142856,-0.16258525151290137
110,0.03571428571428571,8.39604459825412
110,0.05357142857142857,-2.9295093800485117
110,0.07142857142857142,-5.071655402965835
110,0.08928571428571427,-3.6575621433315573
110,0.10714285714285714,-4.724628821133937
110,0.125,7.895565235234124
110,0.14285714285714285,-10.625437621353532
110,0.1607142857142857,-3.134353580340388
110,0.17857142857142855,5.521253994941258
110,0.19642857142857142,-10.44226583779201
110,0.21428571428571427,-5.323274731071972
110,0.23214285714285712,4.9502731034873415
110,0.25,4.520496995005789
110,0.26785714285714285,2.2889610932987647
110,0.2857142857142857,1.586827494188211
110,0.30357142857142855,-1.9076498451499715
110,0.3214285714285714,-0.6052093147388309
110,0.33928571428571425,1.263396964839843
110,0.3571428571428571,0.4001927523589064
110,0.375,-2.2415836463145213
110,0.39285714285714285,-1.2281039037492056
110,0.4107142857142857,6.473605767002077
110,0.42857142857142855,-3.0114428157519306
110,0.4464285714285714,-10.461563773020753
110,0.46428571428571425,-3.0988965105955106
110,0.4821428571428571,-3.5762062649183166
111,0.0,-0.0
111,0.014084507042253521,6.752074863317581
111,0.028169014084507043,-0.7539409158759433
111,0.04225352112676056,-6.9368257612665465
111,0.056338028169014086,1.6822271778419091
111,0.07042253521126761,8.156050360719183
111,0.08450704225352113,-3.2505442438981977
111,0.09859154929577466,-1.8442655454057508
111,0.11267605633802817,3.8910198248366794
111,0.1267605633802817,5.64844971834028
111,0.14084507042253522,-2.521615248302523
111,0.15492957746478875,1.5628196124508724
111,0.16901408450704225,-2.1228246573763068
111,0.18309859154929578,1.5438979296928304
111,0.1971830985915493,1.8317417093560397
111,0.2112676056338028,-10.823357598230707
111,0.22535211267605634,-7.096816707395181
111,0.23943661971830987,1.595285236746169
111,0.2535211267605634,-1.5539067156408435
111,0.26760563380281693,-2.2638796250896283
111,0.28169014084507044,4.285955794362459
111,0.29577464788732394,4.268325375413466
111,0.3098591549295775,0.5396628544196309
111,0.323943661971831,-2.396953343414578
111,0.3380281690140845,-6.4184759274414205
111,0.35211267605633806,-4.053037516895494
111,0.36619718309859156,-0.6838383453363911
111,0.38028169014084506,-4.674563071878351
111,0.3943661971830986,0.7645268622170235
111,0.4084507042253521,5.102925573877402
111,0.4225352112676056,4.265507991932096
111,0.4366197183098592,1.1282203132114015
111,0.4507042253521127,-6.973419443118781
111,0.4647887323943662,1.7772587113853338
111,0.47887323943661975,8.061353456780012
111,0.49295774647887325,-15.357031556062507
112,0.0,-0.0
112,0.017857142857142856,-6.056816978080435
112,0.03571428571428571,-0.7457655394226655
112,0.05357142857142857,-6.8850598305539235
112,0.07142857142857142,-11.194086984160139
112,0.08928571428571427,2.391834476706387
112,0.10714285714285714,-12.26820164217088
112,0.125,4.390941702003151
112,0.14285714285714285,-8.318792276486878
112,0.1607142857142857,-6.048219223917135
112,0.17857142857142855,-3.015909964705575
112,0.19642857142857142,0.3114159980281288
112,0.21428571428571427,5.1776520864274325
112,0.23214285714285712,5.061360927082549
112,0.25,8.337893428476278
112,0.26785714285714285,-0.9583833513907498
112,0.2857142857142857,2.1159527821168225
112,0.30357142857142855,-7.426593674903759
112,0.3214285714285714,3.1165030088866827
112,0.33928571428571425,-4.002150547196285
112,0.3571428571428571,1.5946533716992466
112,0.375,-1.271478290387467
112,0.39285714285714285,-7.759781679263141
112,0.4107142857142857,5.066224174308418
112,0.42857142857142855,2.7400295632631604
112,0.4464285714285714,-3.711679920685355
112,0.46428571428571425,-1.4838932261181599
112,0.4821428571428571,-4.198143487663978
113,0.0,-0.0
113,0.02631578947368421,-5.269440503597981
113,0.05263157894736842,-0.7116111419738327
113,0.07894736842105263,-0.7255052215305317
113,0.10526315789473684,-8.17026555912123
113,0.13157894736842105,-3.2171142129082493
113,0.15789473684210525,-2.096935173205794
113,0.18421052631578946,-1.5801741157297682
113,0.21052631578947367,2.4221944164178986
113,0.23684210526315788,0.9245224609575251
113,0.2631578947368421,-7.342201415742143
113,0.2894736842105263,-3.136029146716372
113,0.3157894736842105,0.6736665765990175
113,0.3421052631578947,3.3905550478541127
113,0.3684210526315789,-1.4225068777222387
113,0.39473684210526316,-2.5197701314430594
113,0.42105263157894735,-2.6820283634285382
113,0.4473684210526315,-5.431293345633481
113,0.47368421052631576,-2.467116867223697
114,0.0,-0.0
114,0.01639344262295082,-9.026839042951421
114,0.03278688524590164,-8.053354729171604
114,0.04918032786885246,-2.6674136580532215
114,0.06557377049180328,-2.4829692048256806
114,0.0819672131147541,-10.540120310083648
114,0.09836065573770492,0.06596737571763533
114,0.11475409836065574,-0.5174729477363436
114,0.13114754098360656,-4.1748184100876555
114,0.14754098360655737,-5.792506913315728
114,0.1639344262295082,7.5495847408300545
114,0.18032786885245902,-1.7202303194276045
114,0.19672131147540983,-1.3427234466116618
114,0.21311475409836067,1.374572096048504
114,0.22950819672131148,6.446289890007933
114,0.24590163934426232,7.0468903462238215
114,0.26229508196721313,0.17306892114022443
114,0.27868852459016397,-1.6054528588685777
114,0.29508196721311475,-8.200136901853531
114,0.3114754098360656,-2.4674879162619803
114,0.3278688524590164,-1.4080880350948048
114,0.3442622950819672,-5.723959515282583
114,0.36065573770491804,0.008586154770593546
114,0.3770491803278689,3.733789387333762
114,0.39344262295081966,0.7404259713762532
114,0.4098360655737705,-6.952892227449668
114,0.42622950819672134,10.131689021127247
114,0.4426229508196722,7.472418422440786
114,0.45901639344262296,-5.9290936706991495
114,0.4754098360655738,-2.429583084621534
114,0.49180327868852464,4.616898948399784
115,0.0,-0.0
115,0.011904761904761904,-4.5320323581522945
115,0.023809523809523808,-9.696227231648884
115,0.03571428571428571,2.7746648042999342
115,0.047619047619047616,-8.693313144691608
115,0.05952380952380952,3.31938238410019
115,0.07142857142857142,4.749986175767973
115,0.08333333333333333,6.477812676907296
115,0.09523809523809523,-3.684953806625119
115,0.10714285714285714,6.652670909438382
115,0.11904761904761904,2.351569913690084
115,0.13095238095238093,-3.948467450921741
115,0.14285714285714285,6.482701676148487
115,0.15476190476190477,3.592589840734322
115,0.16666666666666666,-3.2945036641031593
115,0.17857142857142855,-5.050114430393629
115,0.19047619047619047,-2.486419104960582
115,0.20238095238095238,5.1756218037313175
115,0.21428571428571427,-7.287837572360333
115,0.22619047619047616,10.814972450574652
115,0.23809523809523808,12.972952962964701
115,0.25,-5.768336794125818
115,0.26190476190476186,-0.5507172056971212
115,0.2738095238095238,-0.25665143842346616
115,0.2857142857142857,-2.9079514096061607
115,0.2976190476190476,0.3246009580951963
115,0.30952380952380953,-12.923987787020941
115,0.3214285714285714,-2.40064912746268
115,0.3333333333333333,-0.3146841484464784
115,0.34523809523809523,3.7398163433491525
115,0.3571428571428571,-12.160668944289611
115,0.369047619047619,5.776485956671421
115,0.38095238095238093,-5.17058730555263
115,0.39285714285714285,9.963237054279904
115,0.40476190476190477,-0.22368321415817327
115,0.41666666666666663,-2.800360444390587
115,0.42857142857142855,6.2063162810181405
115,0.44047619047619047,11.342476593693313
115,0.45238095238095233,-7.240414308498466
115,0.46428571428571425,10.079409719358305
115,0.47619047619047616,9.478348119165162
115,0.4880952380952381,-9.313867660480678
116,0.0,-0.0
116,0.023809523809523808,-1.240053483761601
116,0.047619047619047616,-2.9989639750057018
116,0.07142857142857142,1.9710083819429927
116,0.09523809523809523,-6.547944169965211
116,0.11904761904761904,7.196953989877766
116,0.14285714285714285,1.429906403299384
116,0.16666666666666666,0.4049840654415322
116,0.19047619047619047,-2.9091583220134063
116,0.21428571428571427,-7.839646526500793
116,0.23809523809523808,-2.298804574575412
116,0.26190476190476186,1.7752457199079559
116,0.2857142857142857,0.9748133235860927
116,0.30952380952380953,4.847396879755643
116,0.3333333333333333,-1.516456148253815
116,0.3571428571428571,-4.6633928576778
116,0.38095238095238093,1.2630178664777851
116,0.40476190476190477,-9.173745169201185
116,0.42857142857142855,-2.3725126155570906
116,0.45238095238095233,0.4823042892361029
116,0.47619047619047616,-8.877777816285958
117,0.0,-0.0
117,0.022222222222222223,0.21288870024023332
117,0.044444444444444446,-8.149361079579243
117,0.06666666666666667,11.787664465708492
117,0.08888888888888889,0.007622956171905448
117,0.11111111111111112,-0.8916142737629809
117,0.13333333333333333,-2.031729425241724
117,0.15555555555555556,-1.4831118694526193
117,0.17777777777777778,-0.4114914924451174
117,0.2,1.2911617730676435
117,0.22222222222222224,-2.061038771908617
117,0.24444444444444446,-2.9741622202516713
117,0.26666666666666666,0.8379012282116083
117,0.2888888888888889,-1.9343194345585224
117,0.3111111111111111,0.3612193704974036
117,0.33333333333333337,0.9855987879365856
117,0.35555555555555557,-11.045938971468404
117,0.37777777777777777,3.627039641431326
117,0.4,8.132554516081992
117,0.4222222222222222,-2.7104480588527085
117,0.4444444444444445,-1.7906221037185366
117,0.4666666666666667,9.221840525372478
117,0.48888888888888893,3.056458541496207
118,0.0,-0.0
118,0.02127659574468085,-5.569297109406344
118,0.0425531914893617,-10.795616122351069
118,0.06382978723404255,-1.5006913045473287
118,0.0851063829787234,7.25733387491685
118,0.10638297872340426,4.27337195131454
118,0.1276595744680851,1.1339314949415091
118,0.14893617021276595,-1.7428584188287415
118,0.1702127659574468,-9.632221984261896
118,0.19148936170212766,-2.9171859085437384
118,0.2127659574468085,-1.359809923170828
118,0.23404255319148937,6.875506886093094
118,0.2553191489361702,-1.126241473107613
118,0.2765957446808511,-3.347060496899675
118,0.2978723404255319,6.408946219836415
118,0.3191489361702128,-4.269348449719937
118,0.3404255319148936,-6.784562567739599
118,0.36170212765957444,-5.071134115688995
118,0.3829787234042553,-2.2846902035714436
118,0.40425531914893614,-0.10028635736717584
118,0.425531914893617,5.913180253371956
118,0.44680851063829785,-2.2915121946477486
118,0.46808510638297873,-0.9122864429843611
118,0.48936170212765956,0.12494203470065424
119,0.0,-0.0
119,0.023809523809523808,-10.942675548706958
119,0.047619047619047616,-0.28489325101461205
119,0.07142857142857142,3.7583205969737454
119,0.09523809523809523,2.835871903343742
119,0.11904761904761904,-1.4187329566490143
119,0.14285714285714285,1.378207306604926
119,0.16666666666666666,0.29805275397652276
119,0.19047619047619047,6.035633472152023
119,0.21428571428571427,3.451959951951815
119,0.23809523809523808,6.369185367336714
119,0.26190476190476186,0.07631389728693128
119,0.2857142857142857,4.294978578020393
119,0.30952380952380953,-2.944210244668332
119,0.3333333333333333,1.5803648857625012
119,0.3571428571428571,11.151291123530678
119,0.38095238095238093,-1.65995308527533
119,0.40476190476190477,-5.482415168206531
119,0.42857142857142855,-4.958920384742494
119,0.45238095238095233,-2.5614908116564816
119,0.47619047619047616,1.2706964718131735
120,0.0,-0.0
120,0.014492753623188406,-10.147490869251115
120,0.028985507246376812,-4.684015277404668
120,0.043478260869565216,4.526990655942717
120,0.057971014492753624,-3.1542250418881608
120,0.07246376811594203,5.851610989694155
120,0.08695652173913043,-2.178917669217475
120,0.10144927536231885,-0.12974137860650492
120,0.11594202898550725,3.256547809852478
120,0.13043478260869565,6.3414178867083715
120,0.14492753623188406,-13.427412195402855
120,0.15942028985507248,-3.640007273287327
120,0.17391304347826086,1.704353949809044
120,0.18840579710144928,-3.224900283047416
120,0.2028985507246377,6.869100677150323
120,0.21739130434782608,-0.37173913034122985
120,0.2318840579710145,2.720896161927475
120,0.2463768115942029,-8.56591017185196
120,0.2608695652173913,-0.7049522193810006
120,0.2753623188405797,-7.558204691123542
120,0.2898550724637681,-11.435848874078694
120,0.30434782608695654,-4.900049058614323
120,0.31884057971014496,-0.13914408090725106
120,0.3333333333333333,10.3332875235496
120,0.34782608695652173,3.9448857237007364
120,0.36231884057971014,-8.114106047765544
120,0.37681159420289856,0.24669840942086108
120,0.391304347826087,9.843030405656958
120,0.4057971014492754,0.6139183540135432
120,0.42028985507246375,-1.4713805742331294
120,0.43478260869565216,-5.364548407738955
120,0.4492753623188406,3.4618444443856546
120,0.463768115942029,-6.3610233754843755
120,0.4782608695652174,-8.429469929061947
120,0.4927536231884058,10.704916537279537
121,0.0,-0.0
121,0.0136986301369863,10.435531593439038
121,0.0273972602739726,-4.35965418245035
121,0.0410958904109589,7.7012962744319715
121,0.0547945205479452,4.10141025456757
121,0.0684931506849315,4.051387288624632
121,0.0821917808219178,-11.72997416102102
121,0.0958904109589041,-4.049873194756046
121,0.1095890410958904,-6.49399820293398
121,0.1232876712328767,2.8144987329918836
121,0.136986301369863,4.552547334084565
121,0.1506849315068493,0.8941035997049203
121,0.1643835616438356,-2.1070718174727974
121,0.1780821917808219,4.002581661855035
121,0.1917808219178082,-0.5245178601055944
121,0.2054794520547945,4.70093881997629
121,0.2191780821917808,-3.2358693198546327
121,0.2328767123287671,-1.8233456959017698
121,0.2465753424657534,-2.7110640543109676
121,0.2602739726027397,13.63344774924085
121,0.273972602739726,-7.397113942810199
121,0.2876712328767123,-6.955969653429536
121,0.3013698630136986,4.61291847746208
121,0.3150684931506849,-1.5001687061204447
121,0.3287671232876712,-1.343759193949551
121,0.3424657534246575,2.5035666253872852
121,0.3561643835616438,-2.234260377143795
121,0.3698630136986301,-7.14997801939381
121,0.3835616438356164,2.5510075415638833
121,0.3972602739726027,2.1550389323125008
121,0.410958904109589,5.827514846794411
121,0.4246575342465753,-4.375951495023453
121,0.4383561643835616,3.5031287471497095
121,0.4520547945205479,9.271875665638026
121,0.4657534246575342,1.0066083108981736
121,0.4794520547945205,-2.415743119351524
121,0.4931506849315068,-15.765918034072518
122,0.0,-0.0
122,0.011904761904761904,-2.5871768604643983
122,0.023809523809523808,7.50381005922142
122,0.03571428571428571,-4.094506086714211
122,0.047619047619047616,0.36986818948824807
122,0.05952380952380952,-3.5532206790071728
122,0.07142857142857142,12.798857097335123
122,0.08333333333333333,-0.38637453465794724
122,0.09523809523809523,10.802307424871742
122,0.10714285714285714,2.3071610600785473
122,0.11904761904761904,-3.9830416447977477
122,0.13095238095238093,-1.4576357939555182
122,0.14285714285714285,-15.526095640985186
122,0.15476190476190477,-1.827914635810127
122,0.16666666666666666,9.977508961947963
122,0.17857142857142855,-2.6200843402619265
122,0.19047619047619047,-1.2753433329316395
122,0.20238095238095238,0.2424379787361739
122,0.21428571428571427,-6.40713911902058
122,0.22619047619047616,0.3374597442621359
122,0.23809523809523808,1.5940170791123638
122,0.25,0.28807442942770534
122,0.26190476190476186,-10.545773594083146
122,0.2738095238095238,-2.6990998458723943
122,0.2857142857142857,-5.814552068854836
122,0.2976190476190476,-2.670021213095646
122,0.30952380952380953,9.093339630723817
122,0.3214285714285714,-4.754292360856206
122,0.3333333333333333,-0.7881107518086168
122,0.34523809523809523,-1.2881892640183565
122,0.3571428571428571,11.350976114928837
122,0.369047619047619,-0.07126590520302556
122,0.38095238095238093,-10.44821753979241
122,0.39285714285714285,5.956103031872841
122,0.40476190476190477,-2.236676513745624
122,0.41666666666666663,4.714063090882697
122,0.42857142857142855,-5.52474722068765
122,0.44047619047619047,-2.3032548790860012
122,0.45238095238095233,-6.581708068681531
122,0.46428571428571425,-6.073291345916561
122,0.47619047619047616,-11.158111983205645
122,0.4880952380952381,-0.24019716674181213
123,0.0,-0.0
123,0.017857142857142856,7.999688284922472
123,0.03571428571428571,1.4866932788635523
123,0.05357142857142857,-1.8735626658329754
123,0.07142857142857142,-4.431286036332207
123,0.08928571428571427,1.2218884020855176
123,0.10714285714285714,-4.787552049959137
123,0.125,-3.5283581858937683
123,0.14285714285714285,3.609782618547377
123,0.1607142857142857,-6.598927385117964
123,0.17857142857142855,-2.5586845467810364
123,0.19642857142857142,2.453826053559303
123,0.21428571428571427,3.53182158545016
123,0.23214285714285712,-2.8550971790527933
123,0.25,-3.5841102930872557
123,0.26785714285714285,4.614031730881186
123,0.2857142857142857,-2.3013865531767226
123,0.30357142857142855,-4.4740056386558225
123,0.3214285714285714,-9.452527324409383
123,0.33928571428571425,2.318255472227483
123,0.3571428571428571,11.801816956133344
123,0.375,3.097102257288134
123,0.39285714285714285,-7.277074692983229
123,0.4107142857142857,-0.13388545087129222
123,0.42857142857142855,-13.561121366337769
123,0.4464285714285714,-2.2082300179439844
123,0.46428571428571425,-4.747700109834993
123,0.4821428571428571,-4.885066326150019
124,0.0,-0.0
124,0.015384615384615385,-11.243226169029235
124,0.03076923076923077,-0.2506081729593608
124,0.046153846153846156,5.501065058947443
124,0.06153846153846154,-5.7388540828903984
124,0.07692307692307693,-8.875515031136656
124,0.09230769230769231,-7.348108915617941
124,0.1076923076923077,-0.37334523960459265
124,0.12307692307692308,-7.315509473405654
124,0.13846153846153847,4.435518625619939
124,0.15384615384615385,-1.5088307237029577
124,0.16923076923076924,3.201845850373428
124,0.18461538461538463,1.7585986939154923
124,0.2,-0.1952318428038915
124,0.2153846153846154,3.9928283678814855
124,0.23076923076923078,5.0053657206694195
124,0.24615384615384617,4.8450346614986755
124,0.26153846153846155,-0.7725584771250773
124,0.27692307692307694,5.082192754884276
124,0.2923076923076923,-9.757640906000502
124,0.3076923076923077,-1.627872952242067
124,0.3230769230769231,-6.910018694105641
124,0.3384615384615385,1.1514754719370512
124,0.35384615384615387,4.925548195013832
124,0.36923076923076925,1.4056759173802016
124,0.38461538461538464,1.142093106055503
124,0.4,-3.8336587416541223
124,0.4153846153846154,-14.874749192097264
124,0.4307692307692308,4.937359248272866
124,0.4461538461538462,0.7875527861061382
124,0.46153846153846156,7.956119909952218
124,0.47692307692307695,4.305596630884924
124,0.49230769230769234,0.031403447207651314
125,0.0,-0.0
125,0.016666666666666666,-2.539232156975831
125,0.03333333333333333,-5.372621861536142
125,0.05,2.52637483754555
125,0.06666666666666667,-2.6927713125561183
125,0.08333333333333333,-2.9662271576886994
125,0.1,-3.032518176116582
125,0.11666666666666667,9.633707394856609
125,0.13333333333333333,5.1246263944581685
125,0.15,-4.060334142446278
125,0.16666666666666666,-6.89846444436764
125,0.18333333333333332,-7.833440069003999
125,0.2,-1.0647459462807178
125,0.21666666666666667,-4.497998510138912
125,0.23333333333333334,-2.2790283940878293
125,0.25,6.817156848572112
125,0.26666666666666666,0.21001471866470567
125,0.2833333333333333,-2.2882586096767694
125,0.3,2.528691400502991
125,0.31666666666666665,7.137959204308575
125,0.3333333333333333,-0.7670613426006248
125,0.35,3.3573749663255907
125,0.36666666666666664,4.2228365328733375
125,0.3833333333333333,1.9109564050381205
125,0.4,3.84432805956016
125,0.4166666666666667,-14.44733258668445
125,0.43333333333333335,-10.536538234308178
125,0.45,6.144929795775607
125,0.4666666666666667,0.48700770006152627
125,0.48333333333333334,8.070170590641482
126,0.0,-0.0
126,0.018518518518518517,-7.041777035541292
126,0.037037037037037035,6.637173841459374
126,0.05555555555555555,-4.990002971705677
126,0.07407407407407407,4.429431231144811
126,0.09259259259259259,-4.932728972906773
126,0.1111111111111111,-4.643433928690192
126,0.12962962962962962,-1.719633692997816
126,0.14814814814814814,-3.8399349532389504
126,0.16666666666666666,1.0006163314192404
126,0.18518518518518517,-11.679588832673907
126,0.2037037037037037,9.066571589867952
126,0.2222222222222222,-2.5658627164079753
126,0.24074074074074073,0.06854065659017117
126,0.25925925925925924,2.676076260031309
126,0.2777777777777778,5.7568700667032715
126,0.2962962962962963,-1.2698627472752757
126,0.31481481481481477,5.086504060651744
126,0.3333333333333333,2.9510663191294473
126,0.35185185185185186,0.06895715494957066
126,0.37037037037037035,1.3944041575797401
126,0.38888888888888884,-5.6335041613431125
126,0.4074074074074074,3.228682215207611
126,0.42592592592592593,2.399213672799189
126,0.4444444444444444,-2.3817663361646995
126,0.4629629629629629,1.8027888038891398
126,0.48148148148148145,2.926877104706383
127,0.0,-0.0
127,0.014492753623188406,-6.044431061887034
127,0.028985507246376812,0.3664212324559515
127,0.043478260869565216,0.7273358929293874
127,0.057971014492753624,-5.442587138626219
127,0.07246376811594203,-1.5062273322831499
127,0.08695652173913043,0.9510771250737498
127,0.10144927536231885,3.5671255824396204
127,0.11594202898550725,-4.780274544991932
127,0.13043478260869565,-10.415287258807462
127,0.14492753623188406,1.661405427222454
127,0.15942028985507248,3.459761098260825
127,0.17391304347826086,2.8881655624459697
127,0.18840579710144928,-2.832710060598412
127,0.2028985507246377,-4.593582317409093
127,0.21739130434782608,7.413160400585197
127,0.2318840579710145,2.8076697833652036
127,0.2463768115942029,10.131504262899867
127,0.2608695652173913,-6.033827136828359
127,0.2753623188405797,-1.8261907264488293
127,0.2898550724637681,4.499630498896783
127,0.30434782608695654,-6.125267467441073
127,0.31884057971014496,3.540650919590872
127,0.3333333333333333,-1.6552540190714888
127,0.34782608695652173,2.2986732723134393
127,0.36231884057971014,-12.133142296314972
127,0.37681159420289856,-10.581557426320801
127,0.391304347826087,2.0305436408445203
127,0.4057971014492754,-2.040340096694768
127,0.42028985507246375,0.6765384110830013
127,0.43478260869565216,-1.7364928439896767
127,0.4492753623188406,-1.4163748172053632
127,0.463768115942029,-9.500314669732376
127,0.4782608695652174,3.728283046065174
127,0.4927536231884058,-0.6343132572430792
128,0.0,-0.0
128,0.011627906976744186,5.856653470181705
128,0.023255813953488372,-14.383400731141679
128,0.03488372093023256,14.076317104518699
128,0.046511627906976744,-1.231119298307229
128,0.05813953488372093,-0.15084350329381913
128,0.06976744186046512,0.22528501338040474
128,0.08139534883720931,7.442217936545442
128,0.09302325581395349,-3.1023264950859284
128,0.10465116279069767,2.8852220562599697
128,0.11627906976744186,0.34674018357054326
128,0.12790697674418605,0.3401274745196443
128,0.13953488372093023,-0.5495593797289136
128,0.1511627906976744,3.2756697838620887
128,0.16279069767441862,4.706721162575105
128,0.1744186046511628,6.516848543960808
128,0.18604651162790697,-3.3625910287523717
128,0.19767441860465115,-7.768271198977702
128,0.20930232558139533,1.7758627982399757
128,0.22093023255813954,-1.2380889926824066
128,0.23255813953488372,-4.33639561933653
128,0.2441860465116279,4.207064189199087
128,0.2558139534883721,-6.700522080650144
128,0.26744186046511625,-6.270645512905917
128,0.27906976744186046,0.15265183159861206
128,0.29069767441860467,2.6152876601581685
128,0.3023255813953488,-4.778223094163405
128,0.313953488372093,-1.4047584850221289
128,0.32558139534883723,-15.36858754807552
128,0.3372093023255814,-3.9024855222614705
128,0.3488372093023256,-9.449810204674522
128,0.36046511627906974,7.771767837493458
128,0.37209302325581395,6.796040604921616
128,0.38372093023255816,4.762708249336544
128,0.3953488372093023,-2.7510790612110947
128,0.4069767441860465,-3.472881343513465
128,0.41860465116279066,0.09194008384291319
128,0.43023255813953487,-10.651417683348377
128,0.4418604651162791,6.98651579085857
128,0.45348837209302323,1.4887891883778617
128,0.46511627906976744,-4.616680612168031
128,0.47674418604651164,4.172473611216612
128,0.4883720930232558,0.9882973788662106
129,0.0,-0.0
129,0.01282051282051282,0.003821303905197526
129,0.02564102564102564,-5.853147628526877
129,0.038461538461538464,8.688901578257347
129,0.05128205128205128,-6.533263290765621
129,0.0641025641025641,-2.9671463698314944
129,0.07692307692307693,5.332729028134644
129,0.08974358974358974,4.91918128503109
129,0.10256410256410256,-15.07299495951492
129,0.11538461538461538,4.556456406510768
129,0.1282051282051282,-1.4775630425182866
129,0.14102564102564102,1.7987184170689665
129,0.15384615384615385,2.4009107635216256
129,0.16666666666666666,0.37079183845516406
129,0.1794871794871795,4.484459836900486
129,0.1923076923076923,-9.530193050419342
129,0.20512820512820512,-10.68557713365737
129,0.21794871794871795,0.19619302879263195
129,0.23076923076923075,-1.2731968788969885
129,0.24358974358974358,-0.7010324236499863
129,0.2564102564102564,-4.600646510887788
129,0.2692307692307692,3.110718743751762
129,0.28205128205128205,0.5078962735822832
129,0.2948717948717949,8.512390840142976
129,0.3076923076923077,-4.185365861569416
129,0.3205128205128205,-7.08976237248646
129,0.3333333333333333,-3.3292386167563794
129,0.34615384615384615,2.172848030830895
129,0.358974358974359,-8.59183656604806
129,0.3717948717948718,4.953785708207875
129,0.3846153846153846,14.55904571029906
129,0.3974358974358974,-6.860449883615724
129,0.41025641025641024,-9.156189111274166
129,0.4230769230769231,9.459215867574557
129,0.4358974358974359,5.790247380979807
129,0.4487179487179487,-12.28032864805746
129,0.4615384615384615,-3.912219482474644
129,0.47435897435897434,-6.850698545548241
129,0.48717948717948717,2.5048455253611897
130,0.0,-0.0
130,0.0136986301369863,-0.2362540266537422
130,0.0273972602739726,1.978406445296348
130,0.0410958904109589,9.597552327739114
130,0.0547945205479452,-3.557928927294634
130,0.0684931506849315,2.765837487684598
130,0.0821917808219178,-3.4338617116070695
130,0.0958904109589041,1.7223017264173577
130,0.1095890410958904,-7.502154202371512
130,0.1232876712328767,6.540168690417245
130,0.136986301369863,-0.8589240726015694
130,0.1506849315068493,-4.836133028509185
130,0.1643835616438356,-8.865362239282174
130,0.1780821917808219,-4.3850028523157425
130,0.1917808219178082,3.9639463804859885
130,0.2054794520547945,1.109560907243159
130,0.2191780821917808,-3.5327705673577867
130,0.2328767123287671,1.2590390186899068
130,0.2465753424657534,0.16612894712170212
130,0.2602739726027397,0.8327289101616723
130,0.273972602739726,1.4336540788865073
130,0.2876712328767123,0.0586462681831833
130,0.3013698630136986,-5.524635166911971
130,0.3150684931506849,-6.693066956552066
130,0.3287671232876712,6.007735814734798
130,0.3424657534246575,12.333106741224254
130,0.3561643835616438,13.371144056214478
130,0.3698630136986301,-7.153086620765858
130,0.3835616438356164,6.404616433259385
130,0.3972602739726027,4.20242233286089
130,0.410958904109589,-5.8778216056603885
130,0.4246575342465753,-7.813372221699472
130,0.4383561643835616,-10.4818087985656
130,0.4520547945205479,5.1778471230257335
130,0.4657534246575342,-9.628889442614545
130,0.4794520547945205,-0.49013342607576593
130,0.4931506849315068,-0.8709980927118379
131,0.0,-0.0
131,0.015625,-1.026121134801586
131,0.03125,3.920701470048706
131,0.046875,1.314188705158327
131,0.0625,-8.6941193812907
131,0.078125,1.9098697388212953
131,0.09375,5.186653245103592
131,0.109375,-6.903618618123448
131,0.125,5.067090757746172
131,0.140625,0.6000678015042871
131,0.15625,-4.81325253795724
131,0.171875,1.4236450703545254
131,0.1875,-3.601915553122838
131,0.203125,-0.5517563212253158
131,0.21875,-0.7187661969187726
131,0.234375,2.1721696007587745
131,0.25,7.836161066069671
131,0.265625,7.363306007320226
131,0.28125,-0.10242366057411245
131,0.296875,13.858311924169488
131,0.3125,5.896616021475067
131,0.328125,10.267808547609235
131,0.34375,-1.4674117808208105
131,0.359375,-7.077074128489072
131,0.375,-8.112318342152529
131,0.390625,1.102857112965114
131,0.40625,-4.858210712091591
131,0.421875,2.119275842366709
131,0.4375,-0.7603711432158686
131,0.453125,-1.8342533191255646
131,0.46875,-1.3697632235082926
131,0.484375,1.9403804187707154
132,0.0,-0.0
132,0.015625,0.2855045390989237
132,0.03125,5.706638363719219
132,0.046875,0.6972297993862386
132,0.0625,-8.544089285474877
132,0.078125,-6.870435719867704
132,0.09375,2.8034916820395552
132,0.109375,3.4913621677268205
132,0.125,-3.556814699918623
132,0.140625,4.435737402252406
132,0.15625,-0.9447365886434554
132,0.171875,-5.336042497389105
132,0.1875,5.9775607348275965
132,0.203125,1.7529298996141591
132,0.21875,4.027928225581199
132,0.234375,-1.9986769830281372
132,0.25,-2.390552367516192
132,0.265625,-1.9248638415904842
132,0.28125,13.531295452533179
132,0.296875,5.953521159273646
132,0.3125,-3.3216918299446916
132,0.328125,4.1723537629887915
132,0.34375,-0.51250245890623
132,0.359375,-12.292791078062365
132,0.375,-2.778826004245691
132,0.390625,-0.1990828458406364
132,0.40625,0.020477033437822367
132,0.421875,9.593691241512524
132,0.4375,0.5619774747428692
132,0.453125,-1.0986289984817446
132,0.46875,-9.36378059383571
132,0.484375,-0.8246732233564562
133,0.0,-0.0
133,0.010416666666666666,-11.338945791153552
133,0.020833333333333332,9.219545930865765
133,0.03125,2.199132516230275
133,0.041666666666666664,3.857647973367818
133,0.05208333333333333,-4.09505912934099
133,0.0625,-3.758874384889841
133,0.07291666666666666,-1.0008970105400188
133,0.08333333333333333,6.3192058548903285
133,0.09375,4.72889322360515
133,0.10416666666666666,-1.8446459933586938
133,0.11458333333333333,-0.3789738791638342
133,0.125,5.357997401002418
133,0.13541666666666666,-2.850511905878194
133,0.14583333333333331,-4.3732014050349814
133,0.15625,0.990897941375362
133,0.16666666666666666,-4.928471834370351
133,0.17708333333333331,-12.502605949875559
133,0.1875,-6.383533757377986
133,0.19791666666666666,-0.1555986943417329
133,0.20833333333333331,8.054176193265937
133,0.21875,-4.695199700225084
133,0.22916666666666666,-1.9984378639863754
133,0.23958333333333331,0.6691697037084698
133,0.25,16.292391308333904
133,0.26041666666666663,6.988370302410356
133,0.2708333333333333,4.279162634863127
133,0.28125,-7.9303430454060955
133,0.29166666666666663,-8.43240908898568
133,0.3020833333333333,4.895551454101915
133,0.3125,6.173875853587958
133,0.32291666666666663,-0.2699079340308064
133,0.3333333333333333,-8.052252894053613
133,0.34375,-9.650836093777848
133,0.35416666666666663,-10.255183510196717
133,0.3645833333333333,3.8104668311287027
133,0.375,7.189430970444352
133,0.38541666666666663,0.15059754760666322
133,0.3958333333333333,-10.545580662083978
133,0.40625,10.71957030856978
133,0.41666666666666663,-6.813435410301325
133,0.4270833333333333,-7.239529026100543
133,0.4375,-7.949383797387817
133,0.44791666666666663,-6.428767336173152
133,0.4583333333333333,4.050808890350945
133,0.46875,1.4895795087523986
133,0.47916666666666663,-10.698186892363223
133,0.4895833333333333,-1.6972271659454377
134,0.0,-0.0
134,0.014925373134328358,-7.934777659882964
134,0.029850746268656716,-4.53065579269887
134,0.04477611940298507,6.756946809843561
134,0.05970149253731343,-13.348997815343468
134,0.07462686567164178,1.6445702818773393
134,0.08955223880597014,10.904458209893114
134,0.1044776119402985,-2.9918538809835606
134,0.11940298507462686,0.3532400329468883
134,0.13432835820895522,-1.8303969635281878
134,0.14925373134328357,1.4847136170212936
134,0.16417910447761194,-3.8740726269448422
134,0.1791044776119403,8.760826046222922
134,0.19402985074626866,1.383482154549897
134,0.208955223880597,-3.5633001089755747
134,0.22388059701492538,2.6830009969675612
134,0.23880597014925373,-4.354773622811179
134,0.2537313432835821,-8.83789540943835
134,0.26865671641791045,-0.6421536605726361
134,0.2835820895522388,4.956762904261476
134,0.29850746268656714,2.6923224354426707
134,0.31343283582089554,2.3004349546684564
134,0.3283582089552239,2.0817139775305336
134,0.34328358208955223,-10.473520212864562
134,0.3582089552238806,-8.805711736350002
134,0.3731343283582089,-1.20276300965926
134,0.3880597014925373,4.4574155822293475
134,0.40298507462686567,1.5885590156893352
134,0.417910447761194,-4.585656820008465
134,0.43283582089552236,-0.46587815587946985
134,0.44776119402985076,-3.131313004286367
134,0.4626865671641791,-7.259199611892861
134,0.47761194029850745,-3.879149593404419
134,0.4925373134328358,0.35724975656119884
135,0.0,-0.0
135,0.015384615384615385,-5.436853245394644
135,0.03076923076923077,-2.5764572249483426
135,0.046153846153846156,0.9859319123053418
135,0.06153846153846154,-3.3021951828594243
135,0.07692307692307693,-7.625037267830013
135,0.09230769230769231,-1.184174049731021
135,0.1076923076923077,-0.997274442809233
135,0.12307692307692308,-3.3218506008728648
135,0.13846153846153847,5.493419626112299
135,0.15384615384615385,7.100361920534031
135,0.16923076923076924,-2.495079027081805
135,0.18461538461538463,3.556625955179133
135,0.2,-7.294703646656607
135,0.2153846153846154,-10.044039373587916
135,0.23076923076923078,-9.019560932121607
135,0.24615384615384617,-0.8225712309648614
135,0.26153846153846155,-2.2435138486544512
135,0.27692307692307694,4.114641968874623
135,0.2923076923076923,2.8370122951572183
135,0.3076923076923077,2.7382741986631256
135,0.3230769230769231,21.044127521570076
135,0.3384615384615385,-3.540100364454328
135,0.35384615384615387,-3.9683111691983273
135,0.36923076923076925,-5.323691273158989
135,0.38461538461538464,-2.1827442534270736
135,0.4,1.5613565838424446
135,0.4153846153846154,-9.509164639478161
135,0.4307692307692308,-0.26105003130543025
135,0.4461538461538462,4.576843183882937
135,0.46153846153846156,-6.4556886973615635
135,0.47692307692307695,8.144134197343684
135,0.49230769230769234,-0.4310304392217976
136,0.0,-0.0
136,0.01282051282051282,5.344881698281078
136,0.02564102564102564,0.7767841163353508
136,0.038461538461538464,3.882104881627802
136,0.05128205128205128,-6.017863361779774
136,0.0641025641025641,-8.59412832308648
136,0.07692307692307693,10.326477902867486
136,0.08974358974358974,-2.9236603514150525
136,0.10256410256410256,-5.86799595527006
136,0.11538461538461538,3.204103788085586
136,0.1282051282051282,4.575297302348294
136,0.14102564102564102,7.043363173096705
136,0.15384615384615385,-4.226905583639704
136,0.16666666666666666,-4.040837601919892
136,0.1794871794871795,-2.058299168378696
136,0.1923076923076923,1.4284346380684796
136,0.20512820512820512,2.8774859804794075
136,0.21794871794871795,1.5346573125917378
136,0.23076923076923075,8.59022027528879
136,0.24358974358974358,-7.008954538810221
136,0.2564102564102564,8.542188185573718
136,0.2692307692307692,4.669349888291305
136,0.28205128205128205,-1.7574158527295605
136,0.2948717948717949,0.046778089576361204
136,0.3076923076923077,-0.9793423393294982
136,0.3205128205128205,-2.415267035081809
136,0.3333333333333333,10.288706519972344
136,0.34615384615384615,-7.2011444479324584
136,0.358974358974359,0.8769348742172154
136,0.3717948717948718,9.445296336578963
136,0.3846153846153846,-1.8180381489647033
136,0.3974358974358974,4.0532408895097864
136,0.41025641025641024,11.114301291057764
136,0.4230769230769231,6.215903533795599
136,0.4358974358974359,8.302016213894241
136,0.4487179487179487,-12.570176623022089
136,0.4615384615384615,-13.813738318842413
136,0.47435897435897434,2.0685235513437927
136,0.48717948717948717,7.436962230461889
137,0.0,-0.0
137,0.01639344262295082,-3.9241121243562826
137,0.03278688524590164,-1.884821846968988
137,0.04918032786885246,-3.8501198442856497
137,0.06557377049180328,-1.5282976240472461
137,0.0819672131147541,9.319079872391534
137,0.09836065573770492,1.3607084663177607
137,0.11475409836065574,1.2702485165606172
137,0.13114754098360656,-3.4725991173232873
137,0.14754098360655737,-2.5730159650398474
137,0.1639344262295082,-0.8584157999801567
137,0.18032786885245902,-0.7140337082987807
137,0.19672131147540983,0.7463584585435721
137,0.21311475409836067,-2.871922327150149
137,0.22950819672131148,0.21629843418402328
137,0.24590163934426232,6.3867130935032845
137,0.26229508196721313,6.0112460877945715
137,0.27868852459016397,5.048257897356251
137,0.29508196721311475,-12.49508889731872
137,0.3114754098360656,-3.164700432128307
137,0.3278688524590164,-12.11160862083813
137,0.3442622950819672,5.738240947360964
137,0.36065573770491804,-3.0475598533161254
137,0.3770491803278689,4.698681655729333
137,0.39344262295081966,5.742822550091782
137,0.4098360655737705,-5.581493966466291
137,0.42622950819672134,5.949218231610256
137,0.4426229508196722,4.66092499164265
137,0.45901639344262296,-0.7131908153922959
137,0.4754098360655738,-10.868433803675337
137,0.49180327868852464,-1.0866763411980616
138,0.0,-0.0
138,0.015384615384615385,-13.092550885297378
138,0.03076923076923077,-4.314168222947582
138,0.046153846153846156,2.7587150275665224
138,0.06153846153846154,-0.28944321026151965
138,0.07692307692307693,2.2944502698503824
138,0.09230769230769231,3.5132461891523503
138,0.1076923076923077,-0.022216743608244105
138,0.12307692307692308,1.6792528509104823
138,0.13846153846153847,-4.375998824389402
138,0.15384615384615385,-1.4656216240853779
138,0.16923076923076924,5.88015734963888
138,0.18461538461538463,-1.0624675507462995
138,0.2,2.008374244609779
138,0.2153846153846154,-1.967961902055602
138,0.23076923076923078,-4.850699186689157
138,0.24615384615384617,-4.509327283808307
138,0.26153846153846155,2.3090853620806175
138,0.27692307692307694,-1.1473776537933598
138,0.2923076923076923,4.74459855563995
138,0.3076923076923077,-11.452609057111133
138,0.3230769230769231,7.740821433602198
138,0.3384615384615385,1.0105087941860003
138,0.35384615384615387,-9.713730842903436
138,0.36923076923076925,-4.752563739623602
138,0.38461538461538464,-1.8241004288220797
138,0.4,0.8765226102634889
138,0.4153846153846154,-11.474697938183136
138,0.4307692307692308,-0.8147590653129215
138,0.4461538461538462,-5.231907852077974
138,0.46153846153846156,-4.7741966312188335
138,0.47692307692307695,1.256620927747802
138,0.49230769230769234,-2.9473829328989423
139,0.0,-0.0
139,0.015625,-0.7786426557422819
139,0.03125,-2.7528830647435845
139,0.046875,8.531230783275902
139,0.0625,1.477661419896711
139,0.078125,0.8196365474657814
139,0.09375,5.594582422709311
139,0.109375,-9.437455821180084
139,0.125,-1.9991219417160646
139,0.140625,-1.9843203592239582
139,0.15625,-10.118542970242288
139,0.171875,0.6969649430222882
139,0.1875,-2.906857258290517
139,0.203125,4.6910464655179185
139,0.21875,-1.887303179322579
139,0.234375,4.016150519785951
139,0.25,6.667023549689532
139,0.265625,-5.719262153910096
139,0.28125,-0.5724634313839003
139,0.296875,-7.664643861832029
139,0.3125,6.245647165861099
139,0.328125,8.041891584996709
139,0.34375,6.452061494045288
139,0.359375,-1.2589503283791956
139,0.375,1.014022555341272
139,0.390625,-5.597433170693358
139,0.40625,-8.8115934990964
139,0.421875,-0.7028616254974185
139,0.4375,-9.378206873963387
139,0.453125,-8.482729018378109
139,0.46875,-2.761972166668822
139,0.484375,-5.754945126147337
140,0.0,-0.0
140,0.010869565217391304,-3.5807732057854915
140,0.021739130434782608,-3.4698610709900164
140,0.03260869565217391,8.74689027017218
140,0.043478260869565216,-5.464493777467231
140,0.05434782608695652,3.3696776939369517
140,0.06521739130434782,-14.023364433130933
140,0.07608695652173914,-0.6073818175276173
140,0.08695652173913043,3.230965832480053
140,0.09782608695652173,-1.6777407962198367
140,0.10869565217391304,0.14370330140743848
140,0.11956521739130435,-6.22215965683807
140,0.13043478260869565,-0.10044400001904918
140,0.14130434782608695,-8.355115069718828
140,0.15217391304347827,1.9217405967116563
140,0.16304347826086957,3.9424453702930857
140,0.17391304347826086,0.28442739784821436
140,0.18478260869565216,9.653746500803312
140,0.19565217391304346,-6.404471467961318
140,0.20652173913043478,7.99131976911179
140,0.21739130434782608,0.4183966650728115
140,0.22826086956521738,0.5787073164598517
140,0.2391304347826087,-1.091522344036406
140,0.25,3.651813569305708
140,0.2608695652173913,-15.371807563800665
140,0.2717391304347826,2.694665676207044
140,0.2826086956521739,8.186179355450772
140,0.2934782608695652,1.1594666741526622
140,0.30434782608695654,-2.621459998233605
140,0.31521739130434784,-6.7711758733826715
140,0.32608695652173914,-1.9955828975699368
140,0.33695652173913043,-3.5598499309330154
140,0.34782608695652173,-8.835859865198843
140,0.358695652173913,1.8446773450345049
140,0.3695652173913043,-13.717766973335593
140,0.3804347826086956,-2.94910698197587
140,0.3913043478260869,3.9190083324870666
140,0.40217391304347827,-2.3773665049746437
140,0.41304347826086957,-12.960458229619515
140,0.42391304347826086,-18.948319886192422
140,0.43478260869565216,18.380865429124167
140,0.44565217391304346,7.566716584728457
140,0.45652173913043476,0.8316213526060952
140,0.46739130434782605,15.970672997999579
140,0.4782608695652174,10.642126299430082
140,0.4891304347826087,-0.5076211992884554
141,0.0,-0.0
141,0.0125,-1.2820128422068855
141,0.025,-4.515090151521427
141,0.037500000000000006,8.355257270839118
141,0.05,0.03035523424936426
141,0.0625,2.4895397959330667
141,0.07500000000000001,1.9310462819376366
141,0.08750000000000001,-2.059112073097061
141,0.1,-7.479171541058379
141,0.1125,-1.9605939339187697
141,0.125,-7.109704889134923
141,0.1375,2.827919755721487
141,0.15000000000000002,-10.554979506422532
141,0.1625,4.410779691070919
141,0.17500000000000002,-0.20837838860672758
141,0.1875,-5.7020378221320485
141,0.2,6.021132171756407
141,0.21250000000000002,14.19307465541986
141,0.225,-10.303935694628697
141,0.23750000000000002,-4.073265827144732
141,0.25,-8.05541568526002
141,0.2625,6.234931544522388
141,0.275,-5.332734887445019
141,0.28750000000000003,-11.27021458888484
141,0.30000000000000004,9.330432210573832
141,0.3125,1.1074636789444123
141,0.325,-0.7510150429103641
141,0.3375,4.671454725868287
141,0.35000000000000003,-3.6115844955806637
141,0.36250000000000004,-5.585353000602344
141,0.375,-13.16023423427225
141,0.3875,-2.6528339655920106
141,0.4,0.3023078244534645
141,0.41250000000000003,6.196910041426717
141,0.42500000000000004,-6.218098716530266
141,0.4375,-8.085499565383849
141,0.45,3.5310860043172125
141,0.4625,1.9182382372689446
141,0.47500000000000003,1.915568510603172
141,0.48750000000000004,1.6601437366828433
142,0.0,-0.0
142,0.014925373134328358,-6.55984435412812
142,0.029850746268656716,-5.503432932094918
142,0.04477611940298507,-1.8436986900929468
142,0.05970149253731343,-2.5806250737641014
142,0.07462686567164178,-5.475260944014988
142,0.08955223880597014,-0.906668847743153
142,0.1044776119402985,-1.1240636703229976
142,0.11940298507462686,7.339120805437594
142,0.13432835820895522,-2.91268191266684
142,0.14925373134328357,-8.783540467495875
142,0.16417910447761194,5.645849409149461
142,0.1791044776119403,-3.671159293380022
142,0.19402985074626866,-1.4321878488994004
142,0.208955223880597,-5.1174446976171195
142,0.22388059701492538,3.467153741385398
142,0.23880597014925373,1.7165222168797991
142,0.2537313432835821,-5.896786115651899
142,0.26865671641791045,3.4540115534508757
142,0.2835820895522388,3.2538659433939165
142,0.29850746268656714,0.9065071287983384
142,0.31343283582089554,-3.937241238465928
142,0.3283582089552239,-2.1729555918218795
142,0.34328358208955223,-3.7128055450009234
142,0.3582089552238806,-11.452176206153915
142,0.3731343283582089,-5.1647646101365865
142,0.3880597014925373,6.190157507902125
142,0.40298507462686567,13.871116266897529
142,0.417910447761194,11.451396070501401
142,0.43283582089552236,-4.185845469290924
142,0.44776119402985076,-0.7594461432866983
142,0.4626865671641791,4.497446854904949
142,0.47761194029850745,-6.9047362988541074
142,0.4925373134328358,6.451954659012281
143,0.0,-0.0
143,0.013157894736842105,1.1182451356721292
143,0.02631578947368421,-4.113446502838834
143,0.039473684210526314,6.484884850315669
143,0.05263157894736842,-4.297014985133664
143,0.06578947368421052,13.166259900616442
143,0.07894736842105263,0.3448691045795158
143,0.09210526315789473,-2.0274276300054748
143,0.10526315789473684,-0.9058498452155241
143,0.11842105263157894,5.601983937680662
143,0.13157894736842105,5.765732380899397
143,0.14473684210526316,-0.5318886598062731
143,0.15789473684210525,-5.241657046149696
143,0.17105263157894735,3.0158118274632217
143,0.18421052631578946,4.732758628736267
143,0.19736842105263158,-4.872101807082828
143,0.21052631578947367,4.67611979139619
143,0.22368421052631576,-6.320773827856842
143,0.23684210526315788,1.040065634657973
143,0.25,6.971857258714925
143,0.2631578947368421,-2.1247251878420133
143,0.2763157894736842,-7.060434991590801
143,0.2894736842105263,3.8931610487486834
143,0.3026315789473684,0.6767531605665149
143,0.3157894736842105,-5.136833229712558
143,0.3289473684210526,-0.562191336903143
143,0.3421052631578947,7.83429974424023
143,0.35526315789473684,-11.243879475879531
143,0.3684210526315789,-0.3155433955618534
143,0.381578947368421,-4.65794688856372
143,0.39473684210526316,1.3674478216987112
143,0.40789473684210525,-4.724766604057855
143,0.42105263157894735,12.021700814979944
143,0.43421052631578944,7.931241052007091
143,0.4473684210526315,3.4915092156623917
143,0.4605263157894737,10.551484358538428
143,0.47368421052631576,6.822866902999439
143,0.48684210526315785,-1.2369258037219375
144,0.0,-0.0
144,0.015151515151515152,-3.684826235432349
144,0.030303030303030304,-2.833849199189307
144,0.045454545454545456,5.45217428368868
144,0.06060606060606061,3.001585406222884
144,0.07575757575757576,-8.576983762031091
144,0.09090909090909091,0.4566711581050136
144,0.10606060606060606,-8.786083030302525
144,0.12121212121212122,5.049722171496176
144,0.13636363636363635,-0.004391381539336159
144,0.15151515151515152,-9.904133946509805
144,0.16666666666666669,-3.9808394301323107
144,0.18181818181818182,-5.997163685572387
144,0.19696969696969696,-1.5299436057918765
144,0.21212121212121213,0.7704188172071329
144,0.2272727272727273,-1.0647354491466101
144,0.24242424242424243,1.254227046329833
144,0.25757575757575757,0.014894644628249853
144,0.2727272727272727,4.163059292269259
144,0.2878787878787879,6.11834849550236
144,0.30303030303030304,0.1774298985327497
144,0.3181818181818182,10.441567792561687
144,0.33333333333333337,6.801326516663445
144,0.3484848484848485,1.2715815440359703
144,0.36363636363636365,-4.288352265788368
144,0.3787878787878788,0.8678513358095463
144,0.3939393939393939,2.9696544758320327
144,0.4090909090909091,-14.33758325490467
144,0.42424242424242425,2.6080618964770355
144,0.4393939393939394,10.306875963722437
144,0.4545454545454546,3.7373430153981184
144,0.4696969696969697,2.5400549022819017
144,0.48484848484848486,4.451671876180808
145,0.0,-0.0
145,0.014492753623188406,3.545016432075765
145,0.028985507246376812,-2.311430622005725
145,0.043478260869565216,-2.0488127722267646
145,0.057971014492753624,4.355195130872657
145,0.07246376811594203,4.51197188391
145,0.08695652173913043,-4.876887047524518
145,0.10144927536231885,0.4883347259417543
145,0.11594202898550725,8.77199225320156
145,0.13043478260869565,-4.450128710168075
145,0.14492753623188406,-4.335787618804223
145,0.15942028985507248,-0.07316237438114781
145,0.17391304347826086,-3.6928630504599282
145,0.18840579710144928,3.03375051894586
145,0.2028985507246377,2.3382510221083894
145,0.21739130434782608,4.985384109124295
145,0.2318840579710145,-5.9691238555346855
145,0.2463768115942029,1.4241331955987273
145,0.2608695652173913,4.639247746145931
145,0.2753623188405797,9.15989675009849
145,0.2898550724637681,-1.937711232024057
145,0.30434782608695654,-13.059282376577071
145,0.31884057971014496,-6.33310157238108
145,0.3333333333333333,-8.844606923822663
145,0.34782608695652173,-20.260196658649825
145,0.36231884057971014,5.731531957318987
145,0.37681159420289856,0.18917448916915258
145,0.391304347826087,-4.445366731972731
145,0.4057971014492754,9.142856806311883
145,0.42028985507246375,6.397142288726069
145,0.43478260869565216,0.6557968442153852
145,0.4492753623188406,-9.059302671529943
145,0.463768115942029,0.42287680395291405
145,0.4782608695652174,-15.818923661925238
145,0.4927536231884058,1.5743469690588623
146,0.0,-0.0
146,0.017857142857142856,-6.765470747683231
146,0.03571428571428571,-6.938888049041239
146,0.05357142857142857,10.350799648470039
146,0.07142857142857142,-3.878944941627496
146,0.08928571428571427,-0.9742307219467361
146,0.10714285714285714,8.949222728456352
146,0.125,0.28831710628182194
146,0.14285714285714285,4.411902828247704
146,0.1607142857142857,-1.2044556295230937
146,0.17857142857142855,-9.648679111503412
146,0.19642857142857142,6.779414952172079
146,0.21428571428571427,2.7598067291131305
146,0.23214285714285712,3.9432490048107574
146,0.25,-7.094014729515376
146,0.26785714285714285,-2.050257084460536
146,0.2857142857142857,-2.2684257768931926
146,0.30357142857142855,-9.207154200973921
146,0.3214285714285714,-6.576793690533452
146,0.33928571428571425,1.153920701960365
146,0.3571428571428571,0.3039125984393811
146,0.375,-3.4444371248119703
146,0.39285714285714285,-1.692059792376483
146,0.4107142857142857,4.32190153632064
146,0.42857142857142855,1.0030987306587442
146,0.4464285714285714,1.8553473336015305
146,0.46428571428571425,1.7908635609288797
146,0.4821428571428571,-6.4900399746546
147,0.0,-0.0
147,0.022727272727272728,-12.19961328687307
147,0.045454545454545456,-4.789363094666902
147,0.06818181818181818,-0.47012189926892356
147,0.09090909090909091,-3.0373602489886284
147,0.11363636363636365,7.495055773124847
147,0.13636363636363635,4.236864037856677
147,0.1590909090909091,-0.19047369117461188
147,0.18181818181818182,-1.9883672153455687
147,0.20454545454545456,-8.726439000769407
147,0.2272727272727273,-7.909240638403909
147,0.25,6.599625791805964
147,0.2727272727272727,-6.334155044194241
147,0.29545454545454547,0.7918325682370506
147,0.3181818181818182,-0.798288038834328
147,0.34090909090909094,-1.0952616793159076
147,0.36363636363636365,6.054243737607418
147,0.38636363636363635,-0.49841978666421527
147,0.4090909090909091,8.649705496055677
147,0.4318181818181818,-5.575716624370203
147,0.4545454545454546,0.9827699610967209
147,0.4772727272727273,1.0192998067172319
148,0.0,-0.0
148,0.019230769230769232,-3.2466679247355428
148,0.038461538461538464,-4.875841604998712
148,0.057692307692307696,6.406131419332982
148,0.07692307692307693,2.359747902296557
148,0.09615384615384616,-7.15891037479723
148,0.11538461538461539,4.666938207709313
148,0.13461538461538464,-9.371566730367036
148,0.15384615384615385,0.5295430367817365
148,0.17307692307692307,-1.1612276478091168
148,0.19230769230769232,-5.45981924607676
148,0.21153846153846156,-2.716377699807862
148,0.23076923076923078,-6.3135431155173425
148,0.25,2.147396297258969
148,0.2692307692307693,2.0293634185431073
148,0.2884615384615385,1.8518149132744073
148,0.3076923076923077,6.997149764040335
148,0.3269230769230769,-7.10348836304523
148,0.34615384615384615,1.2369484497306806
148,0.3653846153846154,0.023850564044731293
148,0.38461538461538464,1.7571871125977712
148,0.40384615384615385,6.331011076628155
148,0.42307692307692313,-6.599575676989535
148,0.44230769230769235,-6.647835993549394
148,0.46153846153846156,0.6691360680463965
148,0.4807692307692308,-1.1996944514984973
149,0.0,-0.0
149,0.014925373134328358,4.397917117741787
149,0.029850746268656716,-2.652381152161192
149,0.04477611940298507,7.394448723384958
149,0.05970149253731343,-0.06988145887418515
149,0.07462686567164178,-1.8250885599110978
149,0.08955223880597014,3.3730521679784875
149,0.1044776119402985,14.48579368850316
149,0.11940298507462686,-3.2927076741533554
149,0.13432835820895522,2.2294030901584456
149,0.14925373134328357,-5.899146729171789
149,0.16417910447761194,4.139282069164899
149,0.1791044776119403,-3.2280936935797744
149,0.19402985074626866,-1.507520847069181
149,0.208955223880597,7.524431713188519
149,0.22388059701492538,2.3870587726903567
149,0.23880597014925373,3.7994599759323595
149,0.2537313432835821,-6.8135311487425945
149,0.26865671641791045,-2.6254646022995503
149,0.2835820895522388,-0.7429655808878239
149,0.29850746268656714,-1.7679485859602773
149,0.31343283582089554,-0.1752741948592847
149,0.3283582089552239,-10.197907277735997
149,0.34328358208955223,0.20394642498617907
149,0.3582089552238806,0.9290370055435971
149,0.3731343283582089,-2.6376794801963563
149,0.3880597014925373,-1.9185514052659864
149,0.40298507462686567,-17.480114247024012
149,0.417910447761194,-9.275215169109444
149,0.43283582089552236,1.3898945724067602
149,0.44776119402985076,6.233953943308546
149,0.4626865671641791,3.6416886774595323
149,0.47761194029850745,0.050692008786102416
149,0.4925373134328358,1.379381047894263
