sid,freq,power
0,0.0,-0.0
0,0.017857142857142856,-14.953880251140845
0,0.03571428571428571,-25.752024904169783
0,0.05357142857142857,13.724333974818672
0,0.07142857142857142,-14.107924830756055
0,0.08928571428571427,-1.7340628077753613
0,0.10714285714285714,2.173809183407582
0,0.125,-3.980971835263489
0,0.14285714285714285,36.13036463860767
0,0.1607142857142857,7.495384695220569
0,0.17857142857142855,59.198454112065754
0,0.19642857142857142,-43.77759238286859
0,0.21428571428571427,-27.54635154525874
0,0.23214285714285712,1.2015030968205513
0,0.25,6.787900000000008
0,0.26785714285714285,-7.427920546150429
0,0.2857142857142857,9.700188749676276
0,0.30357142857142855,-21.712023658630617
0,0.3214285714285714,6.863359854098384
0,0.33928571428571425,10.414115006498829
0,0.3571428571428571,-8.917642713730908
0,0.375,-30.75197183526349
0,0.39285714285714285,12.557380065744432
0,0.4107142857142857,-3.8762707904200076
0,0.42857142857142855,8.96359631938552
0,0.4464285714285714,-36.89283957152131
0,0.46428571428571425,16.07840018715766
0,0.4821428571428571,12.892216241094527
1,0.0,-0.0
1,0.014705882352941176,-15.412402101381652
1,0.029411764705882353,4.54373296316406
1,0.044117647058823525,-0.18143495675541033
1,0.058823529411764705,-8.675412993331586
1,0.07352941176470588,14.25840432079584
1,0.08823529411764705,14.241139391686538
1,0.10294117647058823,-12.931013531462945
1,0.11764705882352941,-9.121088056254841
1,0.1323529411764706,40.26276843858036
1,0.14705882352941177,-10.841134736519598
1,0.16176470588235295,2.7720367657100864
1,0.1764705882352941,24.890955627864106
1,0.19117647058823528,-22.43565263470861
1,0.20588235294117646,1.4185922635050914
1,0.22058823529411764,-29.86536369689507
1,0.23529411764705882,-28.76932176409574
1,0.25,12.894900000000021
1,0.2647058823529412,25.5580776218746
1,0.27941176470588236,7.2308941529970845
1,0.29411764705882354,3.6593107266331812
1,0.3088235294117647,-1.8250575972693994
1,0.3235294117647059,-5.596424972533537
1,0.3382352941176471,-18.667715746296246
1,0.3529411764705882,-7.7533854727875084
1,0.3676470588235294,-41.43657999189664
1,0.38235294117647056,13.051459001073948
1,0.39705882352941174,-8.220033793164294
1,0.4117647058823529,-15.663419723920509
1,0.4264705882352941,19.292928484070714
1,0.4411764705882353,12.292112142645953
1,0.45588235294117646,-29.449582299832652
1,0.47058823529411764,3.3949982153042653
1,0.4852941176470588,34.842677976109975
2,0.0,-0.0
2,0.012658227848101266,31.895946544893565
2,0.02531645569620253,18.831752555992253
2,0.0379746835443038,-58.567121989276295
2,0.05063291139240506,-35.92744349863079
2,0.06329113924050633,28.083319341511444
2,0.0759493670886076,-7.620129353057422
2,0.08860759493670886,-23.80353912447748
2,0.10126582278481013,25.179209714445033
2,0.11392405063291139,12.714129364737612
2,0.12658227848101267,-17.94678871155746
2,0.13924050632911392,-12.147684077731428
2,0.1518987341772152,-32.598682552678795
2,0.16455696202531644,-0.6581837109658862
2,0.17721518987341772,15.29243852825055
2,0.18987341772151897,-36.90195291658103
2,0.20253164556962025,-25.373836920687772
2,0.21518987341772153,1.3890508439971607
2,0.22784810126582278,24.28507597823978
2,0.24050632911392406,24.76606244338897
2,0.25316455696202533,14.637002474756352
2,0.26582278481012656,25.29551597200849
2,0.27848101265822783,12.272926861039533
2,0.2911392405063291,-6.928509576033351
2,0.3037974683544304,-19.669703499222464
2,0.31645569620253167,21.046420507917325
2,0.3291139240506329,-15.5657658958466
2,0.34177215189873417,-13.087637227884322
2,0.35443037974683544,-10.878946620014723
2,0.3670886075949367,10.82563530501592
2,0.37974683544303794,3.667574589422923
2,0.3924050632911392,-6.963236872721474
2,0.4050632911392405,23.823823659501357
2,0.4177215189873418,31.41886272534229
2,0.43037974683544306,-3.6748810455026666
2,0.4430379746835443,-34.334866968030376
2,0.45569620253164556,53.76092441964361
2,0.46835443037974683,43.55313644893354
2,0.4810126582278481,41.26176407561372
2,0.49367088607594933,9.217481110539588
3,0.0,-0.0
3,0.011627906976744186,-37.803282552244994
3,0.023255813953488372,12.757598281117387
3,0.03488372093023256,10.289014210265574
3,0.046511627906976744,-21.269514368530544
3,0.05813953488372093,32.56816837366207
3,0.06976744186046512,-31.13415748687707
3,0.08139534883720931,-25.246455378327575
3,0.09302325581395349,-28.677947396425335
3,0.10465116279069767,20.89513251271842
3,0.11627906976744186,-34.91520108819474
3,0.12790697674418605,-21.293847565466304
3,0.13953488372093023,-10.272660696942395
3,0.1511627906976744,-28.974541004330906
3,0.16279069767441862,-31.905991705600155
3,0.1744186046511628,-18.99034022991189
3,0.18604651162790697,49.23627228594614
3,0.19767441860465115,0.10326537541387282
3,0.20930232558139533,14.543510800197426
3,0.22093023255813954,53.808268644070864
3,0.23255813953488372,6.647477874324094
3,0.2441860465116279,56.074494514838854
3,0.2558139534883721,-24.653021188019558
3,0.26744186046511625,-11.545484987301164
3,0.27906976744186046,-9.229376192156096
3,0.29069767441860467,-14.696620949460838
3,0.3023255813953488,15.679636153164097
3,0.313953488372093,-14.725707686520714
3,0.32558139534883723,-0.287703632746652
3,0.3372093023255814,-44.59154197782368
3,0.3488372093023256,11.462664485496543
3,0.36046511627906974,-48.95128786137208
3,0.37209302325581395,-6.625403115293114
3,0.38372093023255816,-14.73635950987803
3,0.3953488372093023,-27.335233404708525
3,0.4069767441860465,-22.314911284867808
3,0.41860465116279066,31.45933002802456
3,0.43023255813953487,0.7189246439854848
3,0.4418604651162791,13.244918793269122
3,0.45348837209302323,82.22236479474944
3,0.46511627906976744,-3.5195676858258755
3,0.47674418604651164,-24.688899117180554
3,0.4883720930232558,41.72131223255123
4,0.0,-0.0
4,0.018867924528301886,-14.381597496465243
4,0.03773584905660377,5.625872690309057
4,0.05660377358490566,20.486352465380534
4,0.07547169811320754,12.454421372547774
4,0.09433962264150943,-44.493822252298
4,0.11320754716981132,42.925549535710005
4,0.1320754716981132,-50.69377676715068
4,0.1509433962264151,32.27059616024688
4,0.16981132075471697,-28.43628110365269
4,0.18867924528301885,22.36609238651935
4,0.20754716981132074,-3.231832762793399
4,0.22641509433962265,-4.59035288749909
4,0.24528301886792453,-9.267212113451013
4,0.2641509433962264,4.378432195386628
4,0.2830188679245283,-7.676263548641157
4,0.3018867924528302,7.4880733030532785
4,0.32075471698113206,-21.341954980912767
4,0.33962264150943394,5.564571330469524
4,0.3584905660377358,-6.03353315881705
4,0.3773584905660377,12.963301433922396
4,0.3962264150943396,-12.28524404031996
4,0.4150943396226415,-22.071516051141817
4,0.43396226415094336,2.005714369622763
4,0.4528301886792453,-14.511256620183648
4,0.4716981132075472,5.436118778154211
4,0.49056603773584906,-20.34827697139152
5,0.0,-0.0
5,0.02,25.323772768358722
5,0.04,-3.8101325374832884
5,0.06,14.969458464541244
5,0.08,7.22036926346412
5,0.1,-33.35518707530716
5,0.12,-8.033796984742967
5,0.14,3.345568898695795
5,0.16,-13.643802473852158
5,0.18,9.745286991875965
5,0.2,-9.86610689744397
5,0.22,1.3728489905924945
5,0.24,-67.986288739994
5,0.26,6.41376107777306
5,0.28,29.92909252509606
5,0.3,-20.452057912866913
5,0.32,-39.39960494726859
5,0.34,48.096758831387675
5,0.36,-54.968868288352944
5,0.38,-18.83998922614674
5,0.4,-30.463123521533518
5,0.42,26.14782640243702
5,0.44,14.613724562418632
5,0.46,14.858203830990373
5,0.48,-20.904082132576825
6,0.0,-0.0
6,0.009708737864077669,-19.76048566971861
6,0.019417475728155338,37.72543503766719
6,0.029126213592233007,-1.1791642384902126
6,0.038834951456310676,-36.159043360778405
6,0.04854368932038834,19.913109418657452
6,0.058252427184466014,-2.6044536523601822
6,0.06796116504854369,-28.157613553675045
6,0.07766990291262135,-26.164688070767898
6,0.08737864077669902,26.225203923104136
6,0.09708737864077668,-28.911360366535412
6,0.10679611650485436,-3.519470367515804
6,0.11650485436893203,-55.265312021080035
6,0.1262135922330097,12.323377630366412
6,0.13592233009708737,16.768075105951695
6,0.14563106796116504,-10.86902602927576
6,0.1553398058252427,-23.759897005840045
6,0.16504854368932037,41.61109943195923
6,0.17475728155339804,-19.133816949853294
6,0.1844660194174757,-45.35960108486011
6,0.19417475728155337,-80.4577879994994
6,0.20388349514563106,23.656192857865513
6,0.21359223300970873,11.492930516010873
6,0.2233009708737864,4.908576034538718
6,0.23300970873786406,6.18061491105904
6,0.24271844660194172,-19.207234289500786
6,0.2524271844660194,-17.10390025570474
6,0.2621359223300971,22.888707903421196
6,0.27184466019417475,1.144916265924131
6,0.2815533980582524,-18.361937890378897
6,0.2912621359223301,-41.89368369956615
6,0.30097087378640774,-29.319736263132008
6,0.3106796116504854,-34.25610262276197
6,0.3203883495145631,17.274304729112288
6,0.33009708737864074,6.816447055544056
6,0.3398058252427184,55.19614004166627
6,0.3495145631067961,48.25456940872609
6,0.35922330097087374,-90.53812745871954
6,0.3689320388349514,56.240408789576655
6,0.37864077669902907,11.924968871721788
6,0.38834951456310673,11.129902301562947
6,0.39805825242718446,15.516559744764074
6,0.4077669902912621,-13.912512005293369
6,0.4174757281553398,33.04869255071975
6,0.42718446601941745,-10.503107143038399
6,0.4368932038834951,-55.305864673341695
6,0.4466019417475728,-36.40056382875606
6,0.45631067961165045,4.383304334885471
6,0.4660194174757281,106.79033378333136
6,0.4757281553398058,-49.38425496397778
6,0.48543689320388345,-11.112914132708719
6,0.4951456310679611,-44.990139490212215
7,0.0,-0.0
7,0.02,-20.74678545819429
7,0.04,0.7132045782361658
7,0.06,-22.537259434889794
7,0.08,10.974563957461783
7,0.1,-47.37170315855205
7,0.12,18.19781405383979
7,0.14,15.544704235303024
7,0.16,-15.08372483993691
7,0.18,-22.62417247341557
7,0.2,7.5932895214968745
7,0.22,29.415963112003567
7,0.24,-25.927126444507316
7,0.26,14.483003386651546
7,0.28,-23.74135003811007
7,0.3,31.993118149385335
7,0.32,-6.31351563117361
7,0.34,-5.633579102678408
7,0.36,-23.436737338863335
7,0.38,24.002038082643896
7,0.4,-5.032063101276247
7,0.42,12.790131768790129
7,0.44,-16.572372171112473
7,0.46,-31.12063602040253
7,0.48,-38.703702273881476
8,0.0,-0.0
8,0.013513513513513514,-0.5425966371575885
8,0.02702702702702703,7.656742654606497
8,0.04054054054054054,-7.261475219595585
8,0.05405405405405406,24.7009387599642
8,0.06756756756756757,14.82251870268851
8,0.08108108108108109,-13.490390409215566
8,0.0945945945945946,-35.15462474426553
8,0.10810810810810811,32.66253459044417
8,0.12162162162162163,-15.603633107464526
8,0.13513513513513514,-28.31591816183043
8,0.14864864864864866,10.956096743025547
8,0.16216216216216217,7.731941627563201
8,0.17567567567567569,-10.531726461071662
8,0.1891891891891892,-35.603356013621955
8,0.20270270270270271,4.991588848535888
8,0.21621621621621623,42.08733630214209
8,0.22972972972972974,6.811174322092874
8,0.24324324324324326,-49.690630559900534
8,0.2567567567567568,-17.82407426353688
8,0.2702702702702703,4.340704962621455
8,0.28378378378378377,-22.80033910544262
8,0.2972972972972973,-5.371506837844588
8,0.31081081081081086,-2.1052346004652307
8,0.32432432432432434,1.7896694622736842
8,0.33783783783783783,-18.685221978569192
8,0.35135135135135137,-1.4136197210783186
8,0.3648648648648649,-19.56283312476001
8,0.3783783783783784,6.4740436692833985
8,0.3918918918918919,-9.838102267557957
8,0.40540540540540543,35.22879216832263
8,0.41891891891891897,-2.930391873003243
8,0.43243243243243246,16.10639161423054
8,0.44594594594594594,-3.243981788139326
8,0.4594594594594595,32.7701766311983
8,0.472972972972973,-8.29758289030199
8,0.4864864864864865,-9.241039630482474
9,0.0,-0.0
9,0.012658227848101266,-12.519446182980863
9,0.02531645569620253,-33.45105353257437
9,0.0379746835443038,15.42166655554152
9,0.05063291139240506,10.631371562335799
9,0.06329113924050633,5.500506249821794
9,0.0759493670886076,34.258396034980834
9,0.08860759493670886,-11.145545428293817
9,0.10126582278481013,-31.68773968225295
9,0.11392405063291139,18.369950214616228
9,0.12658227848101267,9.410205199394541
9,0.13924050632911392,3.2886418155766077
9,0.1518987341772152,11.616158667303138
9,0.16455696202531644,-3.105641512332812
9,0.17721518987341772,-23.435668894178892
9,0.18987341772151897,6.607597809372258
9,0.20253164556962025,2.5982244031363946
9,0.21518987341772153,-3.3633589904338788
9,0.22784810126582278,-45.10470169503968
9,0.24050632911392406,-16.6697206440012
9,0.25316455696202533,10.285523882495998
9,0.26582278481012656,-19.976606022994176
9,0.27848101265822783,-3.143414600096619
9,0.2911392405063291,-5.8360708067210805
9,0.3037974683544304,3.784872558626761
9,0.31645569620253167,-14.799376179473215
9,0.3291139240506329,39.36231651376338
9,0.34177215189873417,-24.565952649893187
9,0.35443037974683544,-16.941554059349716
9,0.3670886075949367,7.340202493024952
9,0.37974683544303794,-6.279147258353689
9,0.3924050632911392,-9.168595114861068
9,0.4050632911392405,-23.652224793755355
9,0.4177215189873418,11.102526308080023
9,0.43037974683544306,30.68516358102331
9,0.4430379746835443,-0.9160442372400367
9,0.45569620253164556,-38.73354705249987
9,0.46835443037974683,-33.07629512368211
9,0.4810126582278481,-45.425789179895204
9,0.49367088607594933,-24.64629007510344
10,0.0,-0.0
10,0.013888888888888888,12.808600688759121
10,0.027777777777777776,26.592115480735174
10,0.041666666666666664,-3.2623514640522906
10,0.05555555555555555,-16.61337907042539
10,0.06944444444444445,-16.102404987833452
10,0.08333333333333333,27.265733587132935
10,0.09722222222222221,13.79209785701086
10,0.1111111111111111,32.229794050649005
10,0.125,-34.837274756905934
10,0.1388888888888889,13.913093639121215
10,0.15277777777777776,7.91636873428072
10,0.16666666666666666,-15.188526736652236
10,0.18055555555555555,-12.395764968054367
10,0.19444444444444442,6.655238635636628
10,0.20833333333333331,24.06518737782875
10,0.2222222222222222,25.908579772720383
10,0.2361111111111111,18.858924181885545
10,0.25,-18.13470000000001
10,0.2638888888888889,-7.629611162149509
10,0.2777777777777778,2.6786893599004635
10,0.29166666666666663,11.301817797555529
10,0.3055555555555555,-63.218809331676546
10,0.3194444444444444,-5.489561264772869
10,0.3333333333333333,-6.327008394968367
10,0.3472222222222222,-47.49603452626077
10,0.3611111111111111,-17.442646535708953
10,0.375,10.523125243094062
10,0.38888888888888884,-9.782482835686817
10,0.40277777777777773,17.217208917156185
10,0.41666666666666663,-26.105333587132932
10,0.4305555555555555,11.164337445357639
10,0.4444444444444444,-11.787047011373716
10,0.4583333333333333,-31.681381883779057
10,0.4722222222222222,6.196966719812643
10,0.4861111111111111,-5.332302304074605
11,0.0,-0.0
11,0.014285714285714285,-28.281616702081138
11,0.02857142857142857,-5.02091480972195
11,0.04285714285714286,59.1594342766649
11,0.05714285714285714,-22.80706570179874
11,0.07142857142857142,39.533532390917564
11,0.08571428571428572,11.422608906681514
11,0.09999999999999999,-7.635929974096939
11,0.11428571428571428,-3.3196812272565035
11,0.12857142857142856,15.485861006166381
11,0.14285714285714285,-29.58418786665164
11,0.15714285714285714,25.77668557249141
11,0.17142857142857143,62.79879273267781
11,0.18571428571428572,0.7731515839885472
11,0.19999999999999998,-9.924201815436179
11,0.21428571428571427,-48.078612758787585
11,0.22857142857142856,-8.017768889135024
11,0.24285714285714285,-34.04087295854731
11,0.2571428571428571,-64.12480009243667
11,0.2714285714285714,8.527068469666052
11,0.2857142857142857,-24.844923689660476
11,0.3,4.776700383705036
11,0.3142857142857143,-1.417250051587263
11,0.32857142857142857,29.382479524085678
11,0.34285714285714286,13.590592377394541
11,0.35714285714285715,5.9837059623882
11,0.37142857142857144,31.37421088137762
11,0.3857142857142857,-2.100071630739265
11,0.39999999999999997,-54.31898481609808
11,0.41428571428571426,6.891936075645553
11,0.42857142857142855,24.854662819139413
11,0.44285714285714284,6.555747618860169
11,0.45714285714285713,9.71407014513175
11,0.4714285714285714,-0.8923936449003316
11,0.4857142857142857,-23.363533193728777
12,0.0,-0.0
12,0.014492753623188406,-6.792503128603009
12,0.028985507246376812,5.993078006802609
12,0.043478260869565216,8.849115920733166
12,0.057971014492753624,-7.812722879860427
12,0.07246376811594203,31.515112796128506
12,0.08695652173913043,8.368586995887128
12,0.10144927536231885,4.493198175739909
12,0.11594202898550725,-19.08762655951947
12,0.13043478260869565,-18.427561484805974
12,0.14492753623188406,-8.963890545338018
12,0.15942028985507248,-28.431468693993043
12,0.17391304347826086,14.583750548802202
12,0.18840579710144928,-40.18113606497808
12,0.2028985507246377,-8.8054040374721
12,0.21739130434782608,-26.29002873132245
12,0.2318840579710145,-2.8274683655639894
12,0.2463768115942029,-11.313491924610556
12,0.2608695652173913,12.012723316879102
12,0.2753623188405797,8.362676795032106
12,0.2898550724637681,20.13111942365587
12,0.30434782608695654,-36.08411547544512
12,0.31884057971014496,46.9661652772842
12,0.3333333333333333,47.58298638807261
12,0.34782608695652173,24.929252501432522
12,0.36231884057971014,-79.63157573790421
12,0.37681159420289856,36.04399866016389
12,0.391304347826087,39.12250673608123
12,0.4057971014492754,29.84104161902797
12,0.42028985507246375,-25.53012390422933
12,0.43478260869565216,-23.88560841693159
12,0.4492753623188406,9.885568858878978
12,0.463768115942029,-17.872365813840275
12,0.4782608695652174,30.295229535999578
12,0.4927536231884058,11.973786004401815
13,0.0,-0.0
13,0.014084507042253521,-40.09724144995471
13,0.028169014084507043,16.290118885909372
13,0.04225352112676056,9.040753257904155
13,0.056338028169014086,-3.833738539510277
13,0.07042253521126761,-15.101389506355318
13,0.08450704225352113,40.59460733318627
13,0.09859154929577466,-27.818089166820524
13,0.11267605633802817,-14.451524844631997
13,0.1267605633802817,22.11153768260625
13,0.14084507042253522,-26.168535272395417
13,0.15492957746478875,-4.469609300534053
13,0.16901408450704225,-19.443854074285365
13,0.18309859154929578,-22.968373880854426
13,0.1971830985915493,25.999936011187128
13,0.2112676056338028,7.618243382892186
13,0.22535211267605634,-28.828570978332454
13,0.23943661971830987,2.142598114625544
13,0.2535211267605634,-25.70941635941744
13,0.26760563380281693,29.308435068392715
13,0.28169014084507044,-4.382609977001934
13,0.29577464788732394,-36.6827282369381
13,0.3098591549295775,-27.355460270051104
13,0.323943661971831,0.8484507600492632
13,0.3380281690140845,-0.29099508469821256
13,0.35211267605633806,4.389564834603798
13,0.36619718309859156,-27.24137266336921
13,0.38028169014084506,-19.89057862622019
13,0.3943661971830986,16.871718049944896
13,0.4084507042253521,7.078402274369748
13,0.4225352112676056,-46.66831141897864
13,0.4366197183098592,6.605649576670179
13,0.4507042253521127,-28.426978818521327
13,0.4647887323943662,-6.343578124022969
13,0.47887323943661975,10.553827027661317
13,0.49295774647887325,50.59672792466968
14,0.0,-0.0
14,0.03125,5.1301722120043465
14,0.0625,17.144740600131087
14,0.09375,-20.96382194936152
14,0.125,-16.48545468817952
14,0.15625,-12.994636143097102
14,0.1875,11.110183280895763
14,0.21875,-6.107708008648105
14,0.25,-5.788100000000014
14,0.28125,-5.69660276593671
14,0.3125,-6.469668360232001
14,0.34375,19.40163035247524
14,0.375,-2.5672546881795135
14,0.40625,-24.16871914570738
14,0.4375,17.652488959003314
14,0.46875,15.638513762797544
15,0.0,-0.0
15,0.02857142857142857,-8.733239268219478
15,0.05714285714285714,-25.251495108997485
15,0.08571428571428572,3.991692460215484
15,0.11428571428571428,5.405720886270116
15,0.14285714285714285,9.410268342354122
15,0.17142857142857143,4.222266910605603
15,0.19999999999999998,3.376194988085009
15,0.22857142857142856,-26.72032309473932
15,0.2571428571428571,-8.150626848683942
15,0.2857142857142857,12.887528598231556
15,0.3142857142857143,-24.98861964683782
15,0.34285714285714286,-3.9140910442120758
15,0.37142857142857144,-12.151925726913113
15,0.39999999999999997,-0.08243188054193551
15,0.42857142857142855,49.2700409687992
15,0.45714285714285713,-19.360714028774435
15,0.4857142857142857,6.639629895435382
16,0.0,-0.0
16,0.01282051282051282,1.4600031259719586
16,0.02564102564102564,8.725153353469217
16,0.038461538461538464,4.063621439255163
16,0.05128205128205128,-9.406334005120659
16,0.0641025641025641,-4.988163507742198
16,0.07692307692307693,-21.808277726424617
16,0.08974358974358974,-69.72361497374015
16,0.10256410256410256,29.04213990313975
16,0.11538461538461538,16.849989259302355
16,0.1282051282051282,-10.233678764137363
16,0.14102564102564102,2.9937543030638416
16,0.15384615384615385,-28.774356194476518
16,0.16666666666666666,3.6739395704747118
16,0.1794871794871795,3.7206288537881775
16,0.1923076923076923,39.253347323795246
16,0.20512820512820512,-20.59041364524511
16,0.21794871794871795,14.598900978429356
16,0.23076923076923075,-21.138053305814076
16,0.24358974358974358,-20.42737726226926
16,0.2564102564102564,-7.327799928025035
16,0.2692307692307692,46.1544040014787
16,0.28205128205128205,-40.12915774568182
16,0.2948717948717949,27.936013991592826
16,0.3076923076923077,-38.26168195073567
16,0.3205128205128205,-55.80318752223066
16,0.3333333333333333,-24.42252260450379
16,0.34615384615384615,10.677236332375983
16,0.358974358974359,29.991812373787095
16,0.3717948717948718,1.2586785970494576
16,0.3846153846153846,-6.732602074493366
16,0.3974358974358974,-19.929748063212244
16,0.41025641025641024,27.43728288341412
16,0.4230769230769231,-18.5248884569703
16,0.4358974358974359,4.240047468149508
16,0.4487179487179487,-22.018689230332825
16,0.4615384615384615,30.502855305583473
16,0.47435897435897434,-43.3954567334263
16,0.48717948717948717,-28.584870102380076
17,0.0,-0.0
17,0.0136986301369863,9.758543755371873
17,0.0273972602739726,9.058168793709001
17,0.0410958904109589,26.198527427936757
17,0.0547945205479452,7.9418237784532195
17,0.0684931506849315,30.513017039997443
17,0.0821917808219178,17.695562102908003
17,0.0958904109589041,-11.459399945456639
17,0.1095890410958904,-0.8824118541285138
17,0.1232876712328767,-13.030472748436363
17,0.136986301369863,-7.587840949453328
17,0.1506849315068493,-1.7424062982968516
17,0.1643835616438356,-13.742412143060033
17,0.1780821917808219,-2.3314979387070514
17,0.1917808219178082,40.08852231285956
17,0.2054794520547945,-24.739231908579995
17,0.2191780821917808,-7.50602573897144
17,0.2328767123287671,-8.328025825943381
17,0.2465753424657534,-16.599192929947474
17,0.2602739726027397,5.151725551651888
17,0.273972602739726,-15.067483281104867
17,0.2876712328767123,-3.0496589785644277
17,0.3013698630136986,-8.925372209889716
17,0.3150684931506849,-10.750505317152756
17,0.3287671232876712,-3.53894829136047
17,0.3424657534246575,12.742085513280443
17,0.3561643835616438,26.035413103737458
17,0.3698630136986301,44.44601609865321
17,0.3835616438356164,22.327312976273255
17,0.3972602739726027,-25.18979301785517
17,0.410958904109589,-14.052337780447694
17,0.4246575342465753,-1.270291678089204
17,0.4383561643835616,0.5705889641024338
17,0.4520547945205479,39.94107220292294
17,0.4657534246575342,21.20379832668428
17,0.4794520547945205,36.107570855842674
17,0.4931506849315068,43.25485081902392
18,0.0,-0.0
18,0.013157894736842105,-14.196002104833642
18,0.02631578947368421,-19.15490333707902
18,0.039473684210526314,1.1389992211017415
18,0.05263157894736842,2.3922338952890145
18,0.06578947368421052,12.802867947532677
18,0.07894736842105263,-24.954330079221435
18,0.09210526315789473,-16.295704992781662
18,0.10526315789473684,35.44042300688356
18,0.11842105263157894,36.698810810598694
18,0.13157894736842105,53.80248960048629
18,0.14473684210526316,23.234739785570913
18,0.15789473684210525,22.17742487464786
18,0.17105263157894735,-55.46724670179624
18,0.18421052631578946,-10.259628797892056
18,0.19736842105263158,-19.826503342469724
18,0.21052631578947367,5.940747131914961
18,0.22368421052631576,19.292148026931184
18,0.23684210526315788,-53.45528925739909
18,0.25,17.953700000000026
18,0.2631578947368421,-4.591764091681075
18,0.2763157894736842,-16.59318929985358
18,0.2894736842105263,42.88061177965004
18,0.3026315789473684,18.612546236585526
18,0.3157894736842105,-73.19565537457794
18,0.3289473684210526,28.42926382241501
18,0.3421052631578947,-72.23033832583181
18,0.35526315789473684,-18.96843666477024
18,0.3684210526315789,-18.71405735323716
18,0.381578947368421,-1.2811556328907798
18,0.39473684210526316,-8.433874870416869
18,0.40789473684210525,2.9146344916597586
18,0.42105263157894735,-11.519229856978328
18,0.43421052631578944,-15.607388840723216
18,0.4473684210526315,10.538992150946239
18,0.4605263157894737,-55.942004586905355
18,0.47368421052631576,1.7598551074164934
18,0.48684210526315785,-15.305937879389116
19,0.0,-0.0
19,0.014925373134328358,4.524084238919653
19,0.029850746268656716,2.5341522149169595
19,0.04477611940298507,-17.1944051580914
19,0.05970149253731343,-17.343771244241392
19,0.07462686567164178,-26.717297782648416
19,0.08955223880597014,-10.839706910628621
19,0.1044776119402985,-23.716122465654102
19,0.11940298507462686,12.427434870631483
19,0.13432835820895522,20.616854554892246
19,0.14925373134328357,-21.4017426547899
19,0.16417910447761194,2.609017399068013
19,0.1791044776119403,-14.751594879149184
19,0.19402985074626866,-24.670720488772844
19,0.208955223880597,-10.688313360428257
19,0.22388059701492538,12.534863842277613
19,0.23880597014925373,21.974973698086465
19,0.2537313432835821,-5.110226762258613
19,0.26865671641791045,-18.552787761949613
19,0.2835820895522388,3.5911597366462322
19,0.29850746268656714,11.53115920403647
19,0.31343283582089554,-45.07906714737703
19,0.3283582089552239,30.943456986912455
19,0.34328358208955223,2.004878910075285
19,0.3582089552238806,-3.347533498272682
19,0.3731343283582089,-19.56986915023736
19,0.3880597014925373,7.160078430356465
19,0.40298507462686567,-26.400286274953828
19,0.417910447761194,-5.58228669416674
19,0.43283582089552236,-17.38713509527517
19,0.44776119402985076,6.148824827407463
19,0.4626865671641791,-9.574107529999896
19,0.47761194029850745,17.221405435587123
19,0.4925373134328358,3.077596204184678
20,0.0,-0.0
20,0.0136986301369863,-57.69876015191706
20,0.0273972602739726,-0.7677049984237314
20,0.0410958904109589,55.84382859006304
20,0.0547945205479452,-28.347355453113913
20,0.0684931506849315,33.27688932514895
20,0.0821917808219178,20.064618307978467
20,0.0958904109589041,-59.86466810261767
20,0.1095890410958904,-74.22827104480842
20,0.1232876712328767,16.484178094438942
20,0.136986301369863,-65.76282211522255
20,0.1506849315068493,37.90681726614221
20,0.1643835616438356,21.486867884592296
20,0.1780821917808219,-8.97290232889896
20,0.1917808219178082,81.36088417421429
20,0.2054794520547945,-31.672852340919963
20,0.2191780821917808,-19.791176027840915
20,0.2328767123287671,15.130483266426204
20,0.2465753424657534,-65.1803148721759
20,0.2602739726027397,36.09095534336376
20,0.273972602739726,-21.809541560658523
20,0.2876712328767123,53.50770928479811
20,0.3013698630136986,6.19090394491433
20,0.3150684931506849,-9.844477884266492
20,0.3287671232876712,-11.688258851026502
20,0.3424657534246575,20.845248052999104
20,0.3561643835616438,-9.984821705833193
20,0.3698630136986301,4.58329727487598
20,0.3835616438356164,13.007020042247218
20,0.3972602739726027,26.430368169745805
20,0.410958904109589,10.616061663551152
20,0.4246575342465753,5.485118830035525
20,0.4383561643835616,55.25625079307153
20,0.4520547945205479,-11.9022160742191
20,0.4657534246575342,-25.423441290921147
20,0.4794520547945205,-14.470981747252859
20,0.4931506849315068,15.078585487776714
21,0.0,-0.0
21,0.014705882352941176,-5.814611853715622
21,0.029411764705882353,-34.46337689945118
21,0.044117647058823525,6.682657910054822
21,0.058823529411764705,-25.31801390812112
21,0.07352941176470588,-7.070117352611248
21,0.08823529411764705,-4.931023817144517
21,0.10294117647058823,5.522918990244334
21,0.11764705882352941,40.094503193393656
21,0.1323529411764706,-17.351164681190433
21,0.14705882352941177,25.76367728348585
21,0.16176470588235295,-23.63867319015081
21,0.1764705882352941,-15.385477729540728
21,0.19117647058823528,-13.682061726250115
21,0.20588235294117646,-7.256982699693603
21,0.22058823529411764,17.43627187354031
21,0.23529411764705882,-4.980546020797423
21,0.25,33.4187
21,0.2647058823529412,-13.174533467685517
21,0.27941176470588236,45.19368308482366
21,0.29411764705882354,27.118110093625745
21,0.3088235294117647,8.67154608165266
21,0.3235294117647059,-30.342673387915323
21,0.3382352941176471,-13.412395371175768
21,0.3529411764705882,-32.56969135373349
21,0.3676470588235294,-41.104838745510555
21,0.38235294117647056,34.03345302792045
21,0.39705882352941174,-5.472044636018102
21,0.4117647058823529,53.479376663095806
21,0.4264705882352941,-26.391373606339954
21,0.4411764705882353,38.48936883646358
21,0.45588235294117646,35.809241929699745
21,0.47058823529411764,-45.98237184683835
21,0.4852941176470588,-29.128917525016565
22,0.0,-0.0
22,0.011764705882352941,-50.23187105283171
22,0.023529411764705882,-4.004954493971788
22,0.03529411764705882,25.43524442288139
22,0.047058823529411764,5.817400625906016
22,0.058823529411764705,-26.83610463713201
22,0.07058823529411765,17.02221720647193
22,0.08235294117647059,0.9242638414985835
22,0.09411764705882353,-18.47275313320212
22,0.10588235294117647,-35.00711481174376
22,0.11764705882352941,-8.630369664611962
22,0.12941176470588234,-35.818769757269706
22,0.1411764705882353,28.820635912444768
22,0.15294117647058825,36.76894678240492
22,0.16470588235294117,26.404629862554486
22,0.1764705882352941,-34.18757321362756
22,0.18823529411764706,-18.0360343005032
22,0.2,-31.6062795600982
22,0.21176470588235294,11.58560730781636
22,0.22352941176470587,-14.210796352122426
22,0.23529411764705882,14.650843820414352
22,0.24705882352941178,-35.52225986343638
22,0.2588235294117647,-14.140620057938957
22,0.27058823529411763,43.96315331660486
22,0.2823529411764706,-19.832021328809176
22,0.29411764705882354,7.782109793814627
22,0.3058823529411765,-30.597423290229493
22,0.3176470588235294,-29.00058696547548
22,0.32941176470588235,-60.33779450921212
22,0.3411764705882353,-0.2406889590757615
22,0.3529411764705882,53.46466941927676
22,0.36470588235294116,0.5460875101617431
22,0.3764705882352941,-15.404951815084349
22,0.38823529411764707,14.834627289440144
22,0.4,21.688164311299335
22,0.4117647058823529,-30.626879669502053
22,0.4235294117647059,-10.810998470681227
22,0.43529411764705883,0.8792629735843116
22,0.44705882352941173,-26.279098307162545
22,0.4588235294117647,-58.162108496383915
22,0.47058823529411764,-4.822511928346259
22,0.4823529411764706,-65.10485934960963
22,0.49411764705882355,-1.6921915538429388
23,0.0,-0.0
23,0.012658227848101266,-42.81093660857975
23,0.02531645569620253,46.64087715170844
23,0.0379746835443038,-20.610454292219046
23,0.05063291139240506,33.476742068610164
23,0.06329113924050633,37.95029485029456
23,0.0759493670886076,-15.253388067260289
23,0.08860759493670886,5.152620026552589
23,0.10126582278481013,8.310761415334763
23,0.11392405063291139,7.499367441553819
23,0.12658227848101267,7.1199151200640705
23,0.13924050632911392,-12.093647220603609
23,0.1518987341772152,-11.758823087232903
23,0.16455696202531644,-33.759223833364715
23,0.17721518987341772,-3.2411141726547283
23,0.18987341772151897,23.04125258043252
23,0.20253164556962025,35.257954668532896
23,0.21518987341772153,7.940103705859066
23,0.22784810126582278,23.129743024638557
23,0.24050632911392406,8.84130307140582
23,0.25316455696202533,9.81357493400878
23,0.26582278481012656,22.77755101768816
23,0.27848101265822783,-13.000863447829076
23,0.2911392405063291,2.595804757630221
23,0.3037974683544304,31.090547560203323
23,0.31645569620253167,-9.329931222996308
23,0.3291139240506329,39.07476596979607
23,0.34177215189873417,-11.612241081576975
23,0.35443037974683544,-3.1309297097797595
23,0.3670886075949367,15.770030105652852
23,0.37974683544303794,7.93124120895179
23,0.3924050632911392,3.1330171372423994
23,0.4050632911392405,-73.33240336621208
23,0.4177215189873418,-22.14192472423243
23,0.43037974683544306,-49.66064989725618
23,0.4430379746835443,14.139582438776792
23,0.45569620253164556,-5.470667041413908
23,0.46835443037974683,48.35332918932379
23,0.4810126582278481,6.555993875695371
23,0.49367088607594933,-15.149255835472662
24,0.0,-0.0
24,0.018867924528301886,4.565824365763605
24,0.03773584905660377,26.677865265774717
24,0.05660377358490566,-16.92170803987061
24,0.07547169811320754,2.984915262760474
24,0.09433962264150943,-15.000288413636255
24,0.11320754716981132,5.848162215105714
24,0.1320754716981132,4.011922730292356
24,0.1509433962264151,-22.307913912707306
24,0.16981132075471697,-18.750096751515215
24,0.18867924528301885,8.606613909745464
24,0.20754716981132074,11.675993265987394
24,0.22641509433962265,22.42594066816969
24,0.24528301886792453,-4.260539952702127
24,0.2641509433962264,19.612067387700822
24,0.2830188679245283,9.29932710711093
24,0.3018867924528302,-27.213156107614093
24,0.32075471698113206,-26.32803681342334
24,0.33962264150943394,-46.557363862817766
24,0.3584905660377358,13.938668247022346
24,0.3773584905660377,23.20150014346939
24,0.3962264150943396,3.3343306861615702
24,0.4150943396226415,-30.86457464359646
24,0.43396226415094336,-6.765992627774327
24,0.4528301886792453,8.43886206283774
24,0.4716981132075472,31.00596151494463
24,0.49056603773584906,8.635918397291581
25,0.0,-0.0
25,0.011363636363636364,-30.58686781821775
25,0.022727272727272728,12.472234950726058
25,0.03409090909090909,19.473284293586964
25,0.045454545454545456,7.897665715512254
25,0.05681818181818182,10.968652455646291
25,0.06818181818181818,-4.778260221128753
25,0.07954545454545454,-9.116384056605632
25,0.09090909090909091,29.639673357668443
25,0.10227272727272728,-12.580132993862541
25,0.11363636363636365,2.3741665076738414
25,0.125,-51.028693380916735
25,0.13636363636363635,-43.79940126585895
25,0.14772727272727273,-11.056226515613487
25,0.1590909090909091,33.29693699389426
25,0.17045454545454547,-8.301032709852961
25,0.18181818181818182,30.525281916669563
25,0.19318181818181818,28.389064289118412
25,0.20454545454545456,-34.82999041270937
25,0.2159090909090909,22.295739065330665
25,0.2272727272727273,3.5035708875238925
25,0.23863636363636365,-30.92128754093938
25,0.25,10.454499999999996
25,0.26136363636363635,40.15685836706067
25,0.2727272727272727,33.44205755945553
25,0.2840909090909091,-19.507515884157186
25,0.29545454545454547,-67.59484283590825
25,0.3068181818181818,-28.739977669580323
25,0.3181818181818182,11.29295479008568
25,0.32954545454545453,-60.24374793015447
25,0.34090909090909094,-12.766776653587016
25,0.3522727272727273,29.734265933894726
25,0.36363636363636365,-1.4674802526458386
25,0.375,-47.709293380916705
25,0.38636363636363635,11.036322734122262
25,0.39772727272727276,17.808671334710823
25,0.4090909090909091,-4.019523143791021
25,0.42045454545454547,-70.32345527085707
25,0.4318181818181818,17.655461438625025
25,0.4431818181818182,24.1433852151282
25,0.4545454545454546,55.05173695721802
25,0.46590909090909094,-35.91980466475318
25,0.4772727272727273,23.271770613898926
25,0.48863636363636365,-26.081931647463446
26,0.0,-0.0
26,0.011904761904761904,-4.6340377983995005
26,0.023809523809523808,-70.47432812208227
26,0.03571428571428571,41.76884992217683
26,0.047619047619047616,2.3229331103274724
26,0.05952380952380952,-31.88320512514145
26,0.07142857142857142,19.995907206999732
26,0.08333333333333333,-15.146655670062964
26,0.09523809523809523,-8.739165389794117
26,0.10714285714285714,55.43596023224133
26,0.11904761904761904,-19.875106603790805
26,0.13095238095238093,3.813649092603173
26,0.14285714285714285,4.611836576657433
26,0.15476190476190477,37.72026876681521
26,0.16666666666666666,-30.37263674374521
26,0.17857142857142855,-4.9876750318936605
26,0.19047619047619047,7.257928306948541
26,0.20238095238095238,27.742148620913568
26,0.21428571428571427,-17.910598444048095
26,0.22619047619047616,38.25163531951885
26,0.23809523809523808,-49.00438619145025
26,0.25,38.910499999999985
26,0.26190476190476186,3.1069474547766873
26,0.2738095238095238,10.40876388946554
26,0.2857142857142857,-9.920858138187288
26,0.2976190476190476,-12.824315837869376
26,0.30952380952380953,-3.318395848232799
26,0.3214285714285714,-31.712849339580792
26,0.3333333333333333,-35.74545834882381
26,0.34523809523809523,4.469095956455952
26,0.3571428571428571,-0.6227769665924736
26,0.369047619047619,31.373980501321128
26,0.38095238095238093,-28.16052042225271
26,0.39285714285714285,-39.49113642773787
26,0.40476190476190477,9.469836204680654
26,0.41666666666666663,37.05735567006298
26,0.42857142857142855,-34.997526173247834
26,0.44047619047619047,50.32251181223757
26,0.45238095238095233,-18.079128433935722
26,0.46428571428571425,-45.22540174619894
26,0.47619047619047616,-33.00648329268891
26,0.4880952380952381,-2.204037592103308
27,0.0,-0.0
27,0.02,19.2394813213823
27,0.04,15.670445826802212
27,0.06,32.049882447973744
27,0.08,-3.221757252997797
27,0.1,7.625549562563033
27,0.12,27.399912676259042
27,0.14,-23.3358940109605
27,0.16,14.086359343716431
27,0.18,-21.143423611901035
27,0.2,-1.315286591888829
27,0.22,-56.85113281391194
27,0.24,17.405409444080185
27,0.26,23.062817057399236
27,0.28,-29.611161618631975
27,0.3,3.9918126435736623
27,0.32,-31.296889829019683
27,0.34,10.540798875589118
27,0.36,-9.473913742532183
27,0.38,-20.832663172785786
27,0.4,12.52674655462054
27,0.42,13.826262352519194
27,0.44,31.14323359367765
27,0.46,-28.670877006328094
27,0.48,16.366663293969154
28,0.0,-0.0
28,0.01282051282051282,-47.384906968614196
28,0.02564102564102564,41.15706753192164
28,0.038461538461538464,-30.786672626209672
28,0.05128205128205128,16.14188359296862
28,0.0641025641025641,-6.173047221483204
28,0.07692307692307693,8.17522147555287
28,0.08974358974358974,29.512012157978997
28,0.10256410256410256,10.47239485045369
28,0.11538461538461538,13.26595922944237
28,0.1282051282051282,25.154067485447065
28,0.14102564102564102,39.29086119053159
28,0.15384615384615385,37.39351561794152
28,0.16666666666666666,10.57953953771144
28,0.1794871794871795,-21.80050068312353
28,0.1923076923076923,-2.097468749960683
28,0.20512820512820512,-24.233185052795868
28,0.21794871794871795,-5.082259023152243
28,0.23076923076923075,28.399396491389837
28,0.24358974358974358,13.164176217139772
28,0.2564102564102564,-10.980555243587723
28,0.2692307692307692,5.751039058856293
28,0.28205128205128205,-55.357940374146565
28,0.2948717948717949,-29.726649047234794
28,0.3076923076923077,-55.51666987291354
28,0.3205128205128205,6.194804349034759
28,0.3333333333333333,-42.22739868852925
28,0.34615384615384615,11.376067642346099
28,0.358974358974359,-32.233698626811645
28,0.3717948717948718,-0.5106696011358487
28,0.3846153846153846,39.621586855726136
28,0.3974358974358974,-3.8303751474957908
28,0.41025641025641024,-5.448777390308155
28,0.4230769230769231,12.842784554763742
28,0.4358974358974359,27.09084340015184
28,0.4487179487179487,-18.461139734979643
28,0.4615384615384615,29.7606229737356
28,0.47435897435897434,-30.902136367566342
28,0.48717948717948717,-23.45255252973309
29,0.0,-0.0
29,0.015625,-20.938237782813218
29,0.03125,-54.46648868219148
29,0.046875,34.76879030438127
29,0.0625,-27.67961251757978
29,0.078125,-20.299658188975897
29,0.09375,-32.07492186799816
29,0.109375,16.670140327003338
29,0.125,7.3846275763690805
29,0.140625,39.691085712331855
29,0.15625,0.41318615403569403
29,0.171875,-60.49090339905423
29,0.1875,15.832416263188339
29,0.203125,-22.806842099108408
29,0.21875,17.531239501739748
29,0.234375,-12.593303130897915
29,0.25,-6.5878999999999905
29,0.265625,26.50504000462275
29,0.28125,-25.110352023641838
29,0.296875,-53.05942783881608
29,0.3125,29.723111223814637
29,0.328125,14.97043104915674
29,0.34375,-23.530125330465765
29,0.359375,-12.671821809032128
29,0.375,41.57162757636907
29,0.390625,7.534123209618382
29,0.40625,-22.625553584845605
29,0.421875,6.785924653604795
29,0.4375,-47.58891755695349
29,0.453125,12.008251290512247
29,0.46875,4.807799560080955
29,0.484375,-2.703605911844603
30,0.0,-0.0
30,0.012195121951219513,23.914799526742712
30,0.024390243902439025,60.828924994687554
30,0.03658536585365854,-1.6979206836012715
30,0.04878048780487805,28.61254609695353
30,0.06097560975609756,-33.487391904903696
30,0.07317073170731708,15.901735854681387
30,0.08536585365853659,-8.98087470183751
30,0.0975609756097561,65.32203790606266
30,0.10975609756097561,-18.181601993941264
30,0.12195121951219512,15.95765789951647
30,0.13414634146341464,-36.12444849080728
30,0.14634146341463417,-34.3281539161716
30,0.15853658536585366,-11.028587602386146
30,0.17073170731707318,-29.512146878616285
30,0.18292682926829268,-7.458268760019877
30,0.1951219512195122,-29.12027998043309
30,0.20731707317073172,-9.558230425074235
30,0.21951219512195122,26.51855383927116
30,0.23170731707317074,-68.68405163108362
30,0.24390243902439024,22.818750774131146
30,0.25609756097560976,-43.86880837124889
30,0.2682926829268293,-51.59349288296634
30,0.2804878048780488,32.3687970989018
30,0.29268292682926833,-21.463248373207435
30,0.3048780487804878,2.761797807434574
30,0.3170731707317073,-75.91774473895114
30,0.32926829268292684,-6.074811105775062
30,0.34146341463414637,16.348958490784995
30,0.3536585365853659,52.53336448416363
30,0.36585365853658536,103.08410084395175
30,0.3780487804878049,-66.93068988081345
30,0.3902439024390244,-43.35609624639472
30,0.4024390243902439,35.020397430278734
30,0.41463414634146345,1.999391003651997
30,0.4268292682926829,32.2763172723992
30,0.43902439024390244,9.076436311190655
30,0.45121951219512196,2.2164338151421585
30,0.4634146341463415,-37.78398399455253
30,0.475609756097561,-4.86973334667768
30,0.4878048780487805,21.598967764763962
31,0.0,-0.0
31,0.013157894736842105,-18.57456198554511
31,0.02631578947368421,-12.629570548360444
31,0.039473684210526314,31.305938122436572
31,0.05263157894736842,24.945486419372507
31,0.06578947368421052,-6.604405050174526
31,0.07894736842105263,-5.7080761778997715
31,0.09210526315789473,-40.95883313947111
31,0.10526315789473684,-31.790199066338644
31,0.11842105263157894,51.36928060796091
31,0.13157894736842105,-37.17414907107277
31,0.14473684210526316,33.07419358910474
31,0.15789473684210525,-20.97560440603504
31,0.17105263157894735,-52.3241436473838
31,0.18421052631578946,-24.302791748013533
31,0.19736842105263158,-17.157687200437195
31,0.21052631578947367,-20.62301424835244
31,0.22368421052631576,22.14963337155753
31,0.23684210526315788,42.54732281752378
31,0.25,-10.097200000000015
31,0.2631578947368421,4.397042300624012
31,0.2763157894736842,-6.224814914388662
31,0.2894736842105263,-2.1093433072266876
31,0.3026315789473684,-10.542618022614443
31,0.3157894736842105,3.3956754716768085
31,0.3289473684210526,6.080323894624009
31,0.3421052631578947,94.29463882742306
31,0.35526315789473684,-13.056919503773461
31,0.3684210526315789,9.836407510573174
31,0.381578947368421,-8.79908838947798
31,0.39473684210526316,-38.550743539063475
31,0.40789473684210525,4.169115649640457
31,0.42105263157894735,-1.6984258860688488
31,0.43421052631578944,-25.41524831731359
31,0.4473684210526315,-42.66012940563463
31,0.4605263157894737,-17.06332717809721
31,0.47368421052631576,43.90939907463191
31,0.48684210526315785,-47.172013253070425
32,0.0,-0.0
32,0.014925373134328358,-0.35855250712246
32,0.029850746268656716,-1.785707122541082
32,0.04477611940298507,-11.192561413756316
32,0.05970149253731343,-0.30292876332849406
32,0.07462686567164178,-14.53425333945295
32,0.08955223880597014,15.28755320763716
32,0.1044776119402985,34.74637535980663
32,0.11940298507462686,-7.882242258327744
32,0.13432835820895522,-28.422338898744794
32,0.14925373134328357,-31.924878368593326
32,0.16417910447761194,-2.908549012818204
32,0.1791044776119403,-6.704221309921959
32,0.19402985074626866,15.630306078846054
32,0.208955223880597,-24.37762531701706
32,0.22388059701492538,4.429966429493826
32,0.23880597014925373,1.426969296591587
32,0.2537313432835821,11.878125300524955
32,0.26865671641791045,2.6319730141226225
32,0.2835820895522388,-23.694211859188634
32,0.29850746268656714,12.010639701705887
32,0.31343283582089554,22.70193449410496
32,0.3283582089552239,-10.284085687103598
32,0.34328358208955223,-9.556219752151174
32,0.3582089552238806,-17.13531449772599
32,0.3731343283582089,-15.129727998683666
32,0.3880597014925373,-7.409556175859647
32,0.40298507462686567,-53.661023759589014
32,0.417910447761194,44.884625728073104
32,0.43283582089552236,-35.637545073666296
32,0.44776119402985076,-42.036125955221095
32,0.4626865671641791,18.901351725333484
32,0.47761194029850745,41.965951477461196
32,0.4925373134328358,-15.585276073008593
33,0.0,-0.0
33,0.014084507042253521,14.111888265359337
33,0.028169014084507043,-18.710822767183025
33,0.04225352112676056,0.22967053654339842
33,0.056338028169014086,-2.933045367563596
33,0.07042253521126761,3.6712810708048904
33,0.08450704225352113,-10.497501828099319
33,0.09859154929577466,29.43558885442483
33,0.11267605633802817,-6.798863892253253
33,0.1267605633802817,28.677870255921352
33,0.14084507042253522,-6.342736715776329
33,0.15492957746478875,15.862716707560859
33,0.16901408450704225,5.59504989595612
33,0.18309859154929578,-4.621885054739832
33,0.1971830985915493,-0.44341624785494416
33,0.2112676056338028,1.3555686090994534
33,0.22535211267605634,-19.771758941652294
33,0.23943661971830987,-2.6561833400404344
33,0.2535211267605634,9.806726190212126
33,0.26760563380281693,0.34420037073582677
33,0.28169014084507044,-30.27792192730299
33,0.29577464788732394,7.914817479440415
33,0.3098591549295775,-29.541914167566773
33,0.323943661971831,-8.858877289454735
33,0.3380281690140845,-31.97404197799166
33,0.35211267605633806,-3.816191902210547
33,0.36619718309859156,28.859402972721178
33,0.38028169014084506,-13.939978068045903
33,0.3943661971830986,-29.285373419115338
33,0.4084507042253521,14.424613664481061
33,0.4225352112676056,-15.113589371401678
33,0.4366197183098592,3.602376406782388
33,0.4507042253521127,-4.1101196312479615
33,0.4647887323943662,12.283575173265106
33,0.47887323943661975,20.786489579928315
33,0.49295774647887325,6.224498636967229
34,0.0,-0.0
34,0.023255813953488372,10.238732733583001
34,0.046511627906976744,-0.5493763422253937
34,0.06976744186046512,-6.874903396853908
34,0.09302325581395349,13.971854777594935
34,0.11627906976744186,-6.8402626997396005
34,0.13953488372093023,-8.126866790752313
34,0.16279069767441862,-28.810720872928872
34,0.18604651162790697,-22.324504934037208
34,0.20930232558139533,-7.432877961395108
34,0.23255813953488372,20.78908144631586
34,0.2558139534883721,15.59055080572581
34,0.27906976744186046,11.518546069573985
34,0.3023255813953488,-3.912246106244213
34,0.32558139534883723,-41.12680720360899
34,0.3488372093023256,-1.1951607836107354
34,0.37209302325581395,22.926459306238673
34,0.3953488372093023,34.80079137626072
34,0.41860465116279066,-27.267511785154927
34,0.4418604651162791,-6.043244107797909
34,0.46511627906976744,52.19659848671519
34,0.4883720930232558,-18.00869383742599
35,0.0,-0.0
35,0.02702702702702703,-10.789689550188612
35,0.05405405405405406,3.504193571936806
35,0.08108108108108109,25.356982193143693
35,0.10810810810810811,8.84031243476403
35,0.13513513513513514,8.365877756589045
35,0.16216216216216217,12.124643992142431
35,0.1891891891891892,-13.109011865905675
35,0.21621621621621623,6.627871384765704
35,0.24324324324324326,-3.929524838729985
35,0.2702702702702703,-44.65878389037035
35,0.2972972972972973,-4.498041769545912
35,0.32432432432432434,9.808396738932304
35,0.35135135135135137,-20.776344682461904
35,0.3783783783783784,-43.21611338732538
35,0.40540540540540543,49.54796513243076
35,0.43243243243243246,-20.51717537115946
35,0.4594594594594595,-9.001474485900099
35,0.4864864864864865,-6.650763098521711
36,0.0,-0.0
36,0.00909090909090909,-20.684429795801112
36,0.01818181818181818,-20.26058034390975
36,0.02727272727272727,4.036307046601344
36,0.03636363636363636,1.2706983695213339
36,0.045454545454545456,13.22535003206771
36,0.05454545454545454,-0.7513688830927698
36,0.06363636363636363,10.450720622346026
36,0.07272727272727272,18.40845794945967
36,0.08181818181818182,-48.41665716238067
36,0.09090909090909091,-20.663993998980928
36,0.09999999999999999,-5.288536613298838
36,0.10909090909090909,-2.3971538429782626
36,0.11818181818181818,24.562851350593544
36,0.12727272727272726,-9.275345879749452
36,0.13636363636363635,22.21851218390106
36,0.14545454545454545,-9.490443778892335
36,0.15454545454545454,-2.330249361512177
36,0.16363636363636364,-5.018407442671021
36,0.17272727272727273,-11.269496490728352
36,0.18181818181818182,25.895132666486347
36,0.1909090909090909,-20.816223220131626
36,0.19999999999999998,27.444736433843616
36,0.20909090909090908,3.0291149011578735
36,0.21818181818181817,32.951118412706435
36,0.22727272727272727,29.441106750895763
36,0.23636363636363636,26.51445589562083
36,0.24545454545454545,12.217707499241437
36,0.2545454545454545,-20.21104287274551
36,0.2636363636363636,-75.94936707225729
36,0.2727272727272727,-33.077757003577844
36,0.2818181818181818,6.033179785889473
36,0.2909090909090909,-18.551731482484627
36,0.3,49.43715018184501
36,0.3090909090909091,-48.32398715148867
36,0.3181818181818182,47.27499558709823
36,0.32727272727272727,-7.599631664194677
36,0.33636363636363636,-3.478081636054733
36,0.34545454545454546,25.99212759336324
36,0.35454545454545455,87.12860479370394
36,0.36363636363636365,-4.541298936774716
36,0.3727272727272727,23.828298199421354
36,0.3818181818181818,6.258013931399269
36,0.3909090909090909,10.544483053982754
36,0.39999999999999997,2.0734691315181095
36,0.40909090909090906,15.614978782576976
36,0.41818181818181815,20.40595700494822
36,0.42727272727272725,-12.989414146438882
36,0.43636363636363634,-56.43581877189881
36,0.44545454545454544,19.28372094044808
36,0.45454545454545453,-36.830531182692155
36,0.4636363636363636,-15.788736800314837
36,0.4727272727272727,-71.91517026628563
36,0.4818181818181818,43.01723595081117
36,0.4909090909090909,18.412379764588533
37,0.0,-0.0
37,0.024390243902439025,-33.755375901146195
37,0.04878048780487805,29.788925183189324
37,0.07317073170731708,9.616308028374952
37,0.0975609756097561,2.375135331333084
37,0.12195121951219512,6.706015051192198
37,0.14634146341463417,24.155158808276422
37,0.17073170731707318,-6.8013821093332965
37,0.1951219512195122,1.6586343509647623
37,0.21951219512195122,-42.930666361755925
37,0.24390243902439024,-9.565529570859628
37,0.2682926829268293,-24.498169899126097
37,0.29268292682926833,11.40040584881076
37,0.3170731707317073,0.7250866806750436
37,0.34146341463414637,33.206143559284946
37,0.36585365853658536,-6.846841177739034
37,0.3902439024390244,-18.06132017050565
37,0.41463414634146345,-11.946744702254946
37,0.43902439024390244,-32.21951256970226
37,0.4634146341463415,31.847300161388283
37,0.4878048780487805,-17.562980695588436
38,0.0,-0.0
38,0.025,-16.993429426904864
38,0.05,3.8517999475206883
38,0.07500000000000001,5.369417870659366
38,0.1,-14.899378752282121
38,0.125,-3.1078515904945263
38,0.15000000000000002,1.2059313158000067
38,0.17500000000000002,6.678221464421934
38,0.2,5.334666457751816
38,0.225,-3.4246176005450963
38,0.25,-21.493899999999996
38,0.275,-10.393112315373038
38,0.30000000000000004,-0.9974327338443318
38,0.325,-16.88519834736537
38,0.35000000000000003,-0.7735338531815903
38,0.375,24.646748409505484
38,0.4,-7.563679557400459
38,0.42500000000000004,6.871481383961581
38,0.45,8.074997515097731
38,0.47500000000000003,-23.166891010562015
39,0.0,-0.0
39,0.011235955056179775,-11.828871192283337
39,0.02247191011235955,-38.08235709950212
39,0.033707865168539325,78.67929749361284
39,0.0449438202247191,4.083001488020803
39,0.056179775280898875,-16.49471565847928
39,0.06741573033707865,10.325706367032048
39,0.07865168539325842,9.89927154740001
39,0.0898876404494382,-40.8438544366344
39,0.10112359550561797,69.65388223240352
39,0.11235955056179775,1.6287446144579842
39,0.12359550561797752,28.88736548954112
39,0.1348314606741573,-25.736780672250806
39,0.14606741573033707,4.8511871918148
39,0.15730337078651685,7.453823545455116
39,0.16853932584269662,10.373816723637937
39,0.1797752808988764,18.038407438140897
39,0.19101123595505617,-41.55430511893198
39,0.20224719101123595,24.062195265488203
39,0.21348314606741572,-42.46244640323713
39,0.2247191011235955,-1.730765498283449
39,0.23595505617977527,-14.032896315464974
39,0.24719101123595505,33.647586565253334
39,0.2584269662921348,-23.26461567973091
39,0.2696629213483146,34.064268370743456
39,0.2808988764044944,-30.213332266132692
39,0.29213483146067415,-35.0797700345932
39,0.3033707865168539,-15.65387553104916
39,0.3146067415730337,18.052015886969695
39,0.3258426966292135,-71.6118947372255
39,0.33707865168539325,-25.746055743559186
39,0.348314606741573,12.239417018633848
39,0.3595505617977528,-50.87432595892117
39,0.3707865168539326,59.39769587104993
39,0.38202247191011235,-3.520517194169839
39,0.3932584269662921,13.10750313861374
39,0.4044943820224719,-13.19116703237951
39,0.4157303370786517,-18.51603620562965
39,0.42696629213483145,-6.912757577756841
39,0.4382022471910112,-8.744563043920495
39,0.449438202247191,20.9072832667932
39,0.4606741573033708,75.40039626870559
39,0.47191011235955055,38.26085634908096
39,0.4831460674157303,-13.362952197370804
39,0.4943820224719101,25.45509892889056
40,0.0,-0.0
40,0.01818181818181818,-33.146233012045734
40,0.03636363636363636,14.555613579563794
40,0.05454545454545454,11.722372649723399
40,0.07272727272727272,-18.122277298162473
40,0.09090909090909091,-22.288779847722328
40,0.10909090909090909,11.500924524348873
40,0.12727272727272726,-29.454502158960153
40,0.14545454545454545,21.32884690846115
40,0.16363636363636364,16.22934937302946
40,0.18181818181818182,19.50871168970866
40,0.19999999999999998,20.170934249861915
40,0.21818181818181817,-5.333553810999641
40,0.23636363636363636,5.027928386473282
40,0.2545454545454545,-12.333366440383333
40,0.2727272727272727,-37.31234512973727
40,0.2909090909090909,-32.57041880581471
40,0.3090909090909091,11.555411327433061
40,0.32727272727272727,-6.408863050983728
40,0.34545454545454546,13.190610403645966
40,0.36363636363636365,3.59710836545165
40,0.3818181818181818,-15.305231405342557
40,0.39999999999999997,4.957042611300393
40,0.41818181818181815,-3.0082183458019927
40,0.43636363636363634,-35.81178908368415
40,0.45454545454545453,4.195013772225422
40,0.4727272727272727,-7.954005822993368
40,0.4909090909090909,7.850718269665033
41,0.0,-0.0
41,0.02127659574468085,-8.997384801589417
41,0.0425531914893617,-23.113241181442547
41,0.06382978723404255,-3.2011317997251307
41,0.0851063829787234,-30.668674389287848
41,0.10638297872340426,-13.907562718993338
41,0.1276595744680851,4.6735751239317525
41,0.14893617021276595,-19.0300482677407
41,0.1702127659574468,-2.021036209098277
41,0.19148936170212766,-5.752191219743263
41,0.2127659574468085,7.800039084322199
41,0.23404255319148937,-8.882217834623749
41,0.2553191489361702,-5.497986497695507
41,0.2765957446808511,-17.380069994486796
41,0.2978723404255319,5.6785150575499905
41,0.3191489361702128,28.459812404292695
41,0.3404255319148936,-23.273651065377535
41,0.36170212765957444,3.8449605436535705
41,0.3829787234042553,-1.7714102004388617
41,0.40425531914893614,8.060597115794641
41,0.425531914893617,-3.4489653113807766
41,0.44680851063829785,-15.647755294123703
41,0.46808510638297873,23.04211383827212
41,0.48936170212765956,-3.6173488884078506
42,0.0,-0.0
42,0.017857142857142856,-4.918133636388902
42,0.03571428571428571,-21.432771588336117
42,0.05357142857142857,-14.873640693509472
42,0.07142857142857142,22.390267305845732
42,0.08928571428571427,-19.0943315537882
42,0.10714285714285714,25.591140450688254
42,0.125,-23.11542793785747
42,0.14285714285714285,-0.7987275983881732
42,0.1607142857142857,0.08950610816960225
42,0.17857142857142855,-2.927732012870848
42,0.19642857142857142,-22.353409952758433
42,0.21428571428571427,11.012646518280645
42,0.23214285714285712,-15.544248006858282
42,0.25,28.314899999999994
42,0.26785714285714285,6.633435847855115
42,0.2857142857142857,18.066248697855464
42,0.30357142857142855,38.736738069211306
42,0.3214285714285714,-48.98948375029434
42,0.33928571428571425,-12.064667845611112
42,0.3571428571428571,-12.52608087007572
42,0.375,-24.706627937857455
42,0.39285714285714285,-14.402212240827776
42,0.4107142857142857,-0.5343791123256576
42,0.42857142857142855,-51.96874809708532
42,0.4464285714285714,25.686867539386384
42,0.46428571428571425,-26.70938443863819
42,0.4821428571428571,6.6616602760814665
43,0.0,-0.0
43,0.009433962264150943,65.04725058132497
43,0.018867924528301886,-35.51474553915407
43,0.02830188679245283,14.262275205213806
43,0.03773584905660377,21.99403371347514
43,0.04716981132075471,53.62749205832975
43,0.05660377358490566,56.586234035710675
43,0.0660377358490566,-36.06218677426899
43,0.07547169811320754,-30.413459542395774
43,0.08490566037735849,33.169488972328224
43,0.09433962264150943,-27.369403403478174
43,0.10377358490566037,17.25251975140595
43,0.11320754716981132,14.655274493414566
43,0.12264150943396226,22.866280798070253
43,0.1320754716981132,-37.8663062381163
43,0.14150943396226415,3.1919772459138613
43,0.1509433962264151,4.767134435596688
43,0.16037735849056603,-14.981724376849773
43,0.16981132075471697,-32.7449908704822
43,0.1792452830188679,-5.301121006760491
43,0.18867924528301885,-8.570784615958424
43,0.1981132075471698,-25.093466044218623
43,0.20754716981132074,-17.789348538523907
43,0.21698113207547168,-20.475239753771426
43,0.22641509433962265,24.5150685540545
43,0.2358490566037736,-47.78060434700349
43,0.24528301886792453,-30.608092908421995
43,0.25471698113207547,37.406378561402505
43,0.2641509433962264,10.448907162141197
43,0.27358490566037735,-7.914684317892082
43,0.2830188679245283,-40.2369325846761
43,0.29245283018867924,7.489715427781157
43,0.3018867924528302,33.83138972163575
43,0.3113207547169811,14.621343212389114
43,0.32075471698113206,-1.06698573477169
43,0.330188679245283,17.11754756211137
43,0.33962264150943394,10.737695093733656
43,0.3490566037735849,-28.154745072251025
43,0.3584905660377358,23.54754940706558
43,0.36792452830188677,36.44273410727674
43,0.3773584905660377,36.00276256045788
43,0.38679245283018865,-89.86310803317835
43,0.3962264150943396,-16.052329077729887
43,0.40566037735849053,-34.90793680916369
43,0.4150943396226415,-11.369725945849536
43,0.4245283018867924,-3.749559041576912
43,0.43396226415094336,-22.208811043790853
43,0.4433962264150943,-12.417267346971286
43,0.4528301886792453,-47.67552122516105
43,0.46226415094339623,47.674978632423894
43,0.4716981132075472,30.041377533441164
43,0.4811320754716981,-3.7539174216469675
43,0.49056603773584906,-25.15418151640597
44,0.0,-0.0
44,0.014492753623188406,38.568108735771396
44,0.028985507246376812,8.822169021019583
44,0.043478260869565216,25.39728696990659
44,0.057971014492753624,49.963903094356304
44,0.07246376811594203,1.200046346741651
44,0.08695652173913043,17.236625191922254
44,0.10144927536231885,6.996670588165374
44,0.11594202898550725,-40.336335203382234
44,0.13043478260869565,-35.34748482774314
44,0.14492753623188406,-0.5070194107266239
44,0.15942028985507248,-30.43931671503497
44,0.17391304347826086,34.458062090403004
44,0.18840579710144928,-64.13456670606048
44,0.2028985507246377,-35.4583005531161
44,0.21739130434782608,13.746097105886898
44,0.2318840579710145,-32.71664479018189
44,0.2463768115942029,-57.45067355818981
44,0.2608695652173913,-1.6298791909923185
44,0.2753623188405797,15.725337584536407
44,0.2898550724637681,1.9253031439948316
44,0.30434782608695654,47.17364106935149
44,0.31884057971014496,8.872688497938194
44,0.3333333333333333,-55.47117877844309
44,0.34782608695652173,-6.050928013195265
44,0.36231884057971014,71.72230935266234
44,0.37681159420289856,61.12993550074713
44,0.391304347826087,-10.142573060490955
44,0.4057971014492754,5.18707643817078
44,0.42028985507246375,-6.475308007292263
44,0.43478260869565216,-13.486613407623604
44,0.4492753623188406,7.507496996657563
44,0.463768115942029,-41.9537180077719
44,0.4782608695652174,13.775094902799491
44,0.4927536231884058,-11.208071383509607
45,0.0,-0.0
45,0.013333333333333334,-31.168554943884903
45,0.02666666666666667,38.45201193490477
45,0.04,13.672240740643769
45,0.05333333333333334,16.26455809395997
45,0.06666666666666667,11.95121004818331
45,0.08,44.50080047820859
45,0.09333333333333334,-23.218572228571666
45,0.10666666666666667,-17.24624479544651
45,0.12000000000000001,-10.433566833605468
45,0.13333333333333333,70.5047644570113
45,0.14666666666666667,33.47923247838857
45,0.16,2.723858434395595
45,0.17333333333333334,53.541404669506036
45,0.18666666666666668,-3.2881990225677864
45,0.2,-21.964354483463467
45,0.21333333333333335,4.364982571789328
45,0.22666666666666668,-0.07318694517086044
45,0.24000000000000002,-46.81864363625054
45,0.25333333333333335,-23.81600312257832
45,0.26666666666666666,-20.224318606704625
45,0.28,-41.942749818721374
45,0.29333333333333333,4.4239106510543476
45,0.3066666666666667,0.2758561725660318
45,0.32,-71.38829187697046
45,0.33333333333333337,16.559964566085235
45,0.3466666666666667,29.45475220353562
45,0.36000000000000004,25.565997845979787
45,0.37333333333333335,-7.484202685389203
45,0.3866666666666667,-38.6114333488623
45,0.4,21.92461857022278
45,0.4133333333333334,-20.385743708216356
45,0.4266666666666667,-54.73682437020028
45,0.44,69.91825917071266
45,0.45333333333333337,-25.564225766233754
45,0.4666666666666667,51.59489443646591
45,0.48000000000000004,9.470290883595817
45,0.49333333333333335,-3.1699025137066172
46,0.0,-0.0
46,0.011627906976744186,-33.93499935717334
46,0.023255813953488372,20.045135923277467
46,0.03488372093023256,-2.2932266579463843
46,0.046511627906976744,39.74977078245977
46,0.05813953488372093,54.32783519453561
46,0.06976744186046512,42.73107014886545
46,0.08139534883720931,-1.731114686022167
46,0.09302325581395349,32.937220551075384
46,0.10465116279069767,12.519918402161114
46,0.11627906976744186,-1.5814737385418454
46,0.12790697674418605,2.3670584165857527
46,0.13953488372093023,17.170236677809267
46,0.1511627906976744,7.153635662199427
46,0.16279069767441862,-20.53515851351308
46,0.1744186046511628,-16.321954677641457
46,0.18604651162790697,-31.160786436576952
46,0.19767441860465115,-7.991519071793943
46,0.20930232558139533,43.41275688693972
46,0.22093023255813954,22.84723279139212
46,0.23255813953488372,-43.74551792933337
46,0.2441860465116279,29.409828369840127
46,0.2558139534883721,-5.308330300625691
46,0.26744186046511625,-25.461985007607076
46,0.27906976744186046,-42.157754957196516
46,0.29069767441860467,10.631304659838907
46,0.3023255813953488,11.032360827844844
46,0.313953488372093,-3.6983476033121683
46,0.32558139534883723,2.8405772858114897
46,0.3372093023255814,11.135185836873543
46,0.3488372093023256,-72.55215824055708
46,0.36046511627906974,-13.816189885529969
46,0.37209302325581395,54.72919334255678
46,0.38372093023255816,-49.95620250495447
46,0.3953488372093023,-59.45161746168935
46,0.4069767441860465,-9.34209989997051
46,0.41860465116279066,23.809631144019065
46,0.43023255813953487,40.193735290321676
46,0.4418604651162791,32.24254181269113
46,0.45348837209302323,38.84889506892461
46,0.46511627906976744,45.266517575446535
46,0.47674418604651164,-39.14606582340835
46,0.4883720930232558,16.193506198240634
47,0.0,-0.0
47,0.012345679012345678,11.352851994868498
47,0.024691358024691357,39.61870772597503
47,0.037037037037037035,21.475882208012855
47,0.04938271604938271,-53.732899055705815
47,0.06172839506172839,14.543409945242793
47,0.07407407407407407,58.406901417081826
47,0.08641975308641975,15.696800554136269
47,0.09876543209876543,28.269505329991674
47,0.1111111111111111,-7.176540860786652
47,0.12345679012345678,25.147559756284295
47,0.13580246913580246,17.283329623189005
47,0.14814814814814814,-29.91931483860961
47,0.16049382716049382,-29.260551305760835
47,0.1728395061728395,-39.36167653064069
47,0.18518518518518517,22.223996103951908
47,0.19753086419753085,20.216754054240944
47,0.20987654320987653,29.53427814812502
47,0.2222222222222222,-68.81411104640509
47,0.2345679012345679,-12.08380357058022
47,0.24691358024691357,23.115962934424058
47,0.25925925925925924,71.90740970625679
47,0.2716049382716049,29.537321863501965
47,0.2839506172839506,-22.020472201259935
47,0.2962962962962963,-9.6875959852585
47,0.30864197530864196,-83.91250907967841
47,0.32098765432098764,32.577499047364064
47,0.3333333333333333,-59.75887055257989
47,0.345679012345679,15.663132296311199
47,0.35802469135802467,4.74799880681261
47,0.37037037037037035,-46.1045070286587
47,0.38271604938271603,52.390379254131204
47,0.3950617283950617,-79.56716501755665
47,0.4074074074074074,-49.17672621733671
47,0.41975308641975306,39.55589460549504
47,0.43209876543209874,-25.290306421852986
47,0.4444444444444444,-2.425334867907303
47,0.4567901234567901,21.554729363848217
47,0.4691358024691358,25.941915646077646
47,0.48148148148148145,-16.062877390194384
47,0.49382716049382713,-35.751364457668856
48,0.0,-0.0
48,0.02040816326530612,-18.856635537404546
48,0.04081632653061224,-5.208527086309173
48,0.061224489795918366,1.37620690017585
48,0.08163265306122448,-3.288679059913412
48,0.1020408163265306,19.2106239978701
48,0.12244897959183673,27.142082758972556
48,0.14285714285714285,-5.296881325960462
48,0.16326530612244897,15.074794469296558
48,0.18367346938775508,15.54809340600105
48,0.2040816326530612,-6.094206230483986
48,0.22448979591836732,-14.621929350950541
48,0.24489795918367346,-2.634628055396435
48,0.26530612244897955,-9.163967189869847
48,0.2857142857142857,-11.00727176443906
48,0.3061224489795918,-36.654276495429684
48,0.32653061224489793,13.624469902857127
48,0.3469387755102041,-16.247655387022174
48,0.36734693877551017,0.22548945539884357
48,0.3877551020408163,13.168002158726253
48,0.4081632653061224,17.967703566923234
48,0.42857142857142855,2.654374791730439
48,0.44897959183673464,27.16970335045388
48,0.4693877551020408,-23.15932850617952
48,0.4897959183673469,-4.550489888248096
49,0.0,-0.0
49,0.015151515151515152,-3.0675301099847765
49,0.030303030303030304,-35.48188074611592
49,0.045454545454545456,-0.930687725484141
49,0.06060606060606061,-22.61766691959165
49,0.07575757575757576,-33.39384167692408
49,0.09090909090909091,4.402458935567434
49,0.10606060606060606,27.520504395705952
49,0.12121212121212122,-15.212155466517471
49,0.13636363636363635,11.454708629073872
49,0.15151515151515152,-15.601214489842143
49,0.16666666666666669,54.30308371381869
49,0.18181818181818182,32.89142736848843
49,0.19696969696969696,-10.720021842657857
49,0.21212121212121213,-23.4991096443864
49,0.2272727272727273,18.622970866561587
49,0.24242424242424243,-32.396176871964
49,0.25757575757575757,-2.201972055564756
49,0.2727272727272727,5.241553117946353
49,0.2878787878787879,-27.318844626989154
49,0.30303030303030304,-30.524894958730172
49,0.3181818181818182,19.65278003162663
49,0.33333333333333337,40.83708150529366
49,0.3484848484848485,-9.250649462157405
49,0.36363636363636365,-37.310147673974946
49,0.3787878787878788,8.48585353619717
49,0.3939393939393939,-67.43804177134015
49,0.4090909090909091,13.501108751685894
49,0.42424242424242425,5.599268149035229
49,0.4393939393939394,-37.70361082945653
49,0.4545454545454546,41.36044120865399
49,0.4696969696969697,-52.06016239584309
49,0.48484848484848486,5.802416433431832
50,0.0,-0.0
50,0.01639344262295082,-19.808045891665806
50,0.03278688524590164,-10.500183582573257
50,0.04918032786885246,-10.814402227083622
50,0.06557377049180328,2.429497480021069
50,0.0819672131147541,-8.476530477771645
50,0.09836065573770492,-4.358254435865488
50,0.11475409836065574,12.862837757628771
50,0.13114754098360656,3.593466302281515
50,0.14754098360655737,8.595109685609808
50,0.1639344262295082,-8.867840634270152
50,0.18032786885245902,-3.399797354765803
50,0.19672131147540983,11.94377773891862
50,0.21311475409836067,1.1617342609419161
50,0.22950819672131148,15.859003153806905
50,0.24590163934426232,3.4309897643694764
50,0.26229508196721313,12.554994658346546
50,0.27868852459016397,-36.498412593428355
50,0.29508196721311475,-11.095477220643273
50,0.3114754098360656,-9.601499620433586
50,0.3278688524590164,5.969486717122078
50,0.3442622950819672,-33.794565016787914
50,0.36065573770491804,3.498427327161515
50,0.3770491803278689,5.59028862458516
50,0.39344262295081966,13.08166965650406
50,0.4098360655737705,-43.63022386897359
50,0.42622950819672134,17.79920579295922
50,0.4426229508196722,12.777906856835097
50,0.45901639344262296,-23.923493404470506
50,0.4754098360655738,-34.39278175356924
50,0.49180327868852464,2.7341885529714394
51,0.0,-0.0
51,0.019230769230769232,12.629097216246139
51,0.038461538461538464,9.691277237822062
51,0.057692307692307696,-6.239139185747492
51,0.07692307692307693,18.546082195578094
51,0.09615384615384616,72.8213600572752
51,0.11538461538461539,9.928166506544574
51,0.13461538461538464,-29.427179857123647
51,0.15384615384615385,-28.435465432175192
51,0.17307692307692307,-9.127316763294397
51,0.19230769230769232,0.49926247746696717
51,0.21153846153846156,8.889968632746935
51,0.23076923076923078,-10.831069862943506
51,0.25,21.99350000000001
51,0.2692307692307693,-31.774351728756145
51,0.2884615384615385,-23.528789878379975
51,0.3076923076923077,-26.005962590318788
51,0.3269230769230769,3.5612970001051583
51,0.34615384615384615,-5.906349911305611
51,0.3653846153846154,27.97377981915288
51,0.38461538461538464,-30.82585841201745
51,0.40384615384615385,-1.6355448184688939
51,0.42307692307692313,-55.747270819154025
51,0.44230769230769235,2.719791057851255
51,0.46153846153846156,8.984501284582239
51,0.4807692307692308,26.84453789663675
52,0.0,-0.0
52,0.015625,-3.667700736115197
52,0.03125,-0.532997873938875
52,0.046875,3.1587927391393933
52,0.0625,-36.26990246828137
52,0.078125,49.16430029275005
52,0.09375,-3.489039757572735
52,0.109375,-30.24680320547684
52,0.125,-13.289775779787185
52,0.140625,3.3128589243651256
52,0.15625,22.777074691879825
52,0.171875,-31.19584335502163
52,0.1875,15.654498260305765
52,0.203125,27.788936439307975
52,0.21875,27.724438666503232
52,0.234375,-2.7555840895287904
52,0.25,-10.005099999999999
52,0.265625,-14.501489009451612
52,0.28125,-7.7394629676101445
52,0.296875,10.480000252882625
52,0.3125,-18.028275434345915
52,0.328125,-1.5092473690819386
52,0.34375,12.926012522394034
52,0.359375,8.931614292574173
52,0.375,8.616224220212821
52,0.390625,-22.54479843968448
52,0.40625,-18.490679412017663
52,0.421875,44.1129087030561
52,0.4375,-1.7142761629330252
52,0.453125,94.60947984198901
52,0.46875,-37.329076993011384
52,0.484375,44.1272546064539
53,0.0,-0.0
53,0.015151515151515152,0.16885023347301775
53,0.030303030303030304,-26.209951946501555
53,0.045454545454545456,-21.356735245557797
53,0.06060606060606061,-0.7213983291439843
53,0.07575757575757576,30.538984184182794
53,0.09090909090909091,12.395635749595595
53,0.10606060606060606,-3.952469877870385
53,0.12121212121212122,2.663656222308969
53,0.13636363636363635,34.137799713957975
53,0.15151515151515152,-14.159139180104077
53,0.16666666666666669,-6.539444426516661
53,0.18181818181818182,-6.345253615573975
53,0.19696969696969696,-7.648057331329568
53,0.21212121212121213,-15.064641168161298
53,0.2272727272727273,-17.019147161840312
53,0.24242424242424243,-17.34235728640826
53,0.25757575757575757,-31.031931187440755
53,0.2727272727272727,-30.13624968572258
53,0.2878787878787879,-14.611296809604521
53,0.30303030303030304,-20.026007077349
53,0.3181818181818182,28.88041013777807
53,0.33333333333333337,-7.8840354684323914
53,0.3484848484848485,2.5397936089608706
53,0.36363636363636365,-24.427124848648536
53,0.3787878787878788,-36.89324112375792
53,0.3939393939393939,37.833965935686685
53,0.4090909090909091,-24.417816538148717
53,0.42424242424242425,49.60424038039015
53,0.4393939393939394,-4.129175800097496
53,0.4545454545454546,-13.641822785398407
53,0.4696969696969697,34.5569377262399
53,0.48484848484848486,-10.026357981985528
54,0.0,-0.0
54,0.016666666666666666,5.309180108914749
54,0.03333333333333333,1.0894414597756104
54,0.05,-9.457978408351071
54,0.06666666666666667,-0.07941369981997326
54,0.08333333333333333,-17.25503910386863
54,0.1,-35.73233833544698
54,0.11666666666666667,21.22140630440207
54,0.13333333333333333,-15.198843040463865
54,0.15,-14.959117583671905
54,0.16666666666666666,11.960417044045744
54,0.18333333333333332,-9.001779056354117
54,0.2,-5.3258326261681415
54,0.21666666666666667,26.784710580401434
54,0.23333333333333334,-11.933427626082288
54,0.25,-4.040800000000004
54,0.26666666666666666,-1.801070763672449
54,0.2833333333333333,-29.76838617629706
54,0.3,-12.167450932966451
54,0.31666666666666665,12.231992721575608
54,0.3333333333333333,22.525407354973627
54,0.35,0.28463140512770746
54,0.36666666666666664,-13.381851466533044
54,0.3833333333333333,13.527161280077419
54,0.4,-20.305387264542457
54,0.4166666666666667,-0.88456089613139
54,0.43333333333333335,-13.314079207137281
54,0.45,7.147292229806882
54,0.4666666666666667,-19.938170160959302
54,0.48333333333333334,-36.94412326331816
55,0.0,-0.0
55,0.014285714285714285,-64.63694441359047
55,0.02857142857142857,-15.177120148711342
55,0.04285714285714286,48.652304906206034
55,0.05714285714285714,11.746472528881164
55,0.07142857142857142,13.056142769295514
55,0.08571428571428572,25.1205855135701
55,0.09999999999999999,3.1098473465922147
55,0.11428571428571428,15.749720966332934
55,0.12857142857142856,-31.384029204354132
55,0.14285714285714285,-2.7724993629558137
55,0.15714285714285714,27.93335671204502
55,0.17142857142857143,17.71138968172897
55,0.18571428571428572,27.43437837464035
55,0.19999999999999998,2.3928230132154287
55,0.21428571428571427,-20.300976656121236
55,0.22857142857142856,-21.327494785476087
55,0.24285714285714285,-27.772478427974235
55,0.2571428571428571,-18.096061829373106
55,0.2714285714285714,-16.897386430587023
55,0.2857142857142857,16.935466164442815
55,0.3,-27.961716208834417
55,0.3142857142857143,-11.56023356702094
55,0.32857142857142857,-34.78570094176524
55,0.34285714285714286,-6.619019397355011
55,0.35714285714285715,-3.9203259593933426
55,0.37142857142857144,-60.20184299835998
55,0.3857142857142857,-5.225808898720306
55,0.39999999999999997,34.22387683679227
55,0.41428571428571426,-16.354764646745153
55,0.42857142857142855,-5.904130879979048
55,0.44285714285714284,-25.058392748143497
55,0.45714285714285713,-52.98493951196844
55,0.4714285714285714,41.446704249035875
55,0.4857142857142857,-20.229459380506093
56,0.0,-0.0
56,0.017543859649122806,-47.396703405684455
56,0.03508771929824561,-2.4934024040155442
56,0.05263157894736842,14.225389869319095
56,0.07017543859649122,-14.314560759860397
56,0.08771929824561403,-17.099807814612902
56,0.10526315789473684,0.3429217387469663
56,0.12280701754385964,-12.599628637779695
56,0.14035087719298245,17.292409076484816
56,0.15789473684210525,7.24091785878769
56,0.17543859649122806,-17.638987382828628
56,0.19298245614035087,-39.87700928479949
56,0.21052631578947367,15.070164902837085
56,0.22807017543859648,20.50242690370199
56,0.24561403508771928,10.755464454395034
56,0.2631578947368421,-19.59374913056073
56,0.2807017543859649,4.160658160116842
56,0.2982456140350877,30.578349381702147
56,0.3157894736842105,-13.474694745884232
56,0.3333333333333333,-1.4568279342461778
56,0.3508771929824561,36.13623046995335
56,0.3684210526315789,-1.3748308977201784
56,0.38596491228070173,-17.410234350832727
56,0.40350877192982454,4.187259715773917
56,0.42105263157894735,-11.810241807361807
56,0.43859649122807015,-47.580293643861566
56,0.45614035087719296,41.17821866884688
56,0.47368421052631576,-17.28754665456504
56,0.49122807017543857,11.64466417659942
57,0.0,-0.0
57,0.011627906976744186,35.613135148833805
57,0.023255813953488372,-16.56481321086704
57,0.03488372093023256,-15.980936203854593
57,0.046511627906976744,-47.00957266697174
57,0.05813953488372093,43.256607198545744
57,0.06976744186046512,27.153471870284527
57,0.08139534883720931,29.69824716031236
57,0.09302325581395349,-6.653676766144326
57,0.10465116279069767,-7.5828137695396
57,0.11627906976744186,-25.48160229955492
57,0.12790697674418605,4.460096991428838
57,0.13953488372093023,-32.29410284726447
57,0.1511627906976744,-8.635092225061044
57,0.16279069767441862,-47.457563195274645
57,0.1744186046511628,39.10400454650818
57,0.18604651162790697,-7.037845598455196
57,0.19767441860465115,-50.866699348542696
57,0.20930232558139533,26.124494742439836
57,0.22093023255813954,22.83155314737256
57,0.23255813953488372,2.9431527886140483
57,0.2441860465116279,-44.88445837350476
57,0.2558139534883721,-11.826929605144265
57,0.26744186046511625,24.84235831597335
57,0.27906976744186046,31.19305325649985
57,0.29069767441860467,-72.9620138203288
57,0.3023255813953488,-41.62146149027346
57,0.313953488372093,-19.203146212034138
57,0.32558139534883723,9.679081199569938
57,0.3372093023255814,-6.421726050169159
57,0.3488372093023256,-25.479905550837096
57,0.36046511627906974,21.667061858393428
57,0.37209302325581395,-45.736372345130604
57,0.38372093023255816,57.38844170368189
57,0.3953488372093023,-7.207276232572218
57,0.4069767441860465,41.13074397637274
57,0.41860465116279066,-45.67333495271705
57,0.43023255813953487,-18.505811075908895
57,0.4418604651162791,46.738769960381454
57,0.45348837209302323,64.3471933254153
57,0.46511627906976744,3.2133120884924837
57,0.47674418604651164,25.192198547794593
57,0.4883720930232558,-24.470751219025065
58,0.0,-0.0
58,0.010638297872340425,-4.31518893771205
58,0.02127659574468085,48.41571087614265
58,0.031914893617021274,16.05861251339232
58,0.0425531914893617,1.2849806948212894
58,0.05319148936170213,-16.33592108738962
58,0.06382978723404255,27.343221487112253
58,0.07446808510638298,36.51846764101258
58,0.0851063829787234,-22.104580813969907
58,0.09574468085106383,6.64843849584809
58,0.10638297872340426,-11.458149819736096
58,0.11702127659574468,2.2164173331894936
58,0.1276595744680851,25.973444657843487
58,0.13829787234042554,-10.743591836892179
58,0.14893617021276595,40.01468937666418
58,0.1595744680851064,46.92558918108513
58,0.1702127659574468,-56.37437059934355
58,0.18085106382978722,28.152179069651453
58,0.19148936170212766,59.43814475849002
58,0.20212765957446807,24.438432279980827
58,0.2127659574468085,20.712192814976948
58,0.22340425531914893,-3.271714133962913
58,0.23404255319148937,-28.27780739103062
58,0.24468085106382978,25.659177346533014
58,0.2553191489361702,48.3298042748893
58,0.26595744680851063,25.457711548900924
58,0.2765957446808511,-40.85552790605678
58,0.28723404255319146,-13.21929006965161
58,0.2978723404255319,-61.34809473129431
58,0.30851063829787234,5.967445378502994
58,0.3191489361702128,12.53085737155591
58,0.32978723404255317,-37.303605015615574
58,0.3404255319148936,33.59842582710992
58,0.35106382978723405,63.781496141166954
58,0.36170212765957444,45.99814965527082
58,0.3723404255319149,-91.63584170546036
58,0.3829787234042553,-40.56685459326118
58,0.39361702127659576,-7.4518281455130975
58,0.40425531914893614,75.12123958875108
58,0.4148936170212766,-81.71131655192767
58,0.425531914893617,-2.2850833907973893
58,0.4361702127659574,18.79779420906921
58,0.44680851063829785,12.526142623653818
58,0.4574468085106383,15.101964762729825
58,0.46808510638297873,26.99842031168015
58,0.4787234042553191,34.83085325994538
58,0.48936170212765956,-10.957575085912715
59,0.0,-0.0
59,0.015625,31.75991842423948
59,0.03125,2.9268565031890965
59,0.046875,-27.17313034207645
59,0.0625,21.83479598967952
59,0.078125,17.656435432136515
59,0.09375,-5.913207839450411
59,0.109375,8.845234816124186
59,0.125,62.43957515926171
59,0.140625,6.652178892424409
59,0.15625,6.767658183001737
59,0.171875,-1.83433796588246
59,0.1875,-31.898222448585884
59,0.203125,-57.26462064782138
59,0.21875,-5.642104226454084
59,0.234375,12.126870529122396
59,0.25,7.266400000000004
59,0.265625,-11.291899560260195
59,0.28125,-43.064817669785114
59,0.296875,17.441565485471834
59,0.3125,-6.2304583433612635
59,0.328125,-20.656744854759523
59,0.34375,-32.28555025886928
59,0.359375,32.384311602767745
59,0.375,-7.816424840738325
59,0.390625,-18.63882821507804
59,0.40625,-4.0472430726390165
59,0.421875,-11.573273004452922
59,0.4375,29.60696009490414
59,0.453125,40.95692048369754
59,0.46875,-39.08388373145952
59,0.484375,-58.583081166495525
60,0.0,-0.0
60,0.014705882352941176,20.385537119512147
60,0.029411764705882353,15.4343122446532
60,0.044117647058823525,32.48763031260315
60,0.058823529411764705,-43.453185807455014
60,0.07352941176470588,-9.417883704879124
60,0.08823529411764705,16.222894397526005
60,0.10294117647058823,-1.5954913313894963
60,0.11764705882352941,15.89839129808503
60,0.1323529411764706,-24.110820249988784
60,0.14705882352941177,26.630499638144574
60,0.16176470588235295,-6.27045634456956
60,0.1764705882352941,-6.118387372297672
60,0.19117647058823528,-1.9151165769014336
60,0.20588235294117646,-29.24095584404105
60,0.22058823529411764,9.71384125460515
60,0.23529411764705882,49.39039009573314
60,0.25,-24.663299999999992
60,0.2647058823529412,-18.485395975838305
60,0.27941176470588236,33.25547712747139
60,0.29411764705882354,-53.60081192560938
60,0.3088235294117647,7.2861006850376375
60,0.3235294117647059,-48.65368316250357
60,0.3382352941176471,40.31162055590051
60,0.3529411764705882,-11.150344427321468
60,0.3676470588235294,39.11793316414336
60,0.38235294117647056,-5.315828804162056
60,0.39705882352941174,-42.30813828753671
60,0.4117647058823529,6.975956863480409
60,0.4264705882352941,-21.378410285951595
60,0.4411764705882353,20.50382321190147
60,0.45588235294117646,20.72815599098583
60,0.47058823529411764,-33.18640027670959
60,0.4852941176470588,30.01469912709806
61,0.0,-0.0
61,0.022222222222222223,-12.860746540469247
61,0.044444444444444446,11.231063394285353
61,0.06666666666666667,39.43072594123632
61,0.08888888888888889,-29.351245868257948
61,0.11111111111111112,-17.18080537979519
61,0.13333333333333333,-2.6873857093518465
61,0.15555555555555556,-1.326263183070827
61,0.17777777777777778,1.13841486366446
61,0.2,-17.105195438899088
61,0.22222222222222224,2.22953453538151
61,0.24444444444444446,10.100114277383643
61,0.26666666666666666,-23.799764234886446
61,0.2888888888888889,-44.78690911724848
61,0.3111111111111111,25.3707409459344
61,0.33333333333333337,21.202899960854413
61,0.35555555555555557,-7.369052554735065
61,0.37777777777777777,22.871295183746533
61,0.4,-2.3720268752832308
61,0.4222222222222222,-4.746096290884946
61,0.4444444444444445,-13.911546341156395
61,0.4666666666666667,-27.832935514379464
61,0.48888888888888893,-30.431751788738353
62,0.0,-0.0
62,0.012345679012345678,1.78897664149404
62,0.024691358024691357,-26.80817547035823
62,0.037037037037037035,25.820892123799254
62,0.04938271604938271,1.6962480347658389
62,0.06172839506172839,26.432881464685686
62,0.07407407407407407,13.819032486575203
62,0.08641975308641975,-28.253642679172394
62,0.09876543209876543,-20.73704568082856
62,0.1111111111111111,-0.4618968965418837
62,0.12345679012345678,-9.488207478260666
62,0.13580246913580246,-30.425805429063505
62,0.14814814814814814,-34.869416381387424
62,0.16049382716049382,13.417804351189076
62,0.1728395061728395,-24.291103690857906
62,0.18518518518518517,-21.434546255009117
62,0.19753086419753085,26.646241985032766
62,0.20987654320987653,-31.092069900786715
62,0.2222222222222222,22.311022818928294
62,0.2345679012345679,-7.553222174456563
62,0.24691358024691357,18.69844340049925
62,0.25925925925925924,-4.869681958655834
62,0.2716049382716049,-20.630827364403764
62,0.2839506172839506,28.80791153294943
62,0.2962962962962963,-2.2017189869856097
62,0.30864197530864196,20.142907300213423
62,0.32098765432098764,-19.397899652624947
62,0.3333333333333333,43.28481570655002
62,0.345679012345679,17.453441306361025
62,0.35802469135802467,21.032227199514494
62,0.37037037037037035,8.461879234953225
62,0.38271604938271603,-13.661093049682112
62,0.3950617283950617,-16.211667351013077
62,0.4074074074074074,22.067738790632696
62,0.41975308641975306,-40.212200618107396
62,0.43209876543209874,-12.020551885244108
62,0.4444444444444444,-13.202121967896916
62,0.4567901234567901,17.205079557521334
62,0.4691358024691358,-58.35030473514677
62,0.48148148148148145,-41.43031789869907
62,0.49382716049382713,-22.79468151481596
63,0.0,-0.0
63,0.011627906976744186,-20.215315421867707
63,0.023255813953488372,-0.19904948421436686
63,0.03488372093023256,-21.781295231795717
63,0.046511627906976744,-2.806318313494817
63,0.05813953488372093,-36.88109672027709
63,0.06976744186046512,3.220035916296819
63,0.08139534883720931,-4.2501045681193315
63,0.09302325581395349,-12.816467435501538
63,0.10465116279069767,-47.28164586666845
63,0.11627906976744186,30.586047599156487
63,0.12790697674418605,-2.4680833434685496
63,0.13953488372093023,19.367193989938087
63,0.1511627906976744,-56.18083151682502
63,0.16279069767441862,6.3699848198698685
63,0.1744186046511628,1.67941793900588
63,0.18604651162790697,-25.814467719572118
63,0.19767441860465115,12.102241701702336
63,0.20930232558139533,4.747359462008216
63,0.22093023255813954,25.480760111919782
63,0.23255813953488372,-41.595167109166184
63,0.2441860465116279,-24.85206670621434
63,0.2558139534883721,3.5961956345835233
63,0.26744186046511625,8.444180040516077
63,0.27906976744186046,-66.37415325390243
63,0.29069767441860467,-5.373288993568195
63,0.3023255813953488,-15.929019373816573
63,0.313953488372093,-3.3570365094510315
63,0.32558139534883723,77.05844216810868
63,0.3372093023255814,-30.694404530722842
63,0.3488372093023256,-24.504638830713546
63,0.36046511627906974,-28.557250744271087
63,0.37209302325581395,11.538060637884417
63,0.38372093023255816,4.773897988213408
63,0.3953488372093023,-31.597962893805736
63,0.4069767441860465,23.880081725449124
63,0.41860465116279066,2.4825196321013223
63,0.43023255813953487,47.3726356615731
63,0.4418604651162791,6.034308587021307
63,0.45348837209302323,-25.775089679055068
63,0.46511627906976744,-34.01514573440276
63,0.47674418604651164,19.09602984394617
63,0.4883720930232558,43.48810886421671
64,0.0,-0.0
64,0.01,-22.55969539362635
64,0.02,11.81879648581458
64,0.03,5.616271647476278
64,0.04,-23.437566077753843
64,0.05,-12.386965262070099
64,0.06,-0.5264917298627694
64,0.07,-2.3910129563096323
64,0.08,10.001535101488194
64,0.09,-22.840724290555507
64,0.1,-30.842727327177535
64,0.11,-29.712860578682008
64,0.12,-9.131500887943588
64,0.13,11.557283456768822
64,0.14,11.562036106244946
64,0.15,-27.053821909336044
64,0.16,-2.9306031548108233
64,0.17,4.52544652955647
64,0.18,38.29761582351847
64,0.19,63.1306210689645
64,0.2,-15.181426580368445
64,0.21,-25.841671112633215
64,0.22,5.347005146085426
64,0.23,10.386691933978032
64,0.24,-73.70282524880162
64,0.25,31.567000000000007
64,0.26,-20.763060375220405
64,0.27,17.247800289410907
64,0.28,15.845936128377371
64,0.29,49.28927433318653
64,0.3,-34.42103510749462
64,0.31,-36.70508312101771
64,0.32,3.3518425868067965
64,0.33,-4.495878653836444
64,0.34,-18.865892470193053
64,0.35000000000000003,35.42189147834555
64,0.36,-4.023710434629912
64,0.37,-20.440736443727417
64,0.38,-22.05050286469882
64,0.39,43.38627424526143
64,0.4,-17.80642723386366
64,0.41000000000000003,-18.401580619195563
64,0.42,-35.17011684535078
64,0.43,-13.452220947631728
64,0.44,44.91970299580747
64,0.45,9.622034831079596
64,0.46,-24.970996122680837
64,0.47000000000000003,-39.16626873780815
64,0.48,-9.098271219005259
64,0.49,-24.7755049622953
65,0.0,-0.0
65,0.02040816326530612,-1.8772889964093098
65,0.04081632653061224,-10.02676078861138
65,0.061224489795918366,30.876825352865687
65,0.08163265306122448,-2.076767085555135
65,0.1020408163265306,-0.5694782100769071
65,0.12244897959183673,-21.367958886880466
65,0.14285714285714285,0.5864361591357916
65,0.16326530612244897,20.265050041743443
65,0.18367346938775508,27.898997872428502
65,0.2040816326530612,19.100787296717222
65,0.22448979591836732,-35.01655333959627
65,0.24489795918367346,-4.163711721340306
65,0.26530612244897955,15.186007341751017
65,0.2857142857142857,-5.058515640591601
65,0.3061224489795918,25.781481034729296
65,0.32653061224489793,-24.32665679707835
65,0.3469387755102041,-25.16563811079301
65,0.36734693877551017,6.569505188319859
65,0.3877551020408163,-36.246000358938396
65,0.4081632653061224,30.910340027918004
65,0.42857142857142855,21.857511553300125
65,0.44897959183673464,4.375571407149286
65,0.4693877551020408,12.907350562255836
65,0.4897959183673469,51.44942967784811
66,0.0,-0.0
66,0.01020408163265306,13.394118739601911
66,0.02040816326530612,19.44618963318345
66,0.030612244897959183,8.921968239382611
66,0.04081632653061224,-17.20363203007461
66,0.0510204081632653,16.980341078017265
66,0.061224489795918366,30.607691813745298
66,0.07142857142857142,19.808791600896868
66,0.08163265306122448,1.5451682000479536
66,0.09183673469387754,7.858647950530432
66,0.1020408163265306,15.984599138418178
66,0.11224489795918366,-7.206852309153181
66,0.12244897959183673,8.996116917914605
66,0.13265306122448978,-12.871702042071334
66,0.14285714285714285,26.475722776939783
66,0.1530612244897959,22.73038071793586
66,0.16326530612244897,-11.644244082193765
66,0.17346938775510204,-19.17869836037427
66,0.18367346938775508,-29.387471697043384
66,0.19387755102040816,-5.479568418094402
66,0.2040816326530612,-14.425210028469117
66,0.21428571428571427,-14.373860277157815
66,0.22448979591836732,-35.76815446521241
66,0.2346938775510204,13.096692078278014
66,0.24489795918367346,-3.868490790555611
66,0.25510204081632654,10.75167033687097
66,0.26530612244897955,23.72943969054391
66,0.2755102040816326,16.0521294912784
66,0.2857142857142857,10.465620807769318
66,0.29591836734693877,-17.650006192379642
66,0.3061224489795918,-25.06182800478863
66,0.31632653061224486,-34.410429027559886
66,0.32653061224489793,9.663811153805534
66,0.336734693877551,-25.766832056980732
66,0.3469387755102041,40.532888634902484
66,0.3571428571428571,-0.0064080013497136434
66,0.36734693877551017,-35.52684134930384
66,0.37755102040816324,64.86685054612332
66,0.3877551020408163,-40.43977202587223
66,0.39795918367346933,-31.677278335377054
66,0.4081632653061224,-23.30082747311645
66,0.4183673469387755,-16.892877935708473
66,0.42857142857142855,25.1993669786389
66,0.4387755102040816,29.791289572739565
66,0.44897959183673464,-17.778313530887285
66,0.4591836734693877,-15.748144851758036
66,0.4693877551020408,32.90994185013011
66,0.47959183673469385,34.22872221854112
66,0.4897959183673469,-12.218437323160039
67,0.0,-0.0
67,0.014705882352941176,12.309918559594482
67,0.029411764705882353,-5.943582840251551
67,0.044117647058823525,19.833333508316276
67,0.058823529411764705,-7.606133550471423
67,0.07352941176470588,6.104653447803817
67,0.08823529411764705,17.45763141764503
67,0.10294117647058823,16.06647148861716
67,0.11764705882352941,-4.098845067486577
67,0.1323529411764706,10.437586248589366
67,0.14705882352941177,33.961530174735394
67,0.16176470588235295,-7.2586035906941095
67,0.1764705882352941,-24.987053694824837
67,0.19117647058823528,-50.80589259706106
67,0.20588235294117646,-29.422554210359287
67,0.22058823529411764,34.612032412489086
67,0.23529411764705882,-7.019768582179996
67,0.25,-8.188999999999993
67,0.2647058823529412,-31.741665126668178
67,0.27941176470588236,5.133136375911601
67,0.29411764705882354,-5.385821693810406
67,0.3088235294117647,15.615251307754253
67,0.3235294117647059,-10.745146017076435
67,0.3382352941176471,35.15141186371486
67,0.3529411764705882,15.80772697308366
67,0.3676470588235294,-49.63252377044792
67,0.38235294117647056,-2.804084916252373
67,0.39705882352941174,-58.17977095284494
67,0.4117647058823529,50.711620679764025
67,0.4264705882352941,-4.7871027794765295
67,0.4411764705882353,29.528843549465957
67,0.45588235294117646,32.379708836708666
67,0.47058823529411764,-9.645886834856924
67,0.4852941176470588,30.809429525462175
68,0.0,-0.0
68,0.018867924528301886,-13.646439982164893
68,0.03773584905660377,-2.438760677873823
68,0.05660377358490566,23.249367670533648
68,0.07547169811320754,-3.6921450666571403
68,0.09433962264150943,-5.828061623631534
68,0.11320754716981132,12.43418809076628
68,0.1320754716981132,4.091012641181472
68,0.1509433962264151,-25.525059769124685
68,0.16981132075471697,7.1711115276414645
68,0.18867924528301885,-26.72987503953263
68,0.20754716981132074,1.0906443718603538
68,0.22641509433962265,9.95754283585467
68,0.24528301886792453,-15.688283044610769
68,0.2641509433962264,-0.6878700695239979
68,0.2830188679245283,-0.8380162378621709
68,0.3018867924528302,2.185846508550213
68,0.32075471698113206,-10.377881193070799
68,0.33962264150943394,-5.667636611599803
68,0.3584905660377358,-30.532526716667864
68,0.3773584905660377,-43.28626591901954
68,0.3962264150943396,22.797834133544693
68,0.4150943396226415,-24.408833239075243
68,0.43396226415094336,16.518298303378536
68,0.4528301886792453,26.578849371905076
68,0.4716981132075472,2.097007696019816
68,0.49056603773584906,12.435204671818733
69,0.0,-0.0
69,0.015873015873015872,-7.690678006497814
69,0.031746031746031744,6.795614179303137
69,0.047619047619047616,6.498038274584824
69,0.06349206349206349,-11.819868045431168
69,0.07936507936507936,-43.11535259377236
69,0.09523809523809523,16.25380082455819
69,0.1111111111111111,11.4485096210983
69,0.12698412698412698,-10.899872871874305
69,0.14285714285714285,-36.11236526691302
69,0.15873015873015872,6.6918197507398585
69,0.1746031746031746,-3.905534137642678
69,0.19047619047619047,29.067350326086515
69,0.20634920634920634,-8.891686482752979
69,0.2222222222222222,3.0966540840974157
69,0.23809523809523808,-2.1477632635160333
69,0.25396825396825395,31.45039181982611
69,0.2698412698412698,8.901666548833363
69,0.2857142857142857,-14.098132130993385
69,0.30158730158730157,-9.727614308193356
69,0.31746031746031744,-0.7760007311534043
69,0.3333333333333333,18.412479507320565
69,0.3492063492063492,23.680129302908725
69,0.36507936507936506,-1.1424565377267069
69,0.38095238095238093,-41.17478269801041
69,0.3968253968253968,-9.76384034302241
69,0.4126984126984127,-10.606789518457704
69,0.42857142857142855,-12.63328838955268
69,0.4444444444444444,3.3340314540452183
69,0.4603174603174603,-40.22122245680623
69,0.47619047619047616,13.616718386828484
69,0.49206349206349204,-13.118443814364792
70,0.0,-0.0
70,0.011111111111111112,-15.63776576252021
70,0.022222222222222223,-10.54462285476464
70,0.03333333333333333,13.809116057844067
70,0.044444444444444446,26.630409204570913
70,0.05555555555555556,-26.540332463672808
70,0.06666666666666667,-17.566652172058035
70,0.07777777777777778,11.516138080155562
70,0.08888888888888889,11.03919761569254
70,0.1,1.8420852124896854
70,0.11111111111111112,3.5350830020505057
70,0.12222222222222223,35.099071450404786
70,0.13333333333333333,-3.1193700234391493
70,0.14444444444444446,25.180457659599583
70,0.15555555555555556,-58.92422807495672
70,0.16666666666666669,-12.166964102848322
70,0.17777777777777778,28.393033372038346
70,0.18888888888888888,0.7662548570963121
70,0.2,-32.76269553534017
70,0.2111111111111111,-35.29196114474949
70,0.22222222222222224,28.85229699612463
70,0.23333333333333334,-24.535873961878366
70,0.24444444444444446,-69.0405440146275
70,0.2555555555555556,-0.937866364026803
70,0.26666666666666666,45.50123607367772
70,0.2777777777777778,34.59627076332948
70,0.2888888888888889,-15.208567153414739
70,0.3,-5.012583836698088
70,0.3111111111111111,-20.162611504951983
70,0.32222222222222224,-12.831414201677676
70,0.33333333333333337,5.038362594137087
70,0.34444444444444444,7.692829319231485
70,0.35555555555555557,-34.09701786545325
70,0.3666666666666667,9.84443019560336
70,0.37777777777777777,-7.807371308781219
70,0.3888888888888889,-13.669285511251488
70,0.4,-22.401591173588564
70,0.41111111111111115,-39.793875248378725
70,0.4222222222222222,-20.74887812537557
70,0.43333333333333335,-2.3738951660099
70,0.4444444444444445,-19.593651010621574
70,0.45555555555555555,-26.45656859487705
70,0.4666666666666667,33.97268935112067
70,0.4777777777777778,-10.635570382975349
70,0.48888888888888893,81.42636686482265
71,0.0,-0.0
71,0.013157894736842105,39.2379875086583
71,0.02631578947368421,-13.94022347436806
71,0.039473684210526314,5.413243051160345
71,0.05263157894736842,-46.536242366902385
71,0.06578947368421052,76.47672757153506
71,0.07894736842105263,-9.20173935452345
71,0.09210526315789473,31.895264211809913
71,0.10526315789473684,-5.716425009007786
71,0.11842105263157894,-6.616370449885284
71,0.13157894736842105,0.5078879003178882
71,0.14473684210526316,36.46831095808163
71,0.15789473684210525,36.727295592639706
71,0.17105263157894735,-2.369656213545909
71,0.18421052631578946,-72.9370218837658
71,0.19736842105263158,19.037001388075698
71,0.21052631578947367,-16.350157435315353
71,0.22368421052631576,41.888079771788064
71,0.23684210526315788,1.7370068105881256
71,0.25,-37.80080000000001
71,0.2631578947368421,-32.63853310675869
71,0.2763157894736842,-37.37187126761085
71,0.2894736842105263,-37.7278019457599
71,0.3026315789473684,27.71851431229126
71,0.3157894736842105,-44.473314407201606
71,0.3289473684210526,64.69339400406574
71,0.3421052631578947,31.955333777061384
71,0.35526315789473684,-23.38810122840295
71,0.3684210526315789,0.6597969779678523
71,0.381578947368421,-0.9971820123043926
71,0.39473684210526316,17.514270940421056
71,0.40789473684210525,-51.32646797347445
71,0.42105263157894735,24.469824306229416
71,0.43421052631578944,-3.4551233699471524
71,0.4473684210526315,24.860875891347394
71,0.4605263157894737,-11.140320617624559
71,0.47368421052631576,-18.968066191665905
71,0.48684210526315785,10.448758559163359
72,0.0,-0.0
72,0.015384615384615385,-28.81690031244093
72,0.03076923076923077,-27.781648194358745
72,0.046153846153846156,35.50812463694856
72,0.06153846153846154,17.75800829715866
72,0.07692307692307693,34.244956036116506
72,0.09230769230769231,-22.29016036132767
72,0.1076923076923077,15.184979784911818
72,0.12307692307692308,-14.429169521620327
72,0.13846153846153847,-28.897045517913085
72,0.15384615384615385,-19.029756199409952
72,0.16923076923076924,-6.851279691181146
72,0.18461538461538463,33.4355383583072
72,0.2,-8.652894145147743
72,0.2153846153846154,-1.0380478103080222
72,0.23076923076923078,-15.477411514877408
72,0.24615384615384617,19.77516918993041
72,0.26153846153846155,6.3955089408634365
72,0.27692307692307694,10.658864499749985
72,0.2923076923076923,-15.310470747130534
72,0.3076923076923077,8.145017826608402
72,0.3230769230769231,-13.830745193934268
72,0.3384615384615385,-26.316471065640545
72,0.35384615384615387,-34.75142631435291
72,0.36923076923076925,26.28640443666022
72,0.38461538461538464,14.8878501922259
72,0.4,34.285508666568845
72,0.4153846153846154,-9.112560612736006
72,0.4307692307692308,-29.218099723703475
72,0.4461538461538462,-19.90504909176017
72,0.46153846153846156,-12.999768660256056
72,0.47692307692307695,-14.989211156570727
72,0.49230769230769234,54.226132469058534
73,0.0,-0.0
73,0.01282051282051282,26.982707432430026
73,0.02564102564102564,-13.86163602422555
73,0.038461538461538464,43.73017010038116
73,0.05128205128205128,18.42869457714363
73,0.0641025641025641,47.43629009273867
73,0.07692307692307693,27.96221340151648
73,0.08974358974358974,16.79585146642698
73,0.10256410256410256,-12.467790207671595
73,0.11538461538461538,28.22979315698477
73,0.1282051282051282,11.348471084873294
73,0.14102564102564102,-37.33595265890726
73,0.15384615384615385,-16.79114263969036
73,0.16666666666666666,-34.18037723910462
73,0.1794871794871795,-3.0124899175238715
73,0.1923076923076923,-30.32683874184891
73,0.20512820512820512,8.271973519802104
73,0.21794871794871795,-7.322108147568719
73,0.23076923076923075,-7.759766299291193
73,0.24358974358974358,5.813144972883494
73,0.2564102564102564,-30.006328963405494
73,0.2692307692307692,-15.607410445463376
73,0.28205128205128205,6.964165228199209
73,0.2948717948717949,15.747127459457053
73,0.3076923076923077,-15.901130866726826
73,0.3205128205128205,-1.4842234901457685
73,0.3333333333333333,3.9448323167785038
73,0.34615384615384615,-9.689870571902162
73,0.358974358974359,22.39940734468234
73,0.3717948717948718,0.05124657652778275
73,0.3846153846153846,6.084333565061279
73,0.3974358974358974,-35.71469391926303
73,0.41025641025641024,-15.484953121845463
73,0.4230769230769231,40.256177754173336
73,0.4358974358974359,-10.112811998116054
73,0.4487179487179487,16.51391694161906
73,0.4615384615384615,-1.2429356491001151
73,0.47435897435897434,35.89145762311003
73,0.48717948717948717,-32.74168440662874
74,0.0,-0.0
74,0.013333333333333334,1.9003420089005871
74,0.02666666666666667,31.136334940003326
74,0.04,-13.641847179269913
74,0.05333333333333334,-5.746570374925275
74,0.06666666666666667,14.226572839780285
74,0.08,-53.389827112934206
74,0.09333333333333334,7.813760717501822
74,0.10666666666666667,-24.10164869175024
74,0.12000000000000001,49.98228266404383
74,0.13333333333333333,40.792775256416036
74,0.14666666666666667,-37.070569657711495
74,0.16,29.765732058946938
74,0.17333333333333334,-4.353966535601542
74,0.18666666666666668,24.16786071979059
74,0.2,-22.048487789530498
74,0.21333333333333335,47.59826862346247
74,0.22666666666666668,-26.031050519105147
74,0.24000000000000002,-19.66313161881785
74,0.25333333333333335,12.934643243804155
74,0.26666666666666666,-9.320983630524818
74,0.28,-3.966024659984421
74,0.29333333333333333,37.40785433377953
74,0.3066666666666667,1.0464917918609098
74,0.32,-49.11604580174985
74,0.33333333333333337,-37.10754310389604
74,0.3466666666666667,-12.521120824486047
74,0.36000000000000004,14.691747760079156
74,0.37333333333333335,-21.393120343751285
74,0.3866666666666667,-3.741060498662729
74,0.4,12.955170203722705
74,0.4133333333333334,-11.684075232209034
74,0.4266666666666667,-43.26606321294024
74,0.44,-63.22356982408621
74,0.45333333333333337,3.8161898148725513
74,0.4666666666666667,1.1499544734226035
74,0.48000000000000004,-45.6539761457422
74,0.49333333333333335,20.48658524987826
75,0.0,-0.0
75,0.012987012987012988,1.7443747631952569
75,0.025974025974025976,-8.626345527749452
75,0.03896103896103896,14.35605721083861
75,0.05194805194805195,29.359475572187474
75,0.06493506493506494,-4.7773882907252485
75,0.07792207792207792,48.11109426292952
75,0.09090909090909091,-11.572558557762378
75,0.1038961038961039,7.981466039761431
75,0.1168831168831169,-17.856204005569595
75,0.12987012987012989,6.755072363623448
75,0.14285714285714288,20.22502978342824
75,0.15584415584415584,22.315269560950345
75,0.16883116883116883,-1.8722619603846749
75,0.18181818181818182,-2.9746938933364255
75,0.19480519480519481,19.505192698496316
75,0.2077922077922078,-71.94319278339341
75,0.2207792207792208,-12.363209434359186
75,0.2337662337662338,-16.885647844952395
75,0.24675324675324678,-16.065434688718273
75,0.25974025974025977,-14.94784994815561
75,0.27272727272727276,20.792305445057448
75,0.28571428571428575,-1.8872380435203224
75,0.29870129870129875,40.62978672027742
75,0.3116883116883117,-15.88171484372339
75,0.3246753246753247,-12.662823797236552
75,0.33766233766233766,17.491195221289722
75,0.35064935064935066,-29.143266584608327
75,0.36363636363636365,-28.54840698937125
75,0.37662337662337664,-14.129956361538918
75,0.38961038961038963,39.981887322330344
75,0.4025974025974026,-35.121452110484796
75,0.4155844155844156,3.06748080937189
75,0.4285714285714286,-28.70393114595158
75,0.4415584415584416,-36.482005805981316
75,0.4545454545454546,37.50889160278214
75,0.4675324675324676,17.68347361741062
75,0.48051948051948057,-16.140125006045295
75,0.49350649350649356,10.71985064863575
76,0.0,-0.0
76,0.010638297872340425,15.415365652942725
76,0.02127659574468085,64.13967757192131
76,0.031914893617021274,23.470771248856625
76,0.0425531914893617,-74.12529988601167
76,0.05319148936170213,-22.960245417397125
76,0.06382978723404255,-4.315908825979243
76,0.07446808510638298,25.5847783669955
76,0.0851063829787234,73.01486205252488
76,0.09574468085106383,-43.42434384028647
76,0.10638297872340426,-10.095674585094326
76,0.11702127659574468,-27.232799612145033
76,0.1276595744680851,-33.062050917734425
76,0.13829787234042554,-7.536599446039498
76,0.14893617021276595,-36.406498432490835
76,0.1595744680851064,50.266998079676455
76,0.1702127659574468,-41.81095713825303
76,0.18085106382978722,-13.790480758026714
76,0.19148936170212766,-21.746814280439054
76,0.20212765957446807,2.788674483819488
76,0.2127659574468085,21.827332300170873
76,0.22340425531914893,-58.69047770011311
76,0.23404255319148937,-12.55788758512193
76,0.24468085106382978,-15.102651151874294
76,0.2553191489361702,9.53574518156896
76,0.26595744680851063,-10.598998784237383
76,0.2765957446808511,-48.27888802695112
76,0.28723404255319146,7.0971690192115915
76,0.2978723404255319,49.26071186155234
76,0.30851063829787234,-4.172885307698889
76,0.3191489361702128,-4.18248718327542
76,0.32978723404255317,-33.70489876222281
76,0.3404255319148936,10.431133409286371
76,0.35106382978723405,-35.1533328965444
76,0.36170212765957444,28.72525632700107
76,0.3723404255319149,16.91223621648627
76,0.3829787234042553,8.057717266871531
76,0.39361702127659576,-17.288912382229856
76,0.40425531914893614,-11.05243649956213
76,0.4148936170212766,-31.69019453082171
76,0.425531914893617,27.787275636995723
76,0.4361702127659574,-26.87545777270927
76,0.44680851063829785,4.333002513940244
76,0.4574468085106383,-17.072638024852417
76,0.46808510638297873,56.6219651081221
76,0.4787234042553191,-14.663506555911042
76,0.48936170212765956,10.074769715840297
77,0.0,-0.0
77,0.016666666666666666,7.762954780055132
77,0.03333333333333333,31.516622634110426
77,0.05,-5.086015291788026
77,0.06666666666666667,-1.6653658920579666
77,0.08333333333333333,2.494373271484491
77,0.1,21.93199242890037
77,0.11666666666666667,-36.45895810907317
77,0.13333333333333333,-23.316260531313745
77,0.15,-8.088927021323396
77,0.16666666666666666,-17.413605806595605
77,0.18333333333333332,-36.51646176729937
77,0.2,26.559568405208815
77,0.21666666666666667,33.85388367983896
77,0.23333333333333334,-29.94084152267516
77,0.25,-29.007000000000005
77,0.26666666666666666,-8.328095105779543
77,0.2833333333333333,11.7532007724846
77,0.3,-6.132444921167867
77,0.31666666666666665,-9.815344152856277
77,0.3333333333333333,27.330635910411978
77,0.35,13.24304203971682
77,0.36666666666666664,-3.384865615443715
77,0.3833333333333333,6.750814275881524
77,0.4,-34.948819354758385
77,0.4166666666666667,-1.2331732714844823
77,0.43333333333333335,38.33369525911266
77,0.45,-16.961369689818554
77,0.4666666666666667,-15.283307842563458
77,0.48333333333333334,-61.59968898572601
78,0.0,-0.0
78,0.014285714285714285,18.63769374563431
78,0.02857142857142857,30.47019357403617
78,0.04285714285714286,-53.61067947260617
78,0.05714285714285714,-8.301770461815345
78,0.07142857142857142,20.660723414012867
78,0.08571428571428572,-46.96275086854458
78,0.09999999999999999,0.7279158958356859
78,0.11428571428571428,11.308505482109567
78,0.12857142857142856,40.16045114448056
78,0.14285714285714285,56.105819320312996
78,0.15714285714285714,-2.060278546312003
78,0.17142857142857143,-13.823554190915914
78,0.18571428571428572,-34.61058822478937
78,0.19999999999999998,-14.455747677136449
78,0.21428571428571427,10.020922048626955
78,0.22857142857142856,-11.053845521355338
78,0.24285714285714285,-2.8205090480190367
78,0.2571428571428571,4.3872708346688025
78,0.2714285714285714,-26.78936013674191
78,0.2857142857142857,6.090018027841941
78,0.3,3.6748781083309137
78,0.3142857142857143,-12.985709016982064
78,0.32857142857142857,54.54737134258083
78,0.34285714285714286,-5.765838806495551
78,0.35714285714285715,7.374282809704432
78,0.37142857142857144,-8.85798774487769
78,0.3857142857142857,-13.441869025383724
78,0.39999999999999997,21.344288543014553
78,0.41428571428571426,49.6236996843514
78,0.42857142857142855,-19.4783733368434
78,0.44285714285714284,4.5343507495124875
78,0.45714285714285713,55.14184052511063
78,0.4714285714285714,-30.916078393452512
78,0.4857142857142857,1.9784451257088715
79,0.0,-0.0
79,0.013333333333333334,-11.204621328079881
79,0.02666666666666667,-29.08941607916761
79,0.04,15.057623982572839
79,0.05333333333333334,-24.502548856657214
79,0.06666666666666667,6.130523830879327
79,0.08,23.735532639387564
79,0.09333333333333334,-11.244284509392003
79,0.10666666666666667,9.675332777750693
79,0.12000000000000001,-19.204720446876287
79,0.13333333333333333,8.514083964527009
79,0.14666666666666667,22.11633257523254
79,0.16,2.7427339830421307
79,0.17333333333333334,-43.23929534500013
79,0.18666666666666668,-15.049442530312456
79,0.2,-13.381682998470342
79,0.21333333333333335,0.4652738875991105
79,0.22666666666666668,-35.85459292072735
79,0.24000000000000002,-32.50772051714053
79,0.25333333333333335,-22.40503834729572
79,0.26666666666666666,23.86919254965983
79,0.28,24.923384129462278
79,0.29333333333333333,-11.27675966006919
79,0.3066666666666667,16.23351035491669
79,0.32,-27.589371358887675
79,0.33333333333333337,22.625519891651102
79,0.3466666666666667,-42.664199076354166
79,0.36000000000000004,-59.78408053265548
79,0.37333333333333335,41.063027078643024
79,0.3866666666666667,7.072242094078886
79,0.4,8.48011547627447
79,0.4133333333333334,20.39393047613918
79,0.4266666666666667,-32.00913427050962
79,0.44,-25.66273965937085
79,0.45333333333333337,-21.018052553703292
79,0.4666666666666667,37.24578559751784
79,0.48000000000000004,27.869155738352916
79,0.49333333333333335,-17.043536898610125
80,0.0,-0.0
80,0.014705882352941176,-14.793514286553549
80,0.029411764705882353,-1.011877473534632
80,0.044117647058823525,0.20471285951058338
80,0.058823529411764705,-31.445478060382104
80,0.07352941176470588,1.9329188407286377
80,0.08823529411764705,-28.507091800222558
80,0.10294117647058823,-35.14626267796618
80,0.11764705882352941,17.636138706518373
80,0.1323529411764706,4.121744869096933
80,0.14705882352941177,30.471671740699918
80,0.16176470588235295,-20.69769281468151
80,0.1764705882352941,23.393700588695513
80,0.19117647058823528,21.260584542839712
80,0.20588235294117646,22.02631726562636
80,0.22058823529411764,-15.931190281284334
80,0.23529411764705882,-15.205659011824137
80,0.25,16.570400000000006
80,0.2647058823529412,16.046317991481402
80,0.27941176470588236,-10.325207327226323
80,0.29411764705882354,-6.058638827136113
80,0.3088235294117647,52.72102244342514
80,0.3235294117647059,-8.969208897789901
80,0.3382352941176471,10.26830924552471
80,0.3529411764705882,23.49997665217562
80,0.3676470588235294,6.512418497286273
80,0.38235294117647056,-8.415552613798193
80,0.39705882352941174,10.270306718302482
80,0.4117647058823529,-27.247066523421207
80,0.4264705882352941,11.926636397007597
80,0.4411764705882353,-1.4502156216227498
80,0.45588235294117646,-2.486344213658227
80,0.47058823529411764,18.403120651301258
80,0.4852941176470588,62.783020204690544
81,0.0,-0.0
81,0.022727272727272728,-9.879452817867257
81,0.045454545454545456,8.800059166455338
81,0.06818181818181818,7.5658544936152925
81,0.09090909090909091,-15.225993379509857
81,0.11363636363636365,-20.26792745165382
81,0.13636363636363635,45.62592082451586
81,0.1590909090909091,-4.2332586065845845
81,0.18181818181818182,-17.74854980750991
81,0.20454545454545456,10.547961196191322
81,0.2272727272727273,12.737284757704703
81,0.25,-45.760000000000005
81,0.2727272727272727,10.608032412213092
81,0.29545454545454547,-14.197956444849142
81,0.3181818181818182,-21.314579708950475
81,0.34090909090909094,14.431197998123888
81,0.36363636363636365,-18.832472755777303
81,0.38636363636363635,13.39797675089116
81,0.4090909090909091,9.14087049062268
81,0.4318181818181818,-1.855157963820135
81,0.4545454545454546,11.42588080999904
81,0.4772727272727273,-11.57056531137783
82,0.0,-0.0
82,0.012048192771084338,-36.05883173099307
82,0.024096385542168676,-3.5743683327084126
82,0.03614457831325302,1.5824325815306288
82,0.04819277108433735,10.15656296658822
82,0.060240963855421686,-43.81908739295292
82,0.07228915662650603,-1.0573943654368023
82,0.08433734939759037,-10.079366801362308
82,0.0963855421686747,-56.25712324503326
82,0.10843373493975904,-29.331662760181857
82,0.12048192771084337,-15.684269096103888
82,0.13253012048192772,23.183939166523693
82,0.14457831325301207,3.6526146522785985
82,0.1566265060240964,15.282753486770758
82,0.16867469879518074,-40.04721569511834
82,0.18072289156626506,27.794721647768647
82,0.1927710843373494,19.374799435790067
82,0.20481927710843376,-5.753962161513229
82,0.21686746987951808,25.483539679037257
82,0.22891566265060243,-10.029142345557585
82,0.24096385542168675,-12.622716186492138
82,0.2530120481927711,5.886525622380175
82,0.26506024096385544,-18.398178833325147
82,0.27710843373493976,1.772774829001336
82,0.28915662650602414,-41.84324159936866
82,0.30120481927710846,-27.57638385077297
82,0.3132530120481928,5.12190367868928
82,0.3253012048192771,9.439541466494456
82,0.3373493975903615,-9.120730979867933
82,0.3493975903614458,24.482149438496382
82,0.3614457831325301,-33.16294539812564
82,0.3734939759036145,15.042684144348073
82,0.3855421686746988,11.596425470215568
82,0.39759036144578314,19.626744416690755
82,0.4096385542168675,-2.043877872910943
82,0.42168674698795183,-14.236131991850788
82,0.43373493975903615,-29.92255003835724
82,0.44578313253012053,19.861323279523702
82,0.45783132530120485,5.0193849728116895
82,0.46987951807228917,21.373898988585488
82,0.4819277108433735,32.724247924783256
82,0.49397590361445787,15.51395215333646
83,0.0,-0.0
83,0.0196078431372549,-10.278542125678191
83,0.0392156862745098,11.080108736160103
83,0.058823529411764705,31.013437014829787
83,0.0784313725490196,-12.235584238364455
83,0.09803921568627451,-16.97172447338684
83,0.11764705882352941,1.3663485413430063
83,0.13725490196078433,23.063965793888606
83,0.1568627450980392,-18.980324849314417
83,0.1764705882352941,16.785510863065422
83,0.19607843137254902,-4.507252059259168
83,0.21568627450980393,24.397217989973186
83,0.23529411764705882,-24.471526410087666
83,0.2549019607843137,-26.69982629369676
83,0.27450980392156865,10.304217752388798
83,0.29411764705882354,0.7690715812148827
83,0.3137254901960784,-13.29500066335016
83,0.3333333333333333,-12.327265405088825
83,0.3529411764705882,0.7426186499143643
83,0.37254901960784315,-17.072388914549364
83,0.39215686274509803,15.863355005048472
83,0.4117647058823529,0.5233539497535986
83,0.43137254901960786,32.375926993881805
83,0.45098039215686275,36.17667143636961
83,0.47058823529411764,7.870457246507037
83,0.49019607843137253,26.974561729627556
84,0.0,-0.0
84,0.014285714285714285,-31.354081285128714
84,0.02857142857142857,40.39081552376979
84,0.04285714285714286,10.372177805477563
84,0.05714285714285714,-6.219937288437137
84,0.07142857142857142,-28.733176822697622
84,0.08571428571428572,36.83708467459135
84,0.09999999999999999,34.25052040962891
84,0.11428571428571428,-25.46354781421924
84,0.12857142857142856,1.5080773893587454
84,0.14285714285714285,-23.688118539212123
84,0.15714285714285714,-5.011146434014363
84,0.17142857142857143,6.759384201248524
84,0.18571428571428572,10.206324365637522
84,0.19999999999999998,-3.7988529991326008
84,0.21428571428571427,13.026771603763965
84,0.22857142857142856,-16.17475691947805
84,0.24285714285714285,43.65755310611099
84,0.2571428571428571,56.38451974929708
84,0.2714285714285714,39.410083040606686
84,0.2857142857142857,-32.263055903493424
84,0.3,-9.86213817940069
84,0.3142857142857143,-25.884809412418626
84,0.32857142857142857,33.33646293992253
84,0.34285714285714286,0.9568596899153627
84,0.35714285714285715,58.42473215613795
84,0.37142857142857144,-9.03016431682278
84,0.3857142857142857,-22.71061050219054
84,0.39999999999999997,-10.668566583237926
84,0.41428571428571426,-12.678513894872268
84,0.42857142857142855,-12.119673910126219
84,0.44285714285714284,6.849362694750198
84,0.45714285714285713,-83.11161339931836
84,0.4714285714285714,37.37292126126759
84,0.4857142857142857,42.817923282540306
85,0.0,-0.0
85,0.013513513513513514,2.763972397895577
85,0.02702702702702703,-44.068463195880724
85,0.04054054054054054,-18.963232624034102
85,0.05405405405405406,-27.379264693248327
85,0.06756756756756757,-26.159167844203942
85,0.08108108108108109,18.295917230883315
85,0.0945945945945946,2.82570604746806
85,0.10810810810810811,18.81415911011972
85,0.12162162162162163,-20.082114121948447
85,0.13513513513513514,12.359477195247994
85,0.14864864864864866,8.877788010635975
85,0.16216216216216217,38.1769254524001
85,0.17567567567567569,23.172845868794823
85,0.1891891891891892,9.983120338950638
85,0.20270270270270271,-26.75668291356386
85,0.21621621621621623,17.66788596499274
85,0.22972972972972974,-15.369543262412758
85,0.24324324324324326,20.02196586882035
85,0.2567567567567568,-19.316263986660143
85,0.2702702702702703,-30.61601335612171
85,0.28378378378378377,5.794248529054693
85,0.2972972972972973,-6.8950353499976025
85,0.31081081081081086,3.9108036218693973
85,0.32432432432432434,-11.113070612180756
85,0.33783783783783783,-10.54204174373743
85,0.35135135135135137,10.151491722352276
85,0.3648648648648649,-4.874044123865128
85,0.3783783783783784,-5.114505758772143
85,0.3918918918918919,-7.414926755225839
85,0.40540540540540543,-55.341524005195815
85,0.41891891891891897,18.68398610069558
85,0.43243243243243246,7.924314480431299
85,0.44594594594594594,33.75155382381082
85,0.4594594594594595,-31.32735752194765
85,0.472972972972973,-55.828817054738835
85,0.4864864864864865,24.03783573247307
86,0.0,-0.0
86,0.015873015873015872,-11.484386597645837
86,0.031746031746031744,27.306281299174888
86,0.047619047619047616,-7.365838264737642
86,0.06349206349206349,-18.853036517834187
86,0.07936507936507936,-4.367898000302722
86,0.09523809523809523,-12.094825940080213
86,0.1111111111111111,-65.20445531217037
86,0.12698412698412698,15.755770141166241
86,0.14285714285714285,-27.52165030702512
86,0.15873015873015872,27.344514779146195
86,0.1746031746031746,-21.535688511823466
86,0.19047619047619047,-16.30268807191679
86,0.20634920634920634,16.27319253053381
86,0.2222222222222222,5.673821849034879
86,0.23809523809523808,22.686907778393376
86,0.25396825396825395,-13.05941284755453
86,0.2698412698412698,10.208388699563535
86,0.2857142857142857,-20.966229655947664
86,0.30158730158730157,5.713364049314222
86,0.31746031746031744,22.219472849565648
86,0.3333333333333333,-11.648821103764096
86,0.3492063492063492,-12.771470137786094
86,0.36507936507936506,-12.385076985084254
86,0.38095238095238093,20.796265687488763
86,0.3968253968253968,-58.77156465597587
86,0.4126984126984127,-3.8648784294746754
86,0.42857142857142855,23.487006415662783
86,0.4444444444444444,-10.81926853528433
86,0.4603174603174603,30.676305519056466
86,0.47619047619047616,4.641118378604874
86,0.49206349206349204,-5.953675149785005
87,0.0,-0.0
87,0.009433962264150943,56.062134839546445
87,0.018867924528301886,33.38632794129336
87,0.02830188679245283,23.729656452766804
87,0.03773584905660377,-34.54365935898838
87,0.04716981132075471,-9.23105093832487
87,0.05660377358490566,-16.534962688397503
87,0.0660377358490566,33.47394387005146
87,0.07547169811320754,-12.405376865526442
87,0.08490566037735849,37.880271546058026
87,0.09433962264150943,-40.16835845659762
87,0.10377358490566037,-44.45676255073069
87,0.11320754716981132,-62.1897730530975
87,0.12264150943396226,-4.503708481158717
87,0.1320754716981132,42.38204482343809
87,0.14150943396226415,75.80632550662051
87,0.1509433962264151,-51.94120060153118
87,0.16037735849056603,71.61069710894446
87,0.16981132075471697,-41.492761404005705
87,0.1792452830188679,-3.3630894330471683
87,0.18867924528301885,-33.00287528692525
87,0.1981132075471698,33.869230118340425
87,0.20754716981132074,-60.09261397870058
87,0.21698113207547168,-24.284613237877576
87,0.22641509433962265,-57.302284863027324
87,0.2358490566037736,32.7944433167006
87,0.24528301886792453,12.479016442551675
87,0.25471698113207547,-59.48401315546223
87,0.2641509433962264,37.349771964757686
87,0.27358490566037735,55.652094014500165
87,0.2830188679245283,38.503256686592394
87,0.29245283018867924,44.47969172472862
87,0.3018867924528302,21.090186036771502
87,0.3113207547169811,13.287140424984493
87,0.32075471698113206,17.920776010964826
87,0.330188679245283,-48.39776645493943
87,0.33962264150943394,-26.62898091383007
87,0.3490566037735849,7.075667387463508
87,0.3584905660377358,8.447241265704633
87,0.36792452830188677,-21.428521246050867
87,0.3773584905660377,-10.686158855961175
87,0.38679245283018865,19.41486570802496
87,0.3962264150943396,48.9940344464987
87,0.40566037735849053,4.819060927521157
87,0.4150943396226415,-20.44948787189487
87,0.4245283018867924,-51.44628080069955
87,0.43396226415094336,-31.408884369892245
87,0.4433962264150943,-5.433827886509746
87,0.4528301886792453,-22.61016906389005
87,0.46226415094339623,10.440444004576865
87,0.4716981132075472,21.34914395350541
87,0.4811320754716981,10.595444811961572
87,0.49056603773584906,-2.9189914605558442
88,0.0,-0.0
88,0.018518518518518517,-1.3818056802642396
88,0.037037037037037035,-31.531076425320773
88,0.05555555555555555,-7.9497878235539154
88,0.07407407407407407,-7.481768230390433
88,0.09259259259259259,-24.300347736793373
88,0.1111111111111111,-8.206154642913576
88,0.12962962962962962,15.483209392134423
88,0.14814814814814814,27.81267958305196
88,0.16666666666666666,17.56533345733863
88,0.18518518518518517,-50.75043292389522
88,0.2037037037037037,-7.665870269931344
88,0.2222222222222222,22.757194744607833
88,0.24074074074074073,-9.037703227549462
88,0.25925925925925924,1.2931451080324154
88,0.2777777777777778,-17.649566649285614
88,0.2962962962962963,-15.231079691154957
88,0.31481481481481477,-19.77678927465639
88,0.3333333333333333,-2.9392036179039875
88,0.35185185185185186,-18.071735181541847
88,0.37037037037037035,31.06315345704944
88,0.38888888888888884,-16.12897821834661
88,0.4074074074074074,-17.016109506696356
88,0.42592592592592593,36.537995490391296
88,0.4444444444444444,-45.14989130028535
88,0.4629629629629629,-43.03016148474533
88,0.48148148148148145,45.15620888508769
89,0.0,-0.0
89,0.014084507042253521,-2.0160162989243604
89,0.028169014084507043,-31.94553252434067
89,0.04225352112676056,11.000713951119076
89,0.056338028169014086,-32.84726226167932
89,0.07042253521126761,15.898535094892097
89,0.08450704225352113,-35.502292509268194
89,0.09859154929577466,34.16715035355308
89,0.11267605633802817,11.135034232475927
89,0.1267605633802817,30.499983479451462
89,0.14084507042253522,1.6822579833404188
89,0.15492957746478875,25.689650501061486
89,0.16901408450704225,6.69652334885545
89,0.18309859154929578,12.349164390075174
89,0.1971830985915493,1.593097989077247
89,0.2112676056338028,-11.797805889577829
89,0.22535211267605634,-22.585656748955287
89,0.23943661971830987,3.3778189602034328
89,0.2535211267605634,-12.543138230789257
89,0.26760563380281693,55.34056446315888
89,0.28169014084507044,-1.6716287828632392
89,0.29577464788732394,16.72707983936994
89,0.3098591549295775,-12.03513758253925
89,0.323943661971831,-24.8087598163035
89,0.3380281690140845,-46.766485455441696
89,0.35211267605633806,28.531984467527636
89,0.36619718309859156,-32.98600513023811
89,0.38028169014084506,-17.373767003959642
89,0.3943661971830986,-19.667439766464142
89,0.4084507042253521,6.449641768348229
89,0.4225352112676056,-32.691226461972136
89,0.4366197183098592,-4.600058350846492
89,0.4507042253521127,-47.26044867960886
89,0.4647887323943662,21.75490015675623
89,0.47887323943661975,17.586604683169156
89,0.49295774647887325,61.48723400407608
90,0.0,-0.0
90,0.022222222222222223,22.213952613413802
90,0.044444444444444446,-2.4879860756074654
90,0.06666666666666667,28.76490417456628
90,0.08888888888888889,-30.29645614925927
90,0.11111111111111112,14.623905837443676
90,0.13333333333333333,-0.9519603627400457
90,0.15555555555555556,-3.855868077202336
90,0.17777777777777778,6.548372934506553
90,0.2,14.609964285669703
90,0.22222222222222224,-14.66494257852672
90,0.24444444444444446,28.222316394143164
90,0.26666666666666666,-21.594672772348545
90,0.2888888888888889,8.862978054029066
90,0.3111111111111111,-11.755934413629822
90,0.33333333333333337,-9.906897606592093
90,0.35555555555555557,-29.593612496577705
90,0.37777777777777777,-13.065389907027216
90,0.4,25.01759478639896
90,0.4222222222222222,-3.367646526436536
90,0.4444444444444445,-10.971112087823844
90,0.4666666666666667,-21.349430769659406
90,0.48888888888888893,-2.408676102089249
91,0.0,-0.0
91,0.022222222222222223,2.6145322474403336
91,0.044444444444444446,2.2801317403381294
91,0.06666666666666667,-8.321087556397554
91,0.08888888888888889,-15.872686792568746
91,0.11111111111111112,10.176405590276905
91,0.13333333333333333,43.88506040101186
91,0.15555555555555556,-6.919626346390349
91,0.17777777777777778,6.491132327682003
91,0.2,-0.5654455705976869
91,0.22222222222222224,-28.572347614550697
91,0.24444444444444446,-9.348057499043954
91,0.26666666666666666,16.48919346674877
91,0.2888888888888889,-40.509009047472915
91,0.3111111111111111,-12.121203247421258
91,0.33333333333333337,-21.763391602183678
91,0.35555555555555557,8.845304719637523
91,0.37777777777777777,-15.558114476894183
91,0.4,3.4887668353863184
91,0.4222222222222222,12.687586044119037
91,0.4444444444444445,-27.113528699902933
91,0.4666666666666667,-20.685721212093036
91,0.48888888888888893,-0.6106503659148124
92,0.0,-0.0
92,0.01639344262295082,-40.28935564001352
92,0.03278688524590164,1.6312631663430586
92,0.04918032786885246,31.003041024557948
92,0.06557377049180328,10.570644445287332
92,0.0819672131147541,31.28647258854028
92,0.09836065573770492,-9.971300521436753
92,0.11475409836065574,0.5189664153761067
92,0.13114754098360656,-12.463693172534802
92,0.14754098360655737,-0.131923951751709
92,0.1639344262295082,-4.16206038124866
92,0.18032786885245902,16.535965468613224
92,0.19672131147540983,-0.8510286980063171
92,0.21311475409836067,-18.567804967615885
92,0.22950819672131148,-23.7131300709621
92,0.24590163934426232,38.51223428667496
92,0.26229508196721313,28.161372729149065
92,0.27868852459016397,4.334920106141762
92,0.29508196721311475,-33.5496043019788
92,0.3114754098360656,-50.67951409102745
92,0.3278688524590164,6.4191958124644195
92,0.3442622950819672,-10.938129692144027
92,0.36065573770491804,-27.70624530902824
92,0.3770491803278689,-6.030094086736888
92,0.39344262295081966,26.301581443194635
92,0.4098360655737705,-36.44430925327454
92,0.42622950819672134,67.35978504489773
92,0.4426229508196722,30.397502319138102
92,0.45901639344262296,-14.22628832244138
92,0.4754098360655738,-32.11840452095741
92,0.49180327868852464,-2.8815971374099103
93,0.0,-0.0
93,0.012987012987012988,-3.5168298068508257
93,0.025974025974025976,15.760318224694792
93,0.03896103896103896,-5.401026793705912
93,0.05194805194805195,10.112437451682247
93,0.06493506493506494,10.268500349328193
93,0.07792207792207792,-3.57393981177173
93,0.09090909090909091,-1.7136418998666647
93,0.1038961038961039,33.65848903785968
93,0.1168831168831169,-26.710360408374175
93,0.12987012987012989,18.19419662510309
93,0.14285714285714288,7.150636552266682
93,0.15584415584415584,-5.322953620209583
93,0.16883116883116883,-1.61766281987882
93,0.18181818181818182,-4.018259273276932
93,0.19480519480519481,-11.232301820711239
93,0.2077922077922078,-14.688019399968784
93,0.2207792207792208,-34.92210547973345
93,0.2337662337662338,-6.981653989481126
93,0.24675324675324678,3.007930673139547
93,0.25974025974025977,-10.859971414256577
93,0.27272727272727276,-16.892915746511967
93,0.28571428571428575,-8.682183511139929
93,0.29870129870129875,-45.96556636739229
93,0.3116883116883117,13.991333736142249
93,0.3246753246753247,-10.95821021907561
93,0.33766233766233766,-3.5279312073710067
93,0.35064935064935066,9.342409295136983
93,0.36363636363636365,20.877217474216852
93,0.37662337662337664,-3.797404310244186
93,0.38961038961038963,4.773167264685069
93,0.4025974025974026,41.398399266350324
93,0.4155844155844156,-9.930939060820135
93,0.4285714285714286,-33.19060714707216
93,0.4415584415584416,18.00424853651645
93,0.4545454545454546,-22.73291064293676
93,0.4675324675324676,0.9234928682711687
93,0.48051948051948057,-0.16455447610824891
93,0.49350649350649356,-12.036521386899079
94,0.0,-0.0
94,0.010309278350515464,-27.582846302240593
94,0.020618556701030927,12.701115271788497
94,0.030927835051546393,-6.220197825497962
94,0.041237113402061855,0.08418639254605509
94,0.05154639175257732,-7.497305778585602
94,0.061855670103092786,51.21358769938278
94,0.07216494845360824,9.412533423862042
94,0.08247422680412371,12.666427956641048
94,0.09278350515463918,-5.987628871306722
94,0.10309278350515463,37.3534603810469
94,0.1134020618556701,-27.127275941963223
94,0.12371134020618557,8.056609446509185
94,0.13402061855670103,28.52087856629641
94,0.14432989690721648,-7.649542482703777
94,0.15463917525773196,-33.10271118313675
94,0.16494845360824742,-3.1342869694339575
94,0.17525773195876287,5.758768739055078
94,0.18556701030927836,-31.852128588982836
94,0.1958762886597938,4.544508451338944
94,0.20618556701030927,16.456949078966353
94,0.21649484536082475,11.945448826277971
94,0.2268041237113402,7.865041485769712
94,0.23711340206185566,25.413868864607863
94,0.24742268041237114,-1.92414896642194
94,0.25773195876288657,-39.94655346892205
94,0.26804123711340205,-21.01680699965544
94,0.27835051546391754,-31.837315141412905
94,0.28865979381443296,-1.972101761448723
94,0.29896907216494845,25.692422820495615
94,0.30927835051546393,-6.181663716647529
94,0.31958762886597936,-29.497707574913782
94,0.32989690721649484,24.3257934928492
94,0.3402061855670103,-14.081990512022724
94,0.35051546391752575,-4.835250464268791
94,0.36082474226804123,21.10649889813612
94,0.3711340206185567,-34.46362241239643
94,0.38144329896907214,-6.391020822029299
94,0.3917525773195876,24.392690706809464
94,0.4020618556701031,-76.28487541368136
94,0.41237113402061853,-33.187750246465264
94,0.422680412371134,51.637527742479946
94,0.4329896907216495,32.56787853976338
94,0.44329896907216493,28.33907670514338
94,0.4536082474226804,-30.72946509104516
94,0.4639175257731959,-5.731217265008091
94,0.4742268041237113,76.20288537671156
94,0.4845360824742268,26.775552484747053
94,0.4948453608247423,-20.42693589271647
95,0.0,-0.0
95,0.015873015873015872,-4.5440089238403365
95,0.031746031746031744,9.468990788431384
95,0.047619047619047616,2.6379529470523524
95,0.06349206349206349,-8.03053144619533
95,0.07936507936507936,-19.08526493524147
95,0.09523809523809523,16.438296187271057
95,0.1111111111111111,-2.158039457554331
95,0.12698412698412698,-13.910182218963014
95,0.14285714285714285,24.18601085872215
95,0.15873015873015872,-13.748719089026633
95,0.1746031746031746,-7.652150913490917
95,0.19047619047619047,7.348938935538982
95,0.20634920634920634,-0.4179030079222481
95,0.2222222222222222,29.858733552492502
95,0.23809523809523808,-0.8482724949888514
95,0.25396825396825395,-43.6640669819925
95,0.2698412698412698,-32.48870583404573
95,0.2857142857142857,0.14355810454016904
95,0.30158730158730157,19.08947459702575
95,0.31746031746031744,22.454408827747756
95,0.3333333333333333,-13.151288576789753
95,0.3492063492063492,-2.8055732756191283
95,0.36507936507936506,-26.5574119169437
95,0.38095238095238093,11.084655204379978
95,0.3968253968253968,-26.715127290806276
95,0.4126984126984127,-7.928629480925899
95,0.42857142857142855,-30.3800703723246
95,0.4444444444444444,-60.94239383217478
95,0.4603174603174603,-5.297781785484043
95,0.47619047619047616,54.53093209594132
95,0.49206349206349204,5.67085019822246
96,0.0,-0.0
96,0.014492753623188406,8.300872968549584
96,0.028985507246376812,24.24441299081101
96,0.043478260869565216,27.601021022750096
96,0.057971014492753624,-17.278140306292876
96,0.07246376811594203,-6.094270082106849
96,0.08695652173913043,-40.416864341764324
96,0.10144927536231885,-10.763379347397592
96,0.11594202898550725,37.76709731290017
96,0.13043478260869565,-3.112731461280706
96,0.14492753623188406,40.32436544269899
96,0.15942028985507248,-28.88555448619077
96,0.17391304347826086,-34.60463681332474
96,0.18840579710144928,-22.007051323515718
96,0.2028985507246377,7.638317714211369
96,0.21739130434782608,-15.174531131808067
96,0.2318840579710145,31.344525763765386
96,0.2463768115942029,-26.32818548472306
96,0.2608695652173913,23.306461467993145
96,0.2753623188405797,53.68468027086672
96,0.2898550724637681,-13.85658299270128
96,0.30434782608695654,21.967657679833938
96,0.31884057971014496,-9.367118413160568
96,0.3333333333333333,-18.912435972925326
96,0.34782608695652173,45.71414707367964
96,0.36231884057971014,-3.445066159850871
96,0.37681159420289856,-29.98729578798456
96,0.391304347826087,10.751159549275759
96,0.4057971014492754,32.00264499052108
96,0.42028985507246375,-2.6324211123046446
96,0.43478260869565216,22.18138338039665
96,0.4492753623188406,47.470955944896055
96,0.463768115942029,-17.271859548991728
96,0.4782608695652174,9.581867635550694
96,0.4927536231884058,-28.1569564759916
97,0.0,-0.0
97,0.015873015873015872,-12.894567815642898
97,0.031746031746031744,-4.294969104775467
97,0.047619047619047616,-24.122598383160746
97,0.06349206349206349,-2.4855035289665146
97,0.07936507936507936,32.78023639295132
97,0.09523809523809523,-10.170217449959969
97,0.1111111111111111,-29.31633773636944
97,0.12698412698412698,-2.1535455480358365
97,0.14285714285714285,-3.972575633510889
97,0.15873015873015872,-25.8832665724702
97,0.1746031746031746,-13.869830784322883
97,0.19047619047619047,5.4313233214459
97,0.20634920634920634,14.208595450015148
97,0.2222222222222222,35.607619129767514
97,0.23809523809523808,0.7551118279127031
97,0.25396825396825395,-7.01363198886405
97,0.2698412698412698,-11.567991004401772
97,0.2857142857142857,8.652958592835777
97,0.30158730158730157,9.892094806850167
97,0.31746031746031744,-11.550622378635543
97,0.3333333333333333,-9.396808643763036
97,0.3492063492063492,-36.898293539347655
97,0.36507936507936506,24.77366595917703
97,0.38095238095238093,9.202596191293505
97,0.3968253968253968,20.736678639246517
97,0.4126984126984127,-27.51593530235865
97,0.42857142857142855,11.007035781908094
97,0.4444444444444444,-13.902195001564964
97,0.4603174603174603,-34.91253875548341
97,0.47619047619047616,-27.055637664459425
97,0.49206349206349204,6.2339437850799095
98,0.0,-0.0
98,0.015384615384615385,8.754999267607875
98,0.03076923076923077,-31.854779459867487
98,0.046153846153846156,-14.819513668749039
98,0.06153846153846154,33.109863141157035
98,0.07692307692307693,-25.919348352202057
98,0.09230769230769231,18.161170869347206
98,0.1076923076923077,49.01400413818851
98,0.12307692307692308,-3.8208361421792034
98,0.13846153846153847,-7.337076373205015
98,0.15384615384615385,37.13987210483845
98,0.16923076923076924,5.589979380990098
98,0.18461538461538463,-32.209278334009724
98,0.2,15.070587628813572
98,0.2153846153846154,6.7023966255068075
98,0.23076923076923078,-13.591643030493913
98,0.24615384615384617,-32.14735155169574
98,0.26153846153846155,23.760806150470728
98,0.27692307692307694,3.6210773678516324
98,0.2923076923076923,-66.6927499509048
98,0.3076923076923077,-7.107365696887523
98,0.3230769230769231,-33.31851824664832
98,0.3384615384615385,-28.52981816288893
98,0.35384615384615387,-33.93543332475716
98,0.36923076923076925,39.36408488765465
98,0.38461538461538464,-6.818381780249348
98,0.4,9.871410363886744
98,0.4153846153846154,23.421164983621708
98,0.4307692307692308,-13.65003712517975
98,0.4461538461538462,6.139175366466731
98,0.46153846153846156,36.45666804193084
98,0.47692307692307695,33.648069741027435
98,0.49230769230769234,-9.371589604244747
99,0.0,-0.0
99,0.022222222222222223,-18.27312984862722
99,0.044444444444444446,-20.09004895352221
99,0.06666666666666667,-8.576467047235232
99,0.08888888888888889,1.7458014112910032
99,0.11111111111111112,-23.807998469601227
99,0.13333333333333333,19.753215835902644
99,0.15555555555555556,-6.419657989574183
99,0.17777777777777778,12.571187806742042
99,0.2,-18.75421435886343
99,0.22222222222222224,11.102076978528167
99,0.24444444444444446,2.784008034913561
99,0.26666666666666666,-24.749955957760356
99,0.2888888888888889,27.647720989081144
99,0.3111111111111111,-17.010991541773862
99,0.33333333333333337,12.788077522442526
99,0.35555555555555557,-22.492324335663064
99,0.37777777777777777,6.249524834256983
99,0.4,-18.32141446898413
99,0.4222222222222222,-8.008806539987436
99,0.4444444444444445,-1.8576392873215894
99,0.4666666666666667,-5.814072333301016
99,0.48888888888888893,15.177028236110559
100,0.0,-0.0
100,0.014925373134328358,1.1994515245278936
100,0.029850746268656716,8.998887166746945
100,0.04477611940298507,-18.734049520496082
100,0.05970149253731343,12.614852488861292
100,0.07462686567164178,-3.4630552919087014
100,0.08955223880597014,-51.75371358023624
100,0.1044776119402985,15.453861220879432
100,0.11940298507462686,-24.371339700161684
100,0.13432835820895522,-1.5526527960070724
100,0.14925373134328357,-5.729675173102176
100,0.16417910447761194,33.48087646688514
100,0.1791044776119403,-3.092718987872242
100,0.19402985074626866,-13.388425956870595
100,0.208955223880597,3.899959243165812
100,0.22388059701492538,5.256589421912555
100,0.23880597014925373,-33.91004053684896
100,0.2537313432835821,-16.98735264866447
100,0.26865671641791045,39.17868827938513
100,0.2835820895522388,1.0035741667531122
100,0.29850746268656714,-17.97592983362474
100,0.31343283582089554,28.00739327315633
100,0.3283582089552239,-4.8327850887868316
100,0.34328358208955223,-30.93450784758111
100,0.3582089552238806,10.10816854620754
100,0.3731343283582089,7.675498230651658
100,0.3880597014925373,10.853148040600843
100,0.40298507462686567,7.841784537334305
100,0.417910447761194,-7.599713913808102
100,0.43283582089552236,-3.463219577016236
100,0.44776119402985076,-2.467803494213441
100,0.4626865671641791,11.625688535610127
100,0.47761194029850745,-17.859858212825912
100,0.4925373134328358,18.163427048482763
101,0.0,-0.0
101,0.015625,-42.64143568815056
101,0.03125,1.440668838781642
101,0.046875,-29.274822637873676
101,0.0625,25.960485032011704
101,0.078125,-5.5070692026141534
101,0.09375,6.215058061956495
101,0.109375,25.26670634575761
101,0.125,15.628439609869096
101,0.140625,-12.149840702445974
101,0.15625,7.271929147657094
101,0.171875,13.557641152003306
101,0.1875,-25.250162777402362
101,0.203125,-10.36863171857982
101,0.21875,-16.449664603725925
101,0.234375,17.01747948405943
101,0.25,8.321200000000019
101,0.265625,12.42226693629731
101,0.28125,-23.370733086970223
101,0.296875,12.313519539036403
101,0.3125,-8.835455645987604
101,0.328125,-33.4012640510056
101,0.34375,-20.723115380942414
101,0.359375,15.750835018541103
101,0.375,7.347439609869118
101,0.390625,-9.422272827915005
101,0.40625,-9.674194429591122
101,0.421875,14.91806670707902
101,0.4375,16.04239216342647
101,0.453125,33.22312012574404
101,0.46875,23.046992392589225
101,0.484375,0.7766472627270602
102,0.0,-0.0
102,0.015384615384615385,-5.600349088839167
102,0.03076923076923077,23.51898776877095
102,0.046153846153846156,-23.93024841236985
102,0.06153846153846154,-25.09261578137883
102,0.07692307692307693,-24.669790538742824
102,0.09230769230769231,16.128452606452257
102,0.1076923076923077,-13.683899843895714
102,0.12307692307692308,-26.695256637458623
102,0.13846153846153847,-15.33288412436956
102,0.15384615384615385,-50.865100574666585
102,0.16923076923076924,9.49742198816946
102,0.18461538461538463,2.2142511143482553
102,0.2,21.841207346652403
102,0.2153846153846154,-11.220841342239353
102,0.23076923076923078,7.053078662960644
102,0.24615384615384617,-23.22233572458127
102,0.26153846153846155,-12.990561286617243
102,0.27692307692307694,4.539667051819006
102,0.2923076923076923,24.997061286868117
102,0.3076923076923077,-9.67605794144906
102,0.3230769230769231,-15.921921929933193
102,0.3384615384615385,-17.39541123428894
102,0.35384615384615387,-8.408768005324784
102,0.36923076923076925,-10.587956125949255
102,0.38461538461538464,-3.872257873856155
102,0.4,20.45692263001789
102,0.4153846153846154,9.885794160380451
102,0.4307692307692308,-0.233147446497326
102,0.4461538461538462,53.61127435700325
102,0.46153846153846156,3.258478386038271
102,0.47692307692307695,-26.063455663295564
102,0.49230769230769234,-29.464524067285787
103,0.0,-0.0
103,0.018518518518518517,-26.86452955069151
103,0.037037037037037035,38.59373243328028
103,0.05555555555555555,-15.840235038656703
103,0.07407407407407407,0.987742791687058
103,0.09259259259259259,20.966483292114496
103,0.1111111111111111,-10.802686614705886
103,0.12962962962962962,-14.08718481656693
103,0.14814814814814814,7.571239868574089
103,0.16666666666666666,27.767978739323105
103,0.18518518518518517,3.0592848351836004
103,0.2037037037037037,5.246216660672706
103,0.2222222222222222,-5.527311100818338
103,0.24074074074074073,30.142189747293042
103,0.25925925925925924,-31.988328645292345
103,0.2777777777777778,-3.9550063312983714
103,0.2962962962962963,-24.09259502939652
103,0.31481481481481477,3.477924822857503
103,0.3333333333333333,-8.51328952682215
103,0.35185185185185186,-44.44540777396802
103,0.37037037037037035,-42.778438602552974
103,0.38888888888888884,-1.1994625158803682
103,0.4074074074074074,-16.239004622762856
103,0.42592592592592593,11.612387050202635
103,0.4444444444444444,21.21898980009945
103,0.4629629629629629,44.85259030715389
103,0.48148148148148145,-7.58768748996221
104,0.0,-0.0
104,0.015384615384615385,-25.589230615462764
104,0.03076923076923077,-15.843860710907798
104,0.046153846153846156,18.931298093001747
104,0.06153846153846154,30.705852416790897
104,0.07692307692307693,16.981382148983585
104,0.09230769230769231,27.345083335488532
104,0.1076923076923077,6.196485095590532
104,0.12307692307692308,-7.007337949502386
104,0.13846153846153847,16.653961112413015
104,0.15384615384615385,13.857785651690769
104,0.16923076923076924,11.750172717728844
104,0.18461538461538463,2.638495454457022
104,0.2,-5.2177688016164545
104,0.2153846153846154,-52.364452148763924
104,0.23076923076923078,14.055029550686097
104,0.24615384615384617,-38.15299016728799
104,0.26153846153846155,-9.179315374979394
104,0.27692307692307694,-42.641465170015955
104,0.2923076923076923,78.9518010784385
104,0.3076923076923077,-12.925784921527903
104,0.3230769230769231,-11.190874964945024
104,0.3384615384615385,10.03608420983407
104,0.35384615384615387,0.9241180864012435
104,0.36923076923076925,-14.894533193075171
104,0.38461538461538464,-13.715879457813127
104,0.4,-25.738536177449532
104,0.4153846153846154,-16.061069435307946
104,0.4307692307692308,-16.7061685422843
104,0.4461538461538462,-25.213675604809882
104,0.46153846153846156,-3.0864007666626936
104,0.47692307692307695,12.673482718252949
104,0.49230769230769234,-23.925281905136718
105,0.0,-0.0
105,0.01282051282051282,-27.53146416765126
105,0.02564102564102564,15.214491475290343
105,0.038461538461538464,-2.0322832404885247
105,0.05128205128205128,-24.403149029651935
105,0.0641025641025641,13.760702429281277
105,0.07692307692307693,-10.680379721523805
105,0.08974358974358974,-33.853208137410526
105,0.10256410256410256,-0.15194440011868693
105,0.11538461538461538,-27.306054992992244
105,0.1282051282051282,-8.319796033070848
105,0.14102564102564102,-13.082864039956963
105,0.15384615384615385,-18.178432022805147
105,0.16666666666666666,28.68007669458886
105,0.1794871794871795,64.28294072233828
105,0.1923076923076923,16.247094404640748
105,0.20512820512820512,-78.34111118732244
105,0.21794871794871795,-0.9581989400839159
105,0.23076923076923075,-16.8828613349323
105,0.24358974358974358,-20.112541860329827
105,0.2564102564102564,-2.1726087164451986
105,0.2692307692307692,-33.03564832272249
105,0.28205128205128205,19.31904851010919
105,0.2948717948717949,-33.92267496058702
105,0.3076923076923077,-11.856401204153551
105,0.3205128205128205,-16.807666090888496
105,0.3333333333333333,11.16661815893696
105,0.34615384615384615,-9.29112742309165
105,0.358974358974359,-13.159640717565875
105,0.3717948717948718,-7.033697277757167
105,0.3846153846153846,-9.774334435905956
105,0.3974358974358974,78.25095153479018
105,0.41025641025641024,5.4942100117424015
105,0.4230769230769231,19.95866269780067
105,0.4358974358974359,15.164708405698068
105,0.4487179487179487,-3.7824283497827427
105,0.4615384615384615,-20.309565623013036
105,0.47435897435897434,-11.48623982781483
105,0.48717948717948717,54.82036989018849
106,0.0,-0.0
106,0.017241379310344827,-9.66784373909932
106,0.034482758620689655,-9.227501326193105
106,0.05172413793103448,-6.730456308837036
106,0.06896551724137931,2.82507750195896
106,0.08620689655172414,-35.75693907923832
106,0.10344827586206896,-4.374223638075812
106,0.12068965517241378,44.67010497035352
106,0.13793103448275862,8.29883467838324
106,0.15517241379310345,-18.91123898735983
106,0.1724137931034483,-16.364098101862364
106,0.1896551724137931,-6.035657418153642
106,0.20689655172413793,-1.774717559906886
106,0.22413793103448276,-43.94141345225046
106,0.24137931034482757,-10.51658904908916
106,0.25862068965517243,-31.67180814930013
106,0.27586206896551724,17.301379641167088
106,0.29310344827586204,28.441060328102548
106,0.3103448275862069,-24.495080801116828
106,0.3275862068965517,12.762376698663385
106,0.3448275862068966,23.11564168431125
106,0.3620689655172414,2.8898569400824448
106,0.3793103448275862,6.725385129214892
106,0.39655172413793105,3.9787602817872108
106,0.41379310344827586,-0.255788579345019
106,0.43103448275862066,-12.13900746037392
106,0.4482758620689655,14.042931304528368
106,0.46551724137931033,18.14352592602797
106,0.48275862068965514,9.367829034117838
107,0.0,-0.0
107,0.01282051282051282,11.744851693920594
107,0.02564102564102564,-12.448216986454767
107,0.038461538461538464,1.5720811799381273
107,0.05128205128205128,25.3123918304931
107,0.0641025641025641,7.461979887143745
107,0.07692307692307693,24.803367122233347
107,0.08974358974358974,12.138094868737545
107,0.10256410256410256,-26.013119025604844
107,0.11538461538461538,-22.7912735122431
107,0.1282051282051282,4.7370197083083845
107,0.14102564102564102,16.803239277030677
107,0.15384615384615385,-21.40648557651476
107,0.16666666666666666,16.035412979013017
107,0.1794871794871795,38.12665765616127
107,0.1923076923076923,4.520368250617704
107,0.20512820512820512,-24.509300413817932
107,0.21794871794871795,43.868539631483365
107,0.23076923076923075,-9.59103929936456
107,0.24358974358974358,31.06637469286498
107,0.2564102564102564,54.92891542821131
107,0.2692307692307692,-33.116015868628565
107,0.28205128205128205,-16.998215333251494
107,0.2948717948717949,39.5038578346141
107,0.3076923076923077,-52.73950760619721
107,0.3205128205128205,10.476010453804466
107,0.3333333333333333,-31.518561558032765
107,0.34615384615384615,11.767144082362805
107,0.358974358974359,-36.82565564428766
107,0.3717948717948718,-22.72319412947096
107,0.3846153846153846,1.6385114184380267
107,0.3974358974358974,56.99080902302294
107,0.41025641025641024,-5.178152443229083
107,0.4230769230769231,-7.776486369259134
107,0.4358974358974359,-13.635439224478652
107,0.4487179487179487,-35.84167224609014
107,0.4615384615384615,-59.344047594032006
107,0.47435897435897434,-44.82621316150269
107,0.48717948717948717,44.15888472305477
108,0.0,-0.0
108,0.0196078431372549,22.104728840172367
108,0.0392156862745098,5.00578732082985
108,0.058823529411764705,4.506546517502192
108,0.0784313725490196,-22.624028905353242
108,0.09803921568627451,-3.4516652183023284
108,0.11764705882352941,18.644539672386188
108,0.13725490196078433,-10.728518503876208
108,0.1568627450980392,-30.80823587342375
108,0.1764705882352941,18.824073704042835
108,0.19607843137254902,16.83082070728178
108,0.21568627450980393,9.411660958362695
108,0.23529411764705882,2.689542536307736
108,0.2549019607843137,-0.9286055284987524
108,0.27450980392156865,12.534406337061101
108,0.29411764705882354,-23.134381842422442
108,0.3137254901960784,-15.284707843047382
108,0.3333333333333333,-28.397492605333998
108,0.3529411764705882,-0.0800290157133503
108,0.37254901960784315,13.549316737491337
108,0.39215686274509803,7.937828830925609
108,0.4117647058823529,-11.063148456734723
108,0.43137254901960786,6.084795016836695
108,0.45098039215686275,2.4248704396582723
108,0.47058823529411764,-46.53009937933131
108,0.49019607843137253,-15.257535175931762
109,0.0,-0.0
109,0.013888888888888888,2.4093767389115737
109,0.027777777777777776,9.259742331123842
109,0.041666666666666664,19.42021319915584
109,0.05555555555555555,13.688544898438714
109,0.06944444444444445,-3.2880495399688954
109,0.08333333333333333,-27.447574092243823
109,0.09722222222222221,-11.28418235336087
109,0.1111111111111111,10.017820290336164
109,0.125,18.65677964250112
109,0.1388888888888889,-10.081796249171505
109,0.15277777777777776,11.644975323127177
109,0.16666666666666666,-32.985781797124346
109,0.18055555555555555,-86.81583677988027
109,0.19444444444444442,4.088126716468129
109,0.20833333333333331,26.483595610445896
109,0.2222222222222222,-15.939550432999784
109,0.2361111111111111,-9.619920207714035
109,0.25,11.864500000000021
109,0.2638888888888889,3.0107969104628727
109,0.2777777777777778,-6.1321982122332095
109,0.29166666666666663,59.10806183665006
109,0.3055555555555555,6.728836943011003
109,0.3194444444444444,57.14322172936653
109,0.3333333333333333,16.13362025980219
109,0.3472222222222222,-25.755917326182768
109,0.3611111111111111,-29.28512163291721
109,0.375,26.24237964250112
109,0.38888888888888884,-4.428440596509219
109,0.40277777777777773,-15.555313562666756
109,0.41666666666666663,-12.864225907756154
109,0.4305555555555555,-30.07059727913687
109,0.4444444444444444,20.921537011459876
109,0.4583333333333333,23.556946972951657
109,0.4722222222222222,-10.440360789555985
109,0.4861111111111111,31.67992499204002
110,0.0,-0.0
110,0.01694915254237288,4.073679313613766
110,0.03389830508474576,50.64185921685114
110,0.05084745762711865,-21.538327532347864
110,0.06779661016949153,-0.27121257580589475
110,0.0847457627118644,27.724876305921516
110,0.1016949152542373,30.66403923037876
110,0.11864406779661017,8.702379824759204
110,0.13559322033898305,6.484576656265548
110,0.15254237288135594,-29.367467717643038
110,0.1694915254237288,1.0385049306186538
110,0.1864406779661017,24.213942699134414
110,0.2033898305084746,-42.58914466790095
110,0.22033898305084745,-7.674502747409504
110,0.23728813559322035,-12.682447394350124
110,0.2542372881355932,13.480263648683831
110,0.2711864406779661,-0.07165423722442643
110,0.288135593220339,9.115899292940838
110,0.3050847457627119,29.491459194567902
110,0.3220338983050847,-43.60322981950114
110,0.3389830508474576,-33.41780116514738
110,0.3559322033898305,2.2344048387546085
110,0.3728813559322034,-5.29753648968944
110,0.3898305084745763,-39.95745323958987
110,0.4067796610169492,9.581940367764606
110,0.423728813559322,1.4953936209452863
110,0.4406779661016949,15.577999396608996
110,0.4576271186440678,-2.690983694318609
110,0.4745762711864407,46.5058363778047
110,0.4915254237288136,-44.396740427885504
111,0.0,-0.0
111,0.016666666666666666,-4.907156242263095
111,0.03333333333333333,-7.801110848670341
111,0.05,-21.185165084324122
111,0.06666666666666667,-8.63204766091518
111,0.08333333333333333,24.293460884504544
111,0.1,-34.14155990455637
111,0.11666666666666667,22.784721822239455
111,0.13333333333333333,-2.063558649805392
111,0.15,-8.009502897028277
111,0.16666666666666666,37.71956325675046
111,0.18333333333333332,-18.054941301871256
111,0.2,-0.8302906484187709
111,0.21666666666666667,1.1806489759432672
111,0.23333333333333334,-30.781680336437866
111,0.25,10.565899999999985
111,0.26666666666666666,-6.258356848686084
111,0.2833333333333333,55.10627528365731
111,0.3,36.850102808487364
111,0.31666666666666665,16.360392442547703
111,0.3333333333333333,-5.525761691386986
111,0.35,-50.901032532973566
111,0.36666666666666664,23.88235097496853
111,0.3833333333333333,-18.09968250205622
111,0.4,16.59624547154109
111,0.4166666666666667,-67.06096088450454
111,0.43333333333333335,-42.742395172948974
111,0.45,-8.391770345677713
111,0.4666666666666667,30.70542070568331
111,0.48333333333333334,24.884722443522225
112,0.0,-0.0
112,0.018518518518518517,-5.005719547060194
112,0.037037037037037035,-2.3479858760614096
112,0.05555555555555555,-24.299315584337915
112,0.07407407407407407,-13.996683480136484
112,0.09259259259259259,1.3964382214184212
112,0.1111111111111111,-19.108840383293504
112,0.12962962962962962,18.72155956599351
112,0.14814814814814814,-7.795105920378535
112,0.16666666666666666,-14.264650835894995
112,0.18518518518518517,-2.435632427786695
112,0.2037037037037037,-11.89364784617083
112,0.2222222222222222,11.547288956667174
112,0.24074074074074073,2.37606300270311
112,0.25925925925925924,-0.7989878605070391
112,0.2777777777777778,41.06520161376563
112,0.2962962962962963,-33.50317277894898
112,0.31481481481481477,-7.476022719951269
112,0.3333333333333333,-9.563691739072302
112,0.35185185185185186,2.827587432195359
112,0.37037037037037035,32.51885959911204
112,0.38888888888888884,-19.159475608717266
112,0.4074074074074074,-19.33364554099546
112,0.42592592592592593,3.7463017176505335
112,0.4444444444444444,1.2274602863405413
112,0.4629629629629629,-7.257111249991398
112,0.48148148148148145,-14.541974688312587
113,0.0,-0.0
113,0.02127659574468085,24.489075037610878
113,0.0425531914893617,-9.012897616655179
113,0.06382978723404255,10.210243515608918
113,0.0851063829787234,33.99789745762338
113,0.10638297872340426,18.351306565690223
113,0.1276595744680851,-0.8720286764248011
113,0.14893617021276595,-12.502087662375413
113,0.1702127659574468,11.026708292203729
113,0.19148936170212766,-18.75945090795546
113,0.2127659574468085,0.5391585435296062
113,0.23404255319148937,-22.549043506154867
113,0.2553191489361702,-27.77151459611874
113,0.2765957446808511,-26.913294812469317
113,0.2978723404255319,-7.874318080328538
113,0.3191489361702128,31.487511211828615
113,0.3404255319148936,31.987252074071794
113,0.36170212765957444,-14.950650909383375
113,0.3829787234042553,-9.092537277835026
113,0.40425531914893614,-25.680314973887572
113,0.425531914893617,4.113120471386992
113,0.44680851063829785,-1.9579884190223558
113,0.46808510638297873,-3.2747120836826458
113,0.48936170212765956,14.808114692043711
114,0.0,-0.0
114,0.014285714285714285,-10.882249776084175
114,0.02857142857142857,-28.337154746500442
114,0.04285714285714286,32.99803792171401
114,0.05714285714285714,2.2165324354934306
114,0.07142857142857142,-10.344323907420623
114,0.08571428571428572,-8.91472050753647
114,0.09999999999999999,8.98650159089169
114,0.11428571428571428,-1.373715583157237
114,0.12857142857142856,18.151008287004448
114,0.14285714285714285,16.519319422560287
114,0.15714285714285714,3.5295060896933794
114,0.17142857142857143,13.044797536105213
114,0.18571428571428572,-5.805073869018298
114,0.19999999999999998,-51.51760130419447
114,0.21428571428571427,-2.3480646196238313
114,0.22857142857142856,7.720345006068776
114,0.24285714285714285,38.68637982965195
114,0.2571428571428571,-7.305738973654195
114,0.2714285714285714,-1.7440992775114168
114,0.2857142857142857,-12.855712452287708
114,0.3,-29.86350718195874
114,0.3142857142857143,17.369546344477417
114,0.32857142857142857,-20.29233780826994
114,0.34285714285714286,-19.748402430968497
114,0.35714285714285715,20.451917109294108
114,0.37142857142857144,4.71725717700728
114,0.3857142857142857,10.426512216483436
114,0.39999999999999997,-32.7191767754334
114,0.41428571428571426,12.90420373990633
114,0.42857142857142855,36.64713026479041
114,0.44285714285714284,-53.98496044483852
114,0.45714285714285713,0.9375361852708721
114,0.4714285714285714,8.70785596502169
114,0.4857142857142857,-5.2668528837310635
115,0.0,-0.0
115,0.012048192771084338,-14.941255396213494
115,0.024096385542168676,-15.880637189012575
115,0.03614457831325302,19.23218408543126
115,0.04819277108433735,-49.056464951809424
115,0.060240963855421686,37.87508854566442
115,0.07228915662650603,13.920882374053681
115,0.08433734939759037,-16.104820400529945
115,0.0963855421686747,-6.889394834053804
115,0.10843373493975904,15.492230980420292
115,0.12048192771084337,12.377405705999557
115,0.13253012048192772,-1.4193272854808459
115,0.14457831325301207,-5.9261734858752515
115,0.1566265060240964,35.46581073156612
115,0.16867469879518074,-19.874691334908633
115,0.18072289156626506,1.2218740809158337
115,0.1927710843373494,26.951521322478463
115,0.20481927710843376,-8.653746821257343
115,0.21686746987951808,-0.2590103489552429
115,0.22891566265060243,59.42747382655695
115,0.24096385542168675,-9.815054574078271
115,0.2530120481927711,22.891489853895138
115,0.26506024096385544,-26.513389664818693
115,0.27710843373493976,-29.267452545389673
115,0.28915662650602414,-4.773137282599028
115,0.30120481927710846,-33.32213187802578
115,0.3132530120481928,-49.976584865647204
115,0.3253012048192771,43.187863873214496
115,0.3373493975903615,25.366934648700855
115,0.3493975903614458,-9.557752307916054
115,0.3614457831325301,24.107066346908173
115,0.3734939759036145,-41.841173401693425
115,0.3855421686746988,64.91427467722166
115,0.39759036144578314,27.367238674867764
115,0.4096385542168675,41.44539708527329
115,0.42168674698795183,4.542937260012371
115,0.43373493975903615,22.000412180568883
115,0.44578313253012053,51.57140406466417
115,0.45783132530120485,-14.441359773378617
115,0.46987951807228917,26.35286935417489
115,0.4819277108433735,-24.007036185908778
115,0.49397590361445787,2.2219411663277824
116,0.0,-0.0
116,0.022222222222222223,8.290026397653838
116,0.044444444444444446,-0.03363760727053844
116,0.06666666666666667,0.7950119530493733
116,0.08888888888888889,2.9205942911789933
116,0.11111111111111112,22.087560956404815
116,0.13333333333333333,-0.47531513685167415
116,0.15555555555555556,-22.798127071263238
116,0.17777777777777778,0.22236661177217856
116,0.2,-2.4109276775172663
116,0.22222222222222224,-8.65031896880869
116,0.24444444444444446,17.561877436647986
116,0.26666666666666666,21.043062080909554
116,0.2888888888888889,-16.78572086823056
116,0.3111111111111111,11.4432710280176
116,0.33333333333333337,-37.13577553205937
116,0.35555555555555557,-5.186429764210567
116,0.37777777777777777,1.0088231066334252
116,0.4,-11.312926780735442
116,0.4222222222222222,-22.892493641480268
116,0.4444444444444445,-18.36999792868717
116,0.4666666666666667,-14.203234469450075
116,0.48888888888888893,0.06850552875934726
117,0.0,-0.0
117,0.02127659574468085,4.644109455790625
117,0.0425531914893617,21.010369199725858
117,0.06382978723404255,-0.933684177128344
117,0.0851063829787234,30.268464995647527
117,0.10638297872340426,-31.894912209188778
117,0.1276595744680851,-4.473628098581971
117,0.14893617021276595,-11.07017165000751
117,0.1702127659574468,-9.114903329244717
117,0.19148936170212766,4.432233098871991
117,0.2127659574468085,-1.0788486017400936
117,0.23404255319148937,50.95471842902216
117,0.2553191489361702,1.3829327082814196
117,0.2765957446808511,-12.404495027837257
117,0.2978723404255319,-31.432902716121557
117,0.3191489361702128,-0.659045072978639
117,0.3404255319148936,-18.826711487635315
117,0.36170212765957444,1.9780960877528795
117,0.3829787234042553,-18.26268096659164
117,0.40425531914893614,-46.18612275475462
117,0.425531914893617,15.670186262477966
117,0.44680851063829785,6.690300319172766
117,0.46808510638297873,-1.456632714669138
117,0.48936170212765956,54.56248560462645
118,0.0,-0.0
118,0.023255813953488372,-12.649950157044735
118,0.046511627906976744,-18.21759459570425
118,0.06976744186046512,-1.5039036810648012
118,0.09302325581395349,25.919056965774175
118,0.11627906976744186,9.063876000094568
118,0.13953488372093023,-0.43452438943411353
118,0.16279069767441862,-5.961464926077124
118,0.18604651162790697,19.487886618454226
118,0.20930232558139533,6.152806207550604
118,0.23255813953488372,21.714623056771167
118,0.2558139534883721,4.249981211321391
118,0.27906976744186046,-7.339805467528228
118,0.3023255813953488,-33.34947145347816
118,0.32558139534883723,0.5845430812795804
118,0.3488372093023256,-20.39597378235333
118,0.37209302325581395,-0.7163122766101928
118,0.3953488372093023,-35.88896946858994
118,0.41860465116279066,-15.047395625217558
118,0.4418604651162791,0.825182842608454
118,0.46511627906976744,-22.165144904494944
118,0.4883720930232558,-11.820058335881846
119,0.0,-0.0
119,0.025,-16.268940316644407
119,0.05,6.029802434121833
119,0.07500000000000001,2.5538801833409273
119,0.1,-18.773557911908274
119,0.125,-3.851284836838163
119,0.15000000000000002,-0.5690037981355398
119,0.17500000000000002,10.02551791179321
119,0.2,16.17072678355281
119,0.225,-3.9116433341738635
119,0.25,-6.277799999999999
119,0.275,-38.40391514267746
119,0.30000000000000004,13.135597369485183
119,0.325,6.625441246450761
119,0.35000000000000003,4.847962492424855
119,0.375,-2.959284836838167
119,0.4,-25.85068274759271
119,0.42500000000000004,7.752650526394399
119,0.45,4.341956260167476
119,0.47500000000000003,5.2720251695702105
120,0.0,-0.0
120,0.013157894736842105,50.57481415180172
120,0.02631578947368421,12.429590212686948
120,0.039473684210526314,64.0129432371912
120,0.05263157894736842,-16.63644296246013
120,0.06578947368421052,-13.520586277791278
120,0.07894736842105263,19.023857882625002
120,0.09210526315789473,38.73562046790813
120,0.10526315789473684,34.60831505451115
120,0.11842105263157894,15.714675940316258
120,0.13157894736842105,58.518172158109884
120,0.14473684210526316,-29.301534010402666
120,0.15789473684210525,-14.109963499576079
120,0.17105263157894735,-53.830973528361106
120,0.18421052631578946,-8.637033035798021
120,0.19736842105263158,-30.983713486490203
120,0.21052631578947367,27.115818042895565
120,0.22368421052631576,-0.2594890634917295
120,0.23684210526315788,-40.96413401540363
120,0.25,-6.47920000000002
120,0.2631578947368421,22.69996780647403
120,0.2763157894736842,-12.354300399191215
120,0.2894736842105263,-87.98918166203224
120,0.3026315789473684,31.88420998647804
120,0.3157894736842105,26.760826438448248
120,0.3289473684210526,44.66892599409385
120,0.3421052631578947,-34.936738736272645
120,0.35526315789473684,2.3618024681816614
120,0.3684210526315789,-27.289748187950202
120,0.381578947368421,14.576039698971197
120,0.39473684210526316,9.263107512760996
120,0.40789473684210525,38.40085739118809
120,0.42105263157894735,-28.328571526247167
120,0.43421052631578944,-20.73288291078777
120,0.4473684210526315,-10.90315270050843
120,0.4605263157894737,-24.940174133233274
120,0.47368421052631576,37.154182360053035
120,0.48684210526315785,9.534388315261083
121,0.0,-0.0
121,0.015625,-18.144035278418603
121,0.03125,-41.69464948437485
121,0.046875,47.52546132166144
121,0.0625,28.095706645652456
121,0.078125,-48.90116800232957
121,0.09375,9.3090423017516
121,0.109375,18.485314409418606
121,0.125,-6.928723024021213
121,0.140625,-4.888707927617794
121,0.15625,-1.0828062699618144
121,0.171875,-17.893906495590176
121,0.1875,16.937035808444097
121,0.203125,31.965469303509376
121,0.21875,-7.5626744591078925
121,0.234375,24.155030944190695
121,0.25,6.362500000000011
121,0.265625,-28.18501746259872
121,0.28125,-6.58194629050433
121,0.296875,32.522949137039134
121,0.3125,-12.667579585566848
121,0.328125,-14.742979495949168
121,0.34375,-11.770023378668785
121,0.359375,-43.73100114364936
121,0.375,-8.26912302402123
121,0.390625,-28.573610839108767
121,0.40625,-10.732947550588392
121,0.421875,-3.0728647510009033
121,0.4375,31.199091251641505
121,0.453125,13.688197801601344
121,0.46875,82.4873059405957
121,0.484375,-31.660835322981352
122,0.0,-0.0
122,0.013888888888888888,-26.398495597052094
122,0.027777777777777776,-37.067586805064295
122,0.041666666666666664,-19.669257673825552
122,0.05555555555555555,-0.6396766280459758
122,0.06944444444444445,50.17028668589365
122,0.08333333333333333,26.698489327515574
122,0.09722222222222221,35.17353131808176
122,0.1111111111111111,-3.8255756366725304
122,0.125,6.919906524956689
122,0.1388888888888889,-48.29764073821854
122,0.15277777777777776,-24.96068766992119
122,0.16666666666666666,-5.2424847818090825
122,0.18055555555555555,30.365003631531142
122,0.19444444444444442,-20.498866960861832
122,0.20833333333333331,-15.882396274079104
122,0.2222222222222222,18.142666876342762
122,0.2361111111111111,28.70459789768215
122,0.25,37.747900000000016
122,0.2638888888888889,-23.809383263039685
122,0.2777777777777778,-18.920955251087673
122,0.29166666666666663,3.5743136487218923
122,0.3055555555555555,12.783102035050106
122,0.3194444444444444,0.28862978170732845
122,0.3333333333333333,6.302673081121991
122,0.3472222222222222,-18.256391775411213
122,0.3611111111111111,41.62005656138795
122,0.375,-38.62049347504329
122,0.38888888888888884,28.611139108053166
122,0.40277777777777773,-12.958105712554081
122,0.41666666666666663,-5.355189327515575
122,0.4305555555555555,-2.6834385863141748
122,0.4444444444444444,-55.08887926237611
122,0.4583333333333333,-39.152167596626526
122,0.4722222222222222,-49.016393943916825
122,0.4861111111111111,-5.98615645042447
123,0.0,-0.0
123,0.018518518518518517,-6.24742083790791
123,0.037037037037037035,36.313965998705996
123,0.05555555555555555,9.076252088119695
123,0.07407407407407407,-0.7341577777485622
123,0.09259259259259259,2.8700461831360995
123,0.1111111111111111,-23.726769584939056
123,0.12962962962962962,-13.597009969802103
123,0.14814814814814814,27.541565580032334
123,0.16666666666666666,-11.571831445367684
123,0.18518518518518517,-19.53505883219789
123,0.2037037037037037,0.7010560232345895
123,0.2222222222222222,-0.08992649942705419
123,0.24074074074074073,28.35504753333546
123,0.25925925925925924,7.647238478098755
123,0.2777777777777778,0.38369326680020654
123,0.2962962962962963,0.04761116201152471
123,0.31481481481481477,5.24835456119675
123,0.3333333333333333,-28.78928249800608
123,0.35185185185185186,-9.613114492258056
123,0.37037037037037035,4.42921412494116
123,0.38888888888888884,-24.246461675828385
123,0.4074074074074074,-6.0366491489005805
123,0.42592592592592593,-15.164589320433207
123,0.4444444444444444,-2.159715424636202
123,0.4629629629629629,-11.520885950968438
123,0.48148148148148145,-32.74444107200303
124,0.0,-0.0
124,0.014925373134328358,-14.208584624138053
124,0.029850746268656716,29.175461786902055
124,0.04477611940298507,46.2105519728517
124,0.05970149253731343,-31.98863682010745
124,0.07462686567164178,4.494814692929387
124,0.08955223880597014,-25.722398503053654
124,0.1044776119402985,-25.833577624194348
124,0.11940298507462686,29.44841300671671
124,0.13432835820895522,-32.70752073022221
124,0.14925373134328357,6.338192750113173
124,0.16417910447761194,-8.990749020285655
124,0.1791044776119403,12.986773422248756
124,0.19402985074626866,-0.14992692498622784
124,0.208955223880597,15.714842150563957
124,0.22388059701492538,35.22479866306996
124,0.23880597014925373,-10.394199523557546
124,0.2537313432835821,-1.2531076371614827
124,0.26865671641791045,-5.488208725649786
124,0.2835820895522388,34.695387568951034
124,0.29850746268656714,-14.64504625081305
124,0.31343283582089554,-46.80384099742158
124,0.3283582089552239,20.688323307553993
124,0.34328358208955223,-29.220353501384523
124,0.3582089552238806,42.08514864306488
124,0.3731343283582089,-2.425726244660721
124,0.3880597014925373,25.965280410908793
124,0.40298507462686567,-62.05501569923046
124,0.417910447761194,-2.8848985360373973
124,0.43283582089552236,-4.541120028560895
124,0.44776119402985076,3.56470725362572
124,0.4626865671641791,-29.33582529769035
124,0.47761194029850745,-0.2971896811854613
124,0.4925373134328358,-23.332965261124066
125,0.0,-0.0
125,0.018518518518518517,-23.46664903162432
125,0.037037037037037035,8.631993623903615
125,0.05555555555555555,-14.494059613600152
125,0.07407407407407407,-2.192988222313372
125,0.09259259259259259,-1.9896521254092505
125,0.1111111111111111,0.4234018119856824
125,0.12962962962962962,6.873726531467172
125,0.14814814814814814,-34.74266420045103
125,0.16666666666666666,-4.879013919840747
125,0.18518518518518517,8.063598500545481
125,0.2037037037037037,4.628452340381905
125,0.2222222222222222,-6.579046519616115
125,0.24074074074074073,-3.9832049382625936
125,0.25925925925925924,12.988304165404228
125,0.2777777777777778,-35.411650710811124
125,0.2962962962962963,5.8734241924018935
125,0.31481481481481477,10.794983065075208
125,0.3333333333333333,6.860480043699588
125,0.35185185185185186,-7.502791254557568
125,0.37037037037037035,6.0553907486995335
125,0.38888888888888884,-0.9882680951619616
125,0.4074074074074074,-42.14971339007286
125,0.42592592592592593,7.5936941544258
125,0.4444444444444444,-0.5108951099144008
125,0.4629629629629629,20.683961990487973
125,0.48148148148148145,0.11101301143757425
126,0.0,-0.0
126,0.018867924528301886,-6.883803763278092
126,0.03773584905660377,9.093995622538117
126,0.05660377358490566,-17.977910806642477
126,0.07547169811320754,-4.360795281235171
126,0.09433962264150943,-11.481555345798107
126,0.11320754716981132,-24.438731907539065
126,0.1320754716981132,6.023541979655173
126,0.1509433962264151,50.05955634402319
126,0.16981132075471697,-23.573236281246746
126,0.18867924528301885,-5.797373239770366
126,0.20754716981132074,22.447316273526106
126,0.22641509433962265,-26.434339718671072
126,0.24528301886792453,-44.096852173596176
126,0.2641509433962264,42.23940409030149
126,0.2830188679245283,-6.06145055352862
126,0.3018867924528302,-7.177539559909837
126,0.32075471698113206,-4.1810843637135395
126,0.33962264150943394,-8.489953677161804
126,0.3584905660377358,-3.1803286853744295
126,0.3773584905660377,3.3311738714253254
126,0.3962264150943396,-19.908116864770083
126,0.4150943396226415,-7.164364674894204
126,0.43396226415094336,5.5325009649465
126,0.4528301886792453,7.227505590315166
126,0.4716981132075472,21.906266397500424
126,0.49056603773584906,-20.75048217847747
127,0.0,-0.0
127,0.014925373134328358,-1.7575366801345407
127,0.029850746268656716,-3.5476586208239715
127,0.04477611940298507,7.427442559770766
127,0.05970149253731343,-23.383799170088608
127,0.07462686567164178,-40.77376532848924
127,0.08955223880597014,2.2396306187352337
127,0.1044776119402985,14.7682443799244
127,0.11940298507462686,-7.694465233348241
127,0.13432835820895522,-1.9955336436009623
127,0.14925373134328357,-3.6417228820084957
127,0.16417910447761194,8.100142420902884
127,0.1791044776119403,16.358795521695452
127,0.19402985074626866,-11.983967805616455
127,0.208955223880597,-14.729454771812637
127,0.22388059701492538,18.711821558520832
127,0.23880597014925373,38.252394354085204
127,0.2537313432835821,3.441881883334599
127,0.26865671641791045,-34.666119962113086
127,0.2835820895522388,-3.5021624010831403
127,0.29850746268656714,3.683438202436845
127,0.31343283582089554,10.926334662257391
127,0.3283582089552239,10.812855793656862
127,0.34328358208955223,-8.97422269032467
127,0.3582089552238806,29.16613993688376
127,0.3731343283582089,-62.90052340611523
127,0.3880597014925373,6.730446634160225
127,0.40298507462686567,27.461444178663445
127,0.417910447761194,-36.05623222186492
127,0.43283582089552236,8.065903238594366
127,0.44776119402985076,20.391224791157764
127,0.4626865671641791,4.958717158443286
127,0.47761194029850745,-47.284537897659945
127,0.4925373134328358,-43.627815707364675
128,0.0,-0.0
128,0.011904761904761904,-1.1767130666533383
128,0.023809523809523808,33.80682481073829
128,0.03571428571428571,20.020266267414016
128,0.047619047619047616,-13.68870697034334
128,0.05952380952380952,4.448309446299589
128,0.07142857142857142,5.1211473759257515
128,0.08333333333333333,21.177412362683857
128,0.09523809523809523,15.876517318535559
128,0.10714285714285714,-15.65780053763251
128,0.11904761904761904,7.598561685181093
128,0.13095238095238093,-60.69191847733193
128,0.14285714285714285,-20.89215264198726
128,0.15476190476190477,-5.393387444895696
128,0.16666666666666666,-15.049529659344874
128,0.17857142857142855,27.83983731103003
128,0.19047619047619047,-0.6542405162618987
128,0.20238095238095238,-40.27290944481294
128,0.21428571428571427,16.352986052571417
128,0.22619047619047616,-6.33533141140509
128,0.23809523809523808,-12.271101429628402
128,0.25,-3.958500000000015
128,0.26190476190476186,15.201868660518961
128,0.2738095238095238,56.130976482520566
128,0.2857142857142857,10.689850528452398
128,0.2976190476190476,-11.801458190964716
128,0.30952380952380953,-1.349782361898919
128,0.3214285714285714,50.504536491505796
128,0.3333333333333333,3.4602045008207254
128,0.34523809523809523,33.79186404375896
128,0.3571428571428571,14.000823864542873
128,0.369047619047619,-24.47215836055299
128,0.38095238095238093,0.49017991887562484
128,0.39285714285714285,-30.490140049203212
128,0.40476190476190477,-2.6052390398966514
128,0.41666666666666663,-29.901112362683865
128,0.42857142857142855,-28.553365494644417
128,0.44047619047619047,-52.07943483825346
128,0.45238095238095233,73.96916433718434
128,0.46428571428571425,-9.16408065678558
128,0.47619047619047616,-32.41879854285317
128,0.4880952380952381,36.320497728752215
129,0.0,-0.0
129,0.013888888888888888,-42.41904365429516
129,0.027777777777777776,13.74349121762251
129,0.041666666666666664,23.656593916145496
129,0.05555555555555555,8.120308117366863
129,0.06944444444444445,5.962355712890851
129,0.08333333333333333,39.76452872347546
129,0.09722222222222221,26.04259714893004
129,0.1111111111111111,-6.0983625710423635
129,0.125,46.45624738438284
129,0.1388888888888889,26.064034815806966
129,0.15277777777777776,-36.245665216691535
129,0.16666666666666666,19.164189557805436
129,0.18055555555555555,24.668769104473853
129,0.19444444444444442,-30.36418945339635
129,0.20833333333333331,4.925928195595652
129,0.2222222222222222,-54.91656660673741
129,0.2361111111111111,-35.26132391822165
129,0.25,-24.57200000000003
129,0.2638888888888889,-2.968283460776174
129,0.2777777777777778,-41.52441925918452
129,0.29166666666666663,34.60312602123235
129,0.3055555555555555,20.508797282673974
129,0.3194444444444444,1.7386827952226245
129,0.3333333333333333,50.895879967709554
129,0.3472222222222222,-32.48166009217384
129,0.3611111111111111,-12.019849118572022
129,0.375,14.799847384382822
129,0.38888888888888884,32.19389385821466
129,0.40277777777777773,-32.86003036625108
129,0.41666666666666663,-12.143128723475476
129,0.4305555555555555,38.36502711522736
129,0.4444444444444444,-17.273142100306522
129,0.4583333333333333,24.355196090508805
129,0.4722222222222222,-11.969969085579836
129,0.4861111111111111,38.72610840451063
130,0.0,-0.0
130,0.014925373134328358,6.476033986565326
130,0.029850746268656716,-1.0388554009370303
130,0.04477611940298507,15.934830284034836
130,0.05970149253731343,-30.879286335068635
130,0.07462686567164178,-21.122532633446493
130,0.08955223880597014,-26.15734279328188
130,0.1044776119402985,9.452429857445887
130,0.11940298507462686,-11.013770712372438
130,0.13432835820895522,4.642874739027597
130,0.14925373134328357,-16.048562717055027
130,0.16417910447761194,-15.461948150253917
130,0.1791044776119403,-21.135049764850294
130,0.19402985074626866,67.71030818154144
130,0.208955223880597,-21.22860328748233
130,0.22388059701492538,-24.49542876368183
130,0.23880597014925373,22.48375628587734
130,0.2537313432835821,-19.507966964962876
130,0.26865671641791045,-36.40939246435119
130,0.2835820895522388,-35.65698487688133
130,0.29850746268656714,-47.62564347127308
130,0.31343283582089554,7.575329994265731
130,0.3283582089552239,16.831312773885255
130,0.34328358208955223,-11.748560505316014
130,0.3582089552238806,-4.139313997830772
130,0.3731343283582089,23.799475726053362
130,0.3880597014925373,62.27595708589818
130,0.40298507462686567,6.454407429321327
130,0.417910447761194,7.89971010712777
130,0.43283582089552236,-40.67734224455047
130,0.44776119402985076,14.9163787733983
130,0.4626865671641791,-16.19911627281777
130,0.47761194029850745,7.00266613703795
130,0.4925373134328358,16.02848238091389
131,0.0,-0.0
131,0.014705882352941176,37.02936388728264
131,0.029411764705882353,28.775184818765815
131,0.044117647058823525,14.127335781352379
131,0.058823529411764705,8.425454554080108
131,0.07352941176470588,-1.5693851498164975
131,0.08823529411764705,-17.833957211937673
131,0.10294117647058823,18.81785597326515
131,0.11764705882352941,-7.578306032708536
131,0.1323529411764706,3.9626831638079523
131,0.14705882352941177,16.575308965725924
131,0.16176470588235295,-30.989920954496267
131,0.1764705882352941,-28.037849324837286
131,0.19117647058823528,-44.27655509297019
131,0.20588235294117646,-40.24373847165792
131,0.22058823529411764,3.30543448956141
131,0.23529411764705882,20.872428123908634
131,0.25,62.90719999999999
131,0.2647058823529412,51.49399993324597
131,0.27941176470588236,20.102695684705324
131,0.29411764705882354,-4.4307792090805975
131,0.3088235294117647,11.403805426758261
131,0.3235294117647059,45.89958791339414
131,0.3382352941176471,-8.002053197208685
131,0.3529411764705882,-33.757808694285686
131,0.3676470588235294,-46.950891197745804
131,0.38235294117647056,55.46654403184692
131,0.39705882352941174,-51.827756892153744
131,0.4117647058823529,-19.164300644005927
131,0.4264705882352941,-63.89027227075893
131,0.4411764705882353,29.91062494215601
131,0.45588235294117646,-9.245179742631208
131,0.47058823529411764,2.5479749676510774
131,0.4852941176470588,34.48596237583695
132,0.0,-0.0
132,0.01694915254237288,10.844302284323424
132,0.03389830508474576,-0.5058976334051921
132,0.05084745762711865,15.615180972658475
132,0.06779661016949153,24.08062769038018
132,0.0847457627118644,65.64767170581949
132,0.1016949152542373,36.83824406570347
132,0.11864406779661017,10.572479555566069
132,0.13559322033898305,-44.82821226446978
132,0.15254237288135594,45.423949436454876
132,0.1694915254237288,-34.110306207553066
132,0.1864406779661017,-57.64391340278252
132,0.2033898305084746,2.667636060793501
132,0.22033898305084745,-25.68371045202968
132,0.23728813559322035,13.96425779951457
132,0.2542372881355932,31.246659405567954
132,0.2711864406779661,-16.673029708772113
132,0.288135593220339,13.534067192319172
132,0.3050847457627119,5.8952140272426785
132,0.3220338983050847,0.007200023512176301
132,0.3389830508474576,-23.236287467873513
132,0.3559322033898305,-12.676611213327776
132,0.3728813559322034,-14.098596689130005
132,0.3898305084745763,12.744334133246333
132,0.4067796610169492,-8.387713863867166
132,0.423728813559322,8.079212654186566
132,0.4406779661016949,-11.520973795147924
132,0.4576271186440678,-10.374950131453561
132,0.4745762711864407,-39.89112360652191
132,0.4915254237288136,35.65756934007315
133,0.0,-0.0
133,0.010309278350515464,1.7515781028575255
133,0.020618556701030927,22.975545953919756
133,0.030927835051546393,25.683823859808985
133,0.041237113402061855,-41.056785359851965
133,0.05154639175257732,-33.51026434779938
133,0.061855670103092786,-13.078928231009604
133,0.07216494845360824,-36.721370207494964
133,0.08247422680412371,-2.410891460723506
133,0.09278350515463918,11.73122856578193
133,0.10309278350515463,-13.707789979794713
133,0.1134020618556701,-7.266199446755227
133,0.12371134020618557,25.377469680863914
133,0.13402061855670103,-6.292842851511664
133,0.14432989690721648,-16.682224808384383
133,0.15463917525773196,-1.6874962078292661
133,0.16494845360824742,-34.80591750819696
133,0.17525773195876287,-14.082550491915221
133,0.18556701030927836,0.22705904017333012
133,0.1958762886597938,14.460416177651098
133,0.20618556701030927,-1.8701607222700787
133,0.21649484536082475,-3.68893511109634
133,0.2268041237113402,46.3772008719062
133,0.23711340206185566,-5.763990048208937
133,0.24742268041237114,54.18573349830186
133,0.25773195876288657,-42.01985083241351
133,0.26804123711340205,5.771814578700724
133,0.27835051546391754,-63.17869959403866
133,0.28865979381443296,-9.299292016452334
133,0.29896907216494845,2.2511036542121694
133,0.30927835051546393,-7.03402009790071
133,0.31958762886597936,-12.130734604687898
133,0.32989690721649484,4.5567222510584156
133,0.3402061855670103,24.580058394258522
133,0.35051546391752575,45.115630985846046
133,0.36082474226804123,-39.366680283904785
133,0.3711340206185567,88.25194503356825
133,0.38144329896907214,-25.483787589057346
133,0.3917525773195876,-62.46894134713065
133,0.4020618556701031,16.56427474554102
133,0.41237113402061853,8.919822172155218
133,0.422680412371134,16.298507007432875
133,0.4329896907216495,6.89018638355185
133,0.44329896907216493,-44.618292810555516
133,0.4536082474226804,21.6920775123901
133,0.4639175257731959,-5.754869415052555
133,0.4742268041237113,-11.170519166658993
133,0.4845360824742268,-23.03311058705396
133,0.4948453608247423,8.468629522643251
134,0.0,-0.0
134,0.015384615384615385,14.63285576585027
134,0.03076923076923077,-13.673800310581981
134,0.046153846153846156,45.87212755546847
134,0.06153846153846154,-8.476603737110757
134,0.07692307692307693,-18.900473379093587
134,0.09230769230769231,-2.479997631559181
134,0.1076923076923077,21.016307650715163
134,0.12307692307692308,13.924529434496703
134,0.13846153846153847,4.489190894354248
134,0.15384615384615385,19.853699391995793
134,0.16923076923076924,-9.062871081118793
134,0.18461538461538463,17.2821738426763
134,0.2,-4.891649885438282
134,0.2153846153846154,-12.826342385713765
134,0.23076923076923078,-6.750816815988724
134,0.24615384615384617,-13.857204713424348
134,0.26153846153846155,-21.64344685769905
134,0.27692307692307694,-10.229462517634419
134,0.2923076923076923,1.3900128436648718
134,0.3076923076923077,12.758236973971258
134,0.3230769230769231,23.68197051498582
134,0.3384615384615385,-22.687048448213623
134,0.35384615384615387,-33.158236750388006
134,0.36923076923076925,-9.810778499233711
134,0.38461538461538464,-40.85467488664106
134,0.4,15.069041736646398
134,0.4153846153846154,-56.691888727706065
134,0.4307692307692308,-18.188339804666647
134,0.4461538461538462,-47.80235477975116
134,0.46153846153846156,-38.67481382493337
134,0.47692307692307695,-30.39230900544959
134,0.49230769230769234,-16.823328463851684
135,0.0,-0.0
135,0.013333333333333334,-4.620023229989782
135,0.02666666666666667,7.436357437152218
135,0.04,-7.126632935610223
135,0.05333333333333334,-16.91947736428827
135,0.06666666666666667,-20.778834862068415
135,0.08,6.799881152956718
135,0.09333333333333334,25.35161236433794
135,0.10666666666666667,18.976372434323608
135,0.12000000000000001,2.4780764936336173
135,0.13333333333333333,22.855700128312055
135,0.14666666666666667,-9.680994514196644
135,0.16,10.877201923854363
135,0.17333333333333334,-1.368145011015879
135,0.18666666666666668,-17.786364483670926
135,0.2,-6.427844717456086
135,0.21333333333333335,-38.81682738814465
135,0.22666666666666668,-0.1352656113792836
135,0.24000000000000002,-16.00820657562555
135,0.25333333333333335,-2.2664636104678473
135,0.26666666666666666,-41.26681420835818
135,0.28,1.2693480414634821
135,0.29333333333333333,-20.064401335399722
135,0.3066666666666667,19.704032905785127
135,0.32,-12.916838921689667
135,0.33333333333333337,3.2669076306960143
135,0.3466666666666667,-7.320514366102793
135,0.36000000000000004,5.529332972100574
135,0.37333333333333335,4.231459893946204
135,0.3866666666666667,-1.1224690799896406
135,0.4,12.164295678368381
135,0.4133333333333334,2.9209117809059904
135,0.4266666666666667,-24.676090210872736
135,0.44,18.654797504794956
135,0.45333333333333337,-15.72019909022633
135,0.4666666666666667,5.648160204430674
135,0.48000000000000004,2.5199943943849172
135,0.49333333333333335,16.565482519233182
136,0.0,-0.0
136,0.012195121951219513,32.97555827173111
136,0.024390243902439025,-10.067229399222652
136,0.03658536585365854,5.291690348337724
136,0.04878048780487805,19.59653701285412
136,0.06097560975609756,-24.330843941634527
136,0.07317073170731708,33.25898871851465
136,0.08536585365853659,3.919964420972727
136,0.0975609756097561,0.19475616363352977
136,0.10975609756097561,7.732237464781928
136,0.12195121951219512,-12.044623293209312
136,0.13414634146341464,-22.22699604245991
136,0.14634146341463417,7.622388449790764
136,0.15853658536585366,16.44303672621176
136,0.17073170731707318,2.2608552126782513
136,0.18292682926829268,-31.234099274276264
136,0.1951219512195122,-29.1346602185033
136,0.20731707317073172,-0.1614605974173866
136,0.21951219512195122,4.694101825188129
136,0.23170731707317074,22.885474246190622
136,0.24390243902439024,-44.09945135746024
136,0.25609756097560976,-2.5926591008217024
136,0.2682926829268293,-70.14123287372601
136,0.2804878048780488,17.618073292988157
136,0.29268292682926833,-13.106104594338923
136,0.3048780487804878,12.987967485599597
136,0.3170731707317073,13.17458661835779
136,0.32926829268292684,17.803849071601643
136,0.34146341463414637,35.235740269230035
136,0.3536585365853659,38.36969037728546
136,0.36585365853658536,-15.555190599923288
136,0.3780487804878049,25.107396221042784
136,0.3902439024390244,-22.69699867387359
136,0.4024390243902439,-10.947453697910703
136,0.41463414634146345,-18.978971552996548
136,0.4268292682926829,-24.339577456141434
136,0.43902439024390244,-38.560500101033604
136,0.45121951219512196,7.548750188569587
136,0.4634146341463415,-45.907418367958996
136,0.475609756097561,-12.416886140102855
136,0.4878048780487805,31.792552587291546
137,0.0,-0.0
137,0.016129032258064516,-4.677111238429632
137,0.03225806451612903,-11.01399464146778
137,0.04838709677419355,-25.858560118420595
137,0.06451612903225806,-29.3323257265062
137,0.08064516129032258,19.295344377823575
137,0.0967741935483871,27.019794943188735
137,0.11290322580645161,19.918284516716056
137,0.12903225806451613,28.565337303206704
137,0.14516129032258063,-9.101683135918513
137,0.16129032258064516,27.922949977376106
137,0.1774193548387097,-28.79840438136745
137,0.1935483870967742,35.959329875801785
137,0.2096774193548387,-5.59865801361401
137,0.22580645161290322,11.316273669983937
137,0.24193548387096775,-21.465586878422716
137,0.25806451612903225,34.1167710520556
137,0.27419354838709675,-2.9246225859233252
137,0.29032258064516125,-30.503942031136535
137,0.3064516129032258,-35.10852500296741
137,0.3225806451612903,-25.791662150184248
137,0.3387096774193548,-0.802534092707333
137,0.3548387096774194,-81.9286744368708
137,0.3709677419354839,9.53459387070419
137,0.3870967741935484,63.121419052368154
137,0.4032258064516129,-46.40215117889239
137,0.4193548387096774,-25.103662427233388
137,0.43548387096774194,39.608652262870976
137,0.45161290322580644,12.942814205924225
137,0.46774193548387094,-12.22250357809939
137,0.4838709677419355,-46.739953437938
138,0.0,-0.0
138,0.016129032258064516,-46.63112581438772
138,0.03225806451612903,-6.860169643013675
138,0.04838709677419355,-14.11814261540329
138,0.06451612903225806,5.946001929837124
138,0.08064516129032258,-13.695873776453627
138,0.0967741935483871,13.753448764942615
138,0.11290322580645161,19.765888547392997
138,0.12903225806451613,-21.666272247560606
138,0.14516129032258063,-47.05362884104894
138,0.16129032258064516,16.037735183945784
138,0.1774193548387097,10.863009758345026
138,0.1935483870967742,2.831909963183737
138,0.2096774193548387,44.083695623130595
138,0.22580645161290322,0.17454127862682522
138,0.24193548387096775,-17.122545359408395
138,0.25806451612903225,-17.26447236159262
138,0.27419354838709675,-7.154416778799456
138,0.29032258064516125,9.371135731836862
138,0.3064516129032258,-32.354896338394624
138,0.3225806451612903,1.9758207616029955
138,0.3387096774193548,1.0988087936587387
138,0.3548387096774194,-36.99685524354852
138,0.3709677419354839,12.7296288238053
138,0.3870967741935484,47.277885653809356
138,0.4032258064516129,-37.21642018194483
138,0.4193548387096774,-49.183623108874684
138,0.43548387096774194,-16.89982969901842
138,0.45161290322580644,-12.186400812676933
138,0.46774193548387094,7.695952859240357
138,0.4838709677419355,15.130835032335336
139,0.0,-0.0
139,0.015873015873015872,23.667868560059098
139,0.031746031746031744,7.8002655044846865
139,0.047619047619047616,19.76030536785082
139,0.06349206349206349,-42.463740000620994
139,0.07936507936507936,28.694265632885674
139,0.09523809523809523,34.94515168825886
139,0.1111111111111111,5.495879665021164
139,0.12698412698412698,38.98196234569012
139,0.14285714285714285,17.746490610236098
139,0.15873015873015872,-22.03461421108695
139,0.1746031746031746,13.706222959511038
139,0.19047619047619047,-14.314997824887323
139,0.20634920634920634,-25.397193271704573
139,0.2222222222222222,25.94881309160852
139,0.23809523809523808,-3.512562528051965
139,0.25396825396825395,11.880188478236228
139,0.2698412698412698,-35.14818013582134
139,0.2857142857142857,0.6767892593933187
139,0.30158730158730157,0.6856675218462254
139,0.31746031746031744,-30.293264997688592
139,0.3333333333333333,18.24767487298038
139,0.3492063492063492,-14.907412109570028
139,0.36507936507936506,18.08042954458945
139,0.38095238095238093,-19.924050666002273
139,0.3968253968253968,-29.514710459749146
139,0.4126984126984127,-4.285195496646511
139,0.42857142857142855,13.73844802312735
139,0.4444444444444444,-44.863222142077255
139,0.4603174603174603,-7.756757172969268
139,0.47619047619047616,2.507244040761817
139,0.49206349206349204,-23.905526285789882
140,0.0,-0.0
140,0.011904761904761904,-2.9329375702878817
140,0.023809523809523808,9.403831531671434
140,0.03571428571428571,3.165452188397251
140,0.047619047619047616,-34.32604476798426
140,0.05952380952380952,-21.590567701012716
140,0.07142857142857142,-23.1077681840382
140,0.08333333333333333,-15.058777784713875
140,0.09523809523809523,-14.13327367244966
140,0.10714285714285714,-37.97307941575669
140,0.11904761904761904,21.223664990900698
140,0.13095238095238093,4.907711556013633
140,0.14285714285714285,0.13235969177464568
140,0.15476190476190477,31.57042945074669
140,0.16666666666666666,-27.548527902004125
140,0.17857142857142855,5.758552688126066
140,0.19047619047619047,53.776613307531726
140,0.20238095238095238,13.409618148479185
140,0.21428571428571427,34.57235951173861
140,0.22619047619047616,-24.919124986985675
140,0.23809523809523808,5.89321763892913
140,0.25,-9.168500000000023
140,0.26190476190476186,-24.185077429688807
140,0.2738095238095238,-20.13878133675053
140,0.2857142857142857,81.1918608974765
140,0.2976190476190476,-24.55071701791349
140,0.30952380952380953,22.144017688727295
140,0.3214285714285714,-26.10854488527104
140,0.3333333333333333,-2.3296949387205057
140,0.34523809523809523,-23.769468585674797
140,0.3571428571428571,-45.71445281635611
140,0.369047619047619,-19.908061455341826
140,0.38095238095238093,-16.800164489740485
140,0.39285714285714285,72.33142146136697
140,0.40476190476190477,4.824435132472727
140,0.41666666666666663,-54.57742221528614
140,0.42857142857142855,2.6379891474035784
140,0.44047619047619047,-13.69480765071677
140,0.45238095238095233,12.920938660728535
140,0.46428571428571425,5.346482054357975
140,0.47619047619047616,-15.122568582372525
140,0.4880952380952381,23.673594703315402
141,0.0,-0.0
141,0.012987012987012988,9.672047473152155
141,0.025974025974025976,-37.32065483271372
141,0.03896103896103896,23.69446093841503
141,0.05194805194805195,-20.633224255784498
141,0.06493506493506494,36.11458778699251
141,0.07792207792207792,-29.087062159953458
141,0.09090909090909091,-28.631272773520706
141,0.1038961038961039,25.20308454752479
141,0.1168831168831169,-3.8727766614971095
141,0.12987012987012989,18.331733395543413
141,0.14285714285714288,-23.979054906659876
141,0.15584415584415584,-19.84457597592134
141,0.16883116883116883,42.32752457946849
141,0.18181818181818182,7.414720012866326
141,0.19480519480519481,-25.444542100456616
141,0.2077922077922078,50.531059241620085
141,0.2207792207792208,-37.249085242083574
141,0.2337662337662338,1.1892742522141226
141,0.24675324675324678,1.4851440346397435
141,0.25974025974025977,19.643396173783863
141,0.27272727272727276,-16.722551649381707
141,0.28571428571428575,-57.703660326244155
141,0.29870129870129875,39.62556284207714
141,0.3116883116883117,-40.121251108846636
141,0.3246753246753247,-23.835140969663918
141,0.33766233766233766,38.25893350475222
141,0.35064935064935066,-42.73395948090013
141,0.36363636363636365,18.566473016035903
141,0.37662337662337664,-22.695986081446556
141,0.38961038961038963,-28.878058778559364
141,0.4025974025974026,-26.43478261250823
141,0.4155844155844156,23.842988111965393
141,0.4285714285714286,-12.429910090657321
141,0.4415584415584416,14.063276634505396
141,0.4545454545454546,4.894550628517798
141,0.4675324675324676,5.944394541606622
141,0.48051948051948057,27.57588883684435
141,0.49350649350649356,-37.77812779896317
142,0.0,-0.0
142,0.015384615384615385,21.011162265324824
142,0.03076923076923077,-8.26044480126114
142,0.046153846153846156,-10.805355013934275
142,0.06153846153846154,-2.0696632326659525
142,0.07692307692307693,-11.96025922366725
142,0.09230769230769231,-27.530427754471987
142,0.1076923076923077,4.577959035647334
142,0.12307692307692308,-16.994506558768514
142,0.13846153846153847,-18.03151550934946
142,0.15384615384615385,10.147364021115738
142,0.16923076923076924,-1.096477441395141
142,0.18461538461538463,24.038734343241444
142,0.2,-21.81887452398997
142,0.2153846153846154,-7.991163321394957
142,0.23076923076923078,9.272998769509108
142,0.24615384615384617,-2.7874812267664737
142,0.26153846153846155,54.699309958614975
142,0.27692307692307694,-6.642628733303545
142,0.2923076923076923,-4.177532535592556
142,0.3076923076923077,17.595686816828735
142,0.3230769230769231,5.238956460195455
142,0.3384615384615385,-20.540092998917526
142,0.35384615384615387,-25.97532955829491
142,0.36923076923076925,4.956599138064449
142,0.38461538461538464,-8.843277339088225
142,0.4,22.05777151383116
142,0.4153846153846154,33.264479946595145
142,0.4307692307692308,20.006856988708932
142,0.4461538461538462,1.0043258817427425
142,0.46153846153846156,4.244516007376976
142,0.47692307692307695,-21.524425902116185
142,0.49230769230769234,-27.38639209496588
143,0.0,-0.0
143,0.013513513513513514,38.11941323628412
143,0.02702702702702703,-3.5739159859431835
143,0.04054054054054054,25.793821755542588
143,0.05405405405405406,-49.98178326343928
143,0.06756756756756757,4.7574634908734685
143,0.08108108108108109,17.04293274765555
143,0.0945945945945946,-15.1907560929365
143,0.10810810810810811,8.536281086919708
143,0.12162162162162163,-2.446627201461986
143,0.13513513513513514,6.330668822293035
143,0.14864864864864866,-41.87323711592224
143,0.16216216216216217,-23.8763094050763
143,0.17567567567567569,-2.6468849687535005
143,0.1891891891891892,22.138873006323305
143,0.20270270270270271,20.802175726193703
143,0.21621621621621623,0.20478383792589483
143,0.22972972972972974,-14.579996138930518
143,0.24324324324324326,15.49452523152836
143,0.2567567567567568,-8.814979350471933
143,0.2702702702702703,-26.440928651637186
143,0.28378378378378377,-6.880551334983959
143,0.2972972972972973,6.964726044880459
143,0.31081081081081086,21.892170701838612
143,0.32432432432432434,44.4742327106066
143,0.33783783783783783,-28.294720670995503
143,0.35135135135135137,25.63232784752655
143,0.3648648648648649,14.339981559969331
143,0.3783783783783784,-2.875403553900778
143,0.3918918918918919,12.17872884482329
143,0.40540540540540543,-30.93019709630148
143,0.41891891891891897,-6.306839315079054
143,0.43243243243243246,8.750333522957273
143,0.44594594594594594,15.091740025784777
143,0.4594594594594595,10.345106754550125
143,0.472972972972973,6.054848374622355
143,0.4864864864864865,22.28573223425237
144,0.0,-0.0
144,0.015625,-12.706455252496525
144,0.03125,-8.893327296485797
144,0.046875,0.6721556730204483
144,0.0625,-2.3572991178977656
144,0.078125,2.231597206021527
144,0.09375,-7.2878634470123655
144,0.109375,30.41346488570937
144,0.125,35.881754385596004
144,0.140625,-12.820311775306546
144,0.15625,16.759387006068934
144,0.171875,-2.8891085758614024
144,0.1875,-18.96131320172727
144,0.203125,-0.8250424198717257
144,0.21875,-35.26453695919188
144,0.234375,-0.5306684582118057
144,0.25,-54.71819999999997
144,0.265625,13.93279229470932
144,0.28125,2.5799458522877146
144,0.296875,-2.5324272420171967
144,0.3125,-32.92849979163846
144,0.328125,8.73711866860792
144,0.34375,-35.739696256373804
144,0.359375,-28.82890401985126
144,0.375,43.46835438559598
144,0.390625,8.140717237823363
144,0.40625,5.613632067679043
144,0.421875,-9.936867468965591
144,0.4375,15.620314292191035
144,0.453125,54.76479418353005
144,0.46875,-19.937065707872083
144,0.484375,-16.938034650805182
145,0.0,-0.0
145,0.0136986301369863,-5.247258840902321
145,0.0273972602739726,33.59627737114956
145,0.0410958904109589,38.10203656612337
145,0.0547945205479452,16.03755592409094
145,0.0684931506849315,51.37241980677342
145,0.0821917808219178,-26.356681163668256
145,0.0958904109589041,43.04732582063044
145,0.1095890410958904,36.23614313334371
145,0.1232876712328767,10.962893276455258
145,0.136986301369863,31.46704459954416
145,0.1506849315068493,-7.314279154118287
145,0.1643835616438356,-26.07300545301201
145,0.1780821917808219,-13.402163882816705
145,0.1917808219178082,21.73222004377989
145,0.2054794520547945,-13.620267393188492
145,0.2191780821917808,-25.04314248473733
145,0.2328767123287671,29.477084015143014
145,0.2465753424657534,-31.98455469561316
145,0.2602739726027397,12.643181960048715
145,0.273972602739726,-0.1541428341099058
145,0.2876712328767123,-11.302515733987992
145,0.3013698630136986,-54.92680924450819
145,0.3150684931506849,1.162401012621034
145,0.3287671232876712,-8.123543538497337
145,0.3424657534246575,-57.90656280807604
145,0.3561643835616438,18.90064025931325
145,0.3698630136986301,29.796634307837945
145,0.3835616438356164,-34.006081478349664
145,0.3972602739726027,-38.837458580946674
145,0.410958904109589,16.788632308232128
145,0.4246575342465753,40.28428416990192
145,0.4383561643835616,-41.69019017534367
145,0.4520547945205479,9.150046262263611
145,0.4657534246575342,15.366549315486576
145,0.4794520547945205,-16.3663592248482
145,0.4931506849315068,-34.40177290452458
146,0.0,-0.0
146,0.018867924528301886,-35.80802403120403
146,0.03773584905660377,-7.012120367901149
146,0.05660377358490566,31.35337863553634
146,0.07547169811320754,7.547142211365541
146,0.09433962264150943,35.73177416149596
146,0.11320754716981132,61.89032155518637
146,0.1320754716981132,1.1577976736677913
146,0.1509433962264151,-13.479544768432497
146,0.16981132075471697,-45.337838444516485
146,0.18867924528301885,-13.2822450375983
146,0.20754716981132074,1.4960789284080738
146,0.22641509433962265,13.771807154540355
146,0.24528301886792453,-18.28156571511058
146,0.2641509433962264,-1.6874102862826357
146,0.2830188679245283,38.202692837824976
146,0.3018867924528302,7.74366381457859
146,0.32075471698113206,-27.308688940941877
146,0.33962264150943394,-10.064427300772401
146,0.3584905660377358,-20.483547790422335
146,0.3773584905660377,-29.505416459561147
146,0.3962264150943396,11.158149784832208
146,0.4150943396226415,-2.7736151886731832
146,0.43396226415094336,17.34850047541385
146,0.4528301886792453,8.570542954515034
146,0.4716981132075472,20.305656914092438
146,0.49056603773584906,-14.665664083391157
147,0.0,-0.0
147,0.02564102564102564,-7.512354488895426
147,0.05128205128205128,-17.860286287819847
147,0.07692307692307693,1.0298011999110077
147,0.10256410256410256,-7.671323286458801
147,0.1282051282051282,20.305519642722317
147,0.15384615384615385,-6.184001705064533
147,0.1794871794871795,-1.748811325582638
147,0.20512820512820512,-5.5045472415458345
147,0.23076923076923075,-5.984977809132939
147,0.2564102564102564,17.78770886934958
147,0.28205128205128205,-32.23510920567436
147,0.3076923076923077,-3.0272810494543547
147,0.3333333333333333,-10.7195758455034
147,0.358974358974359,0.78527354324531
147,0.3846153846153846,11.768162350754704
147,0.41025641025641024,9.999029120281339
147,0.4358974358974359,36.558884738366686
147,0.4615384615384615,-22.425408015262533
147,0.48717948717948717,12.101599355577696
148,0.0,-0.0
148,0.021739130434782608,-33.420423499864114
148,0.043478260869565216,58.73071000257073
148,0.06521739130434782,40.96038041255667
148,0.08695652173913043,11.432300946009407
148,0.10869565217391304,-22.460625148421368
148,0.13043478260869565,-30.10912376367292
148,0.15217391304347827,-3.7336668686104915
148,0.17391304347826086,23.787681786000803
148,0.19565217391304346,-0.006308310608816647
148,0.21739130434782608,-10.459366236793308
148,0.2391304347826087,-18.72351035149961
148,0.2608695652173913,27.071249865231824
148,0.2826086956521739,-8.599746401819061
148,0.30434782608695654,13.574390833103628
148,0.32608695652173914,-4.627478383487066
148,0.34782608695652173,15.95200308049144
148,0.3695652173913043,-7.052875680956626
148,0.3913043478260869,-28.21351390076021
148,0.41304347826086957,-25.31657293205923
148,0.43478260869565216,-34.190051468954856
148,0.45652173913043476,-14.928679995203066
148,0.4782608695652174,0.9139532476494772
149,0.0,-0.0
149,0.014925373134328358,25.21273095817461
149,0.029850746268656716,3.7372732279668774
149,0.04477611940298507,17.774945989968185
149,0.05970149253731343,28.187662251027376
149,0.07462686567164178,-64.73782064185934
149,0.08955223880597014,35.479524952730856
149,0.1044776119402985,-26.438784061937106
149,0.11940298507462686,-36.179437376599566
149,0.13432835820895522,-12.228391210543725
149,0.14925373134328357,-9.33652117121708
149,0.16417910447761194,-5.774875159559444
149,0.1791044776119403,14.810859045439283
149,0.19402985074626866,13.015613022517842
149,0.208955223880597,15.561519428450932
149,0.22388059701492538,31.880883424966935
149,0.23880597014925373,-2.097082561365389
149,0.2537313432835821,-9.348499537008598
149,0.26865671641791045,-10.456740618562991
149,0.2835820895522388,4.532780441342242
149,0.29850746268656714,-14.794104331927866
149,0.31343283582089554,42.301263379694625
149,0.3283582089552239,-18.98685676119754
149,0.34328358208955223,-12.380681467967358
149,0.3582089552238806,4.838896558111123
149,0.3731343283582089,29.134918819231928
149,0.3880597014925373,16.798922078228074
149,0.40298507462686567,-39.005488494580675
149,0.417910447761194,-23.187589589160126
149,0.43283582089552236,-15.004580930498328
149,0.44776119402985076,21.183812829331238
149,0.4626865671641791,-31.509999262103292
149,0.47761194029850745,-24.435466661039342
149,0.4925373134328358,-23.082250064256968
