sid,freq,power
0,0.0,-0.0
0,0.017857142857142856,-3.901990473811135
0,0.03571428571428571,-6.719604154229568
0,0.05357142857142857,3.5811588383596513
0,0.07142857142857142,-3.6812511114400537
0,0.08928571428571427,-0.45247764749309355
0,0.10714285714285714,0.5672228600929461
0,0.125,-1.0387748140836863
0,0.14285714285714285,9.427676045781777
0,0.1607142857142857,1.9558080703547924
0,0.17857142857142855,15.446947556772326
0,0.19642857142857142,-11.423105279401181
0,0.21428571428571427,-7.1878067439821836
0,0.23214285714285712,0.31351418891365335
0,0.25,1.7712005641587174
0,0.26785714285714285,-1.9382043138331158
0,0.2857142857142857,2.5311185765660467
0,0.30357142857142855,-5.66542650203951
0,0.3214285714285714,1.790890679827835
0,0.33928571428571425,2.7174069115226365
0,0.3571428571428571,-2.3269249407808124
0,0.375,-8.024265216578282
0,0.39285714285714285,3.2766597411278866
0,0.4107142857142857,-1.0114546488345253
0,0.42857142857142855,2.3389158440440556
0,0.4464285714285714,-9.626632428659178
0,0.46428571428571425,4.195417063047966
0,0.4821428571428571,3.3640302125079655
1,0.0,-0.0
1,0.014705882352941176,-4.037025435003703
1,0.029411764705882353,1.190156175623893
1,0.044117647058823525,-0.04752390512538751
1,0.058823529411764705,-2.2723818573421215
1,0.07352941176470588,3.7347546817805495
1,0.08823529411764705,3.7302324173412145
1,0.10294117647058823,-3.387066479547224
1,0.11764705882352941,-2.389119115618476
1,0.1323529411764706,10.546170493153832
1,0.14705882352941177,-2.839657075369737
1,0.16176470588235295,0.7260894736800179
1,0.1764705882352941,6.519776755774359
1,0.19117647058823528,-5.876650488447032
1,0.20588235294117646,0.37157692954014776
1,0.22058823529411764,-7.822741197440818
1,0.23529411764705882,-7.535651026068706
1,0.25,3.3776071334891142
1,0.2647058823529412,6.694518398274674
1,0.27941176470588236,1.8940138870923904
1,0.29411764705882354,0.9584963058208636
1,0.3088235294117647,-0.47804384365645447
1,0.3235294117647059,-1.4658915469888014
1,0.3382352941176471,-4.889701344767098
1,0.3529411764705882,-2.0308719014166785
1,0.3676470588235294,-10.85363113851386
1,0.38235294117647056,3.418615190848169
1,0.39705882352941174,-2.153102759797539
1,0.4117647058823529,-4.102775375873252
1,0.4264705882352941,5.053465546354959
1,0.4411764705882353,3.2197167607852024
1,0.45588235294117646,-7.713834093648613
1,0.47058823529411764,0.8892639873278954
1,0.4852941176470588,9.126466873102785
2,0.0,-0.0
2,0.012658227848101266,6.437181888378607
2,0.02531645569620253,3.8005900313771472
2,0.0379746835443038,-11.819909981137945
2,0.05063291139240506,-7.25081126718146
2,0.06329113924050633,5.66772440429964
2,0.0759493670886076,-1.5378806391452413
2,0.08860759493670886,-4.80398694911687
2,0.10126582278481013,5.081622284178966
2,0.11392405063291139,2.5659424515901184
2,0.12658227848101267,-3.6219882387246716
2,0.13924050632911392,-2.4516234945671185
2,0.1518987341772152,-6.579006790651363
2,0.16455696202531644,-0.1328334388036454
2,0.17721518987341772,3.086292115038599
2,0.18987341772151897,-7.447484984528407
2,0.20253164556962025,-5.120901592765971
2,0.21518987341772153,0.2803357135813569
2,0.22784810126582278,4.901169840656478
2,0.24050632911392406,4.998241653767768
2,0.25316455696202533,2.9540132034657827
2,0.26582278481012656,5.105095001429693
2,0.27848101265822783,2.476899765181201
2,0.2911392405063291,-1.3982991943357108
2,0.3037974683544304,-3.9697037658612198
2,0.31645569620253167,4.247550287246617
2,0.3291139240506329,-3.141454546973674
2,0.34177215189873417,-2.6413231288316887
2,0.35443037974683544,-2.1955692096620982
2,0.3670886075949367,2.1848100170834095
2,0.37974683544303794,0.7401832294922298
2,0.3924050632911392,-1.4053077941575896
2,0.4050632911392405,4.808080737062184
2,0.4177215189873418,6.340897700099966
2,0.43037974683544306,-0.7416578051621668
2,0.4430379746835443,-6.929400369899934
2,0.45569620253164556,10.849931933812618
2,0.46835443037974683,8.789814741398287
2,0.4810126582278481,8.32737413878739
2,0.49367088607594933,1.860255264026227
3,0.0,-0.0
3,0.011627906976744186,-8.527929775331975
3,0.023255813953488372,2.877948550973227
3,0.03488372093023256,2.321068032154968
3,0.046511627906976744,-4.798126317193879
3,0.05813953488372093,7.346955979760127
3,0.06976744186046512,-7.023461740267479
3,0.08139534883720931,-5.695272579699406
3,0.09302325581395349,-6.469372630786422
3,0.10465116279069767,4.713670630809716
3,0.11627906976744186,-7.876416090592555
3,0.12790697674418605,-4.803615570525006
3,0.13953488372093023,-2.3173788918532683
3,0.1511627906976744,-6.53628029830274
3,0.16279069767441862,-7.197577519932172
3,0.1744186046511628,-4.283974220136415
3,0.18604651162790697,11.107063834294925
3,0.19767441860465115,0.023295328085220834
3,0.20930232558139533,3.280827230266553
3,0.22093023255813954,12.138446858276414
3,0.23255813953488372,1.4995847097924142
3,0.2441860465116279,12.649677994203323
3,0.2558139534883721,-5.561401530426533
3,0.26744186046511625,-2.6045115277431576
3,0.27906976744186046,-2.0820274516651445
3,0.29069767441860467,-3.315366892239143
3,0.3023255813953488,3.537122360528955
3,0.313953488372093,-3.3219284825110296
3,0.32558139534883723,-0.06490220453159079
3,0.3372093023255814,-10.059272975438091
3,0.3488372093023256,2.585828297725463
3,0.36046511627906974,-11.042775047825856
3,0.37209302325581395,-1.49460493073319
3,0.38372093023255816,-3.3243313955767118
3,0.3953488372093023,-6.166473785589803
3,0.4069767441860465,-5.033954290004228
3,0.41860465116279066,7.096816444106745
3,0.43023255813953487,0.16218006648471928
3,0.4418604651162791,2.987881732039327
3,0.45348837209302323,18.548298073382803
3,0.46511627906976744,-0.7939687783136244
3,0.47674418604651164,-5.569495125472057
3,0.4883720930232558,9.411786406700982
4,0.0,-0.0
4,0.018867924528301886,-3.2718659244097164
4,0.03773584905660377,1.2799065719238465
4,0.05660377358490566,4.6607199626745235
4,0.07547169811320754,2.8334263218738114
4,0.09433962264150943,-10.122506968354326
4,0.11320754716981132,9.765719201011589
4,0.1320754716981132,-11.533019250805733
4,0.1509433962264151,7.3416784166744895
4,0.16981132075471697,-6.4693577457472795
4,0.18867924528301885,5.088367655932408
4,0.20754716981132074,-0.7352537499796927
4,0.22641509433962265,-1.0443220370557191
4,0.24528301886792453,-2.108324581864408
4,0.2641509433962264,0.9961093060729125
4,0.2830188679245283,-1.7463779762825673
4,0.3018867924528302,1.7035640085021015
4,0.32075471698113206,-4.855372657974694
4,0.33962264150943394,1.2659602888055599
4,0.3584905660377358,-1.3726508165022424
4,0.3773584905660377,2.949198393288852
4,0.3962264150943396,-2.794937861281392
4,0.4150943396226415,-5.021350464407187
4,0.43396226415094336,0.45630734010464247
4,0.4528301886792453,-3.3013638483216687
4,0.4716981132075472,1.2367368642918908
4,0.49056603773584906,-4.629307283805593
5,0.0,-0.0
5,0.02,5.025009888552828
5,0.04,-0.7560466543702651
5,0.06,2.9703977167488946
5,0.08,1.4327417671842273
5,0.1,-6.618687761144805
5,0.12,-1.59415066863182
5,0.14,0.6638630409678381
5,0.16,-2.70734708353696
5,0.18,1.9337625538224987
5,0.2,-1.9577369128473836
5,0.22,0.2724151656358491
5,0.24,-13.490555942412183
5,0.26,1.2726860698613747
5,0.28,5.938845971716068
5,0.3,-4.05831288226617
5,0.32,-7.818084859475354
5,0.34,9.54386579542539
5,0.36,-10.90750218137555
5,0.38,-3.738429223306917
5,0.4,-6.04481403036351
5,0.42,5.188527295608195
5,0.44,2.8998092466891303
5,0.46,2.948321399809304
5,0.48,-4.148008291978015
6,0.0,-0.0
6,0.009708737864077669,-3.2805508186009487
6,0.019417475728155338,6.2630144250223925
6,0.029126213592233007,-0.19575977394988353
6,0.038834951456310676,-6.002968817654468
6,0.04854368932038834,3.3058887567917363
6,0.058252427184466014,-0.43238019065247474
6,0.06796116504854369,-4.6746058643139206
6,0.07766990291262135,-4.343748949477031
6,0.08737864077669902,4.353795530934498
6,0.09708737864077668,-4.799739667464122
6,0.10679611650485436,-0.5842873291767737
6,0.11650485436893203,-9.174909342882193
6,0.1262135922330097,2.0458741373537723
6,0.13592233009708737,2.7837636905599052
6,0.14563106796116504,-1.8044289413582684
6,0.1553398058252427,-3.9445158826145756
6,0.16504854368932037,6.908095711108256
6,0.17475728155339804,-3.1765139737426176
6,0.1844660194174757,-7.530405828961051
6,0.19417475728155337,-13.357255823375617
6,0.20388349514563106,3.927299366117134
6,0.21359223300970873,1.908006880124429
6,0.2233009708737864,0.8149006758951941
6,0.23300970873786406,1.026079097691564
6,0.24271844660194172,-3.188702404619558
6,0.2524271844660194,-2.8395159371566283
6,0.2621359223300971,3.799884815804513
6,0.27184466019417475,0.19007407288387757
6,0.2815533980582524,-3.0483699330169367
6,0.2912621359223301,-6.955009135500562
6,0.30097087378640774,-4.86753647692867
6,0.3106796116504854,-5.687050783037772
6,0.3203883495145631,2.8678057547286246
6,0.33009708737864074,1.1316372148829632
6,0.3398058252427184,9.163425708447141
6,0.3495145631067961,8.011016015543452
6,0.35922330097087374,-15.030750413409693
6,0.3689320388349514,9.33679071338963
6,0.37864077669902907,1.9797320292520308
6,0.38834951456310673,1.847738497758332
6,0.39805825242718446,2.5759924944841273
6,0.4077669902912621,-2.30969538960783
6,0.4174757281553398,5.486601757318985
6,0.42718446601941745,-1.743680662097752
6,0.4368932038834951,-9.18164171974767
6,0.4466019417475728,-6.043065006694352
6,0.45631067961165045,0.727697328108754
6,0.4660194174757281,17.72887178822892
6,0.4757281553398058,-8.19856155136607
6,0.48543689320388345,-1.8449181950505555
6,0.4951456310679611,-7.469069404491425
7,0.0,-0.0
7,0.02,-5.562163000869265
7,0.04,0.19120842238954694
7,0.06,-6.042184743382707
7,0.08,2.9422540526998886
7,0.1,-12.700239038361023
7,0.12,4.878789932586313
7,0.14,4.167497607341794
7,0.16,-4.0439101464199485
7,0.18,-6.065485918793968
7,0.2,2.035742554742459
7,0.22,7.886348561622509
7,0.24,-6.950999889553451
7,0.26,3.8828581777655677
7,0.28,-6.3649985217591984
7,0.3,8.577277593752017
7,0.32,-1.6926382701496383
7,0.34,-1.5103489314298515
7,0.36,-6.283332593861154
7,0.38,6.434888355969749
7,0.4,-1.3490839463471387
7,0.42,3.4290033915836706
7,0.44,-4.443012895300841
7,0.46,-8.343367245253614
7,0.48,-10.3763689665676
8,0.0,-0.0
8,0.013513513513513514,-0.12116052555212908
8,0.02702702702702703,1.7097322403420845
8,0.04054054054054054,-1.621469971688077
8,0.05405405405405406,5.515660283974455
8,0.06756756756756757,3.309832816937279
8,0.08108108108108109,-3.0123717692876877
8,0.0945945945945946,-7.849943250507135
8,0.10810810810810811,7.293465506114872
8,0.12162162162162163,-3.4842537869874786
8,0.13513513513513514,-6.3228764998446305
8,0.14864864864864866,2.446470081972524
8,0.16216216216216217,1.7265239903465526
8,0.17567567567567569,-2.3517092175123446
8,0.1891891891891892,-7.9501438649298635
8,0.20270270270270271,1.1146097981678131
8,0.21621621621621623,9.398001086349716
8,0.22972972972972974,1.5209188630711283
8,0.24324324324324326,-11.095798428079172
8,0.2567567567567568,-3.9800729627874283
8,0.2702702702702703,0.9692689901157698
8,0.28378378378378377,-5.091260947088871
8,0.2972972972972973,-1.1994445724717673
8,0.31081081081081086,-0.4700938287032024
8,0.32432432432432434,0.399628891453484
8,0.33783783783783783,-4.172365178747159
8,0.35135135135135137,-0.3156578876602203
8,0.3648648648648649,-4.368333639333109
8,0.3783783783783784,1.4456383982158592
8,0.3918918918918919,-2.1968246014519917
8,0.40540540540540543,7.866504658120494
8,0.41891891891891897,-0.6543494653167965
8,0.43243243243243246,3.596518553729629
8,0.44594594594594594,-0.7243733400034738
8,0.4594594594594595,7.317501715217814
8,0.472972972972973,-1.8528303254289347
8,0.4864864864864865,-2.063501948966414
9,0.0,-0.0
9,0.012658227848101266,-3.4816943660558453
9,0.02531645569620253,-9.30283519899809
9,0.0379746835443038,4.288810285762688
9,0.05063291139240506,2.9566153271500095
9,0.06329113924050633,1.5297067730115583
9,0.0759493670886076,9.527359495122882
9,0.08860759493670886,-3.0996085735056496
9,0.10126582278481013,-8.812452492884605
9,0.11392405063291139,5.108736539312895
9,0.12658227848101267,2.617005412803369
9,0.13924050632911392,0.9145808459829574
9,0.1518987341772152,3.230487482915995
9,0.16455696202531644,-0.8636879298365063
9,0.17721518987341772,-6.5175276255059575
9,0.18987341772151897,1.8375921530241943
9,0.20253164556962025,0.7225737571719729
9,0.21518987341772153,-0.9353599094451875
9,0.22784810126582278,-12.543748619466326
9,0.24050632911392406,-4.6358977547140015
9,0.25316455696202533,2.8604340823239673
9,0.26582278481012656,-5.555552188700391
9,0.27848101265822783,-0.8741927353154089
9,0.2911392405063291,-1.6230282514642163
9,0.3037974683544304,1.0525840577136896
9,0.31645569620253167,-4.11574952374966
9,0.3291139240506329,10.946774612696656
9,0.34177215189873417,-6.831862822670239
9,0.35443037974683544,-4.711495417493311
9,0.3670886075949367,2.041331644559147
9,0.37974683544303794,-1.7462491002808669
9,0.3924050632911392,-2.5498129461552814
9,0.4050632911392405,-6.57775245050792
9,0.4177215189873418,3.0876448311569935
9,0.43037974683544306,8.53363316556174
9,0.4430379746835443,-0.25475456447844014
9,0.45569620253164556,-10.771911998262068
9,0.46835443037974683,-9.198613796405539
9,0.4810126582278481,-12.63304398211202
9,0.49367088607594933,-6.854204894088559
10,0.0,-0.0
10,0.013888888888888888,3.2433507302025424
10,0.027777777777777776,6.733565926351657
10,0.041666666666666664,-0.8260816509329691
10,0.05555555555555555,-4.20678389845378
10,0.06944444444444445,-4.077396762094413
10,0.08333333333333333,6.904137234674213
10,0.09722222222222221,3.4923885709715816
10,0.1111111111111111,8.161119907515598
10,0.125,-8.821377390602677
10,0.1388888888888889,3.5230267154336428
10,0.15277777777777776,2.0045562305189906
10,0.16666666666666666,-3.8459875890466453
10,0.18055555555555555,-3.138813859334475
10,0.19444444444444442,1.6852171141151704
10,0.20833333333333331,6.093705702203717
10,0.2222222222222222,6.560483316347673
10,0.2361111111111111,4.775393269136145
10,0.25,-4.59200766080734
10,0.2638888888888889,-1.931944443832637
10,0.2777777777777778,0.6782886985495242
10,0.29166666666666663,2.861808240964768
10,0.3055555555555555,-16.00805399362423
10,0.3194444444444444,-1.3900482159786631
10,0.3333333333333333,-1.6021037579715696
10,0.3472222222222222,-12.02678590782089
10,0.3611111111111111,-4.416768213244781
10,0.375,2.664630334768316
10,0.38888888888888884,-2.4770873586654436
10,0.40277777777777773,4.359683658693097
10,0.41666666666666663,-6.610304654614945
10,0.4305555555555555,2.8269959291811033
10,0.4444444444444444,-2.9846763483556042
10,0.4583333333333333,-8.022252825537581
10,0.4722222222222222,1.569175042936898
10,0.4861111111111111,-1.3502276315600052
11,0.0,-0.0
11,0.014285714285714285,-6.445473012360594
11,0.02857142857142857,-1.144282918629718
11,0.04285714285714286,13.482628700950645
11,0.05714285714285714,-5.197804921147289
11,0.07142857142857142,9.009821425455922
11,0.08571428571428572,2.60324995612248
11,0.09999999999999999,-1.7402534335562052
11,0.11428571428571428,-0.7565662170348075
11,0.12857142857142856,3.529278408651505
11,0.14285714285714285,-6.742333244091991
11,0.15714285714285714,5.8745910092676
11,0.17142857142857143,14.312050404725145
11,0.18571428571428572,0.17620377652226954
11,0.19999999999999998,-2.2617580757293467
11,0.21428571428571427,-10.957273209409477
11,0.22857142857142856,-1.827275772055185
11,0.24285714285714285,-7.758026363300755
11,0.2571428571428571,-14.614251822046818
11,0.2714285714285714,1.943346813399789
11,0.2857142857142857,-5.6622394265063765
11,0.3,1.0886256516247086
11,0.3142857142857143,-0.32299592542742434
11,0.32857142857142857,6.696363252628203
11,0.34285714285714286,3.0973404849251134
11,0.35714285714285715,1.3637061735454563
11,0.37142857142857144,7.150285347907603
11,0.3857142857142857,-0.47861319819662285
11,0.39999999999999997,-12.379474426057893
11,0.41428571428571426,1.5706947890011869
11,0.42857142857142855,5.664459005990874
11,0.44285714285714284,1.494076339352307
11,0.45714285714285713,2.213868380304338
11,0.4714285714285714,-0.20337943248427698
11,0.4857142857142857,-5.324625683880672
12,0.0,-0.0
12,0.014492753623188406,-1.479473510808277
12,0.028985507246376812,1.3053509128225786
12,0.043478260869565216,1.927423859941473
12,0.057971014492753624,-1.7016873351689563
12,0.07246376811594203,6.86429931488254
12,0.08695652173913043,1.8227599677022206
12,0.10144927536231885,0.9786624391568692
12,0.11594202898550725,-4.1574714570381825
12,0.13043478260869565,-4.013702838171293
12,0.14492753623188406,-1.9524228939648447
12,0.15942028985507248,-6.192651517377893
12,0.17391304347826086,3.1764832811532466
12,0.18840579710144928,-8.751843807327694
12,0.2028985507246377,-1.9179029849167706
12,0.21739130434782608,-5.726224982156111
12,0.2318840579710145,-0.6158502205004694
12,0.2463768115942029,-2.4641890184373185
12,0.2608695652173913,2.616488443730285
12,0.2753623188405797,1.8214726682423592
12,0.2898550724637681,4.384754392647934
12,0.30434782608695654,-7.859472715156144
12,0.31884057971014496,10.22968942618305
12,0.3333333333333333,10.36403908742589
12,0.34782608695652173,5.429834631184903
12,0.36231884057971014,-17.344534805151074
12,0.37681159420289856,7.850734881043617
12,0.391304347826087,8.521264001884196
12,0.4057971014492754,6.499670265055766
12,0.42028985507246375,-5.560710290276859
12,0.43478260869565216,-5.202518758303085
12,0.4492753623188406,2.1531734309249573
12,0.463768115942029,-3.8927757994997507
12,0.4782608695652174,6.59859682855768
12,0.4927536231884058,2.6080075168464063
13,0.0,-0.0
13,0.014084507042253521,-9.65292392642674
13,0.028169014084507043,3.92164828980544
13,0.04225352112676056,2.1764515532836506
13,0.056338028169014086,-0.9229259953428757
13,0.07042253521126761,-3.6354761279557195
13,0.08450704225352113,9.77265872265771
13,0.09859154929577466,-6.696867135885672
13,0.11267605633802817,-3.479029102792712
13,0.1267605633802817,5.323084168094495
13,0.14084507042253522,-6.299757068468686
13,0.15492957746478875,-1.0760041588584988
13,0.16901408450704225,-4.680871736522695
13,0.18309859154929578,-5.529357077152874
13,0.1971830985915493,6.259168843851625
13,0.2112676056338028,1.8339995762512793
13,0.22535211267605634,-6.940128360419947
13,0.23943661971830987,0.5158044757567514
13,0.2535211267605634,-6.189229765843852
13,0.26760563380281693,7.055649812491829
13,0.28169014084507044,-1.0550601282634178
13,0.29577464788732394,-8.830921337242003
13,0.3098591549295775,-6.585494847289321
13,0.323943661971831,0.204254216647209
13,0.3380281690140845,-0.0700535327115166
13,0.35211267605633806,1.0567344257692393
13,0.36619718309859156,-6.558029641493978
13,0.38028169014084506,-4.788415247247141
13,0.3943661971830986,4.061661225436317
13,0.4084507042253521,1.7040393853631137
13,0.4225352112676056,-11.23482922047003
13,0.4366197183098592,1.5902299146392347
13,0.4507042253521127,-6.843449924998284
13,0.4647887323943662,-1.5271393950869334
13,0.47887323943661975,2.5407056881414514
13,0.49295774647887325,12.18054778637396
14,0.0,-0.0
14,0.03125,1.269535495502726
14,0.0625,4.242714640674654
14,0.09375,-5.187801692862751
14,0.125,-4.079564782868929
14,0.15625,-3.2157111210032867
14,0.1875,2.7493759378357017
14,0.21875,-1.5114409015356594
14,0.25,-1.4323492658443147
14,0.28125,-1.4097069486698803
14,0.3125,-1.6010132385471043
14,0.34375,4.801214732217943
14,0.375,-0.6353043948531143
14,0.40625,-5.980899971450285
14,0.4375,4.368364333849323
14,0.46875,3.869976971206314
15,0.0,-0.0
15,0.02857142857142857,-1.851271441457663
15,0.05714285714285714,-5.352810144514189
15,0.08571428571428572,0.8461586849647136
15,0.11428571428571428,1.1459043305569905
15,0.14285714285714285,1.9947880166353307
15,0.17142857142857143,0.8950358406256567
15,0.19999999999999998,0.7156855744212952
15,0.22857142857142856,-5.664172196887227
15,0.2571428571428571,-1.727769302033903
15,0.2857142857142857,2.7318973993643
15,0.3142857142857143,-5.2970858226663795
15,0.34285714285714286,-0.829708742297212
15,0.37142857142857144,-2.575964354808687
15,0.39999999999999997,-0.01747390419821232
15,0.42857142857142855,10.444259794519887
15,0.45714285714285713,-4.104082788402321
15,0.4857142857142857,1.4074682749158292
16,0.0,-0.0
16,0.01282051282051282,0.3394715433989113
16,0.02564102564102564,2.028722557235998
16,0.038461538461538464,0.9448499234236261
16,0.05128205128205128,-2.1871067709654373
16,0.0641025641025641,-1.1598191363953907
16,0.07692307692307693,-5.070735512112636
16,0.08974358974358974,-16.211734595246078
16,0.10256410256410256,6.752711608040296
16,0.11538461538461538,3.917862748617371
16,0.1282051282051282,-2.379476223653711
16,0.14102564102564102,0.6960905601771534
16,0.15384615384615385,-6.69044807773691
16,0.16666666666666666,0.8542433328785504
16,0.1794871794871795,0.8650992569410798
16,0.1923076923076923,9.12696292393982
16,0.20512820512820512,-4.7875647490275375
16,0.21794871794871795,3.3944526274736697
16,0.23076923076923075,-4.91489877831329
16,0.24358974358974358,-4.749656465425652
16,0.2564102564102564,-1.7038179624643273
16,0.2692307692307692,10.731556996227829
16,0.28205128205128205,-9.330601334264973
16,0.2948717948717949,6.495521562548864
16,0.3076923076923077,-8.896386585616101
16,0.3205128205128205,-12.97503673640378
16,0.3333333333333333,-5.678584719965144
16,0.34615384615384615,2.482609682478326
16,0.358974358974359,6.973523997821649
16,0.3717948717948718,0.2926607199550375
16,0.3846153846153846,-1.5654259752337492
16,0.3974358974358974,-4.633950581486679
16,0.41025641025641024,6.379559469028162
16,0.4230769230769231,-4.3073006926569875
16,0.4358974358974359,0.9858714906100836
16,0.4487179487179487,-5.119659186802066
16,0.4615384615384615,7.0923487658744735
16,0.47435897435897434,-10.090062419551185
16,0.48717948717948717,-6.6463898596465985
17,0.0,-0.0
17,0.0136986301369863,2.598245181337773
17,0.0273972602739726,2.411767986083261
17,0.0410958904109589,6.9754462708957945
17,0.0547945205479452,2.114537361380462
17,0.0684931506849315,8.124193678857935
17,0.0821917808219178,4.711503080532322
17,0.0958904109589041,-3.051103877350031
17,0.1095890410958904,-0.23494513171420994
17,0.1232876712328767,-3.4694073089072055
17,0.136986301369863,-2.0202882395051844
17,0.1506849315068493,-0.46392155243350286
17,0.1643835616438356,-3.6589635734335832
17,0.1780821917808219,-0.6207691881496005
17,0.1917808219178082,10.673704247009333
17,0.2054794520547945,-6.586903918023798
17,0.2191780821917808,-1.9985046638279533
17,0.2328767123287671,-2.217364958824161
17,0.2465753424657534,-4.419591091200526
17,0.2602739726027397,1.3716643000945488
17,0.273972602739726,-4.0117682321675785
17,0.2876712328767123,-0.8119819866992584
17,0.3013698630136986,-2.376410447842306
17,0.3150684931506849,-2.862358292123456
17,0.3287671232876712,-0.9422569161478821
17,0.3424657534246575,3.392623235085667
17,0.3561643835616438,6.932016532045188
17,0.3698630136986301,11.833901661240857
17,0.3835616438356164,5.944722369143248
17,0.3972602739726027,-6.706867332690869
17,0.410958904109589,-3.7414823194782727
17,0.4246575342465753,-0.3382194428007647
17,0.4383561643835616,0.15192123575687877
17,0.4520547945205479,10.634445158026955
17,0.4657534246575342,5.645582805122743
17,0.4794520547945205,9.613762497540838
17,0.4931506849315068,11.516749888849619
18,0.0,-0.0
18,0.013157894736842105,-2.96935323522881
18,0.02631578947368421,-4.006598038970722
18,0.039473684210526314,0.2382424993407133
18,0.05263157894736842,0.5003794310499421
18,0.06578947368421052,2.67795377032729
18,0.07894736842105263,-5.219654111524387
18,0.09210526315789473,-3.408544460850342
18,0.10526315789473684,7.413012053410123
18,0.11842105263157894,7.676226856320143
18,0.13157894736842105,11.25377380045412
18,0.14473684210526316,4.859970380568849
18,0.15789473684210525,4.638813647270249
18,0.17105263157894735,-11.601988167297701
18,0.18421052631578946,-2.145988831101577
18,0.19736842105263158,-4.147075451840896
18,0.21052631578947367,1.2426158143370247
18,0.22368421052631576,4.03530527364292
18,0.23684210526315788,-11.18115050451452
18,0.25,3.755344412154989
18,0.2631578947368421,-0.9604513623168733
18,0.2763157894736842,-3.470768739426142
18,0.2894736842105263,8.969263485325932
18,0.3026315789473684,3.893154141237622
18,0.3157894736842105,-15.310208781752152
18,0.3289473684210526,5.946499999286284
18,0.3421052631578947,-15.108295082349423
18,0.35526315789473684,-3.967595127264059
18,0.3684210526315789,-3.9143870461368517
18,0.381578947368421,-0.2679771104049484
18,0.39473684210526316,-1.7640990362674196
18,0.40789473684210525,0.6096490612925844
18,0.42105263157894735,-2.4094574085415497
18,0.43421052631578944,-3.26457056046052
18,0.4473684210526315,2.204422781031279
18,0.4605263157894737,-11.701292453933387
18,0.47368421052631576,0.3681058524893983
18,0.48684210526315785,-3.2015165836655
19,0.0,-0.0
19,0.014925373134328358,1.245024796392423
19,0.029850746268656716,0.6973969048281534
19,0.04477611940298507,-4.731888190073504
19,0.05970149253731343,-4.772993631788538
19,0.07462686567164178,-7.3525815337030345
19,0.08955223880597014,-2.9830797077690363
19,0.1044776119402985,-6.52666020009164
19,0.11940298507462686,3.420021324179161
19,0.13432835820895522,5.673743853758689
19,0.14925373134328357,-5.889744506080595
19,0.16417910447761194,0.7179997507815277
19,0.1791044776119403,-4.059628521696589
19,0.19402985074626866,-6.789364903763081
19,0.208955223880597,-2.9414163093752093
19,0.22388059701492538,3.4495857015176137
19,0.23880597014925373,6.047497285488731
19,0.2537313432835821,-1.4063308060151134
19,0.26865671641791045,-5.105714125992734
19,0.2835820895522388,0.9882846303936941
19,0.29850746268656714,3.173366891948606
19,0.31343283582089554,-12.405727531308298
19,0.3283582089552239,8.515617570376675
19,0.34328358208955223,0.5517412640848645
19,0.3582089552238806,-0.921238861170945
19,0.3731343283582089,-5.3856142077537825
19,0.3880597014925373,1.9704485414350077
19,0.40298507462686567,-7.26534019004588
19,0.417910447761194,-1.5362413668205144
19,0.43283582089552236,-4.784927333053353
19,0.44776119402985076,1.6921522620948737
19,0.4626865671641791,-2.634787649538501
19,0.47761194029850745,4.739318647424952
19,0.4925373134328358,0.8469523079455583
20,0.0,-0.0
20,0.0136986301369863,-11.049942371105853
20,0.0273972602739726,-0.14702388696493363
20,0.0410958904109589,10.694702729788336
20,0.0547945205479452,-5.428827990505001
20,0.0684931506849315,6.372887534574625
20,0.0821917808219178,3.8425934182578962
20,0.0958904109589041,-11.464737385302811
20,0.1095890410958904,-14.215524132448905
20,0.1232876712328767,3.1569000356161654
20,0.136986301369863,-12.59429825911693
20,0.1506849315068493,7.259569272546918
20,0.1643835616438356,4.1149697365277165
20,0.1780821917808219,-1.718408738330587
20,0.1917808219178082,15.581497401680569
20,0.2054794520547945,-6.065696943473791
20,0.2191780821917808,-3.790226236894064
20,0.2328767123287671,2.897652700002359
20,0.2465753424657534,-12.482741763804558
20,0.2602739726027397,6.911811893571058
20,0.273972602739726,-4.17676526758968
20,0.2876712328767123,10.247310383276233
20,0.3013698630136986,1.1856256813186037
20,0.3150684931506849,-1.8853249707334747
20,0.3287671232876712,-2.2384291513778667
20,0.3424657534246575,3.992092535274235
20,0.3561643835616438,-1.9122023444650684
20,0.3698630136986301,0.877751456420912
20,0.3835616438356164,2.4909863142332225
20,0.3972602739726027,5.061704001157778
20,0.410958904109589,2.033091686571513
20,0.4246575342465753,1.0504601279295642
20,0.4383561643835616,10.58217516804866
20,0.4520547945205479,-2.279404295036676
20,0.4657534246575342,-4.86886651290613
20,0.4794520547945205,-2.7713509603924464
20,0.4931506849315068,2.8877137089086964
21,0.0,-0.0
21,0.014705882352941176,-1.3204426753350478
21,0.029411764705882353,-7.826302896746546
21,0.044117647058823525,1.5175676229296378
21,0.058823529411764705,-5.74947853099541
21,0.07352941176470588,-1.6055559522944072
21,0.08823529411764705,-1.1197882928488898
21,0.10294117647058823,1.2542020190869347
21,0.11764705882352941,9.105077758386106
21,0.1323529411764706,-3.940283356518366
21,0.14705882352941177,5.85068441618092
21,0.16176470588235295,-5.368116334132896
21,0.1764705882352941,-3.493894671837908
21,0.19117647058823528,-3.107065208207195
21,0.20588235294117646,-1.6479912833253447
21,0.22058823529411764,3.9596103849742588
21,0.23529411764705882,-1.1310343111085877
21,0.25,7.589066775974263
21,0.2647058823529412,-2.9918104004217163
21,0.27941176470588236,10.263052685560638
21,0.29411764705882354,6.158263138265325
21,0.3088235294117647,1.9692250825017126
21,0.3235294117647059,-6.890530586242632
21,0.3382352941176471,-3.0458265611056388
21,0.3529411764705882,-7.3962650419183
21,0.3676470588235294,-9.334515288007426
21,0.38235294117647056,7.728671302171293
21,0.39705882352941174,-1.2426489403792849
21,0.4117647058823529,12.144654359197508
21,0.4264705882352941,-5.993228240721471
21,0.4411764705882353,8.740567115567778
21,0.45588235294117646,8.131935958056681
21,0.47058823529411764,-10.442156351483904
21,0.4852941176470588,-6.614898251852937
22,0.0,-0.0
22,0.011764705882352941,-10.571358931195483
22,0.023529411764705882,-0.8428475900161276
22,0.03529411764705882,5.352878414864655
22,0.047058823529411764,1.224279103566202
22,0.058823529411764705,-5.647691166746794
22,0.07058823529411765,3.5823465087558715
22,0.08235294117647059,0.19451246013374446
22,0.09411764705882353,-3.8876135753146865
22,0.10588235294117647,-7.3672902892923515
22,0.11764705882352941,-1.8162718911576525
22,0.12941176470588234,-7.538104069022168
22,0.1411764705882353,6.065338209984538
22,0.15294117647058825,7.738069990465065
22,0.16470588235294117,5.556886770728619
22,0.1764705882352941,-7.1948167538427255
22,0.18823529411764706,-3.7957055608268857
22,0.2,-6.651580335482445
22,0.21176470588235294,2.4382052812246156
22,0.22352941176470587,-2.990679538462877
22,0.23529411764705882,3.083288068397691
22,0.24705882352941178,-7.47570319784885
22,0.2588235294117647,-2.975910851198683
22,0.27058823529411763,9.252099587694094
22,0.2823529411764706,-4.173673235812057
22,0.29411764705882354,1.6377545599657362
22,0.3058823529411765,-6.439265294946684
22,0.3176470588235294,-6.103209130015233
22,0.32941176470588235,-12.698162929322933
22,0.3411764705882353,-0.05065328692394555
22,0.3529411764705882,11.25170531622122
22,0.36470588235294116,0.11492478692842134
22,0.3764705882352941,-3.24199102167124
22,0.38823529411764707,3.121965525079497
22,0.4,4.564300805206914
22,0.4117647058823529,-6.445464426127289
22,0.4235294117647059,-2.2751879004860203
22,0.43529411764705883,0.18504197223499563
22,0.44705882352941173,-5.530468500785143
22,0.4588235294117647,-12.240287136900264
22,0.47058823529411764,-1.0149035557704176
22,0.4823529411764706,-13.701397577363846
22,0.49411764705882355,-0.35612378995790284
23,0.0,-0.0
23,0.012658227848101266,-10.30488061554078
23,0.02531645569620253,11.22677308480414
23,0.0379746835443038,-4.961075083576018
23,0.05063291139240506,8.058077158376003
23,0.06329113924050633,9.134891425815775
23,0.0759493670886076,-3.6715931831337287
23,0.08860759493670886,1.2402703242943711
23,0.10126582278481013,2.000456215015487
23,0.11392405063291139,1.8051482237788263
23,0.12658227848101267,1.7138114957835309
23,0.13924050632911392,-2.911022292135766
23,0.1518987341772152,-2.8304278694270697
23,0.16455696202531644,-8.126072420625874
23,0.17721518987341772,-0.7801579983150989
23,0.18987341772151897,5.546184594015474
23,0.20253164556962025,8.48682702107866
23,0.21518987341772153,1.911236409331272
23,0.22784810126582278,5.567484839592832
23,0.24050632911392406,2.128161162874254
23,0.25316455696202533,2.3621935448699563
23,0.26582278481012656,5.482709852804894
23,0.27848101265822783,-3.129395344786198
23,0.2911392405063291,0.624827678338421
23,0.3037974683544304,7.483704077978053
23,0.31645569620253167,-2.245777248071586
23,0.3291139240506329,9.405559193447939
23,0.34177215189873417,-2.795144593976188
23,0.35443037974683544,-0.7536358564148793
23,0.3670886075949367,3.79595239945459
23,0.37974683544303794,1.90910314666944
23,0.3924050632911392,0.7541383142562658
23,0.4050632911392405,-17.65160311367844
23,0.4177215189873418,-5.329710325369956
23,0.43037974683544306,-11.953652711695945
23,0.4430379746835443,3.4034926709823656
23,0.45569620253164556,-1.3168263816458037
23,0.46835443037974683,11.638971817310473
23,0.4810126582278481,1.5780718563330374
23,0.49367088607594933,-3.6465278539957016
24,0.0,-0.0
24,0.018867924528301886,1.1488022548809163
24,0.03773584905660377,6.7123895528131285
24,0.05660377358490566,-4.257653119205934
24,0.07547169811320754,0.7510313822406973
24,0.09433962264150943,-3.774206752818755
24,0.11320754716981132,1.4714499291737881
24,0.1320754716981132,1.009435648363371
24,0.1509433962264151,-5.6128707001460585
24,0.16981132075471697,-4.717692075256505
24,0.18867924528301885,2.165501051802166
24,0.20754716981132074,2.937784355552493
24,0.22641509433962265,5.6425672876513
24,0.24528301886792453,-1.0719899655745642
24,0.2641509433962264,4.934571598243928
24,0.2830188679245283,2.3397938890576624
24,0.3018867924528302,-6.84707351716648
24,0.32075471698113206,-6.624369584744216
24,0.33962264150943394,-11.71424923568457
24,0.3584905660377358,3.5070936219725244
24,0.3773584905660377,5.837704989552268
24,0.3962264150943396,0.8389474285308869
24,0.4150943396226415,-7.765803085282265
24,0.43396226415094336,-1.7023842716286466
24,0.4528301886792453,2.1232931864639637
24,0.4716981132075472,7.801377286916754
24,0.49056603773584906,2.172874323017665
25,0.0,-0.0
25,0.011363636363636364,-6.63381529415426
25,0.022727272727272728,2.7050335281186317
25,0.03409090909090909,4.223452101796096
25,0.045454545454545456,1.7128807017133711
25,0.05681818181818182,2.378929900536932
25,0.06818181818181818,-1.036330229128373
25,0.07954545454545454,-1.9772017305437988
25,0.09090909090909091,6.428383566516306
25,0.10227272727272728,-2.7284349333563975
25,0.11363636363636365,0.5149197421285099
25,0.125,-11.067328913927298
25,0.13636363636363635,-9.499408037432218
25,0.14772727272727273,-2.3979233503348705
25,0.1590909090909091,7.221587093890841
25,0.17045454545454547,-1.8003647210682594
25,0.18181818181818182,6.620458271198437
25,0.19318181818181818,6.157145935541425
25,0.20454545454545456,-7.554082505873947
25,0.2159090909090909,4.835598587115526
25,0.2272727272727273,0.7598699636700434
25,0.23863636363636365,-6.706345724025091
25,0.25,2.267418239909757
25,0.26136363636363635,8.709397208756624
25,0.2727272727272727,7.253061484568507
25,0.2840909090909091,-4.230876400695139
25,0.29545454545454547,-14.660268742644003
25,0.3068181818181818,-6.233253582916981
25,0.3181818181818182,2.4492660264495254
25,0.32954545454545453,-13.065930737707014
25,0.34090909090909094,-2.768915036510332
25,0.3522727272727273,6.448899223190038
25,0.36363636363636365,-0.3182736134254682
25,0.375,-10.347402747629872
25,0.38636363636363635,2.393606530095129
25,0.39772727272727276,3.862423474377672
25,0.4090909090909091,-0.871771973023213
25,0.42045454545454547,-15.252062286538747
25,0.4318181818181818,3.829194633886055
25,0.4431818181818182,5.2363242632310705
25,0.4545454545454546,11.939864413937563
25,0.46590909090909094,-7.79044624523956
25,0.4772727272727273,5.04728463005886
25,0.48863636363636365,-5.656764795020154
26,0.0,-0.0
26,0.011904761904761904,-1.118300418845558
26,0.023809523809523808,-17.007084120894305
26,0.03571428571428571,10.079788813721041
26,0.047619047619047616,0.5605774452523122
26,0.05952380952380952,-7.694154255258586
26,0.07142857142857142,4.825474538103242
26,0.08333333333333333,-3.6552380703047227
26,0.09523809523809523,-2.1089625810006973
26,0.10714285714285714,13.377978394615782
26,0.11904761904761904,-4.796322560704182
26,0.13095238095238093,0.9203216639840761
26,0.14285714285714285,1.1129427509427219
26,0.15476190476190477,9.102772613435654
26,0.16666666666666666,-7.329619193806616
26,0.17857142857142855,-1.2036412562622285
26,0.19047619047619047,1.7515058397699925
26,0.20238095238095238,6.6948216160771326
26,0.21428571428571427,-4.322241339652298
26,0.22619047619047616,9.231003643112238
26,0.23809523809523808,-11.825890937293565
26,0.25,9.390002917654002
26,0.26190476190476186,0.7497782260662484
26,0.2738095238095238,2.5118752853664965
26,0.2857142857142857,-2.3941323515043527
26,0.2976190476190476,-3.094803796777472
26,0.30952380952380953,-0.8008056102295488
26,0.3214285714285714,-7.653043467079206
26,0.3333333333333333,-8.626205219371004
26,0.34523809523809523,1.0784961403836286
26,0.3571428571428571,-0.1502904751506955
26,0.369047619047619,7.571266584747693
26,0.38095238095238093,-6.795784400807188
26,0.39285714285714285,-9.53012390686141
26,0.40476190476190477,2.2852903352991296
26,0.41666666666666663,8.942796362483993
26,0.42857142857142855,-8.44571189980775
26,0.44047619047619047,12.143985113030897
26,0.45238095238095233,-4.36291152113948
26,0.46428571428571425,-10.913934653856476
26,0.47619047619047616,-7.965227237374153
26,0.4880952380952381,-0.5318852088888406
27,0.0,-0.0
27,0.02,4.221834627748374
27,0.04,3.43865979122432
27,0.06,7.032897679197874
27,0.08,-0.7069694918328671
27,0.1,1.6733200163281268
27,0.12,6.012526959619771
27,0.14,-5.120735001075413
27,0.16,3.091054205817651
27,0.18,-4.639628088864876
27,0.2,-0.28862121521321626
27,0.22,-12.475184602494831
27,0.24,3.8193732499165334
27,0.26,5.060812089468452
27,0.28,-6.497754560070039
27,0.3,0.8759473586948175
27,0.32,-6.867663998516155
27,0.34,2.3130306349597567
27,0.36,-2.0789176397427886
27,0.38,-4.571436064304787
27,0.4,2.7488190296766764
27,0.42,3.0339795651001147
27,0.44,6.833946290418926
27,0.46,-6.29142227543866
27,0.48,3.5914349602753655
28,0.0,-0.0
28,0.01282051282051282,-10.51341036097216
28,0.02564102564102564,9.131623715204068
28,0.038461538461538464,-6.830717704745906
28,0.05128205128205128,3.5814409496325337
28,0.0641025641025641,-1.3696297570046716
28,0.07692307692307693,1.8138572736092755
28,0.08974358974358974,6.547905530348389
28,0.10256410256410256,2.323536998772148
28,0.11538461538461538,2.9433522641172014
28,0.1282051282051282,5.580997212831
28,0.14102564102564102,8.717563746736094
28,0.15384615384615385,8.296594837491947
28,0.16666666666666666,2.34730946425119
28,0.1794871794871795,-4.836932779210532
28,0.1923076923076923,-0.46537074985201166
28,0.20512820512820512,-5.376678674966505
28,0.21794871794871795,-1.127613792859064
28,0.23076923076923075,6.301046650058799
28,0.24358974358974358,2.920769407157668
28,0.2564102564102564,-2.436283843368671
28,0.2692307692307692,1.275997727879544
28,0.28205128205128205,-12.282407650966261
28,0.2948717948717949,-6.595527565289665
28,0.3076923076923077,-12.317625370355982
28,0.3205128205128205,1.3744570664763753
28,0.3333333333333333,-9.369100823241928
28,0.34615384615384615,2.524037189676885
28,0.358974358974359,-7.151773060144232
28,0.3717948717948718,-0.11330356898603267
28,0.3846153846153846,8.790942694961082
28,0.3974358974358974,-0.8498551192422056
28,0.41025641025641024,-1.2089341593060419
28,0.4230769230769231,2.849461417983135
28,0.4358974358974359,6.010714632810858
28,0.4487179487179487,-4.0960202347478845
28,0.4615384615384615,6.60306544715389
28,0.47435897435897434,-6.856335940010141
28,0.48717948717948717,-5.203477742831804
29,0.0,-0.0
29,0.015625,-4.3475991337332065
29,0.03125,-11.309378633886613
29,0.046875,7.219364121098919
29,0.0625,-5.747372852087844
29,0.078125,-4.215004971904284
29,0.09375,-6.660011409476555
29,0.109375,3.461374753532535
29,0.125,1.5333382296535811
29,0.140625,8.24142564669449
29,0.15625,0.08579364624613639
29,0.171875,-12.560283341148136
29,0.1875,3.287430391455459
29,0.203125,-4.735594656139756
29,0.21875,3.6401727051545842
29,0.234375,-2.6148635023942908
29,0.25,-1.3679063458067575
29,0.265625,5.503485544435312
29,0.28125,-5.213893635085719
29,0.296875,-11.017217633174791
29,0.3125,6.1716833073021835
29,0.328125,3.108448463334903
29,0.34375,-4.885776614273507
29,0.359375,-2.6311670586237645
29,0.375,8.631899872073106
29,0.390625,1.564379384709384
29,0.40625,-4.697952052414442
29,0.421875,1.4090240282688757
29,0.4375,-9.881325204728554
29,0.453125,2.4933838009584077
29,0.46875,0.9982876982956146
29,0.484375,-0.5613745933260819
30,0.0,-0.0
30,0.012195121951219513,4.3433241590669605
30,0.024390243902439025,11.047541469208523
30,0.03658536585365854,-0.30837055175889105
30,0.04878048780487805,5.196512836176881
30,0.06097560975609756,-6.081865671592438
30,0.07317073170731708,2.8880189203135673
30,0.08536585365853659,-1.631075770400032
30,0.0975609756097561,11.863565280554647
30,0.10975609756097561,-3.3020804168781988
30,0.12195121951219512,2.8981752909778953
30,0.13414634146341464,-6.560798876345994
30,0.14634146341463417,-6.234561994699063
30,0.15853658536585366,-2.0029743891545184
30,0.17073170731707318,-5.359895255675827
30,0.18292682926829268,-1.3545452828899744
30,0.1951219512195122,-5.288725728868191
30,0.20731707317073172,-1.7359331436891323
30,0.21951219512195122,4.816209118743636
30,0.23170731707317074,-12.474162723308432
30,0.24390243902439024,4.144263530462917
30,0.25609756097560976,-7.967303050784807
30,0.2682926829268293,-9.370233851998282
30,0.2804878048780488,5.878710305824811
30,0.29268292682926833,-3.898081816958627
30,0.3048780487804878,0.5015882790936592
30,0.3170731707317073,-13.787921343762
30,0.32926829268292684,-1.103286431817097
30,0.34146341463414637,2.969241967059089
30,0.3536585365853659,9.540930120111927
30,0.36585365853658536,18.72178209608486
30,0.3780487804878049,-12.15572315449597
30,0.3902439024390244,-7.874186026908631
30,0.4024390243902439,6.360284895926673
30,0.41463414634146345,0.3631225609845432
30,0.4268292682926829,5.8619144357935395
30,0.43902439024390244,1.6484313433003468
30,0.45121951219512196,0.40254113464404506
30,0.4634146341463415,-6.862198042924236
30,0.475609756097561,-0.8844243276715442
30,0.4878048780487805,3.9227307090198833
31,0.0,-0.0
31,0.013157894736842105,-4.356448082874413
31,0.02631578947368421,-2.9621192922745183
31,0.039473684210526314,7.342444695180868
31,0.05263157894736842,5.85067451779568
31,0.06578947368421052,-1.5489866055387669
31,0.07894736842105263,-1.3387630643169017
31,0.09210526315789473,-9.606419265556937
31,0.10526315789473684,-7.456022483034754
31,0.11842105263157894,12.048068977203485
31,0.13157894736842105,-8.718765512704499
31,0.14473684210526316,7.757168506369176
31,0.15789473684210525,-4.919584734914105
31,0.17105263157894735,-12.272021028441014
31,0.18421052631578946,-5.699937936707291
31,0.19736842105263158,-4.0241365351749305
31,0.21052631578947367,-4.836888802828483
31,0.22368421052631576,5.194939612195718
31,0.23684210526315788,9.97898109597876
31,0.25,-2.3681811510081023
31,0.2631578947368421,1.0312752739891353
31,0.2763157894736842,-1.4599581417392269
31,0.2894736842105263,-0.4947220081982482
31,0.3026315789473684,-2.4726487821805883
31,0.3157894736842105,0.7964162982773013
31,0.3289473684210526,1.426069448884121
31,0.3421052631578947,22.115713892189916
31,0.35526315789473684,-3.06234903330293
31,0.3684210526315789,2.3070152973273674
31,0.381578947368421,-2.0637241284728445
31,0.39473684210526316,-9.041629779201905
31,0.40789473684210525,0.9778177215318546
31,0.42105263157894735,-0.3983460929537359
31,0.43421052631578944,-5.960851722581747
31,0.4473684210526315,-10.005438572870734
31,0.4605263157894737,-4.002005486338197
31,0.47368421052631576,10.29844028449826
31,0.48684210526315785,-11.063648599713359
32,0.0,-0.0
32,0.014925373134328358,-0.08918304089377074
32,0.029850746268656716,-0.4441603061486622
32,0.04477611940298507,-2.7839344097186016
32,0.05970149253731343,-0.07534770431433055
32,0.07462686567164178,-3.6151160128136444
32,0.08955223880597014,3.802484868462451
32,0.1044776119402985,8.642492670022376
32,0.11940298507462686,-1.9605561799041484
32,0.13432835820895522,-7.0695102166380535
32,0.14925373134328357,-7.940699553113306
32,0.16417910447761194,-0.723445633202934
32,0.1791044776119403,-1.667546123278016
32,0.19402985074626866,3.887738053762421
32,0.208955223880597,-6.063465496276856
32,0.22388059701492538,1.1018689575210596
32,0.23880597014925373,0.3549311707604955
32,0.2537313432835821,2.954455242607658
32,0.26865671641791045,0.6546526723061933
32,0.2835820895522388,-5.8934795412322005
32,0.29850746268656714,2.9874156515429564
32,0.31343283582089554,5.646669628959025
32,0.3283582089552239,-2.5579685434322545
32,0.34328358208955223,-2.376925889559871
32,0.3582089552238806,-4.262079955437089
32,0.3731343283582089,-3.7632288828409095
32,0.3880597014925373,-1.842984607023549
32,0.40298507462686567,-13.347147715574714
32,0.417910447761194,11.164187482424307
32,0.43283582089552236,-8.864153998434993
32,0.44776119402985076,-10.455677942867807
32,0.4626865671641791,4.701347753488914
32,0.47761194029850745,10.438223391036653
32,0.4925373134328358,-3.8765377057735644
33,0.0,-0.0
33,0.014084507042253521,4.057788152499853
33,0.028169014084507043,-5.380183964081755
33,0.04225352112676056,0.06604037423197112
33,0.056338028169014086,-0.8433794627228846
33,0.07042253521126761,1.0556546759357244
33,0.08450704225352113,-3.018493184464164
33,0.09859154929577466,8.46402561225922
33,0.11267605633802817,-1.9549722073810498
33,0.1267605633802817,8.24614821030419
33,0.14084507042253522,-1.8238155954565758
33,0.15492957746478875,4.561228285828052
33,0.16901408450704225,1.6088227708113987
33,0.18309859154929578,-1.328995104317592
33,0.1971830985915493,-0.12750166124745177
33,0.2112676056338028,0.3897855579970031
33,0.22535211267605634,-5.685249746801109
33,0.23943661971830987,-0.763769460571839
33,0.2535211267605634,2.8198648261079837
33,0.26760563380281693,0.09897273562506648
33,0.28169014084507044,-8.706233394755209
33,0.29577464788732394,2.2758579145010156
33,0.3098591549295775,-8.494598813227464
33,0.323943661971831,-2.5473166052370324
33,0.3380281690140845,-9.193942460862012
33,0.35211267605633806,-1.097322909398867
33,0.36619718309859156,8.298346845502403
33,0.38028169014084506,-4.00835641460375
33,0.3943661971830986,-8.420832072014313
33,0.4084507042253521,4.147710450329896
33,0.4225352112676056,-4.34582124941873
33,0.4366197183098592,1.0358415563825574
33,0.4507042253521127,-1.1818400508438547
33,0.4647887323943662,3.532067776554727
33,0.47887323943661975,5.977029406939327
33,0.49295774647887325,1.789816950743406
34,0.0,-0.0
34,0.023255813953488372,2.3923854510692038
34,0.046511627906976744,-0.12836744570845954
34,0.06976744186046512,-1.6063920498864168
34,0.09302325581395349,3.264667900230713
34,0.11627906976744186,-1.5982978939056338
34,0.13953488372093023,-1.8989262029666705
34,0.16279069767441862,-6.7319219325974515
34,0.18604651162790697,-5.2163507141203675
34,0.20930232558139533,-1.7367685588753259
34,0.23255813953488372,4.8575831880176485
34,0.2558139534883721,3.64289291383048
34,0.27906976744186046,2.69142703021566
34,0.3023255813953488,-0.9141366328355596
34,0.32558139534883723,-9.609702466411651
34,0.3488372093023256,-0.27926163762633927
34,0.37209302325581395,5.357003558543072
34,0.3953488372093023,8.131563655449124
34,0.41860465116279066,-6.371335220783149
34,0.4418604651162791,-1.4120662836850875
34,0.46511627906976744,12.19627331469751
34,0.4883720930232558,-4.207916961061312
35,0.0,-0.0
35,0.02702702702702703,-2.424754605151069
35,0.05405405405405406,0.7874934178014434
35,0.08108108108108109,5.698445637343107
35,0.10810810810810811,1.98667331320887
35,0.13513513513513514,1.8800541500348888
35,0.16216216216216217,2.7247573916758956
35,0.1891891891891892,-2.9459732592842887
35,0.21621621621621623,1.4894739638063725
35,0.24324324324324326,-0.883077627437342
35,0.2702702702702703,-10.036117480018591
35,0.2972972972972973,-1.010839787756233
35,0.32432432432432434,2.20422979282653
35,0.35135135135135137,-4.669044203048899
35,0.3783783783783784,-9.711907786152768
35,0.40540540540540543,11.134857594547368
35,0.43243243243243246,-4.610801379826664
35,0.4594594594594595,-2.0228910768294135
35,0.4864864864864865,-1.494618392484461
36,0.0,-0.0
36,0.00909090909090909,-5.420423812336123
36,0.01818181818181818,-5.30935264989374
36,0.02727272727272727,1.0577277229918813
36,0.03636363636363636,0.33299074562106057
36,0.045454545454545456,3.4657470835793873
36,0.05454545454545454,-0.19689872169408984
36,0.06363636363636363,2.7386461931348993
36,0.07272727272727272,4.823997799441149
36,0.08181818181818182,-12.687746483103783
36,0.09090909090909091,-5.4150685436242645
36,0.09999999999999999,-1.3858786572378952
36,0.10909090909090909,-0.6281821592660068
36,0.11818181818181818,6.436777115637831
36,0.12727272727272726,-2.4306353218619408
36,0.13636363636363635,5.822435218433986
36,0.14545454545454545,-2.4870024437022593
36,0.15454545454545454,-0.6106496167656355
36,0.16363636363636364,-1.3150904071709433
36,0.17272727272727273,-2.953209140132188
36,0.18181818181818182,6.78590587773993
36,0.1909090909090909,-5.4549607187243065
36,0.19999999999999998,7.191984713037291
36,0.20909090909090908,0.7937896622062706
36,0.21818181818181817,8.634950474854213
36,0.22727272727272727,7.715140212686956
36,0.23636363636363636,6.948201595430678
36,0.24545454545454545,3.201690997278039
36,0.2545454545454545,-5.296371190363438
36,0.2636363636363636,-19.902784938934616
36,0.2727272727272727,-8.668136539942617
36,0.2818181818181818,1.581014884064091
36,0.2909090909090909,-4.861543106599851
36,0.3,12.955170082286115
36,0.3090909090909091,-12.663461997687103
36,0.3181818181818182,12.388570259761808
36,0.32727272727272727,-1.9915088230252591
36,0.33636363636363636,-0.9114428924285369
36,0.34545454545454546,6.811323721814413
36,0.35454545454545455,22.832341467555807
36,0.36363636363636365,-1.1900625320030431
36,0.3727272727272727,6.244285012575434
36,0.3818181818181818,1.6399334217360817
36,0.3909090909090909,2.7632169510510427
36,0.39999999999999997,0.5433595011116195
36,0.40909090909090906,4.0919572672670546
36,0.41818181818181815,5.347449088762499
36,0.42727272727272725,-3.403919297883948
36,0.43636363636363634,-14.78919452746939
36,0.44545454545454544,5.053363385306765
36,0.45454545454545453,-9.651563529403099
36,0.4636363636363636,-4.137491135313151
36,0.4727272727272727,-18.845610211537583
36,0.4818181818181818,11.272810147079419
36,0.4909090909090909,4.825025524175254
37,0.0,-0.0
37,0.024390243902439025,-6.901756629654046
37,0.04878048780487805,6.090760549532618
37,0.07317073170731708,1.9661880786633041
37,0.0975609756097561,0.4856294910582535
37,0.12195121951219512,1.3711381551095094
37,0.14634146341463417,4.938858566812975
37,0.17073170731707318,-1.3906372780848666
37,0.1951219512195122,0.33913088870547137
37,0.21951219512195122,-8.777772525639504
37,0.24390243902439024,-1.9558057159597668
37,0.2682926829268293,-5.008991960594444
37,0.29268292682926833,2.3309717207179625
37,0.3170731707317073,0.148254068332057
37,0.34146341463414637,6.789458429575858
37,0.36585365853658536,-1.3999320176151286
37,0.3902439024390244,-3.692888403676728
37,0.41463414634146345,-2.4426783067989066
37,0.43902439024390244,-6.587727985414425
37,0.4634146341463415,6.511623975663692
37,0.4878048780487805,-3.590995958902876
38,0.0,-0.0
38,0.025,-5.465384583348474
38,0.05,1.238806336406241
38,0.07500000000000001,1.7268988451145422
38,0.1,-4.791901204195256
38,0.125,-0.9995395127914168
38,0.15000000000000002,0.3878486358683715
38,0.17500000000000002,2.1478330076241914
38,0.2,1.7157221819712114
38,0.225,-1.1014170105211094
38,0.25,-6.912814755922392
38,0.275,-3.3426069802906624
38,0.30000000000000004,-0.32079183957118573
38,0.325,-5.430575572248115
38,0.35000000000000003,-0.248782037437562
38,0.375,7.926826033932242
38,0.4,-2.4326118411952447
38,0.42500000000000004,2.209988783147574
38,0.45,2.5970606533204417
38,0.47500000000000003,-7.450877971269007
39,0.0,-0.0
39,0.011235955056179775,-2.6491402592622912
39,0.02247191011235955,-8.528751705886162
39,0.033707865168539325,17.62065806387148
39,0.0449438202247191,0.9144104661144637
39,0.056179775280898875,-3.6940815911891565
39,0.06741573033707865,2.3124982931651448
39,0.07865168539325842,2.216995888051845
39,0.0898876404494382,-9.14720410533533
39,0.10112359550561797,15.599367060159524
39,0.11235955056179775,0.3647662452383509
39,0.12359550561797752,6.469483153412842
39,0.1348314606741573,-5.763892489347694
39,0.14606741573033707,1.0864498468322108
39,0.15730337078651685,1.6693244620487484
39,0.16853932584269662,2.32327287008803
39,0.1797752808988764,4.03979978990127
39,0.19101123595505617,-9.306313412901607
39,0.20224719101123595,5.388859948497815
39,0.21348314606741572,-9.509696609678688
39,0.2247191011235955,-0.3876143789473292
39,0.23595505617977527,-3.1427437140074055
39,0.24719101123595505,7.535560642098714
39,0.2584269662921348,-5.210237647498063
39,0.2696629213483146,7.628878806468117
39,0.2808988764044944,-6.766440649459
39,0.29213483146067415,-7.856305946160634
39,0.3033707865168539,-3.5057708557885108
39,0.3146067415730337,4.042847476284232
39,0.3258426966292135,-16.037874646415656
39,0.33707865168539325,-5.76596969218566
39,0.348314606741573,2.7410842376164335
39,0.3595505617977528,-11.39358294378344
39,0.3707865168539326,13.30243815166965
39,0.38202247191011235,-0.7884390387634415
39,0.3932584269662921,2.9354968617428785
39,0.4044943820224719,-2.9542338473452023
39,0.4157303370786517,-4.146767359026693
39,0.42696629213483145,-1.5481497857295685
39,0.4382022471910112,-1.9583926169066108
39,0.449438202247191,4.682300188541609
39,0.4606741573033708,16.88633024003714
39,0.47191011235955055,8.568727586984258
39,0.4831460674157303,-2.9927060725579793
39,0.4943820224719101,5.700808325651531
40,0.0,-0.0
40,0.01818181818181818,-9.059399319975471
40,0.03636363636363636,3.9782836172244513
40,0.05454545454545454,3.2039132402408943
40,0.07272727272727272,-4.953110254541333
40,0.09090909090909091,-6.091882505084591
40,0.10909090909090909,3.143387901035718
40,0.12727272727272726,-8.050389820530343
40,0.14545454545454545,5.829517372551896
40,0.16363636363636364,4.435742565987381
40,0.18181818181818182,5.3320451030171565
40,0.19999999999999998,5.513041194155013
40,0.21818181818181817,-1.457746156278545
40,0.23636363636363636,1.374213805494822
40,0.2545454545454545,-3.370907683609536
40,0.2727272727272727,-10.198064859201006
40,0.2909090909090909,-8.902020023617249
40,0.3090909090909091,3.1582800218576903
40,0.32727272727272727,-1.751645489995743
40,0.34545454545454546,3.605206265141028
40,0.36363636363636365,0.9831476496290845
40,0.3818181818181818,-4.183166242005188
40,0.39999999999999997,1.3548395814868035
40,0.41818181818181815,-0.8221945228705874
40,0.43636363636363634,-9.787938724558241
40,0.45454545454545453,1.1465648268862234
40,0.4727272727272727,-2.173957894935454
40,0.4909090909090909,2.1457277431096173
41,0.0,-0.0
41,0.02127659574468085,-2.3484748747977173
41,0.0425531914893617,-6.032960397577841
41,0.06382978723404255,-0.8355514150336696
41,0.0851063829787234,-8.00506067428297
41,0.10638297872340426,-3.630117232449534
41,0.1276595744680851,1.2198848883393796
41,0.14893617021276595,-4.9671755969670155
41,0.1702127659574468,-0.5275258158665483
41,0.19148936170212766,-1.5014225636112277
41,0.2127659574468085,2.035946690724497
41,0.23404255319148937,-2.3184142811596904
41,0.2553191489361702,-1.4350706829315631
41,0.2765957446808511,-4.536502395347985
41,0.2978723404255319,1.4821917960495414
41,0.3191489361702128,7.42850904422036
41,0.3404255319148936,-6.074830184232291
41,0.36170212765957444,1.0036019832967276
41,0.3829787234042553,-0.4623690595022853
41,0.40425531914893614,2.1039568963379875
41,0.425531914893617,-0.9002402983137701
41,0.44680851063829785,-4.084337945481754
41,0.46808510638297873,6.0143949163818675
41,0.48936170212765956,-0.9441913583936714
42,0.0,-0.0
42,0.017857142857142856,-1.080775610281035
42,0.03571428571428571,-4.709920166058345
42,0.05357142857142857,-3.2685301551568857
42,0.07142857142857142,4.920332915068707
42,0.08928571428571427,-4.19604048276861
42,0.10714285714285714,5.623735035123625
42,0.125,-5.079689285301402
42,0.14285714285714285,-0.1755229465928272
42,0.1607142857142857,0.019669253792768293
42,0.17857142857142855,-0.6433784819383472
42,0.19642857142857142,-4.912233393741852
42,0.21428571428571427,2.420064325527994
42,0.23214285714285712,-3.4158982589800315
42,0.25,6.22228991524836
42,0.26785714285714285,1.4577187621907841
42,0.2857142857142857,3.9701159841297295
42,0.30357142857142855,8.512522192826774
42,0.3214285714285714,-10.765595876823857
42,0.33928571428571425,-2.651249379887167
42,0.3571428571428571,-2.7526463690656726
42,0.375,-5.429360578971632
42,0.39285714285714285,-3.164932243566783
42,0.4107142857142857,-0.11743152056137784
42,0.42857142857142855,-11.420298754103895
42,0.4464285714285714,5.644771369301828
42,0.46428571428571425,-5.869472731142612
42,0.4821428571428571,1.4639211706441606
43,0.0,-0.0
43,0.009433962264150943,15.800774407324278
43,0.018867924528301886,-8.626966972202949
43,0.02830188679245283,3.4644814506188673
43,0.03773584905660377,5.342620355324883
43,0.04716981132075471,13.026775097662895
43,0.05660377358490566,13.745489787311875
43,0.0660377358490566,-8.759947157837438
43,0.07547169811320754,-7.387802080502487
43,0.08490566037735849,8.057275407862644
43,0.09433962264150943,-6.64836353537701
43,0.10377358490566037,4.1908485003382445
43,0.11320754716981132,3.559945794455132
43,0.12264150943396226,5.554499862728548
43,0.1320754716981132,-9.19818988750476
43,0.14150943396226415,0.7753703949860311
43,0.1509433962264151,1.157995382019665
43,0.16037735849056603,-3.6392444722218125
43,0.16981132075471697,-7.954159616131817
43,0.1792452830188679,-1.2877072648755148
43,0.18867924528301885,-2.0819486296536067
43,0.1981132075471698,-6.09551045615422
43,0.20754716981132074,-4.3212507922845145
43,0.21698113207547168,-4.973686687659997
43,0.22641509433962265,5.955010616757946
43,0.2358490566037736,-11.60649441114689
43,0.24528301886792453,-7.435080910602671
43,0.25471698113207547,9.086467817801699
43,0.2641509433962264,2.5381676150270405
43,0.27358490566037735,-1.9225738258659604
43,0.2830188679245283,-9.774044082283048
43,0.29245283018867924,1.8193436738954583
43,0.3018867924528302,8.218059212349061
43,0.3113207547169811,3.5517034704207826
43,0.32075471698113206,-0.25918391231436533
43,0.330188679245283,4.158062101293754
43,0.33962264150943394,2.608317743093491
43,0.3490566037735849,-6.839132652135248
43,0.3584905660377358,5.719988357712178
43,0.36792452830188677,8.852386769141944
43,0.3773584905660377,8.745512287979443
43,0.38679245283018865,-21.828850333928102
43,0.3962264150943396,-3.899307475759184
43,0.40566037735849053,-8.479565694435097
43,0.4150943396226415,-2.7618457834564856
43,0.4245283018867924,-0.9108138470638032
43,0.43396226415094336,-5.394792401242231
43,0.4433962264150943,-3.016306428810947
43,0.4528301886792453,-11.58096843291705
43,0.46226415094339623,11.580836630490996
43,0.4716981132075472,7.297418800164369
43,0.4811320754716981,-0.9118725510006023
43,0.49056603773584906,-6.110258988497909
44,0.0,-0.0
44,0.014492753623188406,7.5754499579773675
44,0.028985507246376812,1.7328280315069315
44,0.043478260869565216,4.98847059955713
44,0.057971014492753624,9.81378294148694
44,0.07246376811594203,0.23571005540552403
44,0.08695652173913043,3.385574140551841
44,0.10144927536231885,1.3742682659453198
44,0.11594202898550725,-7.922760509592074
44,0.13043478260869565,-6.942863190088869
44,0.14492753623188406,-0.09958746486628112
44,0.15942028985507248,-5.978813275744077
44,0.17391304347826086,6.768165035082946
44,0.18840579710144928,-12.597148695748846
44,0.2028985507246377,-6.964629333403575
44,0.21739130434782608,2.6999734795541577
44,0.2318840579710145,-6.42612027203378
44,0.2463768115942029,-11.284315380196606
44,0.2608695652173913,-0.3201367309322879
44,0.2753623188405797,3.0887308672584215
44,0.2898550724637681,0.3781631534278924
44,0.30434782608695654,9.265726761577247
44,0.31884057971014496,1.742750938847866
44,0.3333333333333333,-10.895508043316742
44,0.34782608695652173,-1.1885079114799726
44,0.36231884057971014,14.087513834136635
44,0.37681159420289856,12.006986665923474
44,0.391304347826087,-1.9921784392195434
44,0.4057971014492754,1.0188323792273772
44,0.42028985507246375,-1.2718635520293544
44,0.43478260869565216,-2.6490063506090613
44,0.4492753623188406,1.4746034916432396
44,0.463768115942029,-8.240442732007695
44,0.4782608695652174,2.705669153171648
44,0.4927536231884058,-2.2014609135465797
45,0.0,-0.0
45,0.013333333333333334,-5.631687152100019
45,0.02666666666666667,6.947697831229922
45,0.04,2.4703674154328583
45,0.05333333333333334,2.938760010441534
45,0.06666666666666667,2.1594031613457085
45,0.08,8.0406225685629
45,0.09333333333333334,-4.195245340862609
45,0.10666666666666667,-3.11613597137725
45,0.12000000000000001,-1.8851879528319586
45,0.13333333333333333,12.739146132031042
45,0.14666666666666667,6.049191685343178
45,0.16,0.49216008174721626
45,0.17333333333333334,9.674123209289279
45,0.18666666666666668,-0.5941279030190004
45,0.2,-3.9686271362721723
45,0.21333333333333335,0.7886864281306485
45,0.22666666666666668,-0.01322377567912092
45,0.24000000000000002,-8.459421821759872
45,0.25333333333333335,-4.303192080648984
45,0.26666666666666666,-3.654228932410026
45,0.28,-7.578421447612904
45,0.29333333333333333,0.799333842086551
45,0.3066666666666667,0.04984304423687824
45,0.32,-12.898786193255262
45,0.33333333333333337,2.992135498548394
45,0.3466666666666667,5.322028879798482
45,0.36000000000000004,4.6193896976949524
45,0.37333333333333335,-1.352282394320246
45,0.3866666666666667,-6.976502873053985
45,0.4,3.9614474568652285
45,0.4133333333333334,-3.683396010314243
45,0.4266666666666667,-9.890117495257542
45,0.44,12.633173484552414
45,0.45333333333333337,-4.619069509647862
45,0.4666666666666667,9.322418207547003
45,0.48000000000000004,1.7111385366378777
45,0.49333333333333335,-0.5727535104528023
46,0.0,-0.0
46,0.011627906976744186,-7.437305557411591
46,0.023255813953488372,4.393157613829412
46,0.03488372093023256,-0.5025910620488565
46,0.046511627906976744,8.711689899700355
46,0.05813953488372093,11.9066662227312
46,0.06976744186046512,9.365081229185959
46,0.08139534883720931,-0.3793967620084211
46,0.09302325581395349,7.21862908768326
46,0.10465116279069767,2.743906305424747
46,0.11627906976744186,-0.34660096205575375
46,0.12790697674418605,0.5187722719867915
46,0.13953488372093023,3.7630852831871153
46,0.1511627906976744,1.5678142116990204
46,0.16279069767441862,-4.500552568968731
46,0.1744186046511628,-3.5771730228774152
46,0.18604651162790697,-6.829299971360705
46,0.19767441860465115,-1.75144748285519
46,0.20930232558139533,9.514481926446377
46,0.22093023255813954,5.0072743371064234
46,0.23255813953488372,-9.58741092590903
46,0.2441860465116279,6.4455542690704934
46,0.2558139534883721,-1.1633910473929148
46,0.26744186046511625,-5.580331993133726
46,0.27906976744186046,-9.239431594828543
46,0.29069767441860467,2.3299915346084092
46,0.3023255813953488,2.417888317388642
46,0.313953488372093,-0.8105419685985353
46,0.32558139534883723,0.622550217598786
46,0.3372093023255814,2.440423783001619
46,0.3488372093023256,-15.90076852530244
46,0.36046511627906974,-3.028001407525737
46,0.37209302325581395,11.994629188440207
46,0.38372093023255816,-10.948564890387686
46,0.3953488372093023,-13.029611118924755
46,0.4069767441860465,-2.0474451987652067
46,0.41860465116279066,5.218196710821543
46,0.43023255813953487,8.808990614719134
46,0.4418604651162791,7.066381021100972
46,0.45348837209302323,8.514251028984836
46,0.46511627906976744,9.920758187884658
46,0.47674418604651164,-8.579379944431679
46,0.4883720930232558,3.5490218336101376
47,0.0,-0.0
47,0.012345679012345678,2.0058354720476737
47,0.024691358024691357,6.999880677504632
47,0.037037037037037035,3.7943845604453017
47,0.04938271604938271,-9.493592886669182
47,0.06172839506172839,2.5695470676341543
47,0.07407407407407407,10.319401215459191
47,0.08641975308641975,2.7733295002326663
47,0.09876543209876543,4.994690020954057
47,0.1111111111111111,-1.2679598246917978
47,0.12345679012345678,4.443100942159147
47,0.13580246913580246,3.053639354142433
47,0.14814814814814814,-5.286180338629579
47,0.16049382716049382,-5.169789209556747
47,0.1728395061728395,-6.954468098422524
47,0.18518518518518517,3.9265622185601634
47,0.19753086419753085,3.5719202919221886
47,0.20987654320987653,5.218151595529349
47,0.2222222222222222,-12.158159463075584
47,0.2345679012345679,-2.134980870893217
47,0.24691358024691357,4.084155985241844
47,0.25925925925925924,12.704687170859719
47,0.2716049382716049,5.218689362803393
47,0.2839506172839506,-3.8906033719537185
47,0.2962962962962963,-1.7116160480979845
47,0.30864197530864196,-14.825762490043896
47,0.32098765432098764,5.755831504659636
47,0.3333333333333333,-10.558268739700791
47,0.345679012345679,2.7673809521622728
47,0.35802469135802467,0.838882109292844
47,0.37037037037037035,-8.145799457365872
47,0.38271604938271603,9.256394882049557
47,0.3950617283950617,-14.0580219027452
47,0.4074074074074074,-8.688602818965345
47,0.41975308641975306,6.988782780233911
47,0.43209876543209874,-4.468321593801887
47,0.4444444444444444,-0.4285110659278768
47,0.4567901234567901,3.8083153702643795
47,0.4691358024691358,4.583448691068202
47,0.48148148148148145,-2.838008393570856
47,0.49382716049382713,-6.316593842297092
48,0.0,-0.0
48,0.02040816326530612,-5.100942690172468
48,0.04081632653061224,-1.4089681117701125
48,0.061224489795918366,0.372280225371698
48,0.08163265306122448,-0.8896265390351579
48,0.1020408163265306,5.19670075084217
48,0.12244897959183673,7.342254050082456
48,0.14285714285714285,-1.432868977436265
48,0.16326530612244897,4.077910001573628
48,0.18367346938775508,4.205942955631637
48,0.2040816326530612,-1.6485547839182308
48,0.22448979591836732,-3.9554046367921414
48,0.24489795918367346,-0.7126980151808955
48,0.26530612244897955,-2.4789613904040597
48,0.2857142857142857,-2.9775970551152406
48,0.3061224489795918,-9.91541483537936
48,0.32653061224489793,3.6855800718318203
48,0.3469387755102041,-4.395182736309047
48,0.36734693877551017,0.0609975616777505
48,0.3877551020408163,3.5621001542131547
48,0.4081632653061224,4.860476090078686
48,0.42857142857142855,0.7180397406524398
48,0.44897959183673464,7.34972574639516
48,0.4693877551020408,-6.264871971384537
48,0.4897959183673469,-1.2309612754682213
49,0.0,-0.0
49,0.015151515151515152,-0.6658855131230427
49,0.030303030303030304,-7.702245624351944
49,0.045454545454545456,-0.2020294671677716
49,0.06060606060606061,-4.909740476018715
49,0.07575757575757576,-7.248983580571495
49,0.09090909090909091,0.9556658034981771
49,0.10606060606060606,5.974026181940433
49,0.12121212121212122,-3.302185662516542
49,0.13636363636363635,2.486536157646283
49,0.15151515151515152,-3.3866408294074666
49,0.16666666666666669,11.787866937390639
49,0.18181818181818182,7.139921762894763
49,0.19696969696969696,-2.32705368470659
49,0.21212121212121213,-5.101080061954009
49,0.2272727272727273,4.042589988274779
49,0.24242424242424243,-7.03241503299204
49,0.25757575757575757,-0.47799409933408077
49,0.2727272727272727,1.1378125600608122
49,0.2878787878787879,-5.930250794656971
49,0.30303030303030304,-6.626205648792135
49,0.3181818181818182,4.266136287646407
49,0.33333333333333337,8.864728298538214
49,0.3484848484848485,-2.008088997653125
49,0.36363636363636365,-8.099117510766563
49,0.3787878787878788,1.8420705693629498
49,0.3939393939393939,-14.639144014513041
49,0.4090909090909091,2.9307594078973906
49,0.42424242424242425,1.215463715383824
49,0.4393939393939394,-8.184528706676282
49,0.4545454545454546,8.978336847476541
49,0.4696969696969697,-11.300983758036223
49,0.48484848484848486,1.259562222894862
50,0.0,-0.0
50,0.01639344262295082,-5.87644832466875
50,0.03278688524590164,-3.1150869984852307
50,0.04918032786885246,-3.208306169988136
50,0.06557377049180328,0.7207584470643668
50,0.0819672131147541,-2.5147303069437568
50,0.09836065573770492,-1.2929623203719296
50,0.11475409836065574,3.8160150579571788
50,0.13114754098360656,1.0660728043184045
50,0.14754098360655737,2.5499091726961995
50,0.1639344262295082,-2.6308201992106683
50,0.18032786885245902,-1.0086170831234167
50,0.19672131147540983,3.5433577379591625
50,0.21311475409836067,0.34465143047224234
50,0.22950819672131148,4.70488674268048
50,0.24590163934426232,1.0178709279580072
50,0.26229508196721313,3.7246873179604227
50,0.27868852459016397,-10.82797549595558
50,0.29508196721311475,-3.291692622344089
50,0.3114754098360656,-2.8484746384066244
50,0.3278688524590164,1.7709662230096104
50,0.3442622950819672,-10.025825670131834
50,0.36065573770491804,1.0378776138803048
50,0.3770491803278689,1.6584696139148303
50,0.39344262295081966,3.880935866024916
50,0.4098360655737705,-12.94376827285261
50,0.42622950819672134,5.280486204168081
50,0.4426229508196722,3.7908186275565616
50,0.45901639344262296,-7.097377172176054
50,0.4754098360655738,-10.20329848899917
50,0.49180327868852464,0.8111510761492022
51,0.0,-0.0
51,0.019230769230769232,2.76064264893838
51,0.038461538461538464,2.1184533468473594
51,0.057692307692307696,-1.363837290497701
51,0.07692307692307693,4.0540590196713975
51,0.09615384615384616,15.918299533651599
51,0.11538461538461539,2.1702358778639015
51,0.13461538461538464,-6.432599762321175
51,0.15384615384615385,-6.215817114266315
51,0.17307692307692307,-1.9951750703689894
51,0.19230769230769232,0.10913569392251521
51,0.21153846153846156,1.943292234991635
51,0.23076923076923078,-2.3676049748677674
51,0.25,4.807643259038388
51,0.2692307692307693,-6.945677036354798
51,0.2884615384615385,-5.14324814386633
51,0.3076923076923077,-5.684742798651903
51,0.3269230769230769,0.7784775281782883
51,0.34615384615384615,-1.2910916105490449
51,0.3653846153846154,6.114895490821128
51,0.38461538461538464,-6.738342255603132
51,0.40384615384615385,-0.3575199955153634
51,0.42307692307692313,-12.186009082842356
51,0.44230769230769235,0.5945295266906798
51,0.46153846153846156,1.9639564888100367
51,0.4807692307692308,5.868050181224736
52,0.0,-0.0
52,0.015625,-0.8382472064670665
52,0.03125,-0.12181582168979954
52,0.046875,0.7219370880833207
52,0.0625,-8.289428884831159
52,0.078125,11.236423128119494
52,0.09375,-0.7974145221934534
52,0.109375,-6.912859067778022
52,0.125,-3.0373572500846455
52,0.140625,0.7571486712162699
52,0.15625,5.2056644218423775
52,0.171875,-7.12976069400602
52,0.1875,3.5778108355819525
52,0.203125,6.351117503009152
52,0.21875,6.336376638972846
52,0.234375,-0.6297843884829033
52,0.25,-2.286649792018427
52,0.265625,-3.3142923936212556
52,0.28125,-1.7688420290871694
52,0.296875,2.395187494238651
52,0.3125,-4.120333856972742
52,0.328125,-0.3449361008501235
52,0.34375,2.9542197325323984
52,0.359375,2.04130633022194
52,0.375,1.9692244276552728
52,0.390625,-5.152578051513913
52,0.40625,-4.226015555243785
52,0.421875,10.081935563979478
52,0.4375,-0.39179510763840186
52,0.453125,21.62284708835051
52,0.46875,-8.531501548441227
52,0.484375,10.085214297527457
53,0.0,-0.0
53,0.015151515151515152,0.0446313212871694
53,0.030303030303030304,-6.927942959773963
53,0.045454545454545456,-5.645116934598871
53,0.06060606060606061,-0.1906835421059514
53,0.07575757575757576,8.072213978465456
53,0.09090909090909091,3.2764751953235027
53,0.10606060606060606,-1.0447362101236388
53,0.12121212121212122,0.704070667900127
53,0.13636363636363635,9.023470537955602
53,0.15151515151515152,-3.742613065429718
53,0.16666666666666669,-1.7285380022059316
53,0.18181818181818182,-1.6772085352817157
53,0.19696969696969696,-2.0215719987844043
53,0.21212121212121213,-3.9819597889959018
53,0.2272727272727273,-4.498584392748826
53,0.24242424242424243,-4.584016877005139
53,0.25757575757575757,-8.202512146418352
53,0.2727272727272727,-7.965761221933865
53,0.2878787878787879,-3.8621295861925025
53,0.30303030303030304,-5.293372342959298
53,0.3181818181818182,7.633811557449674
53,0.33333333333333337,-2.0839468965689965
53,0.3484848484848485,0.6713306948595141
53,0.36363636363636365,-6.456697363205305
53,0.3787878787878788,-9.751802316474603
53,0.3939393939393939,10.000459309482043
53,0.4090909090909091,-6.454236944951727
53,0.42424242424242425,13.111635939650384
53,0.4393939393939394,-1.0914439855649125
53,0.4545454545454546,-3.6058734604891143
53,0.4696969696969697,9.134259151658108
53,0.48484848484848486,-2.6502160833889574
54,0.0,-0.0
54,0.016666666666666666,1.743919544854557
54,0.03333333333333333,0.3578515355859597
54,0.05,-3.106685601688385
54,0.06666666666666667,-0.026085214742051832
54,0.08333333333333333,-5.667805447010372
54,0.1,-11.737089706545927
54,0.11666666666666667,6.970647908780658
54,0.13333333333333333,-4.992401631456346
54,0.15,-4.913658416699569
54,0.16666666666666666,3.9286678206112935
54,0.18333333333333332,-2.9568366702193596
54,0.2,-1.7493894384564805
54,0.21666666666666667,8.798040248437298
54,0.23333333333333334,-3.9198025396215415
54,0.25,-1.3272915878321423
54,0.26666666666666666,-0.5916021762306634
54,0.2833333333333333,-9.77809556403132
54,0.3,-3.9966727550699694
54,0.31666666666666665,4.017872956288683
54,0.3333333333333333,7.398976364766577
54,0.35,0.0934935828694452
54,0.36666666666666664,-4.395569907233355
54,0.3833333333333333,4.443300181720315
54,0.4,-6.669760865150746
54,0.4166666666666667,-0.2905539092161069
54,0.43333333333333335,-4.373308585271277
54,0.45,2.3476887874680052
54,0.4666666666666667,-6.549140153288244
54,0.48333333333333334,-12.13512770422589
55,0.0,-0.0
55,0.014285714285714285,-15.1373057492599
55,0.02857142857142857,-3.5543250097693546
55,0.04285714285714286,11.393868034031179
55,0.05714285714285714,2.7509027191509756
55,0.07142857142857142,3.0576139821866453
55,0.08571428571428572,5.882982046400499
55,0.09999999999999999,0.7282941751960843
55,0.11428571428571428,3.68842221574421
55,0.12857142857142856,-7.349815960825698
55,0.14285714285714285,-0.6492907566630931
55,0.15714285714285714,6.541704051599044
55,0.17142857142857143,4.147824797241615
55,0.18571428571428572,6.424848471186366
55,0.19999999999999998,0.5603744713416781
55,0.21428571428571427,-4.754279358967999
55,0.22857142857142856,-4.994679317879664
55,0.24285714285714285,-6.504028016686047
55,0.2571428571428571,-4.237911046907983
55,0.2714285714285714,-3.9571936310375944
55,0.2857142857142857,3.966111511971711
55,0.3,-6.548345553261765
55,0.3142857142857143,-2.7072874750567584
55,0.32857142857142857,-8.146452398623975
55,0.34285714285714286,-1.5501060776780489
55,0.35714285714285715,-0.9180999074520043
55,0.37142857142857144,-14.098650739181746
55,0.3857142857142857,-1.2238305477586913
55,0.39999999999999997,8.014878987605925
55,0.41428571428571426,-3.830117205585524
55,0.42857142857142855,-1.382686559903322
55,0.44285714285714284,-5.868417142161981
55,0.45714285714285713,-12.408526374122204
55,0.4714285714285714,9.706390675003679
55,0.4857142857142857,-4.737530750611553
56,0.0,-0.0
56,0.017543859649122806,-11.252701230735635
56,0.03508771929824561,-0.5919718099427951
56,0.05263157894736842,3.3773248050619302
56,0.07017543859649122,-3.3984953362938426
56,0.08771929824561403,-4.0597555233716935
56,0.10526315789473684,0.08141485787767166
56,0.12280701754385964,-2.991344260076775
56,0.14035087719298245,4.105482004345635
56,0.15789473684210525,1.7191044829388653
56,0.17543859649122806,-4.1877649872138765
56,0.19298245614035087,-9.467411005705145
56,0.21052631578947367,3.577887299419343
56,0.22807017543859648,4.867589259903786
56,0.24561403508771928,2.5535115188747306
56,0.2631578947368421,-4.651855279237476
56,0.2807017543859649,0.9878037887631215
56,0.2982456140350877,7.259767135620583
56,0.3157894736842105,-3.1990983181461794
56,0.3333333333333333,-0.3458732002592396
56,0.3508771929824561,8.57929298590463
56,0.3684210526315789,-0.3264058515296182
56,0.38596491228070173,-4.133455523902848
56,0.40350877192982454,0.9941194043349413
56,0.42105263157894735,-2.803931771023698
56,0.43859649122807015,-11.296288357068116
56,0.45614035087719296,9.776337985541446
56,0.47368421052631576,-4.104327591122993
56,0.49122807017543857,2.7646211127799267
57,0.0,-0.0
57,0.011627906976744186,7.377732599909699
57,0.023255813953488372,-3.4316204379785
57,0.03488372093023256,-3.3106625832159007
57,0.046511627906976744,-9.738655564119814
57,0.05813953488372093,8.961179063749178
57,0.06976744186046512,5.625201313529656
57,0.08139534883720931,6.1523852173960325
57,0.09302325581395349,-1.3783972621812879
57,0.10465116279069767,-1.5708802977546452
57,0.11627906976744186,-5.278851390019124
57,0.12790697674418605,0.9239681604808423
57,0.13953488372093023,-6.690151101984673
57,0.1511627906976744,-1.7888737159987376
57,0.16279069767441862,-9.831462735162138
57,0.1744186046511628,8.100912428071855
57,0.18604651162790697,-1.4579829236560258
57,0.19767441860465115,-10.53771043928543
57,0.20930232558139533,5.4120350739123175
57,0.22093023255813954,4.729858611379722
57,0.23255813953488372,0.6097130787370189
57,0.2441860465116279,-9.298409993604277
57,0.2558139534883721,-2.4501051013917072
57,0.26744186046511625,5.146423532790153
57,0.27906976744186046,6.46205409715899
57,0.29069767441860467,-15.11504745840746
57,0.3023255813953488,-8.622436974710777
57,0.313953488372093,-3.978186060768536
57,0.32558139534883723,2.005149858466716
57,0.3372093023255814,-1.3303455994543016
57,0.3488372093023256,-5.278499886050798
57,0.36046511627906974,4.488618818558686
57,0.37209302325581395,-9.474895255418925
57,0.38372093023255816,11.888775740911871
57,0.3953488372093023,-1.4930827234216033
57,0.4069767441860465,8.52077834273351
57,0.41860465116279066,-9.461836224724795
57,0.43023255813953487,-3.8337238519415724
57,0.4418604651162791,9.682555196988272
57,0.45348837209302323,13.330373299783862
57,0.46511627906976744,0.6656801556470477
57,0.47674418604651164,5.218897570031775
57,0.4883720930232558,-5.069440201161093
58,0.0,-0.0
58,0.010638297872340425,-0.8988432773907508
58,0.02127659574468085,10.084873888323601
58,0.031914893617021274,3.3449696201573023
58,0.0425531914893617,0.2676583287056229
58,0.05319148936170213,-3.402732316321533
58,0.06382978723404255,5.695526006082196
58,0.07446808510638298,7.606707287570034
58,0.0851063829787234,-4.604329995968128
58,0.09574468085106383,1.3848534405789916
58,0.10638297872340426,-2.3867045187287896
58,0.11702127659574468,0.4616742971365708
58,0.1276595744680851,5.410204850441988
58,0.13829787234042554,-2.2378638425831725
58,0.14893617021276595,8.334961704403074
58,0.1595744680851064,9.774485192155241
58,0.1702127659574468,-11.742643198659419
58,0.18085106382978722,5.8640298874314025
58,0.19148936170212766,12.380819845416497
58,0.20212765957446807,5.090465535091181
58,0.2127659574468085,4.314298989103812
58,0.22340425531914893,-0.6814900337634113
58,0.23404255319148937,-5.890197958807073
58,0.24468085106382978,5.344743739896766
58,0.2553191489361702,10.066979753875572
58,0.26595744680851063,5.302778908127015
58,0.2765957446808511,-8.510106308828295
58,0.28723404255319146,-2.753545715494128
58,0.2978723404255319,-12.778657742664638
58,0.30851063829787234,1.2430042436352418
58,0.3191489361702128,2.6101468721175545
58,0.32978723404255317,-7.770249477999428
58,0.3404255319148936,6.998469735979091
58,0.35106382978723405,13.28552929105549
58,0.36170212765957444,9.581301812470677
58,0.3723404255319149,-19.087521189435424
58,0.3829787234042553,-8.449976365432114
58,0.39361702127659576,-1.552197535159835
58,0.40425531914893614,15.647570052728616
58,0.4148936170212766,-17.02026692912068
58,0.425531914893617,-0.4759772686070409
58,0.4361702127659574,3.915534452485688
58,0.44680851063829785,2.609164801687367
58,0.4574468085106383,3.145702238838453
58,0.46808510638297873,5.623704766491725
58,0.4787234042553191,7.255181349043118
58,0.48936170212765956,-2.282436028791623
59,0.0,-0.0
59,0.015625,6.5724130244919525
59,0.03125,0.6056851137154529
59,0.046875,-5.623220859414324
59,0.0625,4.518503342255695
59,0.078125,3.65383136852481
59,0.09375,-1.2236821172333485
59,0.109375,1.8304372112560423
59,0.125,12.921276167613538
59,0.140625,1.376605147715129
59,0.15625,1.4005024884863277
59,0.171875,-0.37959879421745124
59,0.1875,-6.601033726812783
59,0.203125,-11.850368554507536
59,0.21875,-1.167579803202087
59,0.234375,2.5095405078591657
59,0.25,1.5037123635909309
59,0.265625,-2.3367512079145456
59,0.28125,-8.911854393626154
59,0.296875,3.6093660768585387
59,0.3125,-1.2893340914002271
59,0.328125,-4.2747168652489895
59,0.34375,-6.681187532973432
59,0.359375,6.701625253696896
59,0.375,-1.617534772665624
59,0.390625,-3.8571282106490643
59,0.40625,-0.8375384573908731
59,0.421875,-2.3949787658275126
59,0.4375,6.126878776705205
59,0.453125,8.475645120822785
59,0.46875,-8.088037980863447
59,0.484375,-12.123211417938782
60,0.0,-0.0
60,0.014705882352941176,4.654013567952603
60,0.029411764705882353,3.5236500356853
60,0.044117647058823525,7.416918738960441
60,0.058823529411764705,-9.92035260749121
60,0.07352941176470588,-2.1501007448047127
60,0.08823529411764705,3.7036831649278232
60,0.10294117647058823,-0.3642503143432112
60,0.11764705882352941,3.629599179856098
60,0.1323529411764706,-5.504494873991308
60,0.14705882352941177,6.0797371151262425
60,0.16176470588235295,-1.4315437819368855
60,0.1764705882352941,-1.3968264695566024
60,0.19117647058823528,-0.4372206864531971
60,0.20588235294117646,-6.675703683461582
60,0.22058823529411764,2.217667787256815
60,0.23529411764705882,11.275815019462918
60,0.25,-5.630625877432478
60,0.2647058823529412,-4.220211769558063
60,0.27941176470588236,7.592217995171138
60,0.29411764705882354,-12.237053382139763
60,0.3088235294117647,1.6634151578560623
60,0.3235294117647059,-11.107624991270166
60,0.3382352941176471,9.203133962741909
60,0.3529411764705882,-2.5456211405108533
60,0.3676470588235294,8.930615398008367
60,0.38235294117647056,-1.2136025278334943
60,0.39705882352941174,-9.658938514626835
60,0.4117647058823529,1.5926093927157163
60,0.4264705882352941,-4.880686289930697
60,0.4411764705882353,4.68101825640661
60,0.45588235294117646,4.732233379730283
60,0.47058823529411764,-7.576447765581792
60,0.4852941176470588,6.852349102041833
61,0.0,-0.0
61,0.022222222222222223,-2.7735150651477105
61,0.044444444444444446,2.4220618471610766
61,0.06666666666666667,8.503527542790625
61,0.08888888888888889,-6.3298131520052205
61,0.11111111111111112,-3.705167690093838
61,0.13333333333333333,-0.5795545948515417
61,0.15555555555555556,-0.2860184598944344
61,0.17777777777777778,0.2455075811365961
61,0.2,-3.6888618473894224
61,0.22222222222222224,0.4808156044977223
61,0.24444444444444446,2.1781643095047674
61,0.26666666666666666,-5.132595098170151
61,0.2888888888888889,-9.658628040542789
61,0.3111111111111111,5.471387839429535
61,0.33333333333333337,4.572562120029452
61,0.35555555555555557,-1.5891906595087295
61,0.37777777777777777,4.932363883539123
61,0.4,-0.5115451309790973
61,0.4222222222222222,-1.0235307508774525
61,0.4444444444444445,-3.000127810254627
61,0.4666666666666667,-6.002378300008045
61,0.48888888888888893,-6.562832241449492
62,0.0,-0.0
62,0.012345679012345678,0.4423939451554806
62,0.024691358024691357,-6.629362415178131
62,0.037037037037037035,6.385218268999808
62,0.04938271604938271,0.4194631962525812
62,0.06172839506172839,6.536556398647908
62,0.07407407407407407,3.4172924107394773
62,0.08641975308641975,-6.986810313752226
62,0.09876543209876543,-5.128039817193866
62,0.1111111111111111,-0.11422194430978472
62,0.12345679012345678,-2.346327750403703
62,0.13580246913580246,-7.5239619043071375
62,0.14814814814814814,-8.622817269066374
62,0.16049382716049382,3.318073173548869
62,0.1728395061728395,-6.006918673351117
62,0.18518518518518517,-5.300523919894199
62,0.19753086419753085,6.58931807263933
62,0.20987654320987653,-7.688721667697008
62,0.2222222222222222,5.51726678615359
62,0.2345679012345679,-1.8678274936016463
62,0.24691358024691357,4.623916239233303
62,0.25925925925925924,-1.2042179665035109
62,0.2716049382716049,-5.101773213728493
62,0.2839506172839506,7.123874811528142
62,0.2962962962962963,-0.5444605179209343
62,0.30864197530864196,4.981116030671359
62,0.32098765432098764,-4.796883959249554
62,0.3333333333333333,10.703851543727621
62,0.345679012345679,4.3160411248368025
62,0.35802469135802467,5.2010349103435445
62,0.37037037037037035,2.092528237290951
62,0.38271604938271603,-3.378235751774702
62,0.3950617283950617,-4.008964293113098
62,0.4074074074074074,5.45710536281543
62,0.41975308641975306,-9.944028145594714
62,0.43209876543209874,-2.972548242451173
62,0.4444444444444444,-3.2647373287803934
62,0.4567901234567901,4.254624037913217
62,0.4691358024691358,-14.429378737582681
62,0.48148148148148145,-10.245254945835647
62,0.49382716049382713,-5.6368701804180406
63,0.0,-0.0
63,0.011627906976744186,-4.592753869645419
63,0.023255813953488372,-0.045222410325959306
63,0.03488372093023256,-4.948531639209849
63,0.046511627906976744,-0.637572505043273
63,0.05813953488372093,-8.379082697645583
63,0.06976744186046512,0.7315657513298959
63,0.08139534883720931,-0.9655889010028759
63,0.09302325581395349,-2.9117962881701995
63,0.10465116279069767,-10.742002164479851
63,0.11627906976744186,6.948899165640942
63,0.12790697674418605,-0.5607282938588594
63,0.13953488372093023,4.400067636107338
63,0.1511627906976744,-12.763824158275554
63,0.16279069767441862,1.4472083081816667
63,0.1744186046511628,0.3815499821376829
63,0.18604651162790697,-5.864835350708953
63,0.19767441860465115,2.7495300591130842
63,0.20930232558139533,1.0785611347003963
63,0.22093023255813954,5.789019719125117
63,0.23255813953488372,-9.450080827950835
63,0.2441860465116279,-5.646185733524733
63,0.2558139534883721,0.81702615428246
63,0.26744186046511625,1.9184484509754802
63,0.27906976744186046,-15.0796632572718
63,0.29069767441860467,-1.220767190762607
63,0.3023255813953488,-3.618942561223406
63,0.313953488372093,-0.7626911624957309
63,0.32558139534883723,17.50704607228586
63,0.3372093023255814,-6.973516971812588
63,0.3488372093023256,-5.567252969611346
63,0.36046511627906974,-6.487973159217117
63,0.37209302325581395,2.6213527484970216
63,0.38372093023255816,1.0845904702007334
63,0.3953488372093023,-7.178798021447383
63,0.4069767441860465,5.425358717547645
63,0.41860465116279066,0.5640081002382228
63,0.43023255813953487,10.762674299637071
63,0.4418604651162791,1.3709454210987606
63,0.45348837209302323,-5.855888982859154
63,0.46511627906976744,-7.727962138510014
63,0.47674418604651164,4.338461366067827
63,0.4883720930232558,9.880141669896307
64,0.0,-0.0
64,0.01,-5.712183127244034
64,0.02,2.9925550275680863
64,0.03,1.422056972976538
64,0.04,-5.934462640432494
64,0.05,-3.1364170806909577
64,0.06,-0.13330929888376275
64,0.07,-0.6054117144645679
64,0.08,2.5324189469952048
64,0.09,-5.783340494189702
64,0.1,-7.809471872845713
64,0.11,-7.523386193753888
64,0.12,-2.312123651867299
64,0.13,2.926339137415078
64,0.14,2.927542522641409
64,0.15,-6.850109557846003
64,0.16,-0.7420375852365466
64,0.17,1.1458567528655905
64,0.18,9.697072194626443
64,0.19,15.98486425417152
64,0.2,-3.8439831410301295
64,0.21,-6.543189308800557
64,0.22,1.3538778801678917
64,0.23,2.6299418222603
64,0.24,-18.66177833834422
64,0.25,7.992859904866272
64,0.26,-5.257269704926568
64,0.27,4.367195215901839
64,0.28,4.012238969036632
64,0.29,12.480193384156905
64,0.3,-8.715510228868375
64,0.31,-9.293838096200655
64,0.32,0.8486966838632561
64,0.33,-1.1383700772766954
64,0.34,-4.7769010515577826
64,0.35000000000000003,8.968930090024152
64,0.36,-1.0188156556449925
64,0.37,-5.175656310292637
64,0.38,-5.583254038375204
64,0.39,10.985535902571746
64,0.4,-4.508641248343774
64,0.41000000000000003,-4.65933588612578
64,0.42,-8.905179991214435
64,0.43,-3.4061430431693793
64,0.44,11.37380470154563
64,0.45,2.4363283303628105
64,0.46,-6.3227317671475545
64,0.47000000000000003,-9.917017740603924
64,0.48,-2.3037097991569015
64,0.49,-6.2732328138861915
65,0.0,-0.0
65,0.02040816326530612,-0.4471369060469661
65,0.04081632653061224,-2.388196385994909
65,0.061224489795918366,7.354311554182618
65,0.08163265306122448,-0.49464904497465545
65,0.1020408163265306,-0.1356395980597518
65,0.12244897959183673,-5.089468400173443
65,0.14285714285714285,0.13967868042245302
65,0.16326530612244897,4.826775096366918
65,0.18367346938775508,6.6450459222575
65,0.2040816326530612,4.549468382998599
65,0.22448979591836732,-8.340321256153496
65,0.24489795918367346,-0.99172220170286
65,0.26530612244897955,3.6170373080461857
65,0.2857142857142857,-1.2048486072472353
65,0.3061224489795918,6.140691009869393
65,0.32653061224489793,-5.794177708129702
65,0.3469387755102041,-5.994008160214131
65,0.36734693877551017,1.564739488583446
65,0.3877551020408163,-8.633153706260414
65,0.4081632653061224,7.362294154697896
65,0.42857142857142855,5.206071152881528
65,0.44897959183673464,1.0421834171097029
65,0.4693877551020408,3.0743017227019944
65,0.4897959183673469,12.254340619923454
66,0.0,-0.0
66,0.01020408163265306,3.706390654078894
66,0.02040816326530612,5.381106209009099
66,0.030612244897959183,2.468867145448292
66,0.04081632653061224,-4.760550672434599
66,0.0510204081632653,4.698762098364494
66,0.061224489795918366,8.46969219004879
66,0.07142857142857142,5.481444616515524
66,0.08163265306122448,0.4275754969010954
66,0.09183673469387754,2.1746275274850912
66,0.1020408163265306,4.423222610432932
66,0.11224489795918366,-1.9942640918208046
66,0.12244897959183673,2.48938540233896
66,0.13265306122448978,-3.5618286710992115
66,0.14285714285714285,7.326302936997086
66,0.1530612244897959,6.289900238641334
66,0.16326530612244897,-3.222169243016512
66,0.17346938775510204,-5.307086620795628
66,0.18367346938775508,-8.13203560178135
66,0.19387755102040816,-1.516293947220492
66,0.2040816326530612,-3.991711935072185
66,0.21428571428571427,-3.9775025464554745
66,0.22448979591836732,-9.89768390148328
66,0.2346938775510204,3.6240874119443096
66,0.24489795918367346,-1.0704801405942859
66,0.25510204081632654,2.9751782276271013
66,0.26530612244897955,6.566357608546525
66,0.2755102040816326,4.4419094590098185
66,0.2857142857142857,2.8960232401376094
66,0.29591836734693877,-4.884070334724736
66,0.3061224489795918,-6.935053130180169
66,0.31632653061224486,-9.521977147589745
66,0.32653061224489793,2.674148261605804
66,0.336734693877551,-7.130140278572154
66,0.3469387755102041,11.216170510348036
66,0.3571428571428571,-0.001773207836630153
66,0.36734693877551017,-9.83090827444141
66,0.37755102040816324,17.949810159054117
66,0.3877551020408163,-11.190403490049134
66,0.39795918367346933,-8.765665785966197
66,0.4081632653061224,-6.447752992014328
66,0.4183673469387755,-4.674559492763338
66,0.42857142857142855,6.973112608161583
66,0.4387755102040816,8.243779183388178
66,0.44897959183673464,-4.919575255170784
66,0.4591836734693877,-4.357791507780181
66,0.4693877551020408,9.106765683579958
66,0.47959183673469385,9.471695644803118
66,0.4897959183673469,-3.381058715577355
67,0.0,-0.0
67,0.014705882352941176,2.830448249503907
67,0.029411764705882353,-1.366621847620549
67,0.044117647058823525,4.560324573933679
67,0.058823529411764705,-1.7488960052172757
67,0.07352941176470588,1.403657187617779
67,0.08823529411764705,4.014073858193383
67,0.10294117647058823,3.6942012151020203
67,0.11764705882352941,-0.9424569943407715
67,0.1323529411764706,2.399938519767028
67,0.14705882352941177,7.808853744091748
67,0.16176470588235295,-1.6689876320188848
67,0.1764705882352941,-5.745331461649161
67,0.19117647058823528,-11.68191723362402
67,0.20588235294117646,-6.765196427374954
67,0.22058823529411764,7.958425238918028
67,0.23529411764705882,-1.6140717421617472
67,0.25,-1.882915845704102
67,0.2647058823529412,-7.298435002568918
67,0.27941176470588236,1.1802740041963729
67,0.29411764705882354,-1.2383745279536589
67,0.3088235294117647,3.5904511078302876
67,0.3235294117647059,-2.4706564537742794
67,0.3382352941176471,8.082446012585168
67,0.3529411764705882,3.634707485918109
67,0.3676470588235294,-11.41212180604005
67,0.38235294117647056,-0.6447497767140602
67,0.39705882352941174,-13.377410260904515
67,0.4117647058823529,11.66024107208006
67,0.4264705882352941,-1.1007096933069382
67,0.4411764705882353,6.78963578270935
67,0.45588235294117646,7.445141879096832
67,0.47058823529411764,-2.2179012293589837
67,0.4852941176470588,7.084083899205836
68,0.0,-0.0
68,0.018867924528301886,-4.118307074084538
68,0.03773584905660377,-0.7359842834331392
68,0.05660377358490566,7.016337995161246
68,0.07547169811320754,-1.1142383776598876
68,0.09433962264150943,-1.758828488907823
68,0.11320754716981132,3.752466199362336
68,0.1320754716981132,1.2346111016768
68,0.1509433962264151,-7.703110434003497
68,0.16981132075471697,2.164142396986521
68,0.18867924528301885,-8.066707039240532
68,0.20754716981132074,0.32914140521727764
68,0.22641509433962265,3.0050488739184344
68,0.24528301886792453,-4.734507104219233
68,0.2641509433962264,-0.20758968471440753
68,0.2830188679245283,-0.2529017241929785
68,0.3018867924528302,0.6596582808989304
68,0.32075471698113206,-3.1319011835533788
68,0.33962264150943394,-1.710414436394944
68,0.3584905660377358,-9.214294785399442
68,0.3773584905660377,-13.063197095944888
68,0.3962264150943396,6.880071411202475
68,0.4150943396226415,-7.366248686837832
68,0.43396226415094336,4.984994243447402
68,0.4528301886792453,8.02112957902587
68,0.4716981132075472,0.6328479545005898
68,0.49056603773584906,3.7527729894808677
69,0.0,-0.0
69,0.015873015873015872,-2.4470305326616097
69,0.031746031746031744,2.16223788993548
69,0.047619047619047616,2.0675547782495034
69,0.06349206349206349,-3.7608619129241934
69,0.07936507936507936,-13.718502339363559
69,0.09523809523809523,5.171656758466549
69,0.1111111111111111,3.642702577409711
69,0.12698412698412698,-3.4681365800350967
69,0.14285714285714285,-11.490282175395105
69,0.15873015873015872,2.129212435534718
69,0.1746031746031746,-1.2426682371943338
69,0.19047619047619047,9.24868960726337
69,0.20634920634920634,-2.8291690656880553
69,0.2222222222222222,0.9852976664054065
69,0.23809523809523808,-0.6833782767022902
69,0.25396825396825395,10.00692903567962
69,0.2698412698412698,2.83234453687487
69,0.2857142857142857,-4.4857631211306614
69,0.30158730158730157,-3.0951457338343196
69,0.31746031746031744,-0.24690898265351047
69,0.3333333333333333,5.858508118315741
69,0.3492063492063492,7.534576193754882
69,0.36507936507936506,-0.3635083964891175
69,0.38095238095238093,-13.101049134108921
69,0.3968253968253968,-3.106672183547734
69,0.4126984126984127,-3.3748829145170114
69,0.42857142857142855,-4.019677119629215
69,0.4444444444444444,1.0608267252912937
69,0.4603174603174603,-12.797644021713456
69,0.47619047619047616,4.332586232198484
69,0.49206349206349204,-4.174044541669069
70,0.0,-0.0
70,0.011111111111111112,-4.1758532047729275
70,0.022222222222222223,-2.815798484891388
70,0.03333333333333333,3.6875371086218482
70,0.044444444444444446,7.111289509646683
70,0.05555555555555556,-7.087235737971934
70,0.06666666666666667,-4.690936153145051
70,0.07777777777777778,3.075228446245444
70,0.08888888888888889,2.9478679653903574
70,0.1,0.4919038662464379
70,0.11111111111111112,0.9439959587213977
70,0.12222222222222223,9.372730876428326
70,0.13333333333333333,-0.8329854473502266
70,0.14444444444444446,6.72409961962123
70,0.15555555555555556,-15.734915740669333
70,0.16666666666666669,-3.2490227064923247
70,0.17777777777777778,7.581974381789369
70,0.18888888888888888,0.2046179645654682
70,0.2,-8.748833383612544
70,0.2111111111111111,-9.424239452559295
70,0.22222222222222224,7.704614502226063
70,0.23333333333333334,-6.551972287574552
70,0.24444444444444446,-18.436340674301384
70,0.2555555555555556,-0.25044448940760233
70,0.26666666666666666,12.150487823189843
70,0.2777777777777778,9.2384647739447
70,0.2888888888888889,-4.061241538724521
70,0.3,-1.3385425128209172
70,0.3111111111111111,-5.384151876180562
70,0.32222222222222224,-3.426455091447106
70,0.33333333333333337,1.3454263802800903
70,0.34444444444444444,2.0542657086907816
70,0.35555555555555557,-9.105146060437345
70,0.3666666666666667,2.6288215340839396
70,0.37777777777777777,-2.0848525931221036
70,0.3888888888888889,-3.650197258097079
70,0.4,-5.9820410226663245
70,0.41111111111111115,-10.62641454091558
70,0.4222222222222222,-5.540706423865046
70,0.43333333333333335,-0.6339164997941378
70,0.4444444444444445,-5.232218694694158
70,0.45555555555555555,-7.064867733151628
70,0.4666666666666667,9.071945817326863
70,0.4777777777777778,-2.8400847885048575
70,0.48888888888888893,21.743806640232425
71,0.0,-0.0
71,0.013157894736842105,7.974504465308505
71,0.02631578947368421,-2.833131396436078
71,0.039473684210526314,1.1001565988508686
71,0.05263157894736842,-9.4577600971929
71,0.06578947368421052,15.542693298855223
71,0.07894736842105263,-1.8701089487594205
71,0.09210526315789473,6.482211321952936
71,0.10526315789473684,-1.1617735682767856
71,0.11842105263157894,-1.3446733394545987
71,0.13157894736842105,0.10322023595291258
71,0.14473684210526316,7.411611222754711
71,0.15789473684210525,7.464245780637526
71,0.17105263157894735,-0.4815953940552653
71,0.18421052631578946,-14.823303732640463
71,0.19736842105263158,3.8689714283077112
71,0.21052631578947367,-3.322912609818445
71,0.22368421052631576,8.513094080312193
71,0.23684210526315788,0.35301934290717085
71,0.25,-7.6824186848450635
71,0.2631578947368421,-6.633269046826976
71,0.2763157894736842,-7.595245659190233
71,0.2894736842105263,-7.667582977244921
71,0.3026315789473684,5.633352528753141
71,0.3157894736842105,-9.03850240150671
71,0.3289473684210526,13.147915887570583
71,0.3421052631578947,6.494419517294794
71,0.35526315789473684,-4.753264107641389
71,0.3684210526315789,0.13409336923410514
71,0.381578947368421,-0.20266157656765693
71,0.39473684210526316,3.559500389518994
71,0.40789473684210525,-10.43129818909975
71,0.42105263157894735,4.9731073274918165
71,0.43421052631578944,-0.7021995390501496
71,0.4473684210526315,5.05258241807849
71,0.4605263157894737,-2.264095132060791
71,0.47368421052631576,-3.85496143272714
71,0.48684210526315785,2.123546009300104
72,0.0,-0.0
72,0.015384615384615385,-6.922982786037596
72,0.03076923076923077,-6.674273434407649
72,0.046153846153846156,8.530484991820765
72,0.06153846153846154,4.266190479288534
72,0.07692307692307693,8.227020900103449
72,0.09230769230769231,-5.35499636693638
72,0.1076923076923077,3.648045158135501
72,0.12307692307692308,-3.4664690210233924
72,0.13846153846153847,-6.942236899833713
72,0.15384615384615385,-4.57171566555099
72,0.16923076923076924,-1.645953966252884
72,0.18461538461538463,8.032566097906372
72,0.2,-2.078774488816255
72,0.2153846153846154,-0.24938098976397738
72,0.23076923076923078,-3.718299065068336
72,0.24615384615384617,4.750793958008213
72,0.26153846153846155,1.5364594326764625
72,0.27692307692307694,2.560689548508416
72,0.2923076923076923,-3.6781931532988903
72,0.3076923076923077,1.9567620942643646
72,0.3230769230769231,-3.322703339274197
72,0.3384615384615385,-6.322278739258815
72,0.35384615384615387,-8.348695507013074
72,0.36923076923076925,6.315055521195523
72,0.38461538461538464,3.576662634925707
72,0.4,8.236763279037547
72,0.4153846153846154,-2.189204930950185
72,0.4307692307692308,-7.019367080941787
72,0.4461538461538462,-4.781996353646563
72,0.46153846153846156,-3.1230692295718505
72,0.47692307692307695,-3.6010136304778735
72,0.49230769230769234,13.027306114343427
73,0.0,-0.0
73,0.01282051282051282,6.431035739412936
73,0.02564102564102564,-3.303770642800169
73,0.038461538461538464,10.422611871340706
73,0.05128205128205128,4.392279527661276
73,0.0641025641025641,11.305925385564192
73,0.07692307692307693,6.664490366230422
73,0.08974358974358974,4.003109077358273
73,0.10256410256410256,-2.971562606081209
73,0.11538461538461538,6.728265099543201
73,0.1282051282051282,2.704785030089244
73,0.14102564102564102,-8.898619477520612
73,0.15384615384615385,-4.001986779564034
73,0.16666666666666666,-8.146522292537117
73,0.1794871794871795,-0.7179943070105927
73,0.1923076923076923,-7.228073176149721
73,0.20512820512820512,1.9715351943292303
73,0.21794871794871795,-1.7451450823747197
73,0.23076923076923075,-1.849456157251878
73,0.24358974358974358,1.3855000715780879
73,0.2564102564102564,-7.151683145788143
73,0.2692307692307692,-3.719857046436587
73,0.28205128205128205,1.659833268765962
73,0.2948717948717949,3.7531570817517066
73,0.3076923076923077,-3.789862123994908
73,0.3205128205128205,-0.3537485752423599
73,0.3333333333333333,0.9402080083595572
73,0.34615384615384615,-2.3094755822498385
73,0.358974358974359,5.338655860834332
73,0.3717948717948718,0.012214065841913202
73,0.3846153846153846,1.4501349319894747
73,0.3974358974358974,-8.512210036451831
73,0.41025641025641024,-3.6906706711734025
73,0.4230769230769231,9.594623464585872
73,0.4358974358974359,-2.41027908517745
73,0.4487179487179487,3.9359130404240767
73,0.4615384615384615,-0.29624023464547555
73,0.47435897435897434,8.55433974859128
73,0.48717948717948717,-7.803625455855364
74,0.0,-0.0
74,0.013333333333333334,0.4467922182995263
74,0.02666666666666667,7.320509725304347
74,0.04,-3.2073548521170405
74,0.05333333333333334,-1.3510846539211152
74,0.06666666666666667,3.344830566347672
74,0.08,-12.552561159354966
74,0.09333333333333334,1.8371048305426214
74,0.10666666666666667,-5.666574244650247
74,0.12000000000000001,11.751408347838279
74,0.13333333333333333,9.590849679712381
74,0.14666666666666667,-8.715716420213337
74,0.16,6.998265256273646
74,0.17333333333333334,-1.0236675070761354
74,0.18666666666666668,5.682141452420058
74,0.2,-5.1838525504856605
74,0.21333333333333335,11.1908992833332
74,0.22666666666666668,-6.120198759815167
74,0.24000000000000002,-4.623027935781837
74,0.25333333333333335,3.0410830896464
74,0.26666666666666666,-2.1914702372048778
74,0.28,-0.9324579193459108
74,0.29333333333333333,8.7950159188894
74,0.3066666666666667,0.2460422318339872
74,0.32,-11.54774611890031
74,0.33333333333333337,-8.724409301790223
74,0.3466666666666667,-2.943859222480185
74,0.36000000000000004,3.454198529358648
74,0.37333333333333335,-5.029768141716322
74,0.3866666666666667,-0.8795662628945702
74,0.4,3.045909213530421
74,0.4133333333333334,-2.7470601961787864
74,0.4266666666666667,-10.172348066536049
74,0.44,-14.86458694183202
74,0.45333333333333337,0.8972300274651026
74,0.4666666666666667,0.2703674958073461
74,0.48000000000000004,-10.73377380535343
74,0.49333333333333335,4.816631335993536
75,0.0,-0.0
75,0.012987012987012988,0.4367390461972902
75,0.025974025974025976,-2.159777816927643
75,0.03896103896103896,3.594325523221027
75,0.05194805194805195,7.350730834217208
75,0.06493506493506494,-1.1961145330855016
75,0.07792207792207792,12.045572925746136
75,0.09090909090909091,-2.897421066400536
75,0.1038961038961039,1.9983193629081781
75,0.1168831168831169,-4.470657149276647
75,0.12987012987012989,1.6912672226915986
75,0.14285714285714288,5.063739973368014
75,0.15584415584415584,5.587073230658683
75,0.16883116883116883,-0.46875815911946583
75,0.18181818181818182,-0.7447740021902738
75,0.19480519480519481,4.883514388520208
75,0.2077922077922078,-18.01241456798681
75,0.2207792207792208,-3.095376297699244
75,0.2337662337662338,-4.2276590385424555
75,0.24675324675324678,-4.022302300363105
75,0.25974025974025977,-3.7424926494003055
75,0.27272727272727276,5.2057687601965075
75,0.28571428571428575,-0.47250772051099554
75,0.29870129870129875,10.17247822761978
75,0.3116883116883117,-3.976304369434774
75,0.3246753246753247,-3.170390734866622
75,0.33766233766233766,4.379269913194413
75,0.35064935064935066,-7.296598597838343
75,0.36363636363636365,-7.147663622552837
75,0.37662337662337664,-3.5377166617819427
75,0.38961038961038963,10.010263678853386
75,0.4025974025974026,-8.793356691138886
75,0.4155844155844156,0.7680050589929355
75,0.4285714285714286,-7.1866021999954
75,0.4415584415584416,-9.133998470536628
75,0.4545454545454546,9.391099830239188
75,0.4675324675324676,4.427410648257766
75,0.48051948051948057,-4.041002512403448
75,0.49350649350649356,2.6839286181179935
76,0.0,-0.0
76,0.010638297872340425,3.197765641173385
76,0.02127659574468085,13.305143828117737
76,0.031914893617021274,4.8687801224556955
76,0.0425531914893617,-15.376562739652721
76,0.05319148936170213,-4.762876571445149
76,0.06382978723404255,-0.8952927400407646
76,0.07446808510638298,5.3073100593884615
76,0.0851063829787234,15.14621335770957
76,0.09574468085106383,-9.007952055711325
76,0.10638297872340426,-2.0942481702676434
76,0.11702127659574468,-5.649175820623708
76,0.1276595744680851,-6.858396539641841
76,0.13829787234042554,-1.5633932598433606
76,0.14893617021276595,-7.552169207262879
76,0.1595744680851064,10.427393223295539
76,0.1702127659574468,-8.673270889020758
76,0.18085106382978722,-2.860699287717659
76,0.19148936170212766,-4.511162243997218
76,0.20212765957446807,0.5784830311224285
76,0.2127659574468085,4.527864913449925
76,0.22340425531914893,-12.174761032518704
76,0.23404255319148937,-2.605009984810505
76,0.24468085106382978,-3.132896100643062
76,0.2553191489361702,1.9780963352487775
76,0.26595744680851063,-2.198657813647305
76,0.2765957446808511,-10.014979391498896
76,0.28723404255319146,1.4722377496704184
76,0.2978723404255319,10.218649067240488
76,0.30851063829787234,-0.8656239210887267
76,0.3191489361702128,-0.8676157355225005
76,0.32978723404255317,-6.991748987834657
76,0.3404255319148936,2.1638357964181116
76,0.35106382978723405,-7.29221237044356
76,0.36170212765957444,5.958771253593153
76,0.3723404255319149,3.5082766835416597
76,0.3829787234042553,1.6714940146341932
76,0.39361702127659576,-3.5864144408795045
76,0.40425531914893614,-2.2927189977361033
76,0.4148936170212766,-6.57381845583516
76,0.425531914893617,5.764196405995518
76,0.4361702127659574,-5.575048778682071
76,0.44680851063829785,0.8988386570999685
76,0.4574468085106383,-3.5415504574581025
76,0.46808510638297873,11.745668486553654
76,0.4787234042553191,-3.041799883265293
76,0.48936170212765956,2.089911661219543
77,0.0,-0.0
77,0.016666666666666666,1.7214765982887297
77,0.03333333333333333,6.988979049718575
77,0.05,-1.127850998932332
77,0.06666666666666667,-0.36930376280585087
77,0.08333333333333333,0.553140567724259
77,0.1,4.86353621654478
77,0.11666666666666667,-8.084968283470126
77,0.13333333333333333,-5.170505046272431
77,0.15,-1.7937626801910473
77,0.16666666666666666,-3.8615599004772436
77,0.18333333333333332,-8.097720026170819
77,0.2,5.889725853831517
77,0.21666666666666667,7.507279143988214
77,0.23333333333333334,-6.639541189494177
77,0.25,-6.43245685455436
77,0.26666666666666666,-1.8467994776623646
77,0.2833333333333333,2.606334914742035
77,0.3,-1.359902346617825
77,0.31666666666666665,-2.176604880747765
77,0.3333333333333333,6.0607141828268665
77,0.35,2.9367151564631984
77,0.36666666666666664,-0.7506119912368172
77,0.3833333333333333,1.497029046875495
77,0.4,-7.750086965804723
77,0.4166666666666667,-0.27346274564807305
77,0.43333333333333335,8.500701238662293
77,0.45,-3.7612741312063944
77,0.4666666666666667,-3.389154972667344
77,0.48333333333333334,-13.660059353075118
78,0.0,-0.0
78,0.014285714285714285,3.5647684202257137
78,0.02857142857142857,5.827930498983088
78,0.04285714285714286,-10.253932690333787
78,0.05714285714285714,-1.5878514572745355
78,0.07142857142857142,3.951706438064148
78,0.08571428571428572,-8.982405951505116
78,0.09999999999999999,0.13922600260899864
78,0.11428571428571428,2.162939458752305
78,0.12857142857142856,7.681353172540258
78,0.14285714285714285,10.731169619674127
78,0.15714285714285714,-0.39406248428574664
78,0.17142857142857143,-2.643984288377884
78,0.18571428571428572,-6.619849729962709
78,0.19999999999999998,-2.7649017906133344
78,0.21428571428571427,1.9166677459144577
78,0.22857142857142856,-2.114231512459043
78,0.24285714285714285,-0.5394691918732863
78,0.2571428571428571,0.8391384006976761
78,0.2714285714285714,-5.123909981398878
78,0.2857142857142857,1.1648170766483092
78,0.3,0.702881462027745
78,0.3142857142857143,-2.4837324858834076
78,0.32857142857142857,10.433090564861587
78,0.34285714285714286,-1.1028124173529679
78,0.35714285714285715,1.4104540422553793
78,0.37142857142857144,-1.6942372490203015
78,0.3857142857142857,-2.5709806623323317
78,0.39999999999999997,4.082449620041995
78,0.41428571428571426,9.491356599363415
78,0.42857142857142855,-3.7255623520914702
78,0.44285714285714284,0.867269876771912
78,0.45714285714285713,10.546792667578881
78,0.4714285714285714,-5.913213374912184
78,0.4857142857142857,0.3784104836967017
79,0.0,-0.0
79,0.013333333333333334,-2.8388893075725674
79,0.02666666666666667,-7.370318893662276
79,0.04,3.815115787487284
79,0.05333333333333334,-6.208154824752031
79,0.06666666666666667,1.5532768171010252
79,0.08,6.013817678124451
79,0.09333333333333334,-2.848938677206247
79,0.10666666666666667,2.451416961421744
79,0.12000000000000001,-4.8658561441005315
79,0.13333333333333333,2.157194002629699
79,0.14666666666666667,5.603564657129387
79,0.16,0.6949202431733186
79,0.17333333333333334,-10.95544147612251
79,0.18666666666666668,-3.8130428716195968
79,0.2,-3.3904864492366764
79,0.21333333333333335,0.11788538192608344
79,0.22666666666666668,-9.084396294137242
79,0.24000000000000002,-8.23640687957837
79,0.25333333333333335,-5.676713379013512
79,0.26666666666666666,6.04768278422778
79,0.28,6.314780896373178
79,0.29333333333333333,-2.8571668319398875
79,0.3066666666666667,4.113047431192313
79,0.32,-6.990255989919939
79,0.33333333333333337,5.732576284189874
79,0.3466666666666667,-10.809730648413199
79,0.36000000000000004,-15.147355900540521
79,0.37333333333333335,10.404045357425707
79,0.3866666666666667,1.791877821977745
79,0.4,2.148587484366308
79,0.4133333333333334,5.16716357231962
79,0.4266666666666667,-8.110081221350546
79,0.44,-6.502109717838294
79,0.45333333333333337,-5.325295957229086
79,0.4666666666666667,9.436879604306423
79,0.48000000000000004,7.06114431894353
79,0.49333333333333335,-4.318282005963557
80,0.0,-0.0
80,0.014705882352941176,-3.9417705529201754
80,0.029411764705882353,-0.2696173979409
80,0.044117647058823525,0.05454627655014632
80,0.058823529411764705,-8.37872982984008
80,0.07352941176470588,0.51503127789548
80,0.08823529411764705,-7.5957891296759605
80,0.10294117647058823,-9.36481356530192
80,0.11764705882352941,4.699195260436347
80,0.1323529411764706,1.0982496948966143
80,0.14705882352941177,8.119256590363792
80,0.16176470588235295,-5.514954355670286
80,0.1764705882352941,6.23331267460682
80,0.19117647058823528,5.664938328075887
80,0.20588235294117646,5.8689698137406054
80,0.22058823529411764,-4.244907295679809
80,0.23529411764705882,-4.0515875923432985
80,0.25,4.415226396169949
80,0.2647058823529412,4.275583375013604
80,0.27941176470588236,-2.7511784831444626
80,0.29411764705882354,-1.6143401531907209
80,0.3088235294117647,14.047654246444196
80,0.3235294117647059,-2.3898691569475883
80,0.3382352941176471,2.7360178405395548
80,0.3529411764705882,6.261630209534065
80,0.3676470588235294,1.735250932513624
80,0.38235294117647056,-2.24234599278224
80,0.39705882352941174,2.7365500723827236
80,0.4117647058823529,-7.260052100879147
80,0.4264705882352941,3.1778834450338684
80,0.4411764705882353,-0.38641374334516687
80,0.45588235294117646,-0.6624929152047161
80,0.47058823529411764,4.903559604567518
80,0.4852941176470588,16.72869985269039
81,0.0,-0.0
81,0.022727272727272728,-2.719978099786651
81,0.045454545454545456,2.4228030287564555
81,0.06818181818181818,2.0830059020665983
81,0.09090909090909091,-4.191969869511838
81,0.11363636363636365,-5.580098393390977
81,0.13636363636363635,12.561576811302936
81,0.1590909090909091,-1.1654866836166642
81,0.18181818181818182,-4.886471717552178
81,0.20454545454545456,2.9040296036590956
81,0.2272727272727273,3.50678688692621
81,0.25,-12.598491044072466
81,0.2727272727272727,2.92056821111226
81,0.29545454545454547,-3.908934158972089
81,0.3181818181818182,-5.868259212661304
81,0.34090909090909094,3.9731494478715073
81,0.36363636363636365,-5.184893779532322
81,0.38636363636363635,3.688686409632724
81,0.4090909090909091,2.5166340692993017
81,0.4318181818181818,-0.5107559220395042
81,0.4545454545454546,3.145735512574572
81,0.4772727272727273,-3.1855695684057936
82,0.0,-0.0
82,0.012048192771084338,-10.317477457479335
82,0.024096385542168676,-1.022730435987738
82,0.03614457831325302,0.4527798518189389
82,0.04819277108433735,2.9060872031296254
82,0.060240963855421686,-12.53791164830003
82,0.07228915662650603,-0.3025511921863746
82,0.08433734939759037,-2.8839991415844253
82,0.0963855421686747,-16.09679440624745
82,0.10843373493975904,-8.392639328313258
82,0.12048192771084337,-4.487724229207441
82,0.13253012048192772,6.633597325356075
82,0.14457831325301207,1.0451189771451086
82,0.1566265060240964,4.3728389695011485
82,0.16867469879518074,-11.458669771989777
82,0.18072289156626506,7.9528759050527364
82,0.1927710843373494,5.543691984067564
82,0.20481927710843376,-1.6463754382140883
82,0.21686746987951808,7.291579719962441
82,0.22891566265060243,-2.869628468279055
82,0.24096385542168675,-3.6117251573171085
82,0.2530120481927711,1.6843056886832017
82,0.26506024096385544,-5.264252507891162
82,0.27710843373493976,0.5072422887091788
82,0.28915662650602414,-11.972564867604437
82,0.30120481927710846,-7.890403129577811
82,0.3132530120481928,1.4655251767027175
82,0.3253012048192771,2.7009265584660618
82,0.3373493975903615,-2.6097056327989154
82,0.3493975903614458,7.005052932017726
82,0.3614457831325301,-9.488880397494684
82,0.3734939759036145,4.304148168668878
82,0.3855421686746988,3.3180736211553703
82,0.39759036144578314,5.61578074945964
82,0.4096385542168675,-0.5848127315082783
82,0.42168674698795183,-4.073370207980829
82,0.43373493975903615,-8.561709314217591
82,0.44578313253012053,5.682900564858423
82,0.45783132530120485,1.4361916019282206
82,0.46987951807228917,6.1156923396280485
82,0.4819277108433735,9.363356328228377
82,0.49397590361445787,4.438991612722825
83,0.0,-0.0
83,0.0196078431372549,-2.545942198951542
83,0.0392156862745098,2.7444861397112135
83,0.058823529411764705,7.681869380417714
83,0.0784313725490196,-3.030691498890274
83,0.09803921568627451,-4.203809158677087
83,0.11764705882352941,0.3384375300842082
83,0.13725490196078433,5.712826106256924
83,0.1568627450980392,-4.701329176144208
83,0.1764705882352941,4.157685001891071
83,0.19607843137254902,-1.1164232318814418
83,0.21568627450980393,6.043065841265315
83,0.23529411764705882,-6.06147165603882
83,0.2549019607843137,-6.613410115426598
83,0.27450980392156865,2.552301920080061
83,0.29411764705882354,0.1904950885727068
83,0.3137254901960784,-3.293103517020279
83,0.3333333333333333,-3.0534004539501143
83,0.3529411764705882,0.183942833081558
83,0.37254901960784315,-4.228743224768935
83,0.39215686274509803,3.929271722631314
83,0.4117647058823529,0.12963209075506432
83,0.43137254901960786,8.019351164400604
83,0.45098039215686275,8.960776081012675
83,0.47058823529411764,1.9494719177019593
83,0.49019607843137253,6.681460674672364
84,0.0,-0.0
84,0.014285714285714285,-6.180346827796969
84,0.02857142857142857,7.961618977905209
84,0.04285714285714286,2.0445075591429926
84,0.05714285714285714,-1.2260403786068261
84,0.07142857142857142,-5.663728323397423
84,0.08571428571428572,7.261126784214895
84,0.09999999999999999,6.751277233705639
84,0.11428571428571428,-5.019236747105993
84,0.12857142857142856,0.29726405390855404
84,0.14285714285714285,-4.66927373629462
84,0.15714285714285714,-0.9877700668517497
84,0.17142857142857143,1.332373234799944
84,0.18571428571428572,2.0118154266109265
84,0.19999999999999998,-0.7488093453910842
84,0.21428571428571427,2.567766723113788
84,0.22857142857142856,-3.188280552972127
84,0.24285714285714285,8.605540611923661
84,0.2571428571428571,11.114211403626946
84,0.2714285714285714,7.768302298136648
84,0.2857142857142857,-6.359518985579912
84,0.3,-1.9439713081710908
84,0.3142857142857143,-5.102273553652102
84,0.32857142857142857,6.571103171772478
84,0.34285714285714286,0.1886110039530977
84,0.35714285714285715,11.51636703249022
84,0.37142857142857144,-1.7799771226730743
84,0.3857142857142857,-4.476592641900132
84,0.39999999999999997,-2.1029301110834533
84,0.41428571428571426,-2.499120048161602
84,0.42857142857142855,-2.3889645345758947
84,0.44285714285714284,1.3501093085131544
84,0.45714285714285713,-16.382511468106525
84,0.4714285714285714,7.366747992457817
84,0.4857142857142857,8.440037324825596
85,0.0,-0.0
85,0.013513513513513514,0.6664915527614341
85,0.02702702702702703,-10.62646591029463
85,0.04054054054054054,-4.572706430278277
85,0.05405405405405406,-6.60210957705765
85,0.06756756756756757,-6.3079010516548415
85,0.08108108108108109,4.411793074956317
85,0.0945945945945946,0.6813777202182871
85,0.10810810810810811,4.5367595308663855
85,0.12162162162162163,-4.842508352854909
85,0.13513513513513514,2.9803073118429833
85,0.14864864864864866,2.1407488442361657
85,0.16216216216216217,9.205807678759953
85,0.17567567567567569,5.587793147555863
85,0.1891891891891892,2.4072835825630596
85,0.20270270270270271,-6.451983078913599
85,0.21621621621621623,4.260352512849096
85,0.22972972972972974,-3.706140756687299
85,0.24324324324324326,4.828004480582612
85,0.2567567567567568,-4.657834784392543
85,0.2702702702702703,-7.382604217257196
85,0.28378378378378377,1.397198359200554
85,0.2972972972972973,-1.6626370148499925
85,0.31081081081081086,0.9430331433372217
85,0.32432432432432434,-2.6797545785548165
85,0.33783783783783783,-2.5420593115940595
85,0.35135135135135137,2.4478838811946186
85,0.3648648648648649,-1.175304514189779
85,0.3783783783783784,-1.2332883234893008
85,0.3918918918918919,-1.7880012298478376
85,0.40540540540540543,-13.34479978689015
85,0.41891891891891897,4.505370211911981
85,0.43243243243243246,1.9108326359025067
85,0.44594594594594594,8.138693980182312
85,0.4594594594594595,-7.554134467700393
85,0.472972972972973,-13.462303384786807
85,0.4864864864864865,5.796372812752503
86,0.0,-0.0
86,0.015873015873015872,-3.112854964264103
86,0.031746031746031744,7.401396023637243
86,0.047619047619047616,-1.9965181434291974
86,0.06349206349206349,-5.110135209835472
86,0.07936507936507936,-1.1839233082269047
86,0.09523809523809523,-3.278315184653105
86,0.1111111111111111,-17.673735613553223
86,0.12698412698412698,4.270617928326032
86,0.14285714285714285,-7.459772017821607
86,0.15873015873015872,7.411759248256842
86,0.1746031746031746,-5.837270830521939
86,0.19047619047619047,-4.4188606038321705
86,0.20634920634920634,4.410865806579659
86,0.2222222222222222,1.5378953293629816
86,0.23809523809523808,6.149310013322806
86,0.25396825396825395,-3.5397674718837626
86,0.2698412698412698,2.766994403261199
86,0.2857142857142857,-5.68291841375285
86,0.30158730158730157,1.5486132839869353
86,0.31746031746031744,6.022611288380013
86,0.3333333333333333,-3.1574251086348544
86,0.3492063492063492,-3.4617203001079453
86,0.36507936507936506,-3.3569880331018758
86,0.38095238095238093,5.636849502848046
86,0.3968253968253968,-15.930093892383022
86,0.4126984126984127,-1.0475793289589934
86,0.42857142857142855,6.366177583370959
86,0.4444444444444444,-2.932574019814871
86,0.4603174603174603,8.314844603006645
86,0.47619047619047616,1.2579799767049877
86,0.49206349206349204,-1.6137498583880086
87,0.0,-0.0
87,0.009433962264150943,11.16267141635591
87,0.018867924528301886,6.647634979902151
87,0.02830188679245283,4.724871048228325
87,0.03773584905660377,-6.8780741234083616
87,0.04716981132075471,-1.8380175629608273
87,0.05660377358490566,-3.292317638287415
87,0.0660377358490566,6.665080405881107
87,0.07547169811320754,-2.470065511102379
87,0.08490566037735849,7.542435293290069
87,0.09433962264150943,-7.9980219816585905
87,0.10377358490566037,-8.851896810727624
87,0.11320754716981132,-12.38276073567891
87,0.12264150943396226,-0.8967446222680568
87,0.1320754716981132,8.438794592309801
87,0.14150943396226415,15.093986437255886
87,0.1509433962264151,-10.342141927797682
87,0.16037735849056603,14.258584408374315
87,0.16981132075471697,-8.261727153912236
87,0.1792452830188679,-0.6696331203292398
87,0.18867924528301885,-6.57128476604227
87,0.1981132075471698,6.7437868361246665
87,0.20754716981132074,-11.965190164698646
87,0.21698113207547168,-4.835369877075976
87,0.22641509433962265,-11.40960077890558
87,0.2358490566037736,6.52978335688366
87,0.24528301886792453,2.4847280708483632
87,0.25471698113207547,-11.844010137698653
87,0.2641509433962264,7.436806199258622
87,0.27358490566037735,11.081027165554842
87,0.2830188679245283,7.666479417563274
87,0.29245283018867924,8.856462295718872
87,0.3018867924528302,4.199319514179999
87,0.3113207547169811,2.645635651435379
87,0.32075471698113206,3.568250383419257
87,0.330188679245283,-9.636599922001686
87,0.33962264150943394,-5.302162768939301
87,0.3490566037735849,1.4088537713331153
87,0.3584905660377358,1.6819512652099045
87,0.36792452830188677,-4.2666862810820945
87,0.3773584905660377,-2.1277477276504184
87,0.38679245283018865,3.865742307381458
87,0.3962264150943396,9.755324328143487
87,0.40566037735849053,0.9595352339556591
87,0.4150943396226415,-4.071748505476009
87,0.4245283018867924,-10.243597212546586
87,0.43396226415094336,-6.253901261143279
87,0.4433962264150943,-1.0819430156154701
87,0.4528301886792453,-4.501967123635525
87,0.46226415094339623,2.0788228310874937
87,0.4716981132075472,4.250881270496237
87,0.4811320754716981,2.1096854282229245
87,0.49056603773584906,-0.5812076660047056
88,0.0,-0.0
88,0.018518518518518517,-0.3032477423654596
88,0.037037037037037035,-6.919733995088794
88,0.05555555555555555,-1.7446412648384344
88,0.07407407407407407,-1.6419308135523405
88,0.09259259259259259,-5.332895714011688
88,0.1111111111111111,-1.8009029087863484
88,0.12962962962962962,3.39790779542791
88,0.14814814814814814,6.103703591000978
88,0.16666666666666666,3.854845721734036
88,0.18518518518518517,-11.137567624774759
88,0.2037037037037037,-1.6823334031877961
88,0.2222222222222222,4.994239079661131
88,0.24074074074074073,-1.9833925558905658
88,0.25925925925925924,0.28379050698849284
88,0.2777777777777778,-3.87333133491032
88,0.2962962962962963,-3.3425760192619
88,0.31481481481481477,-4.340166482475391
88,0.3333333333333333,-0.6450305380937029
88,0.35185185185185186,-3.965979422939573
88,0.37037037037037035,6.81704474886852
88,0.38888888888888884,-3.539626664756476
88,0.4074074074074074,-3.734314357980008
88,0.42592592592592593,8.018540378920465
88,0.4444444444444444,-9.908486265767245
88,0.4629629629629629,-9.443295472178718
88,0.48148148148148145,9.909872707693108
89,0.0,-0.0
89,0.014084507042253521,-0.4175645593323163
89,0.028169014084507043,-6.61667379290518
89,0.04225352112676056,2.2785075079952275
89,0.056338028169014086,-6.803443304942135
89,0.07042253521126761,3.292961869638669
89,0.08450704225352113,-7.353362735623296
89,0.09859154929577466,7.076823281951896
89,0.11267605633802817,2.306328408612001
89,0.1267605633802817,6.317266466563387
89,0.14084507042253522,0.34843533451173325
89,0.15492957746478875,5.320932968944933
89,0.16901408450704225,1.3870080428989184
89,0.18309859154929578,2.5578034212398757
89,0.1971830985915493,0.3299681952656668
89,0.2112676056338028,-2.4436040621289705
89,0.22535211267605634,-4.678022599638877
89,0.23943661971830987,0.6996260329711808
89,0.2535211267605634,-2.597979981996346
89,0.26760563380281693,11.462337097963918
89,0.28169014084507044,-0.34623377621298346
89,0.29577464788732394,3.4645730422763066
89,0.3098591549295775,-2.492761057456787
89,0.323943661971831,-5.138479716559439
89,0.3380281690140845,-9.68644296236188
89,0.35211267605633806,5.909647420715961
89,0.36619718309859156,-6.8321802277543
89,0.38028169014084506,-3.5985172177533826
89,0.3943661971830986,-4.073590984190059
89,0.4084507042253521,1.3358730404553527
89,0.4225352112676056,-6.771124607925869
89,0.4366197183098592,-0.952780659163821
89,0.4507042253521127,-9.78875440505001
89,0.4647887323943662,4.505953301132162
89,0.47887323943661975,3.642600924703494
89,0.49295774647887325,12.73545743909602
90,0.0,-0.0
90,0.022222222222222223,6.100378326184895
90,0.044444444444444446,-0.6832487939278584
90,0.06666666666666667,7.899395530147506
90,0.08888888888888889,-8.319989137887578
90,0.11111111111111112,4.016005605460788
90,0.13333333333333333,-0.2614266117025843
90,0.15555555555555556,-1.0588954814187153
90,0.17777777777777778,1.7983090635260206
90,0.2,4.01217698739558
90,0.22222222222222224,-4.027275083263182
90,0.24444444444444446,7.7503904974390405
90,0.26666666666666666,-5.930312179649743
90,0.2888888888888889,2.433944114637339
90,0.3111111111111111,-3.228405531830173
90,0.33333333333333337,-2.720624487264524
90,0.35555555555555557,-8.126974762637397
90,0.37777777777777777,-3.588007177248361
90,0.4,6.870312351169208
90,0.4222222222222222,-0.9248204602597347
90,0.4444444444444445,-3.0128782373602236
90,0.4666666666666667,-5.862964012310461
90,0.48888888888888893,-0.6614687509107213
91,0.0,-0.0
91,0.022222222222222223,0.6744669659016411
91,0.044444444444444446,0.5882021681956611
91,0.06666666666666667,-2.146578487475104
91,0.08888888888888889,-4.094653226087318
91,0.11111111111111112,2.625192100414207
91,0.13333333333333333,11.32096326830874
91,0.15555555555555556,-1.7850456392695402
91,0.17777777777777778,1.6745076793770357
91,0.2,-0.14586714650657395
91,0.22222222222222224,-7.37076569743582
91,0.24444444444444446,-2.411504384628228
91,0.26666666666666666,4.25369252896813
91,0.2888888888888889,-10.45004835977059
91,0.3111111111111111,-3.1268886376785465
91,0.33333333333333337,-5.61426951839081
91,0.35555555555555557,2.281810003517858
91,0.37777777777777777,-4.01350347721067
91,0.4,0.8999919524821143
91,0.4222222222222222,3.2729975589976945
91,0.4444444444444445,-6.994436368116709
91,0.4666666666666667,-5.336264502786935
91,0.48888888888888893,-0.15752855981352265
92,0.0,-0.0
92,0.01639344262295082,-8.421759891869252
92,0.03278688524590164,0.3409860120410461
92,0.04918032786885246,6.480624057618001
92,0.06557377049180328,2.209601717534478
92,0.0819672131147541,6.539870291262541
92,0.09836065573770492,-2.0843197283058545
92,0.11475409836065574,0.10848052724628165
92,0.13114754098360656,-2.6053092584278157
92,0.14754098360655737,-0.027576312105028755
92,0.1639344262295082,-0.8700033204682507
92,0.18032786885245902,3.4565440063427886
92,0.19672131147540983,-0.17789213160265138
92,0.21311475409836067,-3.881263243659699
92,0.22950819672131148,-4.9568002409045295
92,0.24590163934426232,8.050284868285923
92,0.26229508196721313,5.886624781727297
92,0.27868852459016397,0.906136514332946
92,0.29508196721311475,-7.0129369757871425
92,0.3114754098360656,-10.593634282086876
92,0.3278688524590164,1.3418165908262156
92,0.3442622950819672,-2.286417850820009
92,0.36065573770491804,-5.791488639895912
92,0.3770491803278689,-1.2604819242490515
92,0.39344262295081966,5.4978691064257195
92,0.4098360655737705,-7.61802260374904
92,0.42622950819672134,14.080342735803146
92,0.4426229508196722,6.354047161530476
92,0.45901639344262296,-2.9737478423485775
92,0.4754098360655738,-6.713770589986539
92,0.49180327868852464,-0.602345676937607
93,0.0,-0.0
93,0.012987012987012988,-1.133927863071437
93,0.025974025974025976,5.08158339964049
93,0.03896103896103896,-1.741447584028141
93,0.05194805194805195,3.260542937759527
93,0.06493506493506494,3.310862139356282
93,0.07792207792207792,-1.152341783959446
93,0.09090909090909091,-0.5525278174679378
93,0.1038961038961039,10.852472438263945
93,0.1168831168831169,-8.612194380500032
93,0.12987012987012989,5.8663363405347315
93,0.14285714285714288,2.305572481647305
93,0.15584415584415584,-1.7162745299857076
93,0.16883116883116883,-0.5215813801799696
93,0.18181818181818182,-1.295603256699529
93,0.19480519480519481,-3.621619668976144
93,0.2077922077922078,-4.73584317856781
93,0.2207792207792208,-11.259899004339058
93,0.2337662337662338,-2.251087605540281
93,0.24675324675324678,0.969844032206487
93,0.25974025974025977,-3.5015695541468124
93,0.27272727272727276,-5.446765668379326
93,0.28571428571428575,-2.7993876122190713
93,0.29870129870129875,-14.820630883050407
93,0.3116883116883117,4.5112115275062745
93,0.3246753246753247,-3.5332445922172195
93,0.33766233766233766,-1.1375072763670229
93,0.35064935064935066,3.0122635412543843
93,0.36363636363636365,6.731420028145986
93,0.37662337662337664,-1.2243932152603318
93,0.38961038961038963,1.5390074737149375
93,0.4025974025974026,13.3480438328934
93,0.4155844155844156,-3.2020225959163477
93,0.4285714285714286,-10.701613755379427
93,0.4415584415584416,5.805091571235407
93,0.4545454545454546,-7.329749291968699
93,0.4675324675324676,0.2977608676543093
93,0.48051948051948057,-0.05305713261664835
93,0.49350649350649356,-3.880923366968916
94,0.0,-0.0
94,0.010309278350515464,-7.035317442913685
94,0.020618556701030927,3.2395633444403606
94,0.030927835051546393,-1.5865319256970514
94,0.041237113402061855,0.021472693189285075
94,0.05154639175257732,-1.9122727778335273
94,0.061855670103092786,13.06260575531646
94,0.07216494845360824,2.4007732868933664
94,0.08247422680412371,3.2307159517300272
94,0.09278350515463918,-1.5272125790939797
94,0.10309278350515463,9.52742325764319
94,0.1134020618556701,-6.919119061245095
94,0.12371134020618557,2.054929514839988
94,0.13402061855670103,7.274573199082387
94,0.14432989690721648,-1.9511024739496696
94,0.15463917525773196,-8.443221516828666
94,0.16494845360824742,-0.7994354007390656
94,0.17525773195876287,1.468839209544853
94,0.18556701030927836,-8.124246258001207
94,0.1958762886597938,1.1591283664795835
94,0.20618556701030927,4.197531307818269
94,0.21649484536082475,3.0468220563633253
94,0.2268041237113402,2.006067936128138
94,0.23711340206185566,6.482095174513333
94,0.24742268041237114,-0.4907759930900586
94,0.25773195876288657,-10.1888210275588
94,0.26804123711340205,-5.360574730353896
94,0.27835051546391754,-8.120467920372938
94,0.28865979381443296,-0.5030068967318285
94,0.29896907216494845,6.553143516775625
94,0.30927835051546393,-1.5767033646714057
94,0.31958762886597936,-7.52372450449033
94,0.32989690721649484,6.204569223846063
94,0.3402061855670103,-3.5917712187712376
94,0.35051546391752575,-1.233285410772253
94,0.36082474226804123,5.383451665205173
94,0.3711340206185567,-8.790337343982808
94,0.38144329896907214,-1.630102266262308
94,0.3917525773195876,6.221632116163259
94,0.4020618556701031,-19.45732172624889
94,0.41237113402061853,-8.46491169336116
94,0.422680412371134,13.170736466239822
94,0.4329896907216495,8.30680639187259
94,0.44329896907216493,7.228202574712842
94,0.4536082474226804,-7.837898213893743
94,0.4639175257731959,-1.4618118939510676
94,0.4742268041237113,19.436409238432432
94,0.4845360824742268,6.829408008711914
94,0.4948453608247423,-5.21012142171977
95,0.0,-0.0
95,0.015873015873015872,-1.1157217126500814
95,0.031746031746031744,2.3249863274053126
95,0.047619047619047616,0.6477147006762831
95,0.06349206349206349,-1.9717915278799734
95,0.07936507936507936,-4.686136149119135
95,0.09523809523809523,4.036207736936172
95,0.1111111111111111,-0.5298782462588285
95,0.12698412698412698,-3.4154625549237667
95,0.14285714285714285,5.938557320142957
95,0.15873015873015872,-3.3758174039388518
95,0.1746031746031746,-1.8788851575232839
95,0.19047619047619047,1.8044354385622068
95,0.20634920634920634,-0.1026105950792382
95,0.2222222222222222,7.331419875072395
95,0.23809523809523808,-0.2082821703842601
95,0.25396825396825395,-10.721138186771814
95,0.2698412698412698,-7.977175028149184
95,0.2857142857142857,0.03524880715396694
95,0.30158730158730157,4.687169776282805
95,0.31746031746031744,5.513385183378244
95,0.3333333333333333,-3.2291261879940034
95,0.3492063492063492,-0.688871670919514
95,0.36507936507936506,-6.520823705267715
95,0.38095238095238093,2.721691505463472
95,0.3968253968253968,-6.5595486439697455
95,0.4126984126984127,-1.9467708386343379
95,0.42857142857142855,-7.45942728422137
95,0.4444444444444444,-14.963604420469434
95,0.4603174603174603,-1.300800739174417
95,0.47619047619047616,13.38935419586925
95,0.49206349206349204,1.392402788240022
96,0.0,-0.0
96,0.014492753623188406,1.8463502425789344
96,0.028985507246376812,5.392647011509364
96,0.043478260869565216,6.1392521068402
96,0.057971014492753624,-3.843149830952163
96,0.07246376811594203,-1.3555390001836858
96,0.08695652173913043,-8.98986017066292
96,0.10144927536231885,-2.394081700121357
96,0.11594202898550725,8.400476618468193
96,0.13043478260869565,-0.6923600096512357
96,0.14492753623188406,8.969285784646587
96,0.15942028985507248,-6.424968883956332
96,0.17391304347826086,-7.697055456301236
96,0.18840579710144928,-4.894994141407759
96,0.2028985507246377,1.698979109542184
96,0.21739130434782608,-3.375247319455233
96,0.2318840579710145,6.9719140344298065
96,0.2463768115942029,-5.856137281049779
96,0.2608695652173913,5.184019915510734
96,0.2753623188405797,11.940999798025665
96,0.2898550724637681,-3.0820981680869486
96,0.30434782608695654,4.886231874614442
96,0.31884057971014496,-2.083513555734678
96,0.3333333333333333,-4.2066636700345335
96,0.34782608695652173,10.168126516159115
96,0.36231884057971014,-0.766280698914557
96,0.37681159420289856,-6.670027485326747
96,0.391304347826087,2.3913636694621783
96,0.4057971014492754,7.118298468762204
96,0.42028985507246375,-0.5855253269973661
96,0.43478260869565216,4.93377054923028
96,0.4492753623188406,10.558890776475462
96,0.463768115942029,-3.8417528118903723
96,0.4782608695652174,2.131279890716061
96,0.4927536231884058,-6.262907963620531
97,0.0,-0.0
97,0.015873015873015872,-3.7812377299572097
97,0.031746031746031744,-1.2594682861937982
97,0.047619047619047616,-7.0737755972214735
97,0.06349206349206349,-0.7288557364651265
97,0.07936507936507936,9.612564641024704
97,0.09523809523809523,-2.9823419050156437
97,0.1111111111111111,-8.596801687176333
97,0.12698412698412698,-0.6315114857541637
97,0.14285714285714285,-1.164928758009026
97,0.15873015873015872,-7.590078670153934
97,0.1746031746031746,-4.067226464634237
97,0.19047619047619047,1.592695851483553
97,0.20634920634920634,4.166566725882699
97,0.2222222222222222,10.441673955453162
97,0.23809523809523808,0.22143102233924083
97,0.25396825396825395,-2.056696298743327
97,0.2698412698412698,-3.3922287796714894
97,0.2857142857142857,2.5374168389959952
97,0.30158730158730157,2.9007844734896056
97,0.31746031746031744,-3.387135557160761
97,0.3333333333333333,-2.7555454275776645
97,0.3492063492063492,-10.820154788961533
97,0.36507936507936506,7.264696403438658
97,0.38095238095238093,2.698594045925731
97,0.3968253968253968,6.080879389349841
97,0.4126984126984127,-8.068846837512455
97,0.42857142857142855,3.2277327622449556
97,0.4444444444444444,-4.0767170347010975
97,0.4603174603174603,-10.237846717954955
97,0.47619047619047616,-7.933867920784188
97,0.49206349206349204,1.8280584338763417
98,0.0,-0.0
98,0.015384615384615385,1.777225741751295
98,0.03076923076923077,-6.466377931446161
98,0.046153846153846156,-3.008295074310401
98,0.06153846153846154,6.721154312147021
98,0.07692307692307693,-5.26151193083294
98,0.09230769230769231,3.6866365584707257
98,0.1076923076923077,9.949623888945665
98,0.12307692307692308,-0.7756126687546773
98,0.13846153846153847,-1.4893937282096408
98,0.15384615384615385,7.539228129267966
98,0.16923076923076924,1.1347408432701105
98,0.18461538461538463,-6.538339619310426
98,0.2,3.0592619666276955
98,0.2153846153846154,1.3605565746132084
98,0.23076923076923078,-2.7590428197817936
98,0.24615384615384617,-6.525768759134638
98,0.26153846153846155,4.82333750633392
98,0.27692307692307694,0.7350625299112473
98,0.2923076923076923,-13.538330315967665
98,0.3076923076923077,-1.442763487060793
98,0.3230769230769231,-6.763510366475765
98,0.3384615384615385,-5.791425641138132
98,0.35384615384615387,-6.888741371502349
98,0.36923076923076925,7.990733388369293
98,0.38461538461538464,-1.384101042907124
98,0.4,2.003852207161124
98,0.4153846153846154,4.754391866679119
98,0.4307692307692308,-2.770896560149985
98,0.4461538461538462,1.2462251750012117
98,0.46153846153846156,7.40054075644763
98,0.47692307692307695,6.830407847690884
98,0.49230769230769234,-1.9023908257097262
99,0.0,-0.0
99,0.022222222222222223,-5.449657330992899
99,0.044444444444444446,-5.991523262107915
99,0.06666666666666667,-2.557788780858237
99,0.08888888888888889,0.5206562607671996
99,0.11111111111111112,-7.1003399237529745
99,0.13333333333333333,5.891068381966265
99,0.15555555555555556,-1.914556319314851
99,0.17777777777777778,3.7491478667212057
99,0.2,-5.593132791943166
99,0.22222222222222224,3.311009974562665
99,0.24444444444444446,0.8302841342830847
99,0.26666666666666666,-7.381263091998052
99,0.2888888888888889,8.245473360148617
99,0.3111111111111111,-5.073245554047795
99,0.33333333333333337,3.8138316203515625
99,0.35555555555555557,-6.7079619759898295
99,0.37777777777777777,1.8638169328605394
99,0.4,-5.464057416664154
99,0.4222222222222222,-2.3884934674409504
99,0.4444444444444445,-0.5540100488725601
99,0.4666666666666667,-1.733950460406605
99,0.48888888888888893,4.526296473278755
100,0.0,-0.0
100,0.014925373134328358,0.3303642953819935
100,0.029850746268656716,2.4785587056005123
100,0.04477611940298507,-5.15990929431357
100,0.05970149253731343,3.47450211084669
100,0.07462686567164178,-0.9538274769633652
100,0.08955223880597014,-14.25449780229
100,0.1044776119402985,4.256448775765608
100,0.11940298507462686,-6.712585129881072
100,0.13432835820895522,-0.42764633370877936
100,0.14925373134328357,-1.5781213851678106
100,0.16417910447761194,9.221619995945781
100,0.1791044776119403,-0.8518259457338863
100,0.19402985074626866,-3.687567039657121
100,0.208955223880597,1.0741636998578037
100,0.22388059701492538,1.4478196283639782
100,0.23880597014925373,-9.33982442745265
100,0.2537313432835821,-4.678817504017413
100,0.26865671641791045,10.79096527265186
100,0.2835820895522388,0.27641389892222645
100,0.29850746268656714,-4.951100792221707
100,0.31343283582089554,7.714061431381757
100,0.3283582089552239,-1.3310914263234463
100,0.34328358208955223,-8.520275041609002
100,0.3582089552238806,2.78408748589041
100,0.3731343283582089,2.114058394875968
100,0.3880597014925373,2.9892767917576464
100,0.40298507462686567,2.15985854387366
100,0.417910447761194,-2.0931851607993517
100,0.43283582089552236,-0.953872725923145
100,0.44776119402985076,-0.6797058037238632
100,0.4626865671641791,3.202057209364145
100,0.47761194029850745,-4.919131247446533
100,0.4925373134328358,5.002743050375526
101,0.0,-0.0
101,0.015625,-11.729944498890983
101,0.03125,0.39630385908620713
101,0.046875,-8.053013206883165
101,0.0625,7.14129446336648
101,0.078125,-1.5149024664797253
101,0.09375,1.7096583393038334
101,0.109375,6.950447571066945
101,0.125,4.299121881559362
101,0.140625,-3.342217606187715
101,0.15625,2.0003858670637755
101,0.171875,3.729479922109456
101,0.1875,-6.945896712600552
101,0.203125,-2.852236858952179
101,0.21875,-4.525027117712542
101,0.234375,4.681223477531811
101,0.25,2.289022697969227
101,0.265625,3.4171574986080357
101,0.28125,-6.428897094680487
101,0.296875,3.387242911688446
101,0.3125,-2.430485809806997
101,0.328125,-9.188128100948827
101,0.34375,-5.7005818246902376
101,0.359375,4.332790807745174
101,0.375,2.021157530037566
101,0.390625,-2.59190938441044
101,0.40625,-2.661208796075271
101,0.421875,4.103710198327515
101,0.4375,4.412993293251793
101,0.453125,9.139123691917792
101,0.46875,6.339841453944243
101,0.484375,0.21364264922101484
102,0.0,-0.0
102,0.015384615384615385,-1.5061245815056976
102,0.03076923076923077,6.325056714994905
102,0.046153846153846156,-6.435658706925116
102,0.06153846153846154,-6.748258875134877
102,0.07692307692307693,-6.63454676870845
102,0.09230769230769231,4.3374901362197935
102,0.1076923076923077,-3.680066652778109
102,0.12307692307692308,-7.179263576873466
102,0.13846153846153847,-4.123534679492305
102,0.15384615384615385,-13.679357679495006
102,0.16923076923076924,2.554180193127874
102,0.18461538461538463,0.5954875276600915
102,0.2,5.873844425182886
102,0.2153846153846154,-3.017666345907212
102,0.23076923076923078,1.8968130345210743
102,0.24615384615384617,-6.245276878270368
102,0.26153846153846155,-3.493604304117763
102,0.27692307692307694,1.2208710618097074
102,0.2923076923076923,6.722561017595474
102,0.3076923076923077,-2.602221484145123
102,0.3230769230769231,-4.281947004210345
102,0.3384615384615385,-4.678218455627302
102,0.35384615384615387,-2.261404064656868
102,0.36923076923076925,-2.847461959286796
102,0.38461538461538464,-1.04138200623358
102,0.4,5.501563125133062
102,0.4153846153846154,2.6586266956691973
102,0.4307692307692308,-0.06270128785091456
102,0.4461538461538462,14.417897326408522
102,0.46153846153846156,0.876315800616368
102,0.47692307692307695,-7.00935077988326
102,0.49230769230769234,-7.924013892016828
103,0.0,-0.0
103,0.018518518518518517,-6.218181883952216
103,0.037037037037037035,8.933074647664736
103,0.05555555555555555,-3.6664503046317023
103,0.07407407407407407,0.22862728050693537
103,0.09259259259259259,4.852994217941077
103,0.1111111111111111,-2.500437243050407
103,0.12962962962962962,-3.2606816083257417
103,0.14814814814814814,1.7524724004933212
103,0.16666666666666666,6.427298197238845
103,0.18518518518518517,0.7081154912500136
103,0.2037037037037037,1.2143123272316383
103,0.2222222222222222,-1.279375679712651
103,0.24074074074074073,6.976843494526901
103,0.25925925925925924,-7.404158904206327
103,0.2777777777777778,-0.9154431189197137
103,0.2962962962962963,-5.5765777571688115
103,0.31481481481481477,0.8050157396738629
103,0.3333333333333333,-1.9705233478456003
103,0.35185185185185186,-10.28752909755842
103,0.37037037037037035,-9.901685098941547
103,0.38888888888888884,-0.27763285683650096
103,0.4074074074074074,-3.7587512622599046
103,0.42592592592592593,2.6878540585927606
103,0.4444444444444444,4.911440482208219
103,0.4629629629629629,10.381777353294314
103,0.48148148148148145,-1.756279439107446
104,0.0,-0.0
104,0.015384615384615385,-5.823336469358372
104,0.03076923076923077,-3.6055844460408
104,0.046153846153846156,4.3081919989675335
104,0.06153846153846154,6.987725144552994
104,0.07692307692307693,3.864449988915743
104,0.09230769230769231,6.222915547487029
104,0.1076923076923077,1.4101329649662624
104,0.12307692307692308,-1.5946585986762045
104,0.13846153846153847,3.789938844296003
104,0.15384615384615385,3.153613712843655
104,0.16923076923076924,2.673984628012339
104,0.18461538461538463,0.6004419216454044
104,0.2,-1.1874066793072258
104,0.2153846153846154,-11.916568672119638
104,0.23076923076923078,3.1985004703878177
104,0.24615384615384617,-8.68246890244463
104,0.26153846153846155,-2.0889350989145736
104,0.27692307692307694,-9.703910327080305
104,0.2923076923076923,17.96704674128726
104,0.3076923076923077,-2.9415184793845253
104,0.3230769230769231,-2.5467053420517756
104,0.3384615384615385,2.283909823899236
104,0.35384615384615387,0.21030138167898604
104,0.36923076923076925,-3.3895461587224003
104,0.38461538461538464,-3.1213201465987916
104,0.4,-5.85731390843269
104,0.4153846153846154,-3.6550145952027666
104,0.4307692307692308,-3.801819679437538
104,0.4461538461538462,-5.737871485176173
104,0.46153846153846156,-0.7023716505451284
104,0.47692307692307695,2.884102113738005
104,0.49230769230769234,-5.444671969686842
105,0.0,-0.0
105,0.01282051282051282,-6.471949642364965
105,0.02564102564102564,3.576541445912886
105,0.038461538461538464,-0.47773829649489485
105,0.05128205128205128,-5.736562017671594
105,0.0641025641025641,3.2347924768388876
105,0.07692307692307693,-2.510686656478498
105,0.08974358974358974,-7.9580314713248335
105,0.10256410256410256,-0.03571827854920073
105,0.11538461538461538,-6.418961656748335
105,0.1282051282051282,-1.9557732430391048
105,0.14102564102564102,-3.0754498463614515
105,0.15384615384615385,-4.273288769254236
105,0.16666666666666666,6.741959344270477
105,0.1794871794871795,15.1112905831916
105,0.1923076923076923,3.819280230839789
105,0.20512820512820512,-18.416010258074106
105,0.21794871794871795,-0.2252482922748822
105,0.23076923076923075,-3.9687329272918155
105,0.24358974358974358,-4.727948986198678
105,0.2564102564102564,-0.5107252603702004
105,0.2692307692307692,-7.765843873961261
105,0.28205128205128205,4.541418804842999
105,0.2948717948717949,-7.974361361325439
105,0.3076923076923077,-2.7871395093878624
105,0.3205128205128205,-3.9510564306902083
105,0.3333333333333333,2.624988992960029
105,0.34615384615384615,-2.184108641548335
105,0.358974358974359,-3.09349809792436
105,0.3717948717948718,-1.6534440124245477
105,0.3846153846153846,-2.297698366915944
105,0.3974358974358974,18.394816008200266
105,0.41025641025641024,1.2915495632213534
105,0.4230769230769231,4.69177589402917
105,0.4358974358974359,3.564838707639263
105,0.4487179487179487,-0.8891530670719101
105,0.4615384615384615,-4.774264280680299
105,0.47435897435897434,-2.700123948841412
105,0.48717948717948717,12.886879940152067
106,0.0,-0.0
106,0.017241379310344827,-2.6469442421139253
106,0.034482758620689655,-2.526383562208973
106,0.05172413793103448,-1.8427214024391383
106,0.06896551724137931,0.7734736751167768
106,0.08620689655172414,-9.789837999618493
106,0.10344827586206896,-1.197612041007407
106,0.12068965517241378,12.230160140850327
106,0.13793103448275862,2.2721253322872124
106,0.15517241379310345,-5.17767937708682
106,0.1724137931034483,-4.480301545724747
106,0.1896551724137931,-1.6524934702598268
106,0.20689655172413793,-0.4858972231394021
106,0.22413793103448276,-12.030652797726901
106,0.24137931034482757,-2.8793209304351333
106,0.25862068965517243,-8.671376211748434
106,0.27586206896551724,4.736918433694168
106,0.29310344827586204,7.786834676550045
106,0.3103448275862069,-6.706470939782887
106,0.3275862068965517,3.494191717393555
106,0.3448275862068966,6.328796400753218
106,0.3620689655172414,0.7912095390152446
106,0.3793103448275862,1.8413329718786322
106,0.39655172413793105,1.089338729797195
106,0.41379310344827586,-0.07003196633780817
106,0.43103448275862066,-3.3235204011694295
106,0.4482758620689655,3.844792816478197
106,0.46551724137931033,4.9674883849558995
106,0.48275862068965514,2.5648036720622387
107,0.0,-0.0
107,0.01282051282051282,2.6475620640254713
107,0.02564102564102564,-2.80611691973553
107,0.038461538461538464,0.3543835718016819
107,0.05128205128205128,5.706000391205523
107,0.0641025641025641,1.6821033919014095
107,0.07692307692307693,5.59125441208535
107,0.08974358974358974,2.73620819926115
107,0.10256410256410256,-5.863960558550087
107,0.11538461538461538,-5.137681829824842
107,0.1282051282051282,1.0678341458113159
107,0.14102564102564102,3.7878399848707316
107,0.15384615384615385,-4.825518500657201
107,0.16666666666666666,3.6147541229653974
107,0.1794871794871795,8.594633211996118
107,0.1923076923076923,1.0189958807189967
107,0.20512820512820512,-5.524964953369025
107,0.21794871794871795,9.888986626594221
107,0.23076923076923075,-2.162042779707384
107,0.24358974358974358,7.003081626497239
107,0.2564102564102564,12.382251942872333
107,0.2692307692307692,-7.465118301223843
107,0.28205128205128205,-3.831792111580916
107,0.2948717948717949,8.905086084630366
107,0.3076923076923077,-11.888708623355948
107,0.3205128205128205,2.3615358101272275
107,0.3333333333333333,-7.105015037090105
107,0.34615384615384615,2.6525872855858763
107,0.358974358974359,-8.30135717398192
107,0.3717948717948718,-5.122335157438757
107,0.3846153846153846,0.36935848880702027
107,0.3974358974358974,12.847050597120646
107,0.41025641025641024,-1.1672756989797053
107,0.4230769230769231,-1.7530004498327414
107,0.4358974358974359,-3.073744356920324
107,0.4487179487179487,-8.079544486636781
107,0.4615384615384615,-13.377525168496467
107,0.47435897435897434,-10.104868459236942
107,0.48717948717948717,9.954437146528697
108,0.0,-0.0
108,0.0196078431372549,6.1227392856066185
108,0.0392156862745098,1.3865418076939147
108,0.058823529411764705,1.2482582168110066
108,0.0784313725490196,-6.2665790464600875
108,0.09803921568627451,-0.9560690106478089
108,0.11764705882352941,5.164309245300832
108,0.13725490196078433,-2.9716682884913546
108,0.1568627450980392,-8.5335041866533
108,0.1764705882352941,5.214037974238222
108,0.19607843137254902,4.6619312952708425
108,0.21568627450980393,2.6069148691772868
108,0.23529411764705882,0.7449703575387989
108,0.2549019607843137,-0.2572123635300174
108,0.27450980392156865,3.4718771108472968
108,0.29411764705882354,-6.4079405623561545
108,0.3137254901960784,-4.2336769591839145
108,0.3333333333333333,-7.865757813387695
108,0.3529411764705882,-0.022167057648137423
108,0.37254901960784315,3.7529948673696882
108,0.39215686274509803,2.198681412332137
108,0.4117647058823529,-3.0643566889382274
108,0.43137254901960786,1.6854137304205419
108,0.45098039215686275,0.6716594268471523
108,0.47058823529411764,-12.88826791284858
108,0.49019607843137253,-4.226150463037024
109,0.0,-0.0
109,0.013888888888888888,0.5476154589252733
109,0.027777777777777776,2.1046015611816946
109,0.041666666666666664,4.413925307623991
109,0.05555555555555555,3.11120244315301
109,0.06944444444444445,-0.7473247038205
109,0.08333333333333333,-6.238424917184018
109,0.09722222222222221,-2.5647266358285234
109,0.1111111111111111,2.2769013940931404
109,0.125,4.240408227154752
109,0.1388888888888889,-2.291442176981923
109,0.15277777777777776,2.6467295059171745
109,0.16666666666666666,-7.497177068705861
109,0.18055555555555555,-19.731947076766613
109,0.19444444444444442,0.9291703334841273
109,0.20833333333333331,6.019326961194643
109,0.2222222222222222,-3.6228224853589652
109,0.2361111111111111,-2.186464629749695
109,0.25,2.6966241964110482
109,0.2638888888888889,0.6843093092194191
109,0.2777777777777778,-1.3937573497658273
109,0.29166666666666663,13.43438238035072
109,0.3055555555555555,1.5293644497642587
109,0.3194444444444444,12.987803478974374
109,0.3333333333333333,3.6669316674356374
109,0.3472222222222222,-5.8539365217705805
109,0.3611111111111111,-6.656072113461606
109,0.375,5.964502163207317
109,0.38888888888888884,-1.006518611396665
109,0.40277777777777773,-3.5354911657337533
109,0.41666666666666663,-2.9238470100681155
109,0.4305555555555555,-6.834599032698618
109,0.4444444444444444,4.755153856564712
109,0.4583333333333333,5.354143301515737
109,0.4722222222222222,-2.3729385582517457
109,0.4861111111111111,7.200375260147688
110,0.0,-0.0
110,0.01694915254237288,0.9086788378747936
110,0.03389830508474576,11.296221974862627
110,0.05084745762711865,-4.804360118985081
110,0.06779661016949153,-0.06049693881811691
110,0.0847457627118644,6.184337657040162
110,0.1016949152542373,6.839950174597725
110,0.11864406779661017,1.9411612395410502
110,0.13559322033898305,1.4464559250979012
110,0.15254237288135594,-6.550735682068339
110,0.1694915254237288,0.23164991174641103
110,0.1864406779661017,5.401185419452582
110,0.2033898305084746,-9.499975698523743
110,0.22033898305084745,-1.7118819869982898
110,0.23728813559322035,-2.8289589514799234
110,0.2542372881355932,3.006920614884023
110,0.2711864406779661,-0.01598326328543065
110,0.288135593220339,2.0334012910665002
110,0.3050847457627119,6.57839334053496
110,0.3220338983050847,-9.726178510802718
110,0.3389830508474576,-7.454206968525279
110,0.3559322033898305,0.49840849902841855
110,0.3728813559322034,-1.181673600315881
110,0.3898305084745763,-8.912948069537062
110,0.4067796610169492,2.137356862841026
110,0.423728813559322,0.3335639438050211
110,0.4406779661016949,3.4748435746572315
110,0.4576271186440678,-0.6002534190459565
110,0.4745762711864407,10.37363673005741
110,0.4915254237288136,-9.90317975266738
111,0.0,-0.0
111,0.016666666666666666,-1.0129367669992906
111,0.03333333333333333,-1.6103078059750038
111,0.05,-4.373048578327907
111,0.06666666666666667,-1.7818300495357282
111,0.08333333333333333,5.014663995337777
111,0.1,-7.047511756846927
111,0.11666666666666667,4.703229593715477
111,0.13333333333333333,-0.42596043901045855
111,0.15,-1.6533241595025396
111,0.16666666666666666,7.78608435754583
111,0.18333333333333332,-3.726906780177247
111,0.2,-0.17138886221629335
111,0.21666666666666667,0.2437099406684986
111,0.23333333333333334,-6.353964337686829
111,0.25,2.1810164702442743
111,0.26666666666666666,-1.2918520299880165
111,0.2833333333333333,11.375055036245993
111,0.3,7.606610052669976
111,0.31666666666666665,3.3771174605908163
111,0.3333333333333333,-1.140629502414361
111,0.35,-10.50700747753196
111,0.36666666666666664,4.929802555822102
111,0.3833333333333333,-3.736142273083853
111,0.4,3.425802318557632
111,0.4166666666666667,-13.842745076094925
111,0.43333333333333335,-8.822898934297227
111,0.45,-1.7322319289819688
111,0.4666666666666667,6.338222800222874
111,0.48333333333333334,5.136712396178204
112,0.0,-0.0
112,0.018518518518518517,-1.5822260200470792
112,0.037037037037037035,-0.74215990585993
112,0.05555555555555555,-7.68061594850124
112,0.07407407407407407,-4.424122563886164
112,0.09259259259259259,0.4413912662394548
112,0.1111111111111111,-6.039991690131697
112,0.12962962962962962,5.917578562421211
112,0.14814814814814814,-2.463905398673273
112,0.16666666666666666,-4.508822659210791
112,0.18518518518518517,-0.7698635463462574
112,0.2037037037037037,-3.759387420443927
112,0.2222222222222222,3.6499090443393136
112,0.24074074074074073,0.7510346260521028
112,0.25925925925925924,-0.2525469856453353
112,0.2777777777777778,12.980038114587952
112,0.2962962962962963,-10.58980456788036
112,0.31481481481481477,-2.36304842146359
112,0.3333333333333333,-3.022926429459342
112,0.35185185185185186,0.8937541080992175
112,0.37037037037037035,10.278679282020521
112,0.38888888888888884,-6.055996656139723
112,0.4074074074074074,-6.111048921087775
112,0.42592592592592593,1.1841446571042702
112,0.4444444444444444,0.38798010662883264
112,0.4629629629629629,-2.2938540887405976
112,0.48148148148148145,-4.596480189991254
113,0.0,-0.0
113,0.02127659574468085,5.552045745498386
113,0.0425531914893617,-2.043360959542585
113,0.06382978723404255,2.3148174842976585
113,0.0851063829787234,7.7078404000800225
113,0.10638297872340426,4.160520288573423
113,0.1276595744680851,-0.19770216292208526
113,0.14893617021276595,-2.8344134071676668
113,0.1702127659574468,2.499922466102014
113,0.19148936170212766,-4.2530528181010885
113,0.2127659574468085,0.12223544144298015
113,0.23404255319148937,-5.112211092951872
113,0.2553191489361702,-6.296224713372021
113,0.2765957446808511,-6.101653236450358
113,0.2978723404255319,-1.7852276629250032
113,0.3191489361702128,7.138697659730844
113,0.3404255319148936,7.251996513354661
113,0.36170212765957444,-3.3895399334760485
113,0.3829787234042553,-2.0614164819070444
113,0.40425531914893614,-5.822117955653944
113,0.425531914893617,0.9325069639753256
113,0.44680851063829785,-0.44390575204953553
113,0.46808510638297873,-0.7424270318098604
113,0.48936170212765956,3.357224805287471
114,0.0,-0.0
114,0.014285714285714285,-3.0930605768947825
114,0.02857142857142857,-8.054266168416003
114,0.04285714285714286,9.379028446382472
114,0.05714285714285714,0.6300047540445588
114,0.07142857142857142,-2.9401659703666634
114,0.08571428571428572,-2.5338299637723036
114,0.09999999999999999,2.55423229267131
114,0.11428571428571428,-0.3904510190041439
114,0.12857142857142856,5.159058955511861
114,0.14285714285714285,4.69528422103903
114,0.15714285714285714,1.0031911017088397
114,0.17142857142857143,3.707721272964575
114,0.18571428571428572,-1.649975464603202
114,0.19999999999999998,-14.642841773433915
114,0.21428571428571427,-0.6673901313054869
114,0.22857142857142856,2.1943527551423796
114,0.24285714285714285,10.995825199385541
114,0.2571428571428571,-2.076509331200519
114,0.2714285714285714,-0.495725132988301
114,0.2857142857142857,-3.653977641779033
114,0.3,-8.488101142038733
114,0.3142857142857143,4.936944119286906
114,0.32857142857142857,-5.767688794069985
114,0.34285714285714286,-5.613086105606891
114,0.35714285714285715,5.813046000074483
114,0.37142857142857144,1.3407854538811614
114,0.3857142857142857,2.963526343807324
114,0.39999999999999997,-9.299767775497683
114,0.41428571428571426,3.6677603147687394
114,0.42857142857142855,10.416209534857693
114,0.44285714285714284,-15.34413897245054
114,0.45714285714285713,0.2664757999257361
114,0.4714285714285714,2.4750328791275455
114,0.4857142857142857,-1.496996977111762
115,0.0,-0.0
115,0.012048192771084338,-3.516278419396177
115,0.024096385542168676,-3.7373527426709248
115,0.03614457831325302,4.526106546213958
115,0.04819277108433735,-11.544959541058876
115,0.060240963855421686,8.913531892346226
115,0.07228915662650603,3.276143601911974
115,0.08433734939759037,-3.7901120703007343
115,0.0963855421686747,-1.6213517362016419
115,0.10843373493975904,3.6459451378200893
115,0.12048192771084337,2.9129014542611404
115,0.13253012048192772,-0.3340248039171619
115,0.14457831325301207,-1.394667006579772
115,0.1566265060240964,8.346531907445975
115,0.16867469879518074,-4.677314347414884
115,0.18072289156626506,0.2875561221604394
115,0.1927710843373494,6.342777114976826
115,0.20481927710843376,-2.036574731345329
115,0.21686746987951808,-0.06095555402007424
115,0.22891566265060243,13.985675111912633
115,0.24096385542168675,-2.3098771601731327
115,0.2530120481927711,5.387288392210804
115,0.26506024096385544,-6.2396671117120555
115,0.27710843373493976,-6.8878088920249745
115,0.28915662650602414,-1.123311206089932
115,0.30120481927710846,-7.842038041908406
115,0.3132530120481928,-11.761500769388617
115,0.3253012048192771,10.163841637811062
115,0.3373493975903615,5.969860129294413
115,0.3493975903614458,-2.2493235867433405
115,0.3614457831325301,5.673362438611904
115,0.3734939759036145,-9.846911198096066
115,0.3855421686746988,15.276940063290562
115,0.39759036144578314,6.4406121305770165
115,0.4096385542168675,9.753769110404502
115,0.42168674698795183,1.0691358807841955
115,0.43373493975903615,5.177581971322178
115,0.44578313253012053,12.136825879871852
115,0.45783132530120485,-3.3986328706178335
115,0.46987951807228917,6.201890225551964
115,0.4819277108433735,-5.6498213179307015
115,0.49397590361445787,0.5229121359043488
116,0.0,-0.0
116,0.022222222222222223,2.1425562471545687
116,0.044444444444444446,-0.008693635235857311
116,0.06666666666666667,0.20547073614271527
116,0.08888888888888889,0.7548272157179721
116,0.11111111111111112,5.708527264152693
116,0.13333333333333333,-0.12284513546505527
116,0.15555555555555556,-5.892172984368631
116,0.17777777777777778,0.05747062196881835
116,0.2,-0.6231039455271676
116,0.22222222222222224,-2.2356738154351294
116,0.24444444444444446,4.5388649455087275
116,0.26666666666666666,5.43857666526538
116,0.2888888888888889,-4.338267381078362
116,0.3111111111111111,2.957511912857215
116,0.33333333333333337,-9.597736369290867
116,0.35555555555555557,-1.3404320998160637
116,0.37777777777777777,0.26073020105256095
116,0.4,-2.9238244590544014
116,0.4222222222222222,-5.9165620122007105
116,0.4444444444444445,-4.74772358185302
116,0.4666666666666667,-3.6708241062940066
116,0.48888888888888893,0.01770524502183845
117,0.0,-0.0
117,0.02127659574468085,1.0335957694693105
117,0.0425531914893617,4.676080296244421
117,0.06382978723404255,-0.20780130715846762
117,0.0851063829787234,6.736567616601335
117,0.10638297872340426,-7.098550678194615
117,0.1276595744680851,-0.9956533369617089
117,0.14893617021276595,-2.463784002868408
117,0.1702127659574468,-2.028618319596688
117,0.19148936170212766,0.9864404411450368
117,0.2127659574468085,-0.24010918805241788
117,0.23404255319148937,11.340512514636908
117,0.2553191489361702,0.30778632811036166
117,0.2765957446808511,-2.7607518094107784
117,0.2978723404255319,-6.995725569950552
117,0.3191489361702128,-0.14667746438899387
117,0.3404255319148936,-4.190084133864655
117,0.36170212765957444,0.44024624470378404
117,0.3829787234042553,-4.064553164805471
117,0.40425531914893614,-10.279211018160122
117,0.425531914893617,3.4875659977174163
117,0.44680851063829785,1.4889972280377504
117,0.46808510638297873,-0.3241890454746623
117,0.48936170212765956,12.143459328322635
118,0.0,-0.0
118,0.023255813953488372,-3.7965382646111485
118,0.046511627906976744,-5.467515216512316
118,0.06976744186046512,-0.4513557603444317
118,0.09302325581395349,7.778899547552567
118,0.11627906976744186,2.7202757032908975
118,0.13953488372093023,-0.13041066967957082
118,0.16279069767441862,-1.7891714531685199
118,0.18604651162790697,5.848758795477316
118,0.20930232558139533,1.8465973313494908
118,0.23255813953488372,6.517053135638509
118,0.2558139534883721,1.2755161951112068
118,0.27906976744186046,-2.2028428544245755
118,0.3023255813953488,-10.008936233410905
118,0.32558139534883723,0.17543469719963434
118,0.3488372093023256,-6.12129644365336
118,0.37209302325581395,-0.2149816350103828
118,0.3953488372093023,-10.771097448876777
118,0.41860465116279066,-4.516066274147837
118,0.4418604651162791,0.2476561724252273
118,0.46511627906976744,-6.6522650070445115
118,0.4883720930232558,-3.5474688204301295
119,0.0,-0.0
119,0.025,-4.958085206138145
119,0.05,1.8376288598200214
119,0.07500000000000001,0.7783147094293179
119,0.1,-5.721386761397181
119,0.125,-1.173708797408015
119,0.15000000000000002,-0.17340830188466372
119,0.17500000000000002,3.055354010456376
119,0.2,4.928153873427691
119,0.225,-1.1921035156183128
119,0.25,-1.913208033300722
119,0.275,-11.703889732258066
119,0.30000000000000004,4.003174744257999
119,0.325,2.0191543879817018
119,0.35000000000000003,1.4774540102659874
119,0.375,-0.9018649085131425
119,0.4,-7.878195211539509
119,0.42500000000000004,2.3626801214550985
119,0.45,1.3232447031114036
119,0.47500000000000003,1.6066903861520478
120,0.0,-0.0
120,0.013157894736842105,10.140562840223033
120,0.02631578947368421,2.49220966490656
120,0.039473684210526314,12.834990782882441
120,0.05263157894736842,-3.3357096437813234
120,0.06578947368421052,-2.7109611194036463
120,0.07894736842105263,3.814401091879423
120,0.09210526315789473,7.7667313285788655
120,0.10526315789473684,6.939181082329389
120,0.11842105263157894,3.150889658402057
120,0.13157894736842105,11.733255218361755
120,0.14473684210526316,-5.875138681786641
120,0.15789473684210525,-2.8291348953104785
120,0.17105263157894735,-10.793442921535316
120,0.18421052631578946,-1.731778509154878
120,0.19736842105263158,-6.212426064288893
120,0.21052631578947367,5.436889120397101
120,0.22368421052631576,-0.052029161131278645
120,0.23684210526315788,-8.2135620692878
120,0.25,-1.2991196479173317
120,0.2631578947368421,4.551483853636453
120,0.2763157894736842,-2.477113591934535
120,0.2894736842105263,-17.64237478412665
120,0.3026315789473684,6.392981178502842
120,0.3157894736842105,5.365711109503286
120,0.3289473684210526,8.956395760324192
120,0.3421052631578947,-7.005032060508443
120,0.35526315789473684,0.47355599316496644
120,0.3684210526315789,-5.471763189542301
120,0.381578947368421,2.922586054104906
120,0.39473684210526316,1.8573103115505667
120,0.40789473684210525,7.69960926252684
120,0.42105263157894735,-5.680053689835033
120,0.43421052631578944,-4.157071173505041
120,0.4473684210526315,-2.186149508808714
120,0.4605263157894737,-5.0006590688608075
120,0.47368421052631576,7.4496432130893355
120,0.48684210526315785,1.9117037892377295
121,0.0,-0.0
121,0.015625,-4.097490579665006
121,0.03125,-9.415955759734977
121,0.046875,10.732735418089092
121,0.0625,6.344889190472638
121,0.078125,-11.043413008708898
121,0.09375,2.102272871046508
121,0.109375,4.174562080180223
121,0.125,-1.5647223390159475
121,0.140625,-1.1040231333750707
121,0.15625,-0.24453151808231333
121,0.171875,-4.041003678288572
121,0.1875,3.8249123531574885
121,0.203125,7.218802616719578
121,0.21875,-1.7078883984604216
121,0.234375,5.454961381334159
121,0.25,1.4368514728434123
121,0.265625,-6.365058365933556
121,0.28125,-1.48640930792729
121,0.296875,7.344698997055571
121,0.3125,-2.8607356204138092
121,0.328125,-3.3294258236314014
121,0.34375,-2.658039359849374
121,0.359375,-9.875827646706407
121,0.375,-1.8674265770040517
121,0.390625,-6.452814902731301
121,0.40625,-2.423835205660356
121,0.421875,-0.693948957693399
121,0.4375,7.045730485862017
121,0.453125,3.0912231311281495
121,0.46875,18.62821328591435
121,0.484375,-7.150006737175399
122,0.0,-0.0
122,0.013888888888888888,-5.466733273387487
122,0.027777777777777776,-7.676142354644346
122,0.041666666666666664,-4.07320883089799
122,0.05555555555555555,-0.13246745421120654
122,0.06944444444444445,10.389515362829668
122,0.08333333333333333,5.528857484295759
122,0.09722222222222221,7.283911815814484
122,0.1111111111111111,-0.7922194484898464
122,0.125,1.4330090557484776
122,0.1388888888888889,-10.001718419106364
122,0.15277777777777776,-5.16898477453498
122,0.16666666666666666,-1.0856401224296928
122,0.18055555555555555,6.288137711815669
122,0.19444444444444442,-4.245008495643242
122,0.20833333333333331,-3.2890065213537927
122,0.2222222222222222,3.7570747286055006
122,0.2361111111111111,5.944292539306322
122,0.25,7.817025033560905
122,0.2638888888888889,-4.930566865993266
122,0.2777777777777778,-3.91824660064899
122,0.29166666666666663,0.740186851980041
122,0.3055555555555555,2.647189078453371
122,0.3194444444444444,0.059770907230266346
122,0.3333333333333333,1.3051892490305734
122,0.3472222222222222,-3.780625452830087
122,0.3611111111111111,8.618890694279429
122,0.375,-7.997726080202845
122,0.38888888888888884,5.924938622978895
122,0.40277777777777773,-2.6834297203967314
122,0.41666666666666663,-1.1089795467469061
122,0.4305555555555555,-0.5556999622559449
122,0.4444444444444444,-11.40808225794834
122,0.4583333333333333,-8.107827832038385
122,0.4722222222222222,-10.150561448835058
122,0.4861111111111111,-1.239643392818678
123,0.0,-0.0
123,0.018518518518518517,-1.8333555013718668
123,0.037037037037037035,10.656623119798196
123,0.05555555555555555,2.663498606756959
123,0.07407407407407407,-0.2154444587025779
123,0.09259259259259259,0.8422379563605511
123,0.1111111111111111,-6.962809882181312
123,0.12962962962962962,-3.9901510842820898
123,0.14814814814814814,8.082292210277151
123,0.16666666666666666,-3.395846284691328
123,0.18518518518518517,-5.732718910549077
123,0.2037037037037037,0.20573048467748542
123,0.2222222222222222,-0.026389648900121992
123,0.24074074074074073,8.321014981329412
123,0.25925925925925924,2.244143158894337
123,0.2777777777777778,0.11259785114188894
123,0.2962962962962963,0.013971875445126097
123,0.31481481481481477,1.540171529591139
123,0.3333333333333333,-8.44844469705087
123,0.35185185185185186,-2.821045163591185
123,0.37037037037037035,1.2997882315599103
123,0.38888888888888884,-7.115317673567822
123,0.4074074074074074,-1.7715028672047644
123,0.42592592592592593,-4.450169754527277
123,0.4444444444444444,-0.6337857266040017
123,0.4629629629629629,-3.380895922797949
123,0.48148148148148145,-9.609117544065867
124,0.0,-0.0
124,0.014925373134328358,-3.6668932400067464
124,0.029850746268656716,7.529483508070132
124,0.04477611940298507,11.925829709903974
124,0.05970149253731343,-8.25549618175278
124,0.07462686567164178,1.1600033394308369
124,0.08955223880597014,-6.638331099310955
124,0.1044776119402985,-6.667023750868111
124,0.11940298507462686,7.599925639307443
124,0.13432835820895522,-8.441022792606839
124,0.14925373134328357,1.6357347873880645
124,0.16417910447761194,-2.320295629522123
124,0.1791044776119403,3.351573216563938
124,0.19402985074626866,-0.038692525840541725
124,0.208955223880597,4.055622004163685
124,0.22388059701492538,9.090671556319469
124,0.23880597014925373,-2.6824923788302177
124,0.2537313432835821,-0.3233968790883015
124,0.26865671641791045,-1.4163743967603044
124,0.2835820895522388,8.954043312651107
124,0.29850746268656714,-3.779533466370884
124,0.31343283582089554,-12.078943307853036
124,0.3283582089552239,5.339157621278259
124,0.34328358208955223,-7.541068977610035
124,0.3582089552238806,10.861162539846964
124,0.3731343283582089,-0.62602147954571
124,0.3880597014925373,6.701013065853982
124,0.40298507462686567,-16.014903918681117
124,0.417910447761194,-0.7445227811030231
124,0.43283582089552236,-1.1719536305185905
124,0.44776119402985076,0.9199650265457828
124,0.4626865671641791,-7.570869465166407
124,0.47761194029850745,-0.07669749392824121
124,0.4925373134328358,-6.021675969045965
125,0.0,-0.0
125,0.018518518518518517,-6.591673328804388
125,0.037037037037037035,2.4246871408191204
125,0.05555555555555555,-4.071314402508699
125,0.07407407407407407,-0.6160002630083479
125,0.09259259259259259,-0.5588840925257292
125,0.1111111111111111,0.1189316134430769
125,0.12962962962962962,1.9307980353695608
125,0.14814814814814814,-9.759053909789023
125,0.16666666666666666,-1.3704924756380363
125,0.18518518518518517,2.265027575884517
125,0.2037037037037037,1.3001108852236423
125,0.2222222222222222,-1.848023781063688
125,0.24074074074074073,-1.1188638701386033
125,0.25925925925925924,3.6483546516640386
125,0.2777777777777778,-9.94696913073633
125,0.2962962962962963,1.6498177283699798
125,0.31481481481481477,3.032260884758542
125,0.3333333333333333,1.9270771581364972
125,0.35185185185185186,-2.1074994106574696
125,0.37037037037037035,1.7009312935946141
125,0.38888888888888884,-0.2775999434690697
125,0.4074074074074074,-11.839659816604886
125,0.42592592592592593,2.1330336153820095
125,0.4444444444444444,-0.14350807673055477
125,0.4629629629629629,5.810029391199613
125,0.48148148148148145,0.03118304218285095
126,0.0,-0.0
126,0.018867924528301886,-1.8941935263034755
126,0.03773584905660377,2.50236471416217
126,0.05660377358490566,-4.946922288526569
126,0.07547169811320754,-1.1999456224064216
126,0.09433962264150943,-3.159341630847014
126,0.11320754716981132,-6.724725073842373
126,0.1320754716981132,1.6574781350023071
126,0.1509433962264151,13.774722641326138
126,0.16981132075471697,-6.486569503354963
126,0.18867924528301885,-1.5952440304760636
126,0.20754716981132074,6.1767538166939
126,0.22641509433962265,-7.273849878510951
126,0.24528301886792453,-12.133985045182474
126,0.2641509433962264,11.622877196119367
126,0.2830188679245283,-1.6679093119637347
126,0.3018867924528302,-1.9750198344837777
126,0.32075471698113206,-1.1504951632879545
126,0.33962264150943394,-2.3361524887859595
126,0.3584905660377358,-0.8751205313971311
126,0.3773584905660377,0.9166281026059265
126,0.3962264150943396,-5.4780507090142505
126,0.4150943396226415,-1.9713945449251855
126,0.43396226415094336,1.5223600021798063
126,0.4528301886792453,1.9887688219017154
126,0.4716981132075472,6.027874910813079
126,0.49056603773584906,-5.709841587847685
127,0.0,-0.0
127,0.014925373134328358,-0.4263976506620757
127,0.029850746268656716,-0.8607008424737973
127,0.04477611940298507,1.8019789252258052
127,0.05970149253731343,-5.673165824861366
127,0.07462686567164178,-9.892162104624589
127,0.08955223880597014,0.5433589210248831
127,0.1044776119402985,3.582937857957603
127,0.11940298507462686,-1.8667615508027722
127,0.13432835820895522,-0.4841383210183947
127,0.14925373134328357,-0.8835218626173285
127,0.16417910447761194,1.9651832802925135
127,0.1791044776119403,3.9688229878526675
127,0.19402985074626866,-2.907441862057546
127,0.208955223880597,-3.573527074128218
127,0.22388059701492538,4.539692879439926
127,0.23880597014925373,9.280449887129857
127,0.2537313432835821,0.8350382472802156
127,0.26865671641791045,-8.410380435578258
127,0.2835820895522388,-0.84966296119896
127,0.29850746268656714,0.8936424563029763
127,0.31343283582089554,2.650848476162391
127,0.3283582089552239,2.623317259592076
127,0.34328358208955223,-2.177244728331818
127,0.3582089552238806,7.076025034661899
127,0.3731343283582089,-15.260355990823076
127,0.3880597014925373,1.632880078777479
127,0.40298507462686567,6.662447170475816
127,0.417910447761194,-8.747636897087421
127,0.43283582089552236,1.956876479608373
127,0.44776119402985076,4.947134499865093
127,0.4626865671641791,1.2030391004391938
127,0.47761194029850745,-11.471746848925319
127,0.4925373134328358,-10.584585989815158
128,0.0,-0.0
128,0.011904761904761904,-0.26410665223485985
128,0.023809523809523808,7.58775233868036
128,0.03571428571428571,4.493436548448716
128,0.047619047619047616,-3.072353553142351
128,0.05952380952380952,0.9983981220742315
128,0.07142857142857142,1.1494128240657666
128,0.08333333333333333,4.753151503631067
128,0.09523809523809523,3.56339532293351
128,0.10714285714285714,-3.5143055673857284
128,0.11904761904761904,1.7054545796630465
128,0.13095238095238093,-13.621960918941323
128,0.14285714285714285,-4.689126558225384
128,0.15476190476190477,-1.2105155816176438
128,0.16666666666666666,-3.3777825781633775
128,0.17857142857142855,6.248495439836475
128,0.19047619047619047,-0.146840616801992
128,0.20238095238095238,-9.039028791851463
128,0.21428571428571427,3.670336059640623
128,0.22619047619047616,-1.4219296252257028
128,0.23809523809523808,-2.754179935326895
128,0.25,-0.8884631372753344
128,0.26190476190476186,3.411974213104021
128,0.2738095238095238,12.598283052668513
128,0.2857142857142857,2.3992770336019245
128,0.2976190476190476,-2.6487711427985894
128,0.30952380952380953,-0.30295108548481164
128,0.3214285714285714,11.335460133353525
128,0.3333333333333333,0.7766235054726323
128,0.34523809523809523,7.584394478388202
128,0.3571428571428571,3.142406440604058
128,0.369047619047619,-5.492638775525008
128,0.38095238095238093,0.11001813529205773
128,0.39285714285714285,-6.843341034250207
128,0.40476190476190477,-0.584731299921377
128,0.41666666666666663,-6.711137071560546
128,0.42857142857142855,-6.408642841263384
128,0.44047619047619047,-11.68893723984365
128,0.45238095238095233,16.60196433210804
128,0.46428571428571425,-2.0568265379744686
128,0.47619047619047616,-7.276217622857244
128,0.4880952380952381,8.151932135780953
129,0.0,-0.0
129,0.013888888888888888,-9.335485733732702
129,0.027777777777777776,3.0246359922544923
129,0.041666666666666664,5.206288873759709
129,0.05555555555555555,1.7870987663229938
129,0.06944444444444445,1.312181555783288
129,0.08333333333333333,8.751286182497925
129,0.09722222222222221,5.731394986991111
129,0.1111111111111111,-1.3421136328548728
129,0.125,10.223984261270573
129,0.1388888888888889,5.736112939496713
129,0.15277777777777776,-7.976862781200715
129,0.16666666666666666,4.217610837092193
129,0.18055555555555555,5.42904606526279
129,0.19444444444444442,-6.682481099024879
129,0.20833333333333331,1.0840869674042888
129,0.2222222222222222,-12.085911890917137
129,0.2361111111111111,-7.760231208271346
129,0.25,-5.407749342931092
129,0.2638888888888889,-0.6532530088981585
129,0.2777777777777778,-9.138598850905515
129,0.29166666666666663,7.615376526317801
129,0.3055555555555555,4.5135290179752205
129,0.3194444444444444,0.3826453175740996
129,0.3333333333333333,11.201048406856634
129,0.3472222222222222,-7.148489175515392
129,0.3611111111111111,-2.645300796560668
129,0.375,3.2571164320517942
129,0.38888888888888884,7.085158243454079
129,0.40277777777777773,-7.231760036699905
129,0.41666666666666663,-2.672431888959065
129,0.4305555555555555,8.443287081796532
129,0.4444444444444444,-3.8014334544720807
129,0.4583333333333333,5.360035636309904
129,0.4722222222222222,-2.634323313423811
129,0.4861111111111111,8.522753022902924
130,0.0,-0.0
130,0.014925373134328358,1.3960187135320266
130,0.029850746268656716,-0.2239428612281093
130,0.04477611940298507,3.435022317612582
130,0.05970149253731343,-6.656552710146085
130,0.07462686567164178,-4.553319345552321
130,0.08955223880597014,-5.63865787478063
130,0.1044776119402985,2.0376312102002903
130,0.11940298507462686,-2.374204652557342
130,0.13432835820895522,1.0008502169250082
130,0.14925373134328357,-3.459539268135247
130,0.16417910447761194,-3.3330845715441364
130,0.1791044776119403,-4.556017625041849
130,0.19402985074626866,14.596102725301682
130,0.208955223880597,-4.576184669961948
130,0.22388059701492538,-5.280404182719082
130,0.23880597014925373,4.846754138519446
130,0.2537313432835821,-4.205272393960436
130,0.26865671641791045,-7.848660667008599
130,0.2835820895522388,-7.686466479255658
130,0.29850746268656714,-10.266513373436402
130,0.31343283582089554,1.6329905703265455
130,0.3283582089552239,3.6282742886153976
130,0.34328358208955223,-2.532601026571061
130,0.3582089552238806,-0.8922991778833407
130,0.3731343283582089,5.1303797285107935
130,0.3880597014925373,13.424636386310947
130,0.40298507462686567,1.3913567431525413
130,0.417910447761194,1.7029161928282925
130,0.43283582089552236,-8.76868946456176
130,0.44776119402985076,3.2154778602142624
130,0.4626865671641791,-3.491993634753703
130,0.47761194029850745,1.5095431852584809
130,0.4925373134328358,3.455210611879707
131,0.0,-0.0
131,0.014705882352941176,7.064744687475965
131,0.029411764705882353,5.489949400652074
131,0.044117647058823525,2.695320954292054
131,0.058823529411764705,1.6074725313050924
131,0.07352941176470588,-0.29941927799568635
131,0.08823529411764705,-3.4024984834530496
131,0.10294117647058823,3.590214199236377
131,0.11764705882352941,-1.445847070114863
131,0.1323529411764706,0.7560309411439103
131,0.14705882352941177,3.162363963781236
131,0.16176470588235295,-5.912493665703205
131,0.1764705882352941,-5.349274907040047
131,0.19117647058823528,-8.447419143492954
131,0.20588235294117646,-7.67800760599783
131,0.22058823529411764,0.6306360222933456
131,0.23529411764705882,3.982201156681243
131,0.25,12.00191578653126
131,0.2647058823529412,9.824418360862744
131,0.27941176470588236,3.8353457265638697
131,0.29411764705882354,-0.8453378776372
131,0.3088235294117647,2.1757050445408614
131,0.3235294117647059,8.757073733579698
131,0.3382352941176471,-1.5266927886194566
131,0.3529411764705882,-6.440572415981786
131,0.3676470588235294,-8.957649398764167
131,0.38235294117647056,10.582330646414956
131,0.39705882352941174,-9.88809506104936
131,0.4117647058823529,-3.656311557931777
131,0.4264705882352941,-12.189473818135319
131,0.4411764705882353,5.706577334204635
131,0.45588235294117646,-1.7638659597375919
131,0.47058823529411764,0.4861221130162843
131,0.4852941176470588,6.579495133343727
132,0.0,-0.0
132,0.01694915254237288,2.2297995242841084
132,0.03389830508474576,-0.10402239560714449
132,0.05084745762711865,3.2107849994903077
132,0.06779661016949153,4.951445538925465
132,0.0847457627118644,13.498438470458808
132,0.1016949152542373,7.574659663620055
132,0.11864406779661017,2.173907482972335
132,0.13559322033898305,-9.217552569179247
132,0.15254237288135594,9.340047721736092
132,0.1694915254237288,-7.013742568273717
132,0.1864406779661017,-11.852710051176713
132,0.2033898305084746,0.5485178726453759
132,0.22033898305084745,-5.281070542507436
132,0.23728813559322035,2.8713230765754982
132,0.2542372881355932,6.424921073873396
132,0.2711864406779661,-3.428299279958181
132,0.288135593220339,2.7828675184283913
132,0.3050847457627119,1.2121706946975663
132,0.3220338983050847,0.001480464909716872
132,0.3389830508474576,-4.777832762638239
132,0.3559322033898305,-2.606557887442401
132,0.3728813559322034,-2.8989457658277513
132,0.3898305084745763,2.6204830373191093
132,0.4067796610169492,-1.7246771523991242
132,0.423728813559322,1.6612433018339927
132,0.4406779661016949,-2.3689363514743893
132,0.4576271186440678,-2.133291590463058
132,0.4745762711864407,-8.202391090625213
132,0.4915254237288136,7.3318899701423526
133,0.0,-0.0
133,0.010309278350515464,0.4369945018089133
133,0.020618556701030927,5.732080825594594
133,0.030927835051546393,6.407758691350843
133,0.041237113402061855,-10.24309988514592
133,0.05154639175257732,-8.360347306387142
133,0.061855670103092786,-3.2630116334409784
133,0.07216494845360824,-9.161473789484935
133,0.08247422680412371,-0.6014840623295526
133,0.09278350515463918,2.9267792137541737
133,0.10309278350515463,-3.41990393882474
133,0.1134020618556701,-1.8128162267493766
133,0.12371134020618557,6.331327562423864
133,0.13402061855670103,-1.5699772236087448
133,0.14432989690721648,-4.161984274244617
133,0.15463917525773196,-0.4210069556371727
133,0.16494845360824742,-8.683594843234856
133,0.17525773195876287,-3.5134015014082087
133,0.18556701030927836,0.056648088931848584
133,0.1958762886597938,3.6076737618454944
133,0.20618556701030927,-0.4665792246419107
133,0.21649484536082475,-0.920338270071468
133,0.2268041237113402,11.57046994207548
133,0.23711340206185566,-1.43803576639796
133,0.24742268041237114,13.51859079341726
133,0.25773195876288657,-10.483371395565477
133,0.26804123711340205,1.4399878784953692
133,0.27835051546391754,-15.762211407525054
133,0.28865979381443296,-2.3200446929974836
133,0.29896907216494845,0.5616192154308361
133,0.30927835051546393,-1.7548906916462172
133,0.31958762886597936,-3.0264504428912318
133,0.32989690721649484,1.1368391547795214
133,0.3402061855670103,6.132384479407214
133,0.35051546391752575,11.255725710598396
133,0.36082474226804123,-9.821442053009656
133,0.3711340206185567,22.01763923098598
133,0.38144329896907214,-6.357852409502369
133,0.3917525773195876,-15.585136545144474
133,0.4020618556701031,4.1325573655235734
133,0.41237113402061853,2.225372217194322
133,0.422680412371134,4.066251992030962
133,0.4329896907216495,1.7190061700010406
133,0.44329896907216493,-11.13164671703991
133,0.4536082474226804,5.411873207516525
133,0.4639175257731959,-1.4357602946186234
133,0.4742268041237113,-2.786889976654459
133,0.4845360824742268,-5.746442405096677
133,0.4948453608247423,2.1128058938475847
134,0.0,-0.0
134,0.015384615384615385,3.184200409772836
134,0.03076923076923077,-2.9755039787735584
134,0.046153846153846156,9.982060214121649
134,0.06153846153846154,-1.84456168536707
134,0.07692307692307693,-4.1128605408018455
134,0.09230769230769231,-0.5396629066129205
134,0.1076923076923077,4.57327923572482
134,0.12307692307692308,3.0300641953086314
134,0.13846153846153847,0.9768758548629561
134,0.15384615384615385,4.320288448891599
134,0.16923076923076924,-1.9721371051551555
134,0.18461538461538463,3.760708498203236
134,0.2,-1.0644534340336103
134,0.2153846153846154,-2.7910918643639953
134,0.23076923076923078,-1.4690197194411836
134,0.24615384615384617,-3.0154139173412386
134,0.26153846153846155,-4.709748627060111
134,0.27692307692307694,-2.225994656246425
134,0.2923076923076923,0.3024754386438149
134,0.3076923076923077,2.776271703252018
134,0.3230769230769231,5.153344051544021
134,0.3384615384615385,-4.936842822843226
134,0.35384615384615387,-7.2154385129890715
134,0.36923076923076925,-2.1348864102355427
134,0.38461538461538464,-8.890231312111853
134,0.4,3.2791171894617093
134,0.4153846153846154,-12.336507528410559
134,0.4307692307692308,-3.9578958465693526
134,0.4461538461538462,-10.402089661337246
134,0.46153846153846156,-8.41587998951244
134,0.47692307692307695,-6.61355543563454
134,0.49230769230769234,-3.660860890418739
135,0.0,-0.0
135,0.013333333333333334,-1.5636406825592002
135,0.02666666666666667,2.516825227913105
135,0.04,-2.411999384646185
135,0.05333333333333334,-5.72637448286145
135,0.06666666666666667,-7.032568865802304
135,0.08,2.3014106808623565
135,0.09333333333333334,8.58021929500932
135,0.10666666666666667,6.4225278680620335
135,0.12000000000000001,0.8387016746553799
135,0.13333333333333333,7.735481137197935
135,0.14666666666666667,-3.276519644266763
135,0.16,3.6813744420474457
135,0.17333333333333334,-0.46304684898079085
135,0.18666666666666668,-6.019771268889361
135,0.2,-2.1754954468940686
135,0.21333333333333335,-13.137503309072184
135,0.22666666666666668,-0.045780465243323576
135,0.24000000000000002,-5.417956103332224
135,0.25333333333333335,-0.7670815773961752
135,0.26666666666666666,-13.966698071330597
135,0.28,0.42960914678421064
135,0.29333333333333333,-6.7907697943102185
135,0.3066666666666667,6.668803581327213
135,0.32,-4.371686855795901
135,0.33333333333333337,1.105680517872785
135,0.3466666666666667,-2.477618295465301
135,0.36000000000000004,1.871395348505974
135,0.37333333333333335,1.432131941208128
135,0.3866666666666667,-0.3798981587351227
135,0.4,4.116989601677374
135,0.4133333333333334,0.9885786853069856
135,0.4266666666666667,-8.35158972573105
135,0.44,6.313691263293873
135,0.45333333333333337,-5.320480355130673
135,0.4666666666666667,1.9116122663476758
135,0.48000000000000004,0.8528887320962881
135,0.49333333333333335,5.6065654010474635
136,0.0,-0.0
136,0.012195121951219513,7.3992883636197035
136,0.024390243902439025,-2.258955943481832
136,0.03658536585365854,1.1873868061818396
136,0.04878048780487805,4.397209202391535
136,0.06097560975609756,-5.459526385296044
136,0.07317073170731708,7.462886486493
136,0.08536585365853659,0.8795892669017125
136,0.0975609756097561,0.043700761741222394
136,0.10975609756097561,1.7350139829763576
136,0.12195121951219512,-2.7026575332927045
136,0.13414634146341464,-4.987450153836657
136,0.14634146341463417,1.710365286154261
136,0.15853658536585366,3.6896045643336732
136,0.17073170731707318,0.5073066399406523
136,0.18292682926829268,-7.008527510098851
136,0.1951219512195122,-6.537440566020429
136,0.20731707317073172,-0.03622966773781333
136,0.21951219512195122,1.053295678167061
136,0.23170731707317074,5.135204137875753
136,0.24390243902439024,-9.895345958433687
136,0.25609756097560976,-0.5817591367964345
136,0.2682926829268293,-15.738784585109478
136,0.2804878048780488,3.953267557503668
136,0.29268292682926833,-2.9408401949758387
136,0.3048780487804878,2.9143317572170737
136,0.3170731707317073,2.9562066745745827
136,0.32926829268292684,3.9949532371094483
136,0.34146341463414637,7.906443942789784
136,0.3536585365853659,8.609661773875857
136,0.36585365853658536,-3.4903833879461077
136,0.3780487804878049,5.633774663290893
136,0.3902439024390244,-5.0929126595153305
136,0.4024390243902439,-2.4564668804305843
136,0.41463414634146345,-4.258635508407563
136,0.4268292682926829,-5.461486072884414
136,0.43902439024390244,-8.652477005598724
136,0.45121951219512196,1.6938418136816795
136,0.4634146341463415,-10.301030349046714
136,0.475609756097561,-2.7861884966968513
136,0.4878048780487805,7.133837203616945
137,0.0,-0.0
137,0.016129032258064516,-0.9797276958476049
137,0.03225806451612903,-2.307132552995707
137,0.04838709677419355,-5.416665593624639
137,0.06451612903225806,-6.144325082918091
137,0.08064516129032258,4.041850262731464
137,0.0967741935483871,5.659912730844768
137,0.11290322580645161,4.172339292351601
137,0.12903225806451613,5.983661852476452
137,0.14516129032258063,-1.906555262962362
137,0.16129032258064516,5.849099165703787
137,0.1774193548387097,-6.032483071349371
137,0.1935483870967742,7.532502351873066
137,0.2096774193548387,-1.172766700618061
137,0.22580645161290322,2.370451794513388
137,0.24193548387096775,-4.496457086505969
137,0.25806451612903225,7.146536353027455
137,0.27419354838709675,-0.612628950063753
137,0.29032258064516125,-6.389746858034643
137,0.3064516129032258,-7.35428185311114
137,0.3225806451612903,-5.40265228734735
137,0.3387096774193548,-0.16810908216741494
137,0.3548387096774194,-17.161830740813045
137,0.3709677419354839,1.9972382968005034
137,0.3870967741935484,13.222221857518054
137,0.4032258064516129,-9.71998961310408
137,0.4193548387096774,-5.258535042973926
137,0.43548387096774194,8.296936215303866
137,0.45161290322580644,2.7111678327349957
137,0.46774193548387094,-2.560282331895312
137,0.4838709677419355,-9.790750006012328
138,0.0,-0.0
138,0.016129032258064516,-11.63116079969622
138,0.03225806451612903,-1.7111260952328846
138,0.04838709677419355,-3.5214759258961177
138,0.06451612903225806,1.4831060445875215
138,0.08064516129032258,-3.4161497798778058
138,0.0967741935483871,3.430510658742743
138,0.11290322580645161,4.9301882386178155
138,0.12903225806451613,-5.404199277633973
138,0.14516129032258063,-11.73654535894996
138,0.16129032258064516,4.000278216097971
138,0.1774193548387097,2.709550993276592
138,0.1935483870967742,0.7063608175183438
138,0.2096774193548387,10.995757522098952
138,0.22580645161290322,0.043535677992719624
138,0.24193548387096775,-4.270861466396837
138,0.25806451612903225,-4.3062621940308725
138,0.27419354838709675,-1.7845199001518868
138,0.29032258064516125,2.3374341637521248
138,0.3064516129032258,-8.070253406861944
138,0.3225806451612903,0.4928272390646824
138,0.3387096774193548,0.2740749133537257
138,0.3548387096774194,-9.22809314391517
138,0.3709677419354839,3.17514014908137
138,0.3870967741935484,11.792481539003305
138,0.4032258064516129,-9.28285903386233
138,0.4193548387096774,-12.267827960406446
138,0.43548387096774194,-4.215309694627108
138,0.45161290322580644,-3.0396432628710093
138,0.46774193548387094,1.919594769575302
138,0.4838709677419355,3.7740709069577894
139,0.0,-0.0
139,0.015873015873015872,5.550807628310547
139,0.031746031746031744,1.8293904732177193
139,0.047619047619047616,4.634369736137253
139,0.06349206349206349,-9.958989392049169
139,0.07936507936507936,6.729644799218594
139,0.09523809523809523,8.195660461415546
139,0.1111111111111111,1.2889445744327794
139,0.12698412698412698,9.142410665577524
139,0.14285714285714285,4.16207125728579
139,0.15873015873015872,-5.167761699343996
139,0.1746031746031746,3.2145102870551474
139,0.19047619047619047,-3.3572858039158806
139,0.20634920634920634,-5.956384868055183
139,0.2222222222222222,6.0857558545671395
139,0.23809523809523808,-0.8237986798917694
139,0.25396825396825395,2.7862517768941024
139,0.2698412698412698,-8.24327657237349
139,0.2857142857142857,0.15872688215527875
139,0.30158730158730157,0.16080909445186187
139,0.31746031746031744,-7.1046569321991715
139,0.3333333333333333,4.279613630050398
139,0.3492063492063492,-3.4962242859423633
139,0.36507936507936506,4.240389707445118
139,0.38095238095238093,-4.672772799250966
139,0.3968253968253968,-6.922063114877446
139,0.4126984126984127,-1.0050037159547278
139,0.42857142857142855,3.222068007282056
139,0.4444444444444444,-10.521738155884506
139,0.4603174603174603,-1.8191864965538262
139,0.47619047619047616,0.5880220820130373
139,0.49206349206349204,-5.606545318147966
140,0.0,-0.0
140,0.011904761904761904,-0.687521093467375
140,0.023809523809523808,2.204388052079518
140,0.03571428571428571,0.7420257328122937
140,0.047619047619047616,-8.046499206929308
140,0.05952380952380952,-5.06112740508304
140,0.07142857142857142,-5.416780162804891
140,0.08333333333333333,-3.529985593185497
140,0.09523809523809523,-3.3130346407620617
140,0.10714285714285714,-8.901414522669834
140,0.11904761904761904,4.9751203400136
140,0.13095238095238093,1.1504354029198707
140,0.14285714285714285,0.031026940682878035
140,0.15476190476190477,7.400544899795301
140,0.16666666666666666,-6.457755602599923
140,0.17857142857142855,1.3498843211113152
140,0.19047619047619047,12.605981238304164
140,0.20238095238095238,3.1433997865551015
140,0.21428571428571427,8.104238786413953
140,0.22619047619047616,-5.841387226534439
140,0.23809523809523808,1.3814516463642574
140,0.25,-2.149223089271862
140,0.26190476190476186,-5.669316336119864
140,0.2738095238095238,-4.720808620684026
140,0.2857142857142857,19.032494094105445
140,0.2976190476190476,-5.755027307965245
140,0.30952380952380953,5.190863729711215
140,0.3214285714285714,-6.120203685959025
140,0.3333333333333333,-0.5461126850911198
140,0.34523809523809523,-5.571891880248074
140,0.3571428571428571,-10.716099417172021
140,0.369047619047619,-4.66672469242121
140,0.38095238095238093,-3.9381906991236817
140,0.39285714285714285,16.955484657754724
140,0.40476190476190477,1.130914258537905
140,0.41666666666666663,-12.793701911766597
140,0.42857142857142855,0.6183811075801224
140,0.44047619047619047,-3.2102521465951295
140,0.45238095238095233,3.0288465621097496
140,0.46428571428571425,1.2532892706117498
140,0.47619047619047616,-3.5449390376105465
140,0.4880952380952381,5.549417717448822
141,0.0,-0.0
141,0.012987012987012988,2.277872923608963
141,0.025974025974025976,-8.789422236684787
141,0.03896103896103896,5.580304600545536
141,0.05194805194805195,-4.85934989354283
141,0.06493506493506494,8.505380261587863
141,0.07792207792207792,-6.850321145073476
141,0.09090909090909091,-6.742977761461535
141,0.1038961038961039,5.935601954145929
141,0.1168831168831169,-0.9120812445241189
141,0.12987012987012989,4.317323633950034
141,0.14285714285714288,-5.6473295915091155
141,0.15584415584415584,-4.673614601409742
141,0.16883116883116883,9.968594801731411
141,0.18181818181818182,1.7462476275403573
141,0.19480519480519481,-5.99246784769649
141,0.2077922077922078,11.900616903222677
141,0.2207792207792208,-8.772566815627071
141,0.2337662337662338,0.2800870886318112
141,0.24675324675324678,0.349767657112495
141,0.25974025974025977,4.626234558524502
141,0.27272727272727276,-3.938343739680246
141,0.28571428571428575,-13.58984287609611
141,0.29870129870129875,9.332253272255302
141,0.3116883116883117,-9.448993278397655
141,0.3246753246753247,-5.613436285947596
141,0.33766233766233766,9.01039712207167
141,0.35064935064935066,-10.064314664537156
141,0.36363636363636365,4.372607380964546
141,0.37662337662337664,-5.345152855487811
141,0.38961038961038963,-6.8010985637387815
141,0.4025974025974026,-6.225680314500886
141,0.4155844155844156,5.615284373751741
141,0.4285714285714286,-2.927379721511489
141,0.4415584415584416,3.3120554000467815
141,0.4545454545454546,1.15272018472634
141,0.4675324675324676,1.3999699041139757
141,0.48051948051948057,6.494423305950431
141,0.49350649350649356,-8.897162121749998
142,0.0,-0.0
142,0.015384615384615385,6.351721216917985
142,0.03076923076923077,-2.4971508878373347
142,0.046153846153846156,-3.2664829213947506
142,0.06153846153846154,-0.6256638114919628
142,0.07692307692307693,-3.6156130399401167
142,0.09230769230769231,-8.322509715109472
142,0.1076923076923077,1.3839272273333731
142,0.12307692307692308,-5.137477237921515
142,0.13846153846153847,-5.450967356667074
142,0.15384615384615385,3.06757077665711
142,0.16923076923076924,-0.33146757615951405
142,0.18461538461538463,7.2669630088862265
142,0.2,-6.595894434265167
142,0.2153846153846154,-2.4157464958579444
142,0.23076923076923078,2.8032482108782935
142,0.24615384615384617,-0.8426617921576229
142,0.26153846153846155,16.535723403949287
142,0.27692307692307694,-2.0080814820541235
142,0.2923076923076923,-1.262877403240034
142,0.3076923076923077,5.31921537082886
142,0.3230769230769231,1.5837482230885325
142,0.3384615384615385,-6.2093159269919145
142,0.35384615384615387,-7.852400061853882
142,0.36923076923076925,1.4983909748276205
142,0.38461538461538464,-2.673342463994734
142,0.4,6.668113527139262
142,0.4153846153846154,10.055926482240448
142,0.4307692307692308,6.048117491755606
142,0.4461538461538462,0.30360995413818426
142,0.46153846153846156,1.283126656162997
142,0.47692307692307695,-6.5068819591231115
142,0.49230769230769234,-8.278967413978062
143,0.0,-0.0
143,0.013513513513513514,10.329763920612317
143,0.02702702702702703,-0.9684752537522079
143,0.04054054054054054,6.989721685733954
143,0.05405405405405406,-13.544280397031336
143,0.06756756756756757,1.2891980896200592
143,0.08108108108108109,4.618367830241969
143,0.0945945945945946,-4.116456967555711
143,0.10810810810810811,2.313198470325251
143,0.12162162162162163,-0.6629976499426922
143,0.13513513513513514,1.7155120932350072
143,0.14864864864864866,-11.346991395648836
143,0.16216216216216217,-6.470105872856713
143,0.17567567567567569,-0.7172643682305067
143,0.1891891891891892,5.999287822354452
143,0.20270270270270271,5.6370637962007555
143,0.21621621621621623,0.055493212537646386
143,0.22972972972972974,-3.950950586386117
143,0.24324324324324326,4.198773646161743
143,0.2567567567567568,-2.388721334482006
143,0.2702702702702703,-7.165077518905454
143,0.28378378378378377,-1.8645216413348584
143,0.2972972972972973,1.8873316692837987
143,0.31081081081081086,5.932435361950571
143,0.32432432432432434,12.051820462274346
143,0.33783783783783783,-7.667426120107413
143,0.35135135135135137,6.945959366149379
143,0.3648648648648649,3.8859103948489033
143,0.3783783783783784,-0.7791893255065239
143,0.3918918918918919,3.3002447608618968
143,0.40540540540540543,-8.381598951756267
143,0.41891891891891897,-1.7090546700228684
143,0.43243243243243246,2.3712033277766067
143,0.44594594594594594,4.089625164251586
143,0.4594594594594595,2.8033618945193326
143,0.472972972972973,1.6407690721067638
143,0.4864864864864865,6.039084372859238
144,0.0,-0.0
144,0.015625,-3.0218865763861142
144,0.03125,-2.1150372659108383
144,0.046875,0.15985403994896163
144,0.0625,-0.5606198124770074
144,0.078125,0.5307250139217436
144,0.09375,-1.7332211292157733
144,0.109375,7.23301970952585
144,0.125,8.533504408612469
144,0.140625,-3.048964269659067
144,0.15625,3.9857667316106147
144,0.171875,-0.6870963025980215
144,0.1875,-4.509435298542018
144,0.203125,-0.19621401594828292
144,0.21875,-8.386715944127403
144,0.234375,-0.12620513420268842
144,0.25,-13.013243330119376
144,0.265625,3.313537660212959
144,0.28125,0.613570313978753
144,0.296875,-0.6022692982626053
144,0.3125,-7.831152711243725
144,0.328125,2.077887270391268
144,0.34375,-8.499719726320471
144,0.359375,-6.856174781900377
144,0.375,10.337771943880142
144,0.390625,1.9360493272346804
144,0.40625,1.3350504962237129
144,0.421875,-2.3632150603052873
144,0.4375,3.7148691071201805
144,0.453125,13.024324495948019
144,0.46875,-4.74149163066618
144,0.484375,-4.028253240145352
145,0.0,-0.0
145,0.0136986301369863,-1.0070227948943926
145,0.0273972602739726,6.447598291248859
145,0.0410958904109589,7.312316871981836
145,0.0547945205479452,3.077832613108903
145,0.0684931506849315,9.85909011597548
145,0.0821917808219178,-5.058217925650008
145,0.0958904109589041,8.261387454857555
145,0.1095890410958904,6.954225671104515
145,0.1232876712328767,2.1039334559464
145,0.136986301369863,6.038968566347755
145,0.1506849315068493,-1.403713073767749
145,0.1643835616438356,-5.00377656576093
145,0.1780821917808219,-2.572063803238252
145,0.1917808219178082,4.170718775516674
145,0.2054794520547945,-2.6139209353619464
145,0.2191780821917808,-4.806131373077457
145,0.2328767123287671,5.657067133582007
145,0.2465753424657534,-6.138286034597495
145,0.2602739726027397,2.4264044941943874
145,0.273972602739726,-0.0295821784906678
145,0.2876712328767123,-2.1691117836720233
145,0.3013698630136986,-10.541227455538337
145,0.3150684931506849,0.22308110806220827
145,0.3287671232876712,-1.5590222946152852
145,0.3424657534246575,-11.113084086335801
145,0.3561643835616438,3.6272987775754766
145,0.3698630136986301,5.718393330481347
145,0.3835616438356164,-6.526245464926475
145,0.3972602739726027,-7.4534547032283855
145,0.410958904109589,3.2219747380678028
145,0.4246575342465753,7.731120889039014
145,0.4383561643835616,-8.000934031078584
145,0.4520547945205479,1.756022609102546
145,0.4657534246575342,2.9490570045717073
145,0.4794520547945205,-3.1409345924353396
145,0.4931506849315068,-6.602184216565016
146,0.0,-0.0
146,0.018867924528301886,-8.647862353458626
146,0.03773584905660377,-1.693471041424952
146,0.05660377358490566,7.572037555596776
146,0.07547169811320754,1.8226821717107726
146,0.09433962264150943,8.629447531765871
146,0.11320754716981132,14.946900765988698
146,0.1320754716981132,0.2796153986689829
146,0.1509433962264151,-3.2553945909750883
146,0.16981132075471697,-10.949372295155376
146,0.18867924528301885,-3.2077454687241156
146,0.20754716981132074,0.3613124430297656
146,0.22641509433962265,3.3259777899796363
146,0.24528301886792453,-4.4151127627767295
146,0.2641509433962264,-0.407520165783686
146,0.2830188679245283,9.226189887078823
146,0.3018867924528302,1.8701433712616478
146,0.32075471698113206,-6.595219630351169
146,0.33962264150943394,-2.4306223065429595
146,0.3584905660377358,-4.946905242459079
146,0.3773584905660377,-7.125743101641282
146,0.3962264150943396,2.69476314511003
146,0.4150943396226415,-0.6698454612353353
146,0.43396226415094336,4.189771656195069
146,0.4528301886792453,2.069839868864679
146,0.4716981132075472,4.903943480282634
146,0.49056603773584906,-3.541849843619092
147,0.0,-0.0
147,0.02564102564102564,-2.2736033041426853
147,0.05128205128205128,-5.405390011473242
147,0.07692307692307693,0.3116678551562877
147,0.10256410256410256,-2.321714982569196
147,0.1282051282051282,6.145436376873603
147,0.15384615384615385,-1.8715792406018412
147,0.1794871794871795,-0.5292752377492587
147,0.20512820512820512,-1.6659433223881686
147,0.23076923076923075,-1.8113449441422809
147,0.2564102564102564,5.383424559938161
147,0.28205128205128205,-9.755909536451819
147,0.3076923076923077,-0.9162022647868896
147,0.3333333333333333,-3.2442642446347314
147,0.358974358974359,0.2376619108187078
147,0.3846153846153846,3.5616174454911143
147,0.41025641025641024,3.0261918123931917
147,0.4358974358974359,11.064493995828945
147,0.4615384615384615,-6.787017550305393
147,0.48717948717948717,3.662531676443556
148,0.0,-0.0
148,0.021739130434782608,-6.703706468674405
148,0.043478260869565216,11.780623921647038
148,0.06521739130434782,8.216124703869685
148,0.08695652173913043,2.2931723113534868
148,0.10869565217391304,-4.505312091528568
148,0.13043478260869565,-6.039502394141508
148,0.15217391304347827,-0.7489254808240606
148,0.17391304347826086,4.771502559332626
148,0.19565217391304346,-0.001265365851359057
148,0.21739130434782608,-2.0980141409671553
148,0.2391304347826087,-3.755695000697717
148,0.2608695652173913,5.430144020688232
148,0.2826086956521739,-1.7249983556632154
148,0.30434782608695654,2.722847950641958
148,0.32608695652173914,-0.9282125576044638
148,0.34782608695652173,3.199766341663482
148,0.3695652173913043,-1.4147160141575568
148,0.3913043478260869,-5.659267472817344
148,0.41304347826086957,-5.078178429725847
148,0.43478260869565216,-6.858083925766989
148,0.45652173913043476,-2.994500912085087
148,0.4782608695652174,0.1833272489308424
149,0.0,-0.0
149,0.014925373134328358,5.7366420785688925
149,0.029850746268656716,0.8503402068672998
149,0.04477611940298507,4.044325990686864
149,0.05970149253731343,6.413526945334871
149,0.07462686567164178,-14.729769122790163
149,0.08955223880597014,8.072641401247337
149,0.1044776119402985,-6.015605425985388
149,0.11940298507462686,-8.231892180892709
149,0.13432835820895522,-2.7823207128168215
149,0.14925373134328357,-2.1243347381568602
149,0.16417910447761194,-1.313954918004227
149,0.1791044776119403,3.369908533937377
149,0.19402985074626866,2.961436960843645
149,0.208955223880597,3.5407059753983154
149,0.22388059701492538,7.253844006863423
149,0.23880597014925373,-0.4771483138307648
149,0.2537313432835821,-2.1270601706911645
149,0.26865671641791045,-2.379217798208399
149,0.2835820895522388,1.03134162879278
149,0.29850746268656714,-3.366096341013752
149,0.31343283582089554,9.624788678510948
149,0.3283582089552239,-4.320071539125799
149,0.34328358208955223,-2.816971251084245
149,0.3582089552238806,1.1009921001874754
149,0.3731343283582089,6.629055834187791
149,0.3880597014925373,3.822251680249566
149,0.40298507462686567,-8.874902404041137
149,0.417910447761194,-5.275862513998462
149,0.43283582089552236,-3.413985993027903
149,0.44776119402985076,4.819944029976963
149,0.4626865671641791,-7.169456889161343
149,0.47761194029850745,-5.55979145970843
149,0.4925373134328358,-5.251894656169082
